ISO-10303-21;
HEADER;
FILE_DESCRIPTION(('Shape Data from monstertruck'), '2;1');
FILE_NAME('', '2026-09-01 02:55:38.705500216', (''), (''), 'monstertruck', 'KiCase', '');
FILE_SCHEMA(('AUTOMOTIVE_DESIGN'));
ENDSEC;
DATA;
#1 = APPLICATION_PROTOCOL_DEFINITION('international standard', 'automotive_design', 2000, #2);
#2 = APPLICATION_CONTEXT('core data for automotive mechanical design processes');
#3 = SHAPE_DEFINITION_REPRESENTATION(#4, #10);
#4 = PRODUCT_DEFINITION_SHAPE('','', #5);
#5 = PRODUCT_DEFINITION('design','', #6, #9);
#6 = PRODUCT_DEFINITION_FORMATION('','', #7);
#7 = PRODUCT('','','', (#8));
#8 = PRODUCT_CONTEXT('', #2, 'mechanical');
#9 = PRODUCT_DEFINITION_CONTEXT('part definition', #2, 'design');
#10 = ADVANCED_BREP_SHAPE_REPRESENTATION('', (#16, #1105), #11);
#11 = (
    GEOMETRIC_REPRESENTATION_CONTEXT(3) 
    GLOBAL_UNCERTAINTY_ASSIGNED_CONTEXT((#15))
    GLOBAL_UNIT_ASSIGNED_CONTEXT((#12, #13, #14))
    REPRESENTATION_CONTEXT('Context #1', '3D Context with UNIT and UNCERTAINTY')
);
#12 = ( LENGTH_UNIT() NAMED_UNIT(*) SI_UNIT(.MILLI.,.METRE.) );
#13 = ( NAMED_UNIT(*) PLANE_ANGLE_UNIT() SI_UNIT($,.RADIAN.) );
#14 = ( NAMED_UNIT(*) SI_UNIT($,.STERADIAN.) SOLID_ANGLE_UNIT() );
#15 = UNCERTAINTY_MEASURE_WITH_UNIT(LENGTH_MEASURE(1.0E-6), #12, 'distance_accuracy_value','confusion accuracy');
#16 = MANIFOLD_SOLID_BREP('', #17);
#17 = CLOSED_SHELL('', (#18, #29, #36, #65, #72, #81, #88, #97, #104, #114, #121, #129, #140, #147, #154, #161, #168, #175, #182));
#18 = ADVANCED_FACE('', (#19), #285, .F.);
#19 = FACE_BOUND('', #20, .F.);
#20 = EDGE_LOOP('', (#21, #22, #23, #24, #25, #26, #27, #28));
#21 = ORIENTED_EDGE('', *, *, #189, .T.);
#22 = ORIENTED_EDGE('', *, *, #190, .T.);
#23 = ORIENTED_EDGE('', *, *, #191, .T.);
#24 = ORIENTED_EDGE('', *, *, #192, .T.);
#25 = ORIENTED_EDGE('', *, *, #193, .T.);
#26 = ORIENTED_EDGE('', *, *, #194, .T.);
#27 = ORIENTED_EDGE('', *, *, #195, .T.);
#28 = ORIENTED_EDGE('', *, *, #196, .T.);
#29 = ADVANCED_FACE('', (#30), #290, .T.);
#30 = FACE_BOUND('', #31, .T.);
#31 = EDGE_LOOP('', (#32, #33, #34, #35));
#32 = ORIENTED_EDGE('', *, *, #196, .T.);
#33 = ORIENTED_EDGE('', *, *, #197, .T.);
#34 = ORIENTED_EDGE('', *, *, #198, .F.);
#35 = ORIENTED_EDGE('', *, *, #199, .F.);
#36 = ADVANCED_FACE('', (#37, #47), #295, .T.);
#37 = FACE_BOUND('', #38, .T.);
#38 = EDGE_LOOP('', (#39, #40, #41, #42, #43, #44, #45, #46));
#39 = ORIENTED_EDGE('', *, *, #200, .T.);
#40 = ORIENTED_EDGE('', *, *, #201, .T.);
#41 = ORIENTED_EDGE('', *, *, #202, .T.);
#42 = ORIENTED_EDGE('', *, *, #203, .T.);
#43 = ORIENTED_EDGE('', *, *, #204, .T.);
#44 = ORIENTED_EDGE('', *, *, #205, .T.);
#45 = ORIENTED_EDGE('', *, *, #206, .T.);
#46 = ORIENTED_EDGE('', *, *, #198, .T.);
#47 = FACE_BOUND('', #48, .T.);
#48 = EDGE_LOOP('', (#49, #50, #51, #52, #53, #54, #55, #56, #57, #58, #59, #60, #61, #62, #63, #64));
#49 = ORIENTED_EDGE('', *, *, #207, .F.);
#50 = ORIENTED_EDGE('', *, *, #208, .T.);
#51 = ORIENTED_EDGE('', *, *, #209, .T.);
#52 = ORIENTED_EDGE('', *, *, #210, .F.);
#53 = ORIENTED_EDGE('', *, *, #211, .F.);
#54 = ORIENTED_EDGE('', *, *, #212, .T.);
#55 = ORIENTED_EDGE('', *, *, #213, .T.);
#56 = ORIENTED_EDGE('', *, *, #214, .F.);
#57 = ORIENTED_EDGE('', *, *, #215, .F.);
#58 = ORIENTED_EDGE('', *, *, #216, .T.);
#59 = ORIENTED_EDGE('', *, *, #217, .T.);
#60 = ORIENTED_EDGE('', *, *, #218, .F.);
#61 = ORIENTED_EDGE('', *, *, #219, .T.);
#62 = ORIENTED_EDGE('', *, *, #220, .T.);
#63 = ORIENTED_EDGE('', *, *, #221, .T.);
#64 = ORIENTED_EDGE('', *, *, #222, .F.);
#65 = ADVANCED_FACE('', (#66), #300, .F.);
#66 = FACE_BOUND('', #67, .F.);
#67 = EDGE_LOOP('', (#68, #69, #70, #71));
#68 = ORIENTED_EDGE('', *, *, #223, .F.);
#69 = ORIENTED_EDGE('', *, *, #224, .T.);
#70 = ORIENTED_EDGE('', *, *, #225, .T.);
#71 = ORIENTED_EDGE('', *, *, #222, .F.);
#72 = ADVANCED_FACE('', (#73), #305, .F.);
#73 = FACE_BOUND('', #74, .F.);
#74 = EDGE_LOOP('', (#75, #76, #77, #78, #79, #80));
#75 = ORIENTED_EDGE('', *, *, #209, .T.);
#76 = ORIENTED_EDGE('', *, *, #226, .F.);
#77 = ORIENTED_EDGE('', *, *, #227, .T.);
#78 = ORIENTED_EDGE('', *, *, #223, .T.);
#79 = ORIENTED_EDGE('', *, *, #207, .F.);
#80 = ORIENTED_EDGE('', *, *, #208, .T.);
#81 = ADVANCED_FACE('', (#82), #310, .F.);
#82 = FACE_BOUND('', #83, .F.);
#83 = EDGE_LOOP('', (#84, #85, #86, #87));
#84 = ORIENTED_EDGE('', *, *, #228, .F.);
#85 = ORIENTED_EDGE('', *, *, #229, .T.);
#86 = ORIENTED_EDGE('', *, *, #226, .T.);
#87 = ORIENTED_EDGE('', *, *, #210, .F.);
#88 = ADVANCED_FACE('', (#89), #315, .F.);
#89 = FACE_BOUND('', #90, .F.);
#90 = EDGE_LOOP('', (#91, #92, #93, #94, #95, #96));
#91 = ORIENTED_EDGE('', *, *, #212, .T.);
#92 = ORIENTED_EDGE('', *, *, #213, .T.);
#93 = ORIENTED_EDGE('', *, *, #230, .F.);
#94 = ORIENTED_EDGE('', *, *, #231, .T.);
#95 = ORIENTED_EDGE('', *, *, #228, .T.);
#96 = ORIENTED_EDGE('', *, *, #211, .F.);
#97 = ADVANCED_FACE('', (#98), #320, .F.);
#98 = FACE_BOUND('', #99, .F.);
#99 = EDGE_LOOP('', (#100, #101, #102, #103));
#100 = ORIENTED_EDGE('', *, *, #232, .F.);
#101 = ORIENTED_EDGE('', *, *, #233, .T.);
#102 = ORIENTED_EDGE('', *, *, #230, .T.);
#103 = ORIENTED_EDGE('', *, *, #214, .F.);
#104 = ADVANCED_FACE('', (#105), #325, .F.);
#105 = FACE_BOUND('', #106, .F.);
#106 = EDGE_LOOP('', (#107, #108, #109, #110, #111, #112, #113));
#107 = ORIENTED_EDGE('', *, *, #216, .T.);
#108 = ORIENTED_EDGE('', *, *, #217, .T.);
#109 = ORIENTED_EDGE('', *, *, #218, .F.);
#110 = ORIENTED_EDGE('', *, *, #234, .F.);
#111 = ORIENTED_EDGE('', *, *, #235, .T.);
#112 = ORIENTED_EDGE('', *, *, #232, .T.);
#113 = ORIENTED_EDGE('', *, *, #215, .F.);
#114 = ADVANCED_FACE('', (#115), #330, .F.);
#115 = FACE_BOUND('', #116, .F.);
#116 = EDGE_LOOP('', (#117, #118, #119, #120));
#117 = ORIENTED_EDGE('', *, *, #219, .T.);
#118 = ORIENTED_EDGE('', *, *, #236, .F.);
#119 = ORIENTED_EDGE('', *, *, #237, .T.);
#120 = ORIENTED_EDGE('', *, *, #234, .T.);
#121 = ADVANCED_FACE('', (#122), #335, .F.);
#122 = FACE_BOUND('', #123, .F.);
#123 = EDGE_LOOP('', (#124, #125, #126, #127, #128));
#124 = ORIENTED_EDGE('', *, *, #221, .T.);
#125 = ORIENTED_EDGE('', *, *, #225, .F.);
#126 = ORIENTED_EDGE('', *, *, #238, .T.);
#127 = ORIENTED_EDGE('', *, *, #236, .T.);
#128 = ORIENTED_EDGE('', *, *, #220, .T.);
#129 = ADVANCED_FACE('', (#130), #340, .T.);
#130 = FACE_BOUND('', #131, .T.);
#131 = EDGE_LOOP('', (#132, #133, #134, #135, #136, #137, #138, #139));
#132 = ORIENTED_EDGE('', *, *, #238, .T.);
#133 = ORIENTED_EDGE('', *, *, #237, .T.);
#134 = ORIENTED_EDGE('', *, *, #235, .T.);
#135 = ORIENTED_EDGE('', *, *, #233, .T.);
#136 = ORIENTED_EDGE('', *, *, #231, .T.);
#137 = ORIENTED_EDGE('', *, *, #229, .T.);
#138 = ORIENTED_EDGE('', *, *, #227, .T.);
#139 = ORIENTED_EDGE('', *, *, #224, .T.);
#140 = ADVANCED_FACE('', (#141), #345, .T.);
#141 = FACE_BOUND('', #142, .T.);
#142 = EDGE_LOOP('', (#143, #144, #145, #146));
#143 = ORIENTED_EDGE('', *, *, #195, .T.);
#144 = ORIENTED_EDGE('', *, *, #199, .T.);
#145 = ORIENTED_EDGE('', *, *, #206, .F.);
#146 = ORIENTED_EDGE('', *, *, #239, .F.);
#147 = ADVANCED_FACE('', (#148), #350, .T.);
#148 = FACE_BOUND('', #149, .T.);
#149 = EDGE_LOOP('', (#150, #151, #152, #153));
#150 = ORIENTED_EDGE('', *, *, #194, .T.);
#151 = ORIENTED_EDGE('', *, *, #239, .T.);
#152 = ORIENTED_EDGE('', *, *, #205, .F.);
#153 = ORIENTED_EDGE('', *, *, #240, .F.);
#154 = ADVANCED_FACE('', (#155), #355, .T.);
#155 = FACE_BOUND('', #156, .T.);
#156 = EDGE_LOOP('', (#157, #158, #159, #160));
#157 = ORIENTED_EDGE('', *, *, #193, .T.);
#158 = ORIENTED_EDGE('', *, *, #240, .T.);
#159 = ORIENTED_EDGE('', *, *, #204, .F.);
#160 = ORIENTED_EDGE('', *, *, #241, .F.);
#161 = ADVANCED_FACE('', (#162), #360, .T.);
#162 = FACE_BOUND('', #163, .T.);
#163 = EDGE_LOOP('', (#164, #165, #166, #167));
#164 = ORIENTED_EDGE('', *, *, #192, .T.);
#165 = ORIENTED_EDGE('', *, *, #241, .T.);
#166 = ORIENTED_EDGE('', *, *, #203, .F.);
#167 = ORIENTED_EDGE('', *, *, #242, .F.);
#168 = ADVANCED_FACE('', (#169), #365, .T.);
#169 = FACE_BOUND('', #170, .T.);
#170 = EDGE_LOOP('', (#171, #172, #173, #174));
#171 = ORIENTED_EDGE('', *, *, #191, .T.);
#172 = ORIENTED_EDGE('', *, *, #242, .T.);
#173 = ORIENTED_EDGE('', *, *, #202, .F.);
#174 = ORIENTED_EDGE('', *, *, #243, .F.);
#175 = ADVANCED_FACE('', (#176), #370, .T.);
#176 = FACE_BOUND('', #177, .T.);
#177 = EDGE_LOOP('', (#178, #179, #180, #181));
#178 = ORIENTED_EDGE('', *, *, #190, .T.);
#179 = ORIENTED_EDGE('', *, *, #243, .T.);
#180 = ORIENTED_EDGE('', *, *, #201, .F.);
#181 = ORIENTED_EDGE('', *, *, #244, .F.);
#182 = ADVANCED_FACE('', (#183), #375, .T.);
#183 = FACE_BOUND('', #184, .T.);
#184 = EDGE_LOOP('', (#185, #186, #187, #188));
#185 = ORIENTED_EDGE('', *, *, #189, .T.);
#186 = ORIENTED_EDGE('', *, *, #244, .T.);
#187 = ORIENTED_EDGE('', *, *, #200, .F.);
#188 = ORIENTED_EDGE('', *, *, #197, .F.);
#189 = EDGE_CURVE('', #245, #246, #380, .T.);
#190 = EDGE_CURVE('', #246, #247, #388, .T.);
#191 = EDGE_CURVE('', #247, #248, #393, .T.);
#192 = EDGE_CURVE('', #248, #249, #401, .T.);
#193 = EDGE_CURVE('', #249, #250, #406, .T.);
#194 = EDGE_CURVE('', #250, #251, #414, .T.);
#195 = EDGE_CURVE('', #251, #252, #419, .T.);
#196 = EDGE_CURVE('', #252, #245, #427, .T.);
#197 = EDGE_CURVE('', #245, #253, #432, .T.);
#198 = EDGE_CURVE('', #254, #253, #437, .T.);
#199 = EDGE_CURVE('', #252, #254, #442, .T.);
#200 = EDGE_CURVE('', #253, #255, #447, .T.);
#201 = EDGE_CURVE('', #255, #256, #455, .T.);
#202 = EDGE_CURVE('', #256, #257, #460, .T.);
#203 = EDGE_CURVE('', #257, #258, #468, .T.);
#204 = EDGE_CURVE('', #258, #259, #473, .T.);
#205 = EDGE_CURVE('', #259, #260, #481, .T.);
#206 = EDGE_CURVE('', #260, #254, #486, .T.);
#207 = EDGE_CURVE('', #261, #262, #494, .T.);
#208 = EDGE_CURVE('', #261, #263, #519, .T.);
#209 = EDGE_CURVE('', #263, #264, #539, .T.);
#210 = EDGE_CURVE('', #265, #264, #589, .T.);
#211 = EDGE_CURVE('', #266, #265, #606, .T.);
#212 = EDGE_CURVE('', #266, #267, #636, .T.);
#213 = EDGE_CURVE('', #267, #268, #664, .T.);
#214 = EDGE_CURVE('', #269, #268, #701, .T.);
#215 = EDGE_CURVE('', #270, #269, #718, .T.);
#216 = EDGE_CURVE('', #270, #271, #747, .T.);
#217 = EDGE_CURVE('', #271, #272, #772, .T.);
#218 = EDGE_CURVE('', #273, #272, #803, .T.);
#219 = EDGE_CURVE('', #273, #274, #828, .T.);
#220 = EDGE_CURVE('', #274, #275, #845, .T.);
#221 = EDGE_CURVE('', #275, #276, #891, .T.);
#222 = EDGE_CURVE('', #262, #276, #926, .T.);
#223 = EDGE_CURVE('', #277, #262, #943, .T.);
#224 = EDGE_CURVE('', #277, #278, #948, .T.);
#225 = EDGE_CURVE('', #278, #276, #953, .T.);
#226 = EDGE_CURVE('', #279, #264, #958, .T.);
#227 = EDGE_CURVE('', #279, #277, #963, .T.);
#228 = EDGE_CURVE('', #280, #265, #971, .T.);
#229 = EDGE_CURVE('', #280, #279, #976, .T.);
#230 = EDGE_CURVE('', #281, #268, #981, .T.);
#231 = EDGE_CURVE('', #281, #280, #986, .T.);
#232 = EDGE_CURVE('', #282, #269, #994, .T.);
#233 = EDGE_CURVE('', #282, #281, #999, .T.);
#234 = EDGE_CURVE('', #283, #273, #1004, .T.);
#235 = EDGE_CURVE('', #283, #282, #1009, .T.);
#236 = EDGE_CURVE('', #284, #274, #1017, .T.);
#237 = EDGE_CURVE('', #284, #283, #1022, .T.);
#238 = EDGE_CURVE('', #278, #284, #1027, .T.);
#239 = EDGE_CURVE('', #251, #260, #1035, .T.);
#240 = EDGE_CURVE('', #250, #259, #1040, .T.);
#241 = EDGE_CURVE('', #249, #258, #1045, .T.);
#242 = EDGE_CURVE('', #248, #257, #1050, .T.);
#243 = EDGE_CURVE('', #247, #256, #1055, .T.);
#244 = EDGE_CURVE('', #246, #255, #1060, .T.);
#245 = VERTEX_POINT('', #1065);
#246 = VERTEX_POINT('', #1066);
#247 = VERTEX_POINT('', #1067);
#248 = VERTEX_POINT('', #1068);
#249 = VERTEX_POINT('', #1069);
#250 = VERTEX_POINT('', #1070);
#251 = VERTEX_POINT('', #1071);
#252 = VERTEX_POINT('', #1072);
#253 = VERTEX_POINT('', #1073);
#254 = VERTEX_POINT('', #1074);
#255 = VERTEX_POINT('', #1075);
#256 = VERTEX_POINT('', #1076);
#257 = VERTEX_POINT('', #1077);
#258 = VERTEX_POINT('', #1078);
#259 = VERTEX_POINT('', #1079);
#260 = VERTEX_POINT('', #1080);
#261 = VERTEX_POINT('', #1081);
#262 = VERTEX_POINT('', #1082);
#263 = VERTEX_POINT('', #1083);
#264 = VERTEX_POINT('', #1084);
#265 = VERTEX_POINT('', #1085);
#266 = VERTEX_POINT('', #1086);
#267 = VERTEX_POINT('', #1087);
#268 = VERTEX_POINT('', #1088);
#269 = VERTEX_POINT('', #1089);
#270 = VERTEX_POINT('', #1090);
#271 = VERTEX_POINT('', #1091);
#272 = VERTEX_POINT('', #1092);
#273 = VERTEX_POINT('', #1093);
#274 = VERTEX_POINT('', #1094);
#275 = VERTEX_POINT('', #1095);
#276 = VERTEX_POINT('', #1096);
#277 = VERTEX_POINT('', #1097);
#278 = VERTEX_POINT('', #1098);
#279 = VERTEX_POINT('', #1099);
#280 = VERTEX_POINT('', #1100);
#281 = VERTEX_POINT('', #1101);
#282 = VERTEX_POINT('', #1102);
#283 = VERTEX_POINT('', #1103);
#284 = VERTEX_POINT('', #1104);
#285 = PLANE('', #286);
#286 = AXIS2_PLACEMENT_3D('', #287, #288, #289);
#287 = CARTESIAN_POINT('', (143.0, -77.0, 0.0));
#288 = DIRECTION('', (0.0, 0.0, 1.0));
#289 = DIRECTION('', (-1.0, 0.0, 0.0));
#290 = PLANE('', #291);
#291 = AXIS2_PLACEMENT_3D('', #292, #293, #294);
#292 = CARTESIAN_POINT('', (136.00002315253016, -77.00000000026863, 0.0));
#293 = DIRECTION('', (8.3946122602E-12, 0.9999999999999999, -0.0));
#294 = DIRECTION('', (-1.0, 8.3946122602E-12, 0.0));
#295 = PLANE('', #296);
#296 = AXIS2_PLACEMENT_3D('', #297, #298, #299);
#297 = CARTESIAN_POINT('', (143.0, -77.0, 13.0));
#298 = DIRECTION('', (0.0, 0.0, 1.0));
#299 = DIRECTION('', (-1.0, 0.0, 0.0));
#300 = PLANE('', #301);
#301 = AXIS2_PLACEMENT_3D('', #302, #303, #304);
#302 = CARTESIAN_POINT('', (135.99997694746983, -78.99999979973259, 2.0000003));
#303 = DIRECTION('', (-8.3564327078E-12, 1.0, 0.0));
#304 = DIRECTION('', (-1.0, -8.3564327078E-12, 0.0));
#305 = CYLINDRICAL_SURFACE('', #306, 5.000138920554471);
#306 = AXIS2_PLACEMENT_3D('', #307, #308, #309);
#307 = CARTESIAN_POINT('', (135.9998611813753, -84.00013871894691, 18.0000003));
#308 = DIRECTION('', (0.0, 0.0, 1.0));
#309 = DIRECTION('', (-0.7071051440762433, -0.7071084182930616, 0.0));
#310 = PLANE('', #311);
#311 = AXIS2_PLACEMENT_3D('', #312, #313, #314);
#312 = CARTESIAN_POINT('', (141.00000010026773, -99.99997664747002, 2.0000003));
#313 = DIRECTION('', (1.0, 1.6733305641E-11, -0.0));
#314 = DIRECTION('', (-1.6733305641E-11, 1.0, 0.0));
#315 = CYLINDRICAL_SURFACE('', #316, 5.000138920553396);
#316 = AXIS2_PLACEMENT_3D('', #317, #318, #319);
#317 = CARTESIAN_POINT('', (135.99986118105448, -99.9998608813764, 18.0000003));
#318 = DIRECTION('', (0.0, 0.0, 1.0));
#319 = DIRECTION('', (-0.7071084182930261, 0.7071051440762788, 0.0));
#320 = PLANE('', #321);
#321 = AXIS2_PLACEMENT_3D('', #322, #323, #324);
#322 = CARTESIAN_POINT('', (104.00002325253007, -104.9999998002674, 2.0000003));
#323 = DIRECTION('', (8.3564327078E-12, -1.0, 0.0));
#324 = DIRECTION('', (1.0, 8.3564327078E-12, 0.0));
#325 = CYLINDRICAL_SURFACE('', #326, 5.000138920553969);
#326 = AXIS2_PLACEMENT_3D('', #327, #328, #329);
#327 = CARTESIAN_POINT('', (104.00013901862417, -99.99986088105358, 18.0000003));
#328 = DIRECTION('', (0.0, 0.0, 1.0));
#329 = DIRECTION('', (0.7071051440762489, 0.7071084182930558, 0.0));
#330 = PLANE('', #331);
#331 = AXIS2_PLACEMENT_3D('', #332, #333, #334);
#332 = CARTESIAN_POINT('', (99.000000099732, -84.00002295253007, 2.0000003));
#333 = DIRECTION('', (-1.0, -1.6749292875E-11, 0.0));
#334 = DIRECTION('', (1.6749292875E-11, -1.0, 0.0));
#335 = CYLINDRICAL_SURFACE('', #336, 5.000138920554009);
#336 = AXIS2_PLACEMENT_3D('', #337, #338, #339);
#337 = CARTESIAN_POINT('', (104.00013901894587, -84.00013871862421, 18.0000003));
#338 = DIRECTION('', (0.0, 0.0, 1.0));
#339 = DIRECTION('', (0.7071084182930132, -0.7071051440762914, 0.0));
#340 = PLANE('', #341);
#341 = AXIS2_PLACEMENT_3D('', #342, #343, #344);
#342 = CARTESIAN_POINT('', (141.00000010026773, -78.99999979973259, 2.0000003));
#343 = DIRECTION('', (0.0, 0.0, 1.0));
#344 = DIRECTION('', (-1.0, 0.0, 0.0));
#345 = CYLINDRICAL_SURFACE('', #346, 7.000138919613215);
#346 = AXIS2_PLACEMENT_3D('', #347, #348, #349);
#347 = CARTESIAN_POINT('', (135.9998610817652, -84.00013891800566, 13.0));
#348 = DIRECTION('', (0.0, 0.0, 1.0));
#349 = DIRECTION('', (-0.7071079505533101, -0.7071056118178511, 0.0));
#350 = PLANE('', #351);
#351 = AXIS2_PLACEMENT_3D('', #352, #353, #354);
#352 = CARTESIAN_POINT('', (142.99999999973167, -100.00002315252998, 0.0));
#353 = DIRECTION('', (1.0, -1.6770560653E-11, 0.0));
#354 = DIRECTION('', (1.6770560653E-11, 1.0, 0.0));
#355 = CYLINDRICAL_SURFACE('', #356, 7.00013891961217);
#356 = AXIS2_PLACEMENT_3D('', #357, #358, #359);
#357 = CARTESIAN_POINT('', (135.99986108199568, -99.99986108176624, 13.0));
#358 = DIRECTION('', (0.0, 0.0, 1.0));
#359 = DIRECTION('', (-0.707105611817845, 0.7071079505533161, 0.0));
#360 = PLANE('', #361);
#361 = AXIS2_PLACEMENT_3D('', #362, #363, #364);
#362 = CARTESIAN_POINT('', (103.99997684746992, -106.99999999973137, 0.0));
#363 = DIRECTION('', (-8.3946122602E-12, -0.9999999999999999, 0.0));
#364 = DIRECTION('', (1.0, -8.3946122602E-12, 0.0));
#365 = CYLINDRICAL_SURFACE('', #366, 7.000138919612753);
#366 = AXIS2_PLACEMENT_3D('', #367, #368, #369);
#367 = CARTESIAN_POINT('', (104.00013891823434, -99.99986108199481, 13.0));
#368 = DIRECTION('', (0.0, 0.0, 1.0));
#369 = DIRECTION('', (0.7071079505533061, 0.7071056118178553, 0.0));
#370 = PLANE('', #371);
#371 = AXIS2_PLACEMENT_3D('', #372, #373, #374);
#372 = CARTESIAN_POINT('', (97.00000000026805, -83.99997684746992, 0.0));
#373 = DIRECTION('', (-1.0, 1.6752797111E-11, 0.0));
#374 = DIRECTION('', (-1.6752797111E-11, -1.0, 0.0));
#375 = CYLINDRICAL_SURFACE('', #376, 7.000138919612763);
#376 = AXIS2_PLACEMENT_3D('', #377, #378, #379);
#377 = CARTESIAN_POINT('', (104.00013891800462, -84.00013891823434, 13.0));
#378 = DIRECTION('', (0.0, 0.0, 1.0));
#379 = DIRECTION('', (0.7071056118178257, -0.7071079505533354, 0.0));
#380 = SURFACE_CURVE('', #381, (#285, #375), .CURVE_3D.);
#381 = (
    BOUNDED_CURVE()
    B_SPLINE_CURVE(2, (#382, #383, #384, #385, #386, #387), .UNSPECIFIED., .U., .U.)
    B_SPLINE_CURVE_WITH_KNOTS((3, 1, 1, 1, 3), (0.0, 0.25, 0.5, 0.75, 1.0), .UNSPECIFIED.)
    CURVE()
    GEOMETRIC_REPRESENTATION_ITEM()
    RATIONAL_B_SPLINE_CURVE((1.0, 0.9267804957374981, 0.8535609914749962, 0.8535609914749961, 0.9267804957374981, 1.0))
    REPRESENTATION_ITEM('')
);
#382 = CARTESIAN_POINT('', (104.0, -77.0, 0.0));
#383 = CARTESIAN_POINT('', (102.66480269482557, -77.00002649703778, 0.0));
#384 = CARTESIAN_POINT('', (100.07541854159528, -78.02517128658522, 0.0));
#385 = CARTESIAN_POINT('', (98.02518426728888, -80.07539877981145, 0.0));
#386 = CARTESIAN_POINT('', (97.00003091343282, -82.66477954239046, 0.0));
#387 = CARTESIAN_POINT('', (97.00000000026805, -83.99997684746992, 0.0));
#388 = SURFACE_CURVE('', #389, (#285, #370), .CURVE_3D.);
#389 = LINE('', #390, #391);
#390 = CARTESIAN_POINT('', (97.00000000026805, -83.99997684746992, 0.0));
#391 = VECTOR('', #392, 16.000023152530076);
#392 = DIRECTION('', (-1.6752797111E-11, -1.0, 0.0));
#393 = SURFACE_CURVE('', #394, (#285, #365), .CURVE_3D.);
#394 = (
    BOUNDED_CURVE()
    B_SPLINE_CURVE(2, (#395, #396, #397, #398, #399, #400), .UNSPECIFIED., .U., .U.)
    B_SPLINE_CURVE_WITH_KNOTS((3, 1, 1, 1, 3), (0.0, 0.25, 0.5, 0.75, 1.0), .UNSPECIFIED.)
    CURVE()
    GEOMETRIC_REPRESENTATION_ITEM()
    RATIONAL_B_SPLINE_CURVE((1.0, 0.9267804957375042, 0.8535609914750084, 0.8535609914750084, 0.9267804957375042, 1.0))
    REPRESENTATION_ITEM('')
);
#395 = CARTESIAN_POINT('', (97.0, -100.0, 0.0));
#396 = CARTESIAN_POINT('', (97.0000264970379, -101.33519730517435, 0.0));
#397 = CARTESIAN_POINT('', (98.02517128658543, -103.92458145840446, 0.0));
#398 = CARTESIAN_POINT('', (100.07539877981164, -105.97481573271065, 0.0));
#399 = CARTESIAN_POINT('', (102.66477954239052, -106.9999690865666, 0.0));
#400 = CARTESIAN_POINT('', (103.99997684746992, -106.99999999973139, 0.0));
#401 = SURFACE_CURVE('', #402, (#285, #360), .CURVE_3D.);
#402 = LINE('', #403, #404);
#403 = CARTESIAN_POINT('', (103.99997684746992, -106.99999999973137, 0.0));
#404 = VECTOR('', #405, 32.000023152530076);
#405 = DIRECTION('', (1.0, -8.3946122602E-12, 0.0));
#406 = SURFACE_CURVE('', #407, (#285, #355), .CURVE_3D.);
#407 = (
    BOUNDED_CURVE()
    B_SPLINE_CURVE(2, (#408, #409, #410, #411, #412, #413), .UNSPECIFIED., .U., .U.)
    B_SPLINE_CURVE_WITH_KNOTS((3, 1, 1, 1, 3), (0.0, 0.25, 0.5, 0.75, 1.0), .UNSPECIFIED.)
    CURVE()
    GEOMETRIC_REPRESENTATION_ITEM()
    RATIONAL_B_SPLINE_CURVE((1.0, 0.9267804957374844, 0.8535609914749689, 0.8535609914749688, 0.9267804957374843, 1.0))
    REPRESENTATION_ITEM('')
);
#408 = CARTESIAN_POINT('', (136.0, -107.0, 0.0));
#409 = CARTESIAN_POINT('', (137.3351973051744, -106.99997350296228, 0.0));
#410 = CARTESIAN_POINT('', (139.92458145840476, -105.97482871341488, 0.0));
#411 = CARTESIAN_POINT('', (141.97481573271114, -103.92460122018855, 0.0));
#412 = CARTESIAN_POINT('', (142.999969086567, -101.33522045760945, 0.0));
#413 = CARTESIAN_POINT('', (142.99999999973167, -100.00002315252999, 0.0));
#414 = SURFACE_CURVE('', #415, (#285, #350), .CURVE_3D.);
#415 = LINE('', #416, #417);
#416 = CARTESIAN_POINT('', (142.99999999973167, -100.00002315252998, 0.0));
#417 = VECTOR('', #418, 16.000023152529977);
#418 = DIRECTION('', (1.6770560653E-11, 1.0, 0.0));
#419 = SURFACE_CURVE('', #420, (#285, #345), .CURVE_3D.);
#420 = (
    BOUNDED_CURVE()
    B_SPLINE_CURVE(2, (#421, #422, #423, #424, #425, #426), .UNSPECIFIED., .U., .U.)
    B_SPLINE_CURVE_WITH_KNOTS((3, 1, 1, 1, 3), (0.0, 0.25, 0.5, 0.75, 1.0), .UNSPECIFIED.)
    CURVE()
    GEOMETRIC_REPRESENTATION_ITEM()
    RATIONAL_B_SPLINE_CURVE((1.0, 0.9267804957375175, 0.8535609914750351, 0.8535609914750351, 0.9267804957375175, 1.0))
    REPRESENTATION_ITEM('')
);
#421 = CARTESIAN_POINT('', (143.0, -84.0, 0.0));
#422 = CARTESIAN_POINT('', (142.999973502962, -82.66480269482568, 0.0));
#423 = CARTESIAN_POINT('', (141.9748287134144, -80.07541854159567, 0.0));
#424 = CARTESIAN_POINT('', (139.9246012201883, -78.02518426728953, 0.0));
#425 = CARTESIAN_POINT('', (137.33522045760955, -77.00003091343352, 0.0));
#426 = CARTESIAN_POINT('', (136.00002315253016, -77.00000000026861, 0.0));
#427 = SURFACE_CURVE('', #428, (#285, #290), .CURVE_3D.);
#428 = LINE('', #429, #430);
#429 = CARTESIAN_POINT('', (136.00002315253016, -77.00000000026863, 0.0));
#430 = VECTOR('', #431, 32.00002315253016);
#431 = DIRECTION('', (-1.0, 8.3946122602E-12, 0.0));
#432 = SURFACE_CURVE('', #433, (#290, #375), .CURVE_3D.);
#433 = LINE('', #434, #435);
#434 = CARTESIAN_POINT('', (104.0, -77.0, 0.0));
#435 = VECTOR('', #436, 13.0);
#436 = DIRECTION('', (0.0, 0.0, 1.0));
#437 = SURFACE_CURVE('', #438, (#290, #295), .CURVE_3D.);
#438 = LINE('', #439, #440);
#439 = CARTESIAN_POINT('', (136.00002315253016, -77.00000000026863, 13.0));
#440 = VECTOR('', #441, 32.00002315253016);
#441 = DIRECTION('', (-1.0, 8.3946122602E-12, 0.0));
#442 = SURFACE_CURVE('', #443, (#290, #345), .CURVE_3D.);
#443 = LINE('', #444, #445);
#444 = CARTESIAN_POINT('', (136.00002315253016, -77.00000000026863, 0.0));
#445 = VECTOR('', #446, 13.0);
#446 = DIRECTION('', (0.0, 0.0, 1.0));
#447 = SURFACE_CURVE('', #448, (#295, #375), .CURVE_3D.);
#448 = (
    BOUNDED_CURVE()
    B_SPLINE_CURVE(2, (#449, #450, #451, #452, #453, #454), .UNSPECIFIED., .U., .U.)
    B_SPLINE_CURVE_WITH_KNOTS((3, 1, 1, 1, 3), (0.0, 0.25, 0.5, 0.75, 1.0), .UNSPECIFIED.)
    CURVE()
    GEOMETRIC_REPRESENTATION_ITEM()
    RATIONAL_B_SPLINE_CURVE((1.0, 0.9267804957374981, 0.8535609914749962, 0.8535609914749961, 0.9267804957374981, 1.0))
    REPRESENTATION_ITEM('')
);
#449 = CARTESIAN_POINT('', (104.0, -77.0, 13.0));
#450 = CARTESIAN_POINT('', (102.66480269482557, -77.00002649703778, 13.0));
#451 = CARTESIAN_POINT('', (100.07541854159528, -78.02517128658522, 13.0));
#452 = CARTESIAN_POINT('', (98.02518426728888, -80.07539877981145, 13.0));
#453 = CARTESIAN_POINT('', (97.00003091343282, -82.66477954239046, 13.0));
#454 = CARTESIAN_POINT('', (97.00000000026805, -83.99997684746992, 13.0));
#455 = SURFACE_CURVE('', #456, (#295, #370), .CURVE_3D.);
#456 = LINE('', #457, #458);
#457 = CARTESIAN_POINT('', (97.00000000026805, -83.99997684746992, 13.0));
#458 = VECTOR('', #459, 16.000023152530076);
#459 = DIRECTION('', (-1.6752797111E-11, -1.0, 0.0));
#460 = SURFACE_CURVE('', #461, (#295, #365), .CURVE_3D.);
#461 = (
    BOUNDED_CURVE()
    B_SPLINE_CURVE(2, (#462, #463, #464, #465, #466, #467), .UNSPECIFIED., .U., .U.)
    B_SPLINE_CURVE_WITH_KNOTS((3, 1, 1, 1, 3), (0.0, 0.25, 0.5, 0.75, 1.0), .UNSPECIFIED.)
    CURVE()
    GEOMETRIC_REPRESENTATION_ITEM()
    RATIONAL_B_SPLINE_CURVE((1.0, 0.9267804957375042, 0.8535609914750084, 0.8535609914750084, 0.9267804957375042, 1.0))
    REPRESENTATION_ITEM('')
);
#462 = CARTESIAN_POINT('', (97.0, -100.0, 13.0));
#463 = CARTESIAN_POINT('', (97.0000264970379, -101.33519730517435, 13.0));
#464 = CARTESIAN_POINT('', (98.02517128658543, -103.92458145840446, 13.0));
#465 = CARTESIAN_POINT('', (100.07539877981164, -105.97481573271065, 13.0));
#466 = CARTESIAN_POINT('', (102.66477954239052, -106.9999690865666, 13.0));
#467 = CARTESIAN_POINT('', (103.99997684746992, -106.99999999973139, 13.0));
#468 = SURFACE_CURVE('', #469, (#295, #360), .CURVE_3D.);
#469 = LINE('', #470, #471);
#470 = CARTESIAN_POINT('', (103.99997684746992, -106.99999999973137, 13.0));
#471 = VECTOR('', #472, 32.000023152530076);
#472 = DIRECTION('', (1.0, -8.3946122602E-12, 0.0));
#473 = SURFACE_CURVE('', #474, (#295, #355), .CURVE_3D.);
#474 = (
    BOUNDED_CURVE()
    B_SPLINE_CURVE(2, (#475, #476, #477, #478, #479, #480), .UNSPECIFIED., .U., .U.)
    B_SPLINE_CURVE_WITH_KNOTS((3, 1, 1, 1, 3), (0.0, 0.25, 0.5, 0.75, 1.0), .UNSPECIFIED.)
    CURVE()
    GEOMETRIC_REPRESENTATION_ITEM()
    RATIONAL_B_SPLINE_CURVE((1.0, 0.9267804957374844, 0.8535609914749689, 0.8535609914749688, 0.9267804957374843, 1.0))
    REPRESENTATION_ITEM('')
);
#475 = CARTESIAN_POINT('', (136.0, -107.0, 13.0));
#476 = CARTESIAN_POINT('', (137.3351973051744, -106.99997350296228, 13.0));
#477 = CARTESIAN_POINT('', (139.92458145840476, -105.97482871341488, 13.0));
#478 = CARTESIAN_POINT('', (141.97481573271114, -103.92460122018855, 13.0));
#479 = CARTESIAN_POINT('', (142.999969086567, -101.33522045760945, 13.0));
#480 = CARTESIAN_POINT('', (142.99999999973167, -100.00002315252999, 13.0));
#481 = SURFACE_CURVE('', #482, (#295, #350), .CURVE_3D.);
#482 = LINE('', #483, #484);
#483 = CARTESIAN_POINT('', (142.99999999973167, -100.00002315252998, 13.0));
#484 = VECTOR('', #485, 16.000023152529977);
#485 = DIRECTION('', (1.6770560653E-11, 1.0, 0.0));
#486 = SURFACE_CURVE('', #487, (#295, #345), .CURVE_3D.);
#487 = (
    BOUNDED_CURVE()
    B_SPLINE_CURVE(2, (#488, #489, #490, #491, #492, #493), .UNSPECIFIED., .U., .U.)
    B_SPLINE_CURVE_WITH_KNOTS((3, 1, 1, 1, 3), (0.0, 0.25, 0.5, 0.75, 1.0), .UNSPECIFIED.)
    CURVE()
    GEOMETRIC_REPRESENTATION_ITEM()
    RATIONAL_B_SPLINE_CURVE((1.0, 0.9267804957375175, 0.8535609914750351, 0.8535609914750351, 0.9267804957375175, 1.0))
    REPRESENTATION_ITEM('')
);
#488 = CARTESIAN_POINT('', (143.0, -84.0, 13.0));
#489 = CARTESIAN_POINT('', (142.999973502962, -82.66480269482568, 13.0));
#490 = CARTESIAN_POINT('', (141.9748287134144, -80.07541854159567, 13.0));
#491 = CARTESIAN_POINT('', (139.9246012201883, -78.02518426728953, 13.0));
#492 = CARTESIAN_POINT('', (137.33522045760955, -77.00003091343352, 13.0));
#493 = CARTESIAN_POINT('', (136.00002315253016, -77.00000000026861, 13.0));
#494 = SURFACE_CURVE('', #495, (#295, #305), .CURVE_3D.);
#495 = INTERSECTION_CURVE('', #496, (#509, #514), .CURVE_3D.);
#496 = B_SPLINE_CURVE_WITH_KNOTS('', 1, (#497, #498, #499, #500, #501, #502, #503, #504, #505, #506, #507, #508), .UNSPECIFIED., .U., .U., (2, 1, 1, 1, 1, 1, 1, 1, 1, 1, 1, 2), (0.0, 0.09090909090909091, 0.18181818181818182, 0.2727272727272727, 0.36363636363636365, 0.45454545454545453, 0.5454545454545454, 0.6363636363636364, 0.7272727272727273, 0.8181818181818182, 0.9090909090909091, 1.0), .UNSPECIFIED.);
#497 = CARTESIAN_POINT('', (137.02604690510478, -79.10643540905394, 13.0));
#498 = CARTESIAN_POINT('', (136.8229447421038, -79.06820981871913, 13.0));
#499 = CARTESIAN_POINT('', (136.61843644582993, -79.03840979980507, 13.0));
#500 = CARTESIAN_POINT('', (136.41287139262076, -79.01708626184288, 13.0));
#501 = CARTESIAN_POINT('', (136.20660076414828, -79.00427563337716, 13.0));
#502 = CARTESIAN_POINT('', (136.18782409630526, -79.00353395496421, 13.0));
#503 = CARTESIAN_POINT('', (136.17217574655766, -79.00296982891831, 13.0));
#504 = CARTESIAN_POINT('', (136.1589340427698, -79.00253078618434, 13.0));
#505 = CARTESIAN_POINT('', (136.1475834328361, -79.00218240048363, 13.0));
#506 = CARTESIAN_POINT('', (136.13774580593085, -79.00190132410913, 13.0));
#507 = CARTESIAN_POINT('', (136.12913755362425, -79.00167126937582, 13.0));
#508 = CARTESIAN_POINT('', (135.99997694746983, -78.99999979973258, 13.0));
#509 = PLANE('', #510);
#510 = AXIS2_PLACEMENT_3D('', #511, #512, #513);
#511 = CARTESIAN_POINT('', (143.0, -77.0, 13.0));
#512 = DIRECTION('', (0.0, 0.0, 1.0));
#513 = DIRECTION('', (-1.0, 0.0, 0.0));
#514 = CYLINDRICAL_SURFACE('', #515, 5.000138920554471);
#515 = AXIS2_PLACEMENT_3D('', #516, #517, #518);
#516 = CARTESIAN_POINT('', (135.9998611813753, -84.00013871894691, 18.0000003));
#517 = DIRECTION('', (0.0, 0.0, 1.0));
#518 = DIRECTION('', (-0.7071051440762433, -0.7071084182930616, 0.0));
#519 = SURFACE_CURVE('', #520, (#295, #305), .CURVE_3D.);
#520 = INTERSECTION_CURVE('', #521, (#529, #534), .CURVE_3D.);
#521 = B_SPLINE_CURVE_WITH_KNOTS('', 1, (#522, #523, #524, #525, #526, #527, #528), .UNSPECIFIED., .U., .U., (2, 1, 1, 1, 1, 1, 2), (0.0, 0.16666666666666666, 0.3333333333333333, 0.5, 0.6666666666666666, 0.8333333333333334, 1.0), .UNSPECIFIED.);
#522 = CARTESIAN_POINT('', (137.02604690510478, -79.10643540905393, 13.0));
#523 = CARTESIAN_POINT('', (137.2273959606946, -79.1530212672644, 13.0));
#524 = CARTESIAN_POINT('', (137.4266479296954, -79.20788780735414, 13.0));
#525 = CARTESIAN_POINT('', (137.62346241553428, -79.27094129683805, 13.0));
#526 = CARTESIAN_POINT('', (137.81750318576735, -79.34207401687232, 13.0));
#527 = CARTESIAN_POINT('', (138.00843874649007, -79.42116444627828, 13.0));
#528 = CARTESIAN_POINT('', (138.19594290865223, -79.50807746914587, 13.0));
#529 = PLANE('', #530);
#530 = AXIS2_PLACEMENT_3D('', #531, #532, #533);
#531 = CARTESIAN_POINT('', (143.0, -77.0, 13.0));
#532 = DIRECTION('', (0.0, 0.0, 1.0));
#533 = DIRECTION('', (-1.0, 0.0, 0.0));
#534 = CYLINDRICAL_SURFACE('', #535, 5.000138920554471);
#535 = AXIS2_PLACEMENT_3D('', #536, #537, #538);
#536 = CARTESIAN_POINT('', (135.9998611813753, -84.00013871894691, 18.0000003));
#537 = DIRECTION('', (0.0, 0.0, 1.0));
#538 = DIRECTION('', (-0.7071051440762433, -0.7071084182930616, 0.0));
#539 = SURFACE_CURVE('', #540, (#295, #305), .CURVE_3D.);
#540 = INTERSECTION_CURVE('', #541, (#579, #584), .CURVE_3D.);
#541 = B_SPLINE_CURVE_WITH_KNOTS('', 1, (#542, #543, #544, #545, #546, #547, #548, #549, #550, #551, #552, #553, #554, #555, #556, #557, #558, #559, #560, #561, #562, #563, #564, #565, #566, #567, #568, #569, #570, #571, #572, #573, #574, #575, #576, #577, #578), .UNSPECIFIED., .U., .U., (2, 1, 1, 1, 1, 1, 1, 1, 1, 1, 1, 1, 1, 1, 1, 1, 1, 1, 1, 1, 1, 1, 1, 1, 1, 1, 1, 1, 1, 1, 1, 1, 1, 1, 1, 1, 2), (0.0, 0.027777777777777776, 0.05555555555555555, 0.08333333333333333, 0.1111111111111111, 0.1388888888888889, 0.16666666666666666, 0.19444444444444445, 0.2222222222222222, 0.25, 0.2777777777777778, 0.3055555555555556, 0.3333333333333333, 0.3611111111111111, 0.3888888888888889, 0.4166666666666667, 0.4444444444444444, 0.4722222222222222, 0.5, 0.5277777777777778, 0.5555555555555556, 0.5833333333333334, 0.6111111111111112, 0.6388888888888888, 0.6666666666666666, 0.6944444444444444, 0.7222222222222222, 0.75, 0.7777777777777778, 0.8055555555555556, 0.8333333333333334, 0.8611111111111112, 0.8888888888888888, 0.9166666666666666, 0.9444444444444444, 0.9722222222222222, 1.0), .UNSPECIFIED.);
#542 = CARTESIAN_POINT('', (138.19594290865223, -79.50807746914587, 13.0));
#543 = CARTESIAN_POINT('', (138.37969534531035, -79.60266460566197, 13.0));
#544 = CARTESIAN_POINT('', (138.5593821388655, -79.70476426576914, 13.0));
#545 = CARTESIAN_POINT('', (138.7346963173512, -79.81420202522168, 13.0));
#546 = CARTESIAN_POINT('', (138.90533837885627, -79.93079092356719, 13.0));
#547 = CARTESIAN_POINT('', (139.00607636746, -80.00463380970236, 13.0));
#548 = CARTESIAN_POINT('', (139.0710168031853, -80.05433178354465, 13.000000000000002));
#549 = CARTESIAN_POINT('', (139.23144854988385, -80.18461355135338, 13.0));
#550 = CARTESIAN_POINT('', (139.386359541777, -80.32141365721151, 13.0));
#551 = CARTESIAN_POINT('', (139.5354851331952, -80.46449839558807, 13.0));
#552 = CARTESIAN_POINT('', (139.67857056208763, -80.61362332445913, 13.0));
#553 = CARTESIAN_POINT('', (139.81537138525061, -80.76853368290568, 13.0));
#554 = CARTESIAN_POINT('', (139.94565389592782, -80.92896482634038, 13.0));
#555 = CARTESIAN_POINT('', (139.9953753228944, -80.99393580334646, 13.0));
#556 = CARTESIAN_POINT('', (140.06919552306826, -81.09464267861885, 13.0));
#557 = CARTESIAN_POINT('', (140.18578521156067, -81.26528420026398, 13.0));
#558 = CARTESIAN_POINT('', (140.29522378279412, -81.44059787200266, 13.0));
#559 = CARTESIAN_POINT('', (140.39732427492945, -81.6202841927893, 13.0));
#560 = CARTESIAN_POINT('', (140.4919122622995, -81.80403619146524, 13.0));
#561 = CARTESIAN_POINT('', (140.5788261533933, -81.99153995117969, 13.0));
#562 = CARTESIAN_POINT('', (140.6579174669144, -82.18247514567673, 13.0));
#563 = CARTESIAN_POINT('', (140.72905108544242, -82.37651558653181, 13.0));
#564 = CARTESIAN_POINT('', (140.79210552165534, -82.5733298992736, 13.0));
#565 = CARTESIAN_POINT('', (140.84697297942677, -82.77258161557693, 13.000000000000002));
#566 = CARTESIAN_POINT('', (140.8935597649774, -82.97393045660705, 13.0));
#567 = CARTESIAN_POINT('', (140.93178629072665, -83.17703244355268, 13.0));
#568 = CARTESIAN_POINT('', (140.9615872515314, -83.38154060257631, 13.0));
#569 = CARTESIAN_POINT('', (140.98291173625137, -83.58710555757483, 13.0));
#570 = CARTESIAN_POINT('', (140.98690377493753, -83.63848225925082, 13.0));
#571 = CARTESIAN_POINT('', (140.9957233095959, -83.79337600312277, 13.0));
#572 = CARTESIAN_POINT('', (140.9964650749531, -83.8121526675313, 13.0));
#573 = CARTESIAN_POINT('', (140.99702927345777, -83.82780101466656, 13.000000000000002));
#574 = CARTESIAN_POINT('', (140.99746837750666, -83.84104271642136, 13.0));
#575 = CARTESIAN_POINT('', (140.9978168157657, -83.85239332474174, 13.0));
#576 = CARTESIAN_POINT('', (140.9980979376928, -83.86223095034538, 13.0));
#577 = CARTESIAN_POINT('', (140.9983280322861, -83.87083920158659, 13.000000000000002));
#578 = CARTESIAN_POINT('', (141.0000001, -83.9999998, 13.0));
#579 = PLANE('', #580);
#580 = AXIS2_PLACEMENT_3D('', #581, #582, #583);
#581 = CARTESIAN_POINT('', (143.0, -77.0, 13.0));
#582 = DIRECTION('', (0.0, 0.0, 1.0));
#583 = DIRECTION('', (-1.0, 0.0, 0.0));
#584 = CYLINDRICAL_SURFACE('', #585, 5.000138920554471);
#585 = AXIS2_PLACEMENT_3D('', #586, #587, #588);
#586 = CARTESIAN_POINT('', (135.9998611813753, -84.00013871894691, 18.0000003));
#587 = DIRECTION('', (0.0, 0.0, 1.0));
#588 = DIRECTION('', (-0.7071051440762433, -0.7071084182930616, 0.0));
#589 = SURFACE_CURVE('', #590, (#295, #310), .CURVE_3D.);
#590 = INTERSECTION_CURVE('', #591, (#596, #601), .CURVE_3D.);
#591 = B_SPLINE_CURVE_WITH_KNOTS('', 1, (#592, #593, #594, #595), .UNSPECIFIED., .U., .U., (2, 1, 1, 2), (0.0, 0.3333333333333333, 0.6666666666666666, 1.0), .UNSPECIFIED.);
#592 = CARTESIAN_POINT('', (141.00000010026773, -99.99997664747002, 13.0));
#593 = CARTESIAN_POINT('', (141.00000010008367, -88.99999286483394, 13.0));
#594 = CARTESIAN_POINT('', (141.00000010001165, -84.6956521391264, 13.0));
#595 = CARTESIAN_POINT('', (141.0000001, -83.9999998, 13.0));
#596 = PLANE('', #597);
#597 = AXIS2_PLACEMENT_3D('', #598, #599, #600);
#598 = CARTESIAN_POINT('', (143.0, -77.0, 13.0));
#599 = DIRECTION('', (0.0, 0.0, 1.0));
#600 = DIRECTION('', (-1.0, 0.0, 0.0));
#601 = PLANE('', #602);
#602 = AXIS2_PLACEMENT_3D('', #603, #604, #605);
#603 = CARTESIAN_POINT('', (141.00000010026773, -99.99997664747002, 2.0000003));
#604 = DIRECTION('', (1.0, 1.6733305641E-11, -0.0));
#605 = DIRECTION('', (-1.6733305641E-11, 1.0, 0.0));
#606 = SURFACE_CURVE('', #607, (#295, #315), .CURVE_3D.);
#607 = INTERSECTION_CURVE('', #608, (#626, #631), .CURVE_3D.);
#608 = B_SPLINE_CURVE_WITH_KNOTS('', 1, (#609, #610, #611, #612, #613, #614, #615, #616, #617, #618, #619, #620, #621, #622, #623, #624, #625), .UNSPECIFIED., .U., .U., (2, 1, 1, 1, 1, 1, 1, 1, 1, 1, 1, 1, 1, 1, 1, 1, 2), (0.0, 0.0625, 0.125, 0.1875, 0.25, 0.3125, 0.375, 0.4375, 0.5, 0.5625, 0.625, 0.6875, 0.75, 0.8125, 0.875, 0.9375, 1.0), .UNSPECIFIED.);
#609 = CARTESIAN_POINT('', (140.65792583567398, -101.81750300032904, 13.0));
#610 = CARTESIAN_POINT('', (140.7290585629238, -101.6234622327411, 13.000000000000002));
#611 = CARTESIAN_POINT('', (140.79211205728546, -101.4266477484649, 13.000000000000002));
#612 = CARTESIAN_POINT('', (140.84697860231338, -101.22739578082383, 13.0));
#613 = CARTESIAN_POINT('', (140.89356446551398, -101.02604672638857, 13.0));
#614 = CARTESIAN_POINT('', (140.93179006088238, -100.82294456433493, 13.0));
#615 = CARTESIAN_POINT('', (140.96159008486484, -100.6184362687996, 13.0));
#616 = CARTESIAN_POINT('', (140.98291362792165, -100.4128712161189, 13.000000000000002));
#617 = CARTESIAN_POINT('', (140.99572426149945, -100.20660058796389, 13.0));
#618 = CARTESIAN_POINT('', (140.99646594503614, -100.18782379630545, 13.000000000000002));
#619 = CARTESIAN_POINT('', (140.99703007108204, -100.17217544655784, 13.0));
#620 = CARTESIAN_POINT('', (140.997469113816, -100.15893374276999, 13.0));
#621 = CARTESIAN_POINT('', (140.9978174995167, -100.14758313283627, 13.0));
#622 = CARTESIAN_POINT('', (140.99809857589122, -100.13774550593102, 13.0));
#623 = CARTESIAN_POINT('', (140.99832863062454, -100.12913725362446, 13.0));
#624 = CARTESIAN_POINT('', (141.0000000990067, -100.00002216535569, 13.0));
#625 = CARTESIAN_POINT('', (141.00000010026773, -99.99997664747002, 13.0));
#626 = PLANE('', #627);
#627 = AXIS2_PLACEMENT_3D('', #628, #629, #630);
#628 = CARTESIAN_POINT('', (143.0, -77.0, 13.0));
#629 = DIRECTION('', (0.0, 0.0, 1.0));
#630 = DIRECTION('', (-1.0, 0.0, 0.0));
#631 = CYLINDRICAL_SURFACE('', #632, 5.000138920553396);
#632 = AXIS2_PLACEMENT_3D('', #633, #634, #635);
#633 = CARTESIAN_POINT('', (135.99986118105448, -99.9998608813764, 18.0000003));
#634 = DIRECTION('', (0.0, 0.0, 1.0));
#635 = DIRECTION('', (-0.7071084182930261, 0.7071051440762788, 0.0));
#636 = SURFACE_CURVE('', #637, (#295, #315), .CURVE_3D.);
#637 = INTERSECTION_CURVE('', #638, (#654, #659), .CURVE_3D.);
#638 = B_SPLINE_CURVE_WITH_KNOTS('', 1, (#639, #640, #641, #642, #643, #644, #645, #646, #647, #648, #649, #650, #651, #652, #653), .UNSPECIFIED., .U., .U., (2, 1, 1, 1, 1, 1, 1, 1, 1, 1, 1, 1, 1, 1, 2), (0.0, 0.07142857142857142, 0.14285714285714285, 0.21428571428571427, 0.2857142857142857, 0.35714285714285715, 0.42857142857142855, 0.5, 0.5714285714285714, 0.6428571428571429, 0.7142857142857143, 0.7857142857142857, 0.8571428571428571, 0.9285714285714286, 1.0), .UNSPECIFIED.);
#639 = CARTESIAN_POINT('', (140.65792583804202, -101.81750300130992, 13.000000000000002));
#640 = CARTESIAN_POINT('', (140.57883540389994, -102.00843856007089, 13.0));
#641 = CARTESIAN_POINT('', (140.49192237638135, -102.1959427200772, 13.000000000000002));
#642 = CARTESIAN_POINT('', (140.3973352353073, -102.37969515438914, 13.0));
#643 = CARTESIAN_POINT('', (140.29523557074305, -102.5593819454117, 13.000000000000002));
#644 = CARTESIAN_POINT('', (140.18579780694188, -102.73469612118286, 13.0));
#645 = CARTESIAN_POINT('', (140.06920890436362, -102.90533817979602, 13.000000000000002));
#646 = CARTESIAN_POINT('', (139.9953649107528, -103.00607763517172, 13.0));
#647 = CARTESIAN_POINT('', (139.94566804027653, -103.07101660106062, 13.0));
#648 = CARTESIAN_POINT('', (139.81538626848834, -103.23144834452759, 13.0));
#649 = CARTESIAN_POINT('', (139.67858615878765, -103.38635933302746, 13.0));
#650 = CARTESIAN_POINT('', (139.53550141671204, -103.5354849208965, 13.0));
#651 = CARTESIAN_POINT('', (139.3863764842918, -103.67857034608987, 13.0));
#652 = CARTESIAN_POINT('', (139.23146612245188, -103.81537116541037, 13.0));
#653 = CARTESIAN_POINT('', (139.0710349742533, -103.9456536700533, 13.0));
#654 = PLANE('', #655);
#655 = AXIS2_PLACEMENT_3D('', #656, #657, #658);
#656 = CARTESIAN_POINT('', (143.0, -77.0, 13.0));
#657 = DIRECTION('', (0.0, 0.0, 1.0));
#658 = DIRECTION('', (-1.0, 0.0, 0.0));
#659 = CYLINDRICAL_SURFACE('', #660, 5.000138920553396);
#660 = AXIS2_PLACEMENT_3D('', #661, #662, #663);
#661 = CARTESIAN_POINT('', (135.99986118105448, -99.9998608813764, 18.0000003));
#662 = DIRECTION('', (0.0, 0.0, 1.0));
#663 = DIRECTION('', (-0.7071084182930261, 0.7071051440762788, 0.0));
#664 = SURFACE_CURVE('', #665, (#295, #315), .CURVE_3D.);
#665 = INTERSECTION_CURVE('', #666, (#691, #696), .CURVE_3D.);
#666 = B_SPLINE_CURVE_WITH_KNOTS('', 1, (#667, #668, #669, #670, #671, #672, #673, #674, #675, #676, #677, #678, #679, #680, #681, #682, #683, #684, #685, #686, #687, #688, #689, #690), .UNSPECIFIED., .U., .U., (2, 1, 1, 1, 1, 1, 1, 1, 1, 1, 1, 1, 1, 1, 1, 1, 1, 1, 1, 1, 1, 1, 1, 2), (0.0, 0.043478260869565216, 0.08695652173913043, 0.13043478260869565, 0.17391304347826086, 0.21739130434782608, 0.2608695652173913, 0.30434782608695654, 0.34782608695652173, 0.391304347826087, 0.43478260869565216, 0.4782608695652174, 0.5217391304347826, 0.5652173913043478, 0.6086956521739131, 0.6521739130434783, 0.6956521739130435, 0.7391304347826086, 0.782608695652174, 0.8260869565217391, 0.8695652173913043, 0.9130434782608695, 0.9565217391304348, 1.0), .UNSPECIFIED.);
#667 = CARTESIAN_POINT('', (139.0710349757855, -103.94565367210811, 13.0));
#668 = CARTESIAN_POINT('', (139.0060656643698, -103.9953738433536, 13.000000000000002));
#669 = CARTESIAN_POINT('', (138.90535712044257, -104.06919529513895, 13.0));
#670 = CARTESIAN_POINT('', (138.73471559590547, -104.18578497939862, 13.000000000000002));
#671 = CARTESIAN_POINT('', (138.55940192145218, -104.29522354628345, 13.000000000000002));
#672 = CARTESIAN_POINT('', (138.3797155981329, -104.39732403396168, 13.0));
#673 = CARTESIAN_POINT('', (138.1959635971107, -104.4919120167738, 13.0));
#674 = CARTESIAN_POINT('', (138.00845983524033, -104.57882590321657, 13.000000000000002));
#675 = CARTESIAN_POINT('', (137.8175246387814, -104.65791721200156, 13.0));
#676 = CARTESIAN_POINT('', (137.62348419616188, -104.7290508257164, 13.0));
#677 = CARTESIAN_POINT('', (137.42667000072655, -104.7921052216557, 13.0));
#678 = CARTESIAN_POINT('', (137.22741828442318, -104.84697267942707, 13.0));
#679 = CARTESIAN_POINT('', (137.02606944339303, -104.89355946497767, 13.0));
#680 = CARTESIAN_POINT('', (136.82296745644737, -104.9317859907269, 13.0));
#681 = CARTESIAN_POINT('', (136.61845929742375, -104.96158695153156, 13.0));
#682 = CARTESIAN_POINT('', (136.41289434242523, -104.9829114362515, 13.0));
#683 = CARTESIAN_POINT('', (136.20662389687723, -104.99572300959596, 13.0));
#684 = CARTESIAN_POINT('', (136.1878472324687, -104.99646477495318, 13.0));
#685 = CARTESIAN_POINT('', (136.17219888533344, -104.99702897345783, 13.000000000000002));
#686 = CARTESIAN_POINT('', (136.15895718357865, -104.99746807750674, 13.0));
#687 = CARTESIAN_POINT('', (136.14760657525827, -104.99781651576578, 13.0));
#688 = CARTESIAN_POINT('', (136.13776894965463, -104.99809763769284, 13.0));
#689 = CARTESIAN_POINT('', (136.1291606984134, -104.99832773228616, 13.000000000000002));
#690 = CARTESIAN_POINT('', (136.0000001, -104.9999998, 13.0));
#691 = PLANE('', #692);
#692 = AXIS2_PLACEMENT_3D('', #693, #694, #695);
#693 = CARTESIAN_POINT('', (143.0, -77.0, 13.0));
#694 = DIRECTION('', (0.0, 0.0, 1.0));
#695 = DIRECTION('', (-1.0, 0.0, 0.0));
#696 = CYLINDRICAL_SURFACE('', #697, 5.000138920553396);
#697 = AXIS2_PLACEMENT_3D('', #698, #699, #700);
#698 = CARTESIAN_POINT('', (135.99986118105448, -99.9998608813764, 18.0000003));
#699 = DIRECTION('', (0.0, 0.0, 1.0));
#700 = DIRECTION('', (-0.7071084182930261, 0.7071051440762788, 0.0));
#701 = SURFACE_CURVE('', #702, (#295, #320), .CURVE_3D.);
#702 = INTERSECTION_CURVE('', #703, (#708, #713), .CURVE_3D.);
#703 = B_SPLINE_CURVE_WITH_KNOTS('', 1, (#704, #705, #706, #707), .UNSPECIFIED., .U., .U., (2, 1, 1, 2), (0.0, 0.3333333333333333, 0.6666666666666666, 1.0), .UNSPECIFIED.);
#704 = CARTESIAN_POINT('', (104.00002325253008, -104.9999998002674, 13.0));
#705 = CARTESIAN_POINT('', (124.8571417433759, -104.99999980009311, 13.0));
#706 = CARTESIAN_POINT('', (126.00000673516608, -104.99999980008356, 13.0));
#707 = CARTESIAN_POINT('', (136.0000001, -104.9999998, 13.0));
#708 = PLANE('', #709);
#709 = AXIS2_PLACEMENT_3D('', #710, #711, #712);
#710 = CARTESIAN_POINT('', (143.0, -77.0, 13.0));
#711 = DIRECTION('', (0.0, 0.0, 1.0));
#712 = DIRECTION('', (-1.0, 0.0, 0.0));
#713 = PLANE('', #714);
#714 = AXIS2_PLACEMENT_3D('', #715, #716, #717);
#715 = CARTESIAN_POINT('', (104.00002325253007, -104.9999998002674, 2.0000003));
#716 = DIRECTION('', (8.3564327078E-12, -1.0, 0.0));
#717 = DIRECTION('', (1.0, 8.3564327078E-12, 0.0));
#718 = SURFACE_CURVE('', #719, (#295, #325), .CURVE_3D.);
#719 = INTERSECTION_CURVE('', #720, (#737, #742), .CURVE_3D.);
#720 = B_SPLINE_CURVE_WITH_KNOTS('', 1, (#721, #722, #723, #724, #725, #726, #727, #728, #729, #730, #731, #732, #733, #734, #735, #736), .UNSPECIFIED., .U., .U., (2, 1, 1, 1, 1, 1, 1, 1, 1, 1, 1, 1, 1, 1, 1, 2), (0.0, 0.06666666666666667, 0.13333333333333333, 0.2, 0.26666666666666666, 0.3333333333333333, 0.4, 0.4666666666666667, 0.5333333333333333, 0.6, 0.6666666666666666, 0.7333333333333333, 0.8, 0.8666666666666667, 0.9333333333333333, 1.0), .UNSPECIFIED.);
#721 = CARTESIAN_POINT('', (102.18249701423252, -104.65792558312779, 13.0));
#722 = CARTESIAN_POINT('', (102.37653766725913, -104.72905826292339, 13.000000000000002));
#723 = CARTESIAN_POINT('', (102.57335215153532, -104.79211175728506, 13.0));
#724 = CARTESIAN_POINT('', (102.77260411917634, -104.84697830231296, 13.0));
#725 = CARTESIAN_POINT('', (102.97395317361159, -104.89356416551357, 13.000000000000002));
#726 = CARTESIAN_POINT('', (103.17705533566522, -104.93178976088197, 13.0));
#727 = CARTESIAN_POINT('', (103.38156363120055, -104.96158978486446, 13.000000000000002));
#728 = CARTESIAN_POINT('', (103.58712868388125, -104.98291332792128, 13.0));
#729 = CARTESIAN_POINT('', (103.79339931203626, -104.9957239614991, 13.0));
#730 = CARTESIAN_POINT('', (103.81217610369467, -104.99646564503578, 13.0));
#731 = CARTESIAN_POINT('', (103.82782445344228, -104.99702977108169, 13.0));
#732 = CARTESIAN_POINT('', (103.84106615723016, -104.99746881381566, 13.0));
#733 = CARTESIAN_POINT('', (103.85241676716385, -104.99781719951636, 13.000000000000002));
#734 = CARTESIAN_POINT('', (103.86225439406911, -104.99809827589087, 13.000000000000002));
#735 = CARTESIAN_POINT('', (103.87086264637568, -104.99832833062419, 13.0));
#736 = CARTESIAN_POINT('', (104.00002325253008, -104.9999998002674, 13.0));
#737 = PLANE('', #738);
#738 = AXIS2_PLACEMENT_3D('', #739, #740, #741);
#739 = CARTESIAN_POINT('', (143.0, -77.0, 13.0));
#740 = DIRECTION('', (0.0, 0.0, 1.0));
#741 = DIRECTION('', (-1.0, 0.0, 0.0));
#742 = CYLINDRICAL_SURFACE('', #743, 5.000138920553969);
#743 = AXIS2_PLACEMENT_3D('', #744, #745, #746);
#744 = CARTESIAN_POINT('', (104.00013901862417, -99.99986088105358, 18.0000003));
#745 = DIRECTION('', (0.0, 0.0, 1.0));
#746 = DIRECTION('', (0.7071051440762489, 0.7071084182930558, 0.0));
#747 = SURFACE_CURVE('', #748, (#295, #325), .CURVE_3D.);
#748 = INTERSECTION_CURVE('', #749, (#762, #767), .CURVE_3D.);
#749 = B_SPLINE_CURVE_WITH_KNOTS('', 1, (#750, #751, #752, #753, #754, #755, #756, #757, #758, #759, #760, #761), .UNSPECIFIED., .U., .U., (2, 1, 1, 1, 1, 1, 1, 1, 1, 1, 1, 2), (0.0, 0.09090909090909091, 0.18181818181818182, 0.2727272727272727, 0.36363636363636365, 0.45454545454545453, 0.5454545454545454, 0.6363636363636364, 0.7272727272727273, 0.8181818181818182, 0.9090909090909091, 1.0), .UNSPECIFIED.);
#750 = CARTESIAN_POINT('', (102.18249701423252, -104.65792558312779, 13.0));
#751 = CARTESIAN_POINT('', (101.99156133992938, -104.57883510389954, 13.0));
#752 = CARTESIAN_POINT('', (101.80405717992306, -104.49192207638093, 13.000000000000002));
#753 = CARTESIAN_POINT('', (101.62030474561112, -104.3973349353069, 13.0));
#754 = CARTESIAN_POINT('', (101.44061795458856, -104.29523527074264, 13.0));
#755 = CARTESIAN_POINT('', (101.2653037788174, -104.18579750694147, 13.000000000000002));
#756 = CARTESIAN_POINT('', (101.0946617202043, -104.06920860436323, 13.0));
#757 = CARTESIAN_POINT('', (100.99392148099781, -103.9953640209981, 13.0));
#758 = CARTESIAN_POINT('', (100.92898329893968, -103.94566774027615, 13.0));
#759 = CARTESIAN_POINT('', (100.76855155547273, -103.81538596848794, 13.0));
#760 = CARTESIAN_POINT('', (100.61364056697286, -103.67858585878727, 13.0));
#761 = CARTESIAN_POINT('', (100.46451498095334, -103.53550111493709, 13.0));
#762 = PLANE('', #763);
#763 = AXIS2_PLACEMENT_3D('', #764, #765, #766);
#764 = CARTESIAN_POINT('', (143.0, -77.0, 13.0));
#765 = DIRECTION('', (0.0, 0.0, 1.0));
#766 = DIRECTION('', (-1.0, 0.0, 0.0));
#767 = CYLINDRICAL_SURFACE('', #768, 5.000138920553969);
#768 = AXIS2_PLACEMENT_3D('', #769, #770, #771);
#769 = CARTESIAN_POINT('', (104.00013901862417, -99.99986088105358, 18.0000003));
#770 = DIRECTION('', (0.0, 0.0, 1.0));
#771 = DIRECTION('', (0.7071051440762489, 0.7071084182930558, 0.0));
#772 = SURFACE_CURVE('', #773, (#295, #325), .CURVE_3D.);
#773 = INTERSECTION_CURVE('', #774, (#793, #798), .CURVE_3D.);
#774 = B_SPLINE_CURVE_WITH_KNOTS('', 1, (#775, #776, #777, #778, #779, #780, #781, #782, #783, #784, #785, #786, #787, #788, #789, #790, #791, #792), .UNSPECIFIED., .U., .U., (2, 1, 1, 1, 1, 1, 1, 1, 1, 1, 1, 1, 1, 1, 1, 1, 1, 2), (0.0, 0.058823529411764705, 0.11764705882352941, 0.17647058823529413, 0.23529411764705882, 0.29411764705882354, 0.35294117647058826, 0.4117647058823529, 0.47058823529411764, 0.5294117647058824, 0.5882352941176471, 0.6470588235294118, 0.7058823529411765, 0.7647058823529411, 0.8235294117647058, 0.8823529411764706, 0.9411764705882353, 1.0), .UNSPECIFIED.);
#775 = CARTESIAN_POINT('', (100.46451497910384, -103.5355011167117, 13.0));
#776 = CARTESIAN_POINT('', (100.32142955391043, -103.38637618429144, 13.0));
#777 = CARTESIAN_POINT('', (100.18462873458995, -103.23146582245155, 13.000000000000002));
#778 = CARTESIAN_POINT('', (100.05434622789221, -103.07103467578523, 13.0));
#779 = CARTESIAN_POINT('', (100.00462664643061, -103.00606614824456, 13.0));
#780 = CARTESIAN_POINT('', (99.93080460486138, -102.90535682044231, 13.0));
#781 = CARTESIAN_POINT('', (99.8142149206017, -102.73471529590519, 13.0));
#782 = CARTESIAN_POINT('', (99.70477635371685, -102.55940162145193, 13.000000000000002));
#783 = CARTESIAN_POINT('', (99.60267586603862, -102.3797152981327, 13.0));
#784 = CARTESIAN_POINT('', (99.5080878832265, -102.19596329711051, 13.0));
#785 = CARTESIAN_POINT('', (99.4211739967837, -102.00845953524018, 13.0));
#786 = CARTESIAN_POINT('', (99.3420826879987, -101.81752433878128, 13.0));
#787 = CARTESIAN_POINT('', (99.27094907428383, -101.62348389616176, 13.0));
#788 = CARTESIAN_POINT('', (99.2078947137362, -101.42666981959698, 13.0));
#789 = CARTESIAN_POINT('', (99.15302725102241, -101.22741810465462, 13.0));
#790 = CARTESIAN_POINT('', (99.10644046047736, -101.02606926478006, 13.000000000000002));
#791 = CARTESIAN_POINT('', (99.06821392969022, -100.82296727878263, 13.0));
#792 = CARTESIAN_POINT('', (99.03841295101803, -100.61845899715922, 13.0));
#793 = PLANE('', #794);
#794 = AXIS2_PLACEMENT_3D('', #795, #796, #797);
#795 = CARTESIAN_POINT('', (143.0, -77.0, 13.0));
#796 = DIRECTION('', (0.0, 0.0, 1.0));
#797 = DIRECTION('', (-1.0, 0.0, 0.0));
#798 = CYLINDRICAL_SURFACE('', #799, 5.000138920553969);
#799 = AXIS2_PLACEMENT_3D('', #800, #801, #802);
#800 = CARTESIAN_POINT('', (104.00013901862417, -99.99986088105358, 18.0000003));
#801 = DIRECTION('', (0.0, 0.0, 1.0));
#802 = DIRECTION('', (0.7071051440762489, 0.7071084182930558, 0.0));
#803 = SURFACE_CURVE('', #804, (#295, #325), .CURVE_3D.);
#804 = INTERSECTION_CURVE('', #805, (#818, #823), .CURVE_3D.);
#805 = B_SPLINE_CURVE_WITH_KNOTS('', 1, (#806, #807, #808, #809, #810, #811, #812, #813, #814, #815, #816, #817), .UNSPECIFIED., .U., .U., (2, 1, 1, 1, 1, 1, 1, 1, 1, 1, 1, 2), (0.0, 0.09090909090909091, 0.18181818181818182, 0.2727272727272727, 0.36363636363636365, 0.45454545454545453, 0.5454545454545454, 0.6363636363636364, 0.7272727272727273, 0.8181818181818182, 0.9090909090909091, 1.0), .UNSPECIFIED.);
#806 = CARTESIAN_POINT('', (99.0000001, -99.9999998, 13.0));
#807 = CARTESIAN_POINT('', (99.00000010003367, -100.00000100714807, 13.0));
#808 = CARTESIAN_POINT('', (99.00167216771386, -100.1291603984134, 13.000000000000002));
#809 = CARTESIAN_POINT('', (99.0019022623072, -100.13776864965462, 13.0));
#810 = CARTESIAN_POINT('', (99.00218338423426, -100.14760627525825, 13.0));
#811 = CARTESIAN_POINT('', (99.0025318224933, -100.15895688357867, 13.0));
#812 = CARTESIAN_POINT('', (99.00297092654219, -100.17219858533342, 13.0));
#813 = CARTESIAN_POINT('', (99.00353512504685, -100.18784693246872, 13.0));
#814 = CARTESIAN_POINT('', (99.00427689040407, -100.20662359687722, 13.0));
#815 = CARTESIAN_POINT('', (99.0130964570092, -100.36151778127709, 13.0));
#816 = CARTESIAN_POINT('', (99.01708847399377, -100.41289416602862, 13.0));
#817 = CARTESIAN_POINT('', (99.03841294846855, -100.61845899742369, 13.0));
#818 = PLANE('', #819);
#819 = AXIS2_PLACEMENT_3D('', #820, #821, #822);
#820 = CARTESIAN_POINT('', (143.0, -77.0, 13.0));
#821 = DIRECTION('', (0.0, 0.0, 1.0));
#822 = DIRECTION('', (-1.0, 0.0, 0.0));
#823 = CYLINDRICAL_SURFACE('', #824, 5.000138920553969);
#824 = AXIS2_PLACEMENT_3D('', #825, #826, #827);
#825 = CARTESIAN_POINT('', (104.00013901862417, -99.99986088105358, 18.0000003));
#826 = DIRECTION('', (0.0, 0.0, 1.0));
#827 = DIRECTION('', (0.7071051440762489, 0.7071084182930558, 0.0));
#828 = SURFACE_CURVE('', #829, (#295, #330), .CURVE_3D.);
#829 = INTERSECTION_CURVE('', #830, (#835, #840), .CURVE_3D.);
#830 = B_SPLINE_CURVE_WITH_KNOTS('', 1, (#831, #832, #833, #834), .UNSPECIFIED., .U., .U., (2, 1, 1, 2), (0.0, 0.3333333333333333, 0.6666666666666666, 1.0), .UNSPECIFIED.);
#831 = CARTESIAN_POINT('', (99.0000001, -99.9999998, 13.0));
#832 = CARTESIAN_POINT('', (99.00000009998834, -99.3043477913084, 13.0));
#833 = CARTESIAN_POINT('', (99.00000009991625, -95.00000673516608, 13.0));
#834 = CARTESIAN_POINT('', (99.000000099732, -84.00002295253007, 13.0));
#835 = PLANE('', #836);
#836 = AXIS2_PLACEMENT_3D('', #837, #838, #839);
#837 = CARTESIAN_POINT('', (143.0, -77.0, 13.0));
#838 = DIRECTION('', (0.0, 0.0, 1.0));
#839 = DIRECTION('', (-1.0, 0.0, 0.0));
#840 = PLANE('', #841);
#841 = AXIS2_PLACEMENT_3D('', #842, #843, #844);
#842 = CARTESIAN_POINT('', (99.000000099732, -84.00002295253007, 2.0000003));
#843 = DIRECTION('', (-1.0, -1.6749292875E-11, 0.0));
#844 = DIRECTION('', (1.6749292875E-11, -1.0, 0.0));
#845 = SURFACE_CURVE('', #846, (#295, #335), .CURVE_3D.);
#846 = INTERSECTION_CURVE('', #847, (#881, #886), .CURVE_3D.);
#847 = B_SPLINE_CURVE_WITH_KNOTS('', 1, (#848, #849, #850, #851, #852, #853, #854, #855, #856, #857, #858, #859, #860, #861, #862, #863, #864, #865, #866, #867, #868, #869, #870, #871, #872, #873, #874, #875, #876, #877, #878, #879, #880), .UNSPECIFIED., .U., .U., (2, 1, 1, 1, 1, 1, 1, 1, 1, 1, 1, 1, 1, 1, 1, 1, 1, 1, 1, 1, 1, 1, 1, 1, 1, 1, 1, 1, 1, 1, 1, 1, 2), (0.0, 0.03125, 0.0625, 0.09375, 0.125, 0.15625, 0.1875, 0.21875, 0.25, 0.28125, 0.3125, 0.34375, 0.375, 0.40625, 0.4375, 0.46875, 0.5, 0.53125, 0.5625, 0.59375, 0.625, 0.65625, 0.6875, 0.71875, 0.75, 0.78125, 0.8125, 0.84375, 0.875, 0.90625, 0.9375, 0.96875, 1.0), .UNSPECIFIED.);
#848 = CARTESIAN_POINT('', (99.000000099732, -84.00002295253007, 13.0));
#849 = CARTESIAN_POINT('', (99.00000010098015, -83.99997783481534, 13.0));
#850 = CARTESIAN_POINT('', (99.00167156937525, -83.87086234637563, 13.0));
#851 = CARTESIAN_POINT('', (99.00190162410854, -83.86225409406906, 13.0));
#852 = CARTESIAN_POINT('', (99.00218270048305, -83.85241646716383, 13.0));
#853 = CARTESIAN_POINT('', (99.00253108618375, -83.8410658572301, 13.0));
#854 = CARTESIAN_POINT('', (99.00297012891772, -83.82782415344225, 13.0));
#855 = CARTESIAN_POINT('', (99.00353425496361, -83.81217580369463, 13.0));
#856 = CARTESIAN_POINT('', (99.00427593337658, -83.79339913585162, 13.0));
#857 = CARTESIAN_POINT('', (99.01708656184226, -83.58712850737912, 13.0));
#858 = CARTESIAN_POINT('', (99.03841009980445, -83.38156345416992, 13.0));
#859 = CARTESIAN_POINT('', (99.0682101187185, -83.17705515789604, 13.0));
#860 = CARTESIAN_POINT('', (99.1064357090533, -82.97395299489504, 13.0));
#861 = CARTESIAN_POINT('', (99.15302156726376, -82.77260393930521, 13.0));
#862 = CARTESIAN_POINT('', (99.2078881073535, -82.57335197030437, 13.0));
#863 = CARTESIAN_POINT('', (99.27094159683742, -82.37653748446549, 13.0));
#864 = CARTESIAN_POINT('', (99.34207431687169, -82.18249671423239, 13.0));
#865 = CARTESIAN_POINT('', (99.42116474627765, -81.99156115350965, 13.0));
#866 = CARTESIAN_POINT('', (99.50807776914526, -81.80405699134748, 13.0));
#867 = CARTESIAN_POINT('', (99.60266490566137, -81.62030455468933, 13.0));
#868 = CARTESIAN_POINT('', (99.70476456576856, -81.44061776113419, 13.0));
#869 = CARTESIAN_POINT('', (99.8142023252211, -81.26530358264846, 13.0));
#870 = CARTESIAN_POINT('', (99.93079122356663, -81.09466152114338, 13.0));
#871 = CARTESIAN_POINT('', (100.00463469945225, -80.99392274871337, 13.0));
#872 = CARTESIAN_POINT('', (100.0543320835441, -80.92898309681433, 13.0));
#873 = CARTESIAN_POINT('', (100.18461385135285, -80.76855135011577, 13.0));
#874 = CARTESIAN_POINT('', (100.321413957211, -80.6136403582226, 13.0));
#875 = CARTESIAN_POINT('', (100.4644986955876, -80.4645147668044, 13.0));
#876 = CARTESIAN_POINT('', (100.61362362445865, -80.321429337912, 13.0));
#877 = CARTESIAN_POINT('', (100.76853398290525, -80.184628514749, 13.0));
#878 = CARTESIAN_POINT('', (100.92896512633996, -80.0543460040718, 13.0));
#879 = CARTESIAN_POINT('', (100.99393531947507, -80.00462516688557, 13.0));
#880 = CARTESIAN_POINT('', (101.09464297861847, -79.93080437693136, 13.0));
#881 = PLANE('', #882);
#882 = AXIS2_PLACEMENT_3D('', #883, #884, #885);
#883 = CARTESIAN_POINT('', (143.0, -77.0, 13.0));
#884 = DIRECTION('', (0.0, 0.0, 1.0));
#885 = DIRECTION('', (-1.0, 0.0, 0.0));
#886 = CYLINDRICAL_SURFACE('', #887, 5.000138920554009);
#887 = AXIS2_PLACEMENT_3D('', #888, #889, #890);
#888 = CARTESIAN_POINT('', (104.00013901894587, -84.00013871862421, 18.0000003));
#889 = DIRECTION('', (0.0, 0.0, 1.0));
#890 = DIRECTION('', (0.7071084182930132, -0.7071051440762914, 0.0));
#891 = SURFACE_CURVE('', #892, (#295, #335), .CURVE_3D.);
#892 = INTERSECTION_CURVE('', #893, (#916, #921), .CURVE_3D.);
#893 = B_SPLINE_CURVE_WITH_KNOTS('', 1, (#894, #895, #896, #897, #898, #899, #900, #901, #902, #903, #904, #905, #906, #907, #908, #909, #910, #911, #912, #913, #914, #915), .UNSPECIFIED., .U., .U., (2, 1, 1, 1, 1, 1, 1, 1, 1, 1, 1, 1, 1, 1, 1, 1, 1, 1, 1, 1, 1, 2), (0.0, 0.047619047619047616, 0.09523809523809523, 0.14285714285714285, 0.19047619047619047, 0.23809523809523808, 0.2857142857142857, 0.3333333333333333, 0.38095238095238093, 0.42857142857142855, 0.47619047619047616, 0.5238095238095238, 0.5714285714285714, 0.6190476190476191, 0.6666666666666666, 0.7142857142857143, 0.7619047619047619, 0.8095238095238095, 0.8571428571428571, 0.9047619047619048, 0.9523809523809523, 1.0), .UNSPECIFIED.);
#894 = CARTESIAN_POINT('', (101.09464297861848, -79.93080437693136, 13.0));
#895 = CARTESIAN_POINT('', (101.26528450026363, -79.81421468843897, 13.0));
#896 = CARTESIAN_POINT('', (101.44059817200232, -79.7047761172055, 13.0));
#897 = CARTESIAN_POINT('', (101.62028449278901, -79.60267562507019, 13.0));
#898 = CARTESIAN_POINT('', (101.80403649146497, -79.50808763770016, 13.0));
#899 = CARTESIAN_POINT('', (101.99154025117944, -79.42117374660639, 13.0));
#900 = CARTESIAN_POINT('', (102.18247544567652, -79.3420824330853, 13.0));
#901 = CARTESIAN_POINT('', (102.37651588653162, -79.27094881455731, 13.0));
#902 = CARTESIAN_POINT('', (102.5733300804029, -79.20789441373607, 13.0));
#903 = CARTESIAN_POINT('', (102.77258179534527, -79.1530269510223, 13.0));
#904 = CARTESIAN_POINT('', (102.97393063521986, -79.10644016047728, 13.0));
#905 = CARTESIAN_POINT('', (103.1770326212173, -79.06821362969015, 13.0));
#906 = CARTESIAN_POINT('', (103.38154077950175, -79.03841266381268, 13.0));
#907 = CARTESIAN_POINT('', (103.58710573397134, -79.01708817399373, 13.0));
#908 = CARTESIAN_POINT('', (103.79337630312276, -79.00427659040406, 13.0));
#909 = CARTESIAN_POINT('', (103.81215296753126, -79.00353482504684, 13.0));
#910 = CARTESIAN_POINT('', (103.82780131466657, -79.00297062654218, 13.0));
#911 = CARTESIAN_POINT('', (103.84104301642132, -79.00253152249327, 13.0));
#912 = CARTESIAN_POINT('', (103.85239362474175, -79.00218308423425, 13.0));
#913 = CARTESIAN_POINT('', (103.86223125034536, -79.00190196230717, 13.0));
#914 = CARTESIAN_POINT('', (103.87083950158657, -79.00167186771387, 13.000000000000002));
#915 = CARTESIAN_POINT('', (104.0000001, -78.9999998, 13.0));
#916 = PLANE('', #917);
#917 = AXIS2_PLACEMENT_3D('', #918, #919, #920);
#918 = CARTESIAN_POINT('', (143.0, -77.0, 13.0));
#919 = DIRECTION('', (0.0, 0.0, 1.0));
#920 = DIRECTION('', (-1.0, 0.0, 0.0));
#921 = CYLINDRICAL_SURFACE('', #922, 5.000138920554009);
#922 = AXIS2_PLACEMENT_3D('', #923, #924, #925);
#923 = CARTESIAN_POINT('', (104.00013901894587, -84.00013871862421, 18.0000003));
#924 = DIRECTION('', (0.0, 0.0, 1.0));
#925 = DIRECTION('', (0.7071084182930132, -0.7071051440762914, 0.0));
#926 = SURFACE_CURVE('', #927, (#295, #300), .CURVE_3D.);
#927 = INTERSECTION_CURVE('', #928, (#933, #938), .CURVE_3D.);
#928 = B_SPLINE_CURVE_WITH_KNOTS('', 1, (#929, #930, #931, #932), .UNSPECIFIED., .U., .U., (2, 1, 1, 2), (0.0, 0.3333333333333333, 0.6666666666666666, 1.0), .UNSPECIFIED.);
#929 = CARTESIAN_POINT('', (135.99997694746983, -78.99999979973258, 13.0));
#930 = CARTESIAN_POINT('', (115.14285602805263, -78.99999979990689, 13.0));
#931 = CARTESIAN_POINT('', (113.99999346483389, -78.99999979991644, 13.0));
#932 = CARTESIAN_POINT('', (104.0000001, -78.9999998, 13.0));
#933 = PLANE('', #934);
#934 = AXIS2_PLACEMENT_3D('', #935, #936, #937);
#935 = CARTESIAN_POINT('', (143.0, -77.0, 13.0));
#936 = DIRECTION('', (0.0, 0.0, 1.0));
#937 = DIRECTION('', (-1.0, 0.0, 0.0));
#938 = PLANE('', #939);
#939 = AXIS2_PLACEMENT_3D('', #940, #941, #942);
#940 = CARTESIAN_POINT('', (135.99997694746983, -78.99999979973259, 2.0000003));
#941 = DIRECTION('', (-8.3564327078E-12, 1.0, 0.0));
#942 = DIRECTION('', (-1.0, -8.3564327078E-12, 0.0));
#943 = SURFACE_CURVE('', #944, (#300, #305), .CURVE_3D.);
#944 = LINE('', #945, #946);
#945 = CARTESIAN_POINT('', (135.99997694746983, -78.99999979973259, 2.0000003));
#946 = VECTOR('', #947, 10.9999997);
#947 = DIRECTION('', (0.0, 0.0, 1.0));
#948 = SURFACE_CURVE('', #949, (#300, #340), .CURVE_3D.);
#949 = LINE('', #950, #951);
#950 = CARTESIAN_POINT('', (135.99997694746983, -78.99999979973259, 2.0000003));
#951 = VECTOR('', #952, 31.99997684746984);
#952 = DIRECTION('', (-1.0, -8.3564327078E-12, 0.0));
#953 = SURFACE_CURVE('', #954, (#300, #335), .CURVE_3D.);
#954 = LINE('', #955, #956);
#955 = CARTESIAN_POINT('', (104.0000001, -78.9999998, 2.0000003));
#956 = VECTOR('', #957, 10.9999997);
#957 = DIRECTION('', (0.0, 0.0, 1.0));
#958 = SURFACE_CURVE('', #959, (#305, #310), .CURVE_3D.);
#959 = LINE('', #960, #961);
#960 = CARTESIAN_POINT('', (141.0000001, -83.9999998, 2.0000003));
#961 = VECTOR('', #962, 10.9999997);
#962 = DIRECTION('', (0.0, 0.0, 1.0));
#963 = SURFACE_CURVE('', #964, (#305, #340), .CURVE_3D.);
#964 = (
    BOUNDED_CURVE()
    B_SPLINE_CURVE(2, (#965, #966, #967, #968, #969, #970), .UNSPECIFIED., .U., .U.)
    B_SPLINE_CURVE_WITH_KNOTS((3, 1, 1, 1, 3), (0.0, 0.25, 0.5, 0.75, 1.0), .UNSPECIFIED.)
    CURVE()
    GEOMETRIC_REPRESENTATION_ITEM()
    RATIONAL_B_SPLINE_CURVE((1.0, 0.9267811973522168, 0.8535623947044335, 0.8535623947044334, 0.9267811973522166, 1.0))
    REPRESENTATION_ITEM('')
);
#965 = CARTESIAN_POINT('', (141.0000001, -83.9999998, 2.0000003));
#966 = CARTESIAN_POINT('', (140.9999736029077, -83.04628437600653, 2.0000003));
#967 = CARTESIAN_POINT('', (140.2677138465779, -81.19672371843612, 2.0000003));
#968 = CARTESIAN_POINT('', (138.80325641981253, -79.73227307274, 2.0000003));
#969 = CARTESIAN_POINT('', (136.95369237157578, -79.00002188070108, 2.0000003));
#970 = CARTESIAN_POINT('', (135.99997694746983, -78.99999979973258, 2.0000003));
#971 = SURFACE_CURVE('', #972, (#310, #315), .CURVE_3D.);
#972 = LINE('', #973, #974);
#973 = CARTESIAN_POINT('', (141.00000010026773, -99.99997664747002, 2.0000003));
#974 = VECTOR('', #975, 10.9999997);
#975 = DIRECTION('', (0.0, 0.0, 1.0));
#976 = SURFACE_CURVE('', #977, (#310, #340), .CURVE_3D.);
#977 = LINE('', #978, #979);
#978 = CARTESIAN_POINT('', (141.00000010026773, -99.99997664747002, 2.0000003));
#979 = VECTOR('', #980, 15.999976847470023);
#980 = DIRECTION('', (-1.6733305641E-11, 1.0, 0.0));
#981 = SURFACE_CURVE('', #982, (#315, #320), .CURVE_3D.);
#982 = LINE('', #983, #984);
#983 = CARTESIAN_POINT('', (136.0000001, -104.9999998, 2.0000003));
#984 = VECTOR('', #985, 10.9999997);
#985 = DIRECTION('', (0.0, 0.0, 1.0));
#986 = SURFACE_CURVE('', #987, (#315, #340), .CURVE_3D.);
#987 = (
    BOUNDED_CURVE()
    B_SPLINE_CURVE(2, (#988, #989, #990, #991, #992, #993), .UNSPECIFIED., .U., .U.)
    B_SPLINE_CURVE_WITH_KNOTS((3, 1, 1, 1, 3), (0.0, 0.25, 0.5, 0.75, 1.0), .UNSPECIFIED.)
    CURVE()
    GEOMETRIC_REPRESENTATION_ITEM()
    RATIONAL_B_SPLINE_CURVE((1.0, 0.9267811973521791, 0.8535623947043581, 0.853562394704358, 0.926781197352179, 1.0))
    REPRESENTATION_ITEM('')
);
#988 = CARTESIAN_POINT('', (136.0000001, -104.9999998, 2.0000003));
#989 = CARTESIAN_POINT('', (136.9537155239935, -104.99997330290797, 2.0000003));
#990 = CARTESIAN_POINT('', (138.80327618156417, -104.26771354657842, 2.0000003));
#991 = CARTESIAN_POINT('', (140.26772682726056, -102.80325611981297, 2.0000003));
#992 = CARTESIAN_POINT('', (140.9999780192994, -100.95369207157601, 2.0000003));
#993 = CARTESIAN_POINT('', (141.00000010026773, -99.99997664747002, 2.0000003));
#994 = SURFACE_CURVE('', #995, (#320, #325), .CURVE_3D.);
#995 = LINE('', #996, #997);
#996 = CARTESIAN_POINT('', (104.00002325253007, -104.9999998002674, 2.0000003));
#997 = VECTOR('', #998, 10.9999997);
#998 = DIRECTION('', (0.0, 0.0, 1.0));
#999 = SURFACE_CURVE('', #1000, (#320, #340), .CURVE_3D.);
#1000 = LINE('', #1001, #1002);
#1001 = CARTESIAN_POINT('', (104.00002325253007, -104.9999998002674, 2.0000003));
#1002 = VECTOR('', #1003, 31.999976847469924);
#1003 = DIRECTION('', (1.0, 8.3564327078E-12, 0.0));
#1004 = SURFACE_CURVE('', #1005, (#325, #330), .CURVE_3D.);
#1005 = LINE('', #1006, #1007);
#1006 = CARTESIAN_POINT('', (99.0000001, -99.9999998, 2.0000003));
#1007 = VECTOR('', #1008, 10.9999997);
#1008 = DIRECTION('', (0.0, 0.0, 1.0));
#1009 = SURFACE_CURVE('', #1010, (#325, #340), .CURVE_3D.);
#1010 = (
    BOUNDED_CURVE()
    B_SPLINE_CURVE(2, (#1011, #1012, #1013, #1014, #1015, #1016), .UNSPECIFIED., .U., .U.)
    B_SPLINE_CURVE_WITH_KNOTS((3, 1, 1, 1, 3), (0.0, 0.25, 0.5, 0.75, 1.0), .UNSPECIFIED.)
    CURVE()
    GEOMETRIC_REPRESENTATION_ITEM()
    RATIONAL_B_SPLINE_CURVE((1.0, 0.9267811973522019, 0.8535623947044038, 0.8535623947044038, 0.9267811973522019, 1.0))
    REPRESENTATION_ITEM('')
);
#1011 = CARTESIAN_POINT('', (99.0000001, -99.9999998, 2.0000003));
#1012 = CARTESIAN_POINT('', (99.0000265970922, -100.95371522399347, 2.0000003));
#1013 = CARTESIAN_POINT('', (99.7322863534219, -102.80327588156393, 2.0000003));
#1014 = CARTESIAN_POINT('', (101.1967437801873, -104.26772652726014, 2.0000003));
#1015 = CARTESIAN_POINT('', (103.04630782842415, -104.99997771929898, 2.0000003));
#1016 = CARTESIAN_POINT('', (104.00002325253008, -104.9999998002674, 2.0000003));
#1017 = SURFACE_CURVE('', #1018, (#330, #335), .CURVE_3D.);
#1018 = LINE('', #1019, #1020);
#1019 = CARTESIAN_POINT('', (99.000000099732, -84.00002295253007, 2.0000003));
#1020 = VECTOR('', #1021, 10.9999997);
#1021 = DIRECTION('', (0.0, 0.0, 1.0));
#1022 = SURFACE_CURVE('', #1023, (#330, #340), .CURVE_3D.);
#1023 = LINE('', #1024, #1025);
#1024 = CARTESIAN_POINT('', (99.000000099732, -84.00002295253007, 2.0000003));
#1025 = VECTOR('', #1026, 15.999976847469924);
#1026 = DIRECTION('', (1.6749292875E-11, -1.0, 0.0));
#1027 = SURFACE_CURVE('', #1028, (#335, #340), .CURVE_3D.);
#1028 = (
    BOUNDED_CURVE()
    B_SPLINE_CURVE(2, (#1029, #1030, #1031, #1032, #1033, #1034), .UNSPECIFIED., .U., .U.)
    B_SPLINE_CURVE_WITH_KNOTS((3, 1, 1, 1, 3), (0.0, 0.25, 0.5, 0.75, 1.0), .UNSPECIFIED.)
    CURVE()
    GEOMETRIC_REPRESENTATION_ITEM()
    RATIONAL_B_SPLINE_CURVE((1.0, 0.9267811973521933, 0.8535623947043867, 0.8535623947043867, 0.9267811973521933, 1.0))
    REPRESENTATION_ITEM('')
);
#1029 = CARTESIAN_POINT('', (104.0000001, -78.9999998, 2.0000003));
#1030 = CARTESIAN_POINT('', (103.04628467600645, -79.00002629709209, 2.0000003));
#1031 = CARTESIAN_POINT('', (101.1967240184358, -79.73228605342169, 2.0000003));
#1032 = CARTESIAN_POINT('', (99.7322733727394, -81.19674348018712, 2.0000003));
#1033 = CARTESIAN_POINT('', (99.00002218070043, -83.04630752842407, 2.0000003));
#1034 = CARTESIAN_POINT('', (99.000000099732, -84.00002295253007, 2.0000003));
#1035 = SURFACE_CURVE('', #1036, (#345, #350), .CURVE_3D.);
#1036 = LINE('', #1037, #1038);
#1037 = CARTESIAN_POINT('', (143.0, -84.0, 0.0));
#1038 = VECTOR('', #1039, 13.0);
#1039 = DIRECTION('', (0.0, 0.0, 1.0));
#1040 = SURFACE_CURVE('', #1041, (#350, #355), .CURVE_3D.);
#1041 = LINE('', #1042, #1043);
#1042 = CARTESIAN_POINT('', (142.99999999973167, -100.00002315252998, 0.0));
#1043 = VECTOR('', #1044, 13.0);
#1044 = DIRECTION('', (0.0, 0.0, 1.0));
#1045 = SURFACE_CURVE('', #1046, (#355, #360), .CURVE_3D.);
#1046 = LINE('', #1047, #1048);
#1047 = CARTESIAN_POINT('', (136.0, -107.0, 0.0));
#1048 = VECTOR('', #1049, 13.0);
#1049 = DIRECTION('', (0.0, 0.0, 1.0));
#1050 = SURFACE_CURVE('', #1051, (#360, #365), .CURVE_3D.);
#1051 = LINE('', #1052, #1053);
#1052 = CARTESIAN_POINT('', (103.99997684746992, -106.99999999973137, 0.0));
#1053 = VECTOR('', #1054, 13.0);
#1054 = DIRECTION('', (0.0, 0.0, 1.0));
#1055 = SURFACE_CURVE('', #1056, (#365, #370), .CURVE_3D.);
#1056 = LINE('', #1057, #1058);
#1057 = CARTESIAN_POINT('', (97.0, -100.0, 0.0));
#1058 = VECTOR('', #1059, 13.0);
#1059 = DIRECTION('', (0.0, 0.0, 1.0));
#1060 = SURFACE_CURVE('', #1061, (#370, #375), .CURVE_3D.);
#1061 = LINE('', #1062, #1063);
#1062 = CARTESIAN_POINT('', (97.00000000026805, -83.99997684746992, 0.0));
#1063 = VECTOR('', #1064, 13.0);
#1064 = DIRECTION('', (0.0, 0.0, 1.0));
#1065 = CARTESIAN_POINT('', (104.0, -77.0, 0.0));
#1066 = CARTESIAN_POINT('', (97.00000000026805, -83.99997684746992, 0.0));
#1067 = CARTESIAN_POINT('', (97.0, -100.0, 0.0));
#1068 = CARTESIAN_POINT('', (103.99997684746992, -106.99999999973137, 0.0));
#1069 = CARTESIAN_POINT('', (136.0, -107.0, 0.0));
#1070 = CARTESIAN_POINT('', (142.99999999973167, -100.00002315252998, 0.0));
#1071 = CARTESIAN_POINT('', (143.0, -84.0, 0.0));
#1072 = CARTESIAN_POINT('', (136.00002315253016, -77.00000000026863, 0.0));
#1073 = CARTESIAN_POINT('', (104.0, -77.0, 13.0));
#1074 = CARTESIAN_POINT('', (136.00002315253016, -77.00000000026863, 13.0));
#1075 = CARTESIAN_POINT('', (97.00000000026805, -83.99997684746992, 13.0));
#1076 = CARTESIAN_POINT('', (97.0, -100.0, 13.0));
#1077 = CARTESIAN_POINT('', (103.99997684746992, -106.99999999973137, 13.0));
#1078 = CARTESIAN_POINT('', (136.0, -107.0, 13.0));
#1079 = CARTESIAN_POINT('', (142.99999999973167, -100.00002315252998, 13.0));
#1080 = CARTESIAN_POINT('', (143.0, -84.0, 13.0));
#1081 = CARTESIAN_POINT('', (137.02604690510478, -79.10643540905393, 13.0));
#1082 = CARTESIAN_POINT('', (135.99997694746983, -78.99999979973258, 13.0));
#1083 = CARTESIAN_POINT('', (138.19594290865223, -79.50807746914587, 13.0));
#1084 = CARTESIAN_POINT('', (141.0000001, -83.9999998, 13.0));
#1085 = CARTESIAN_POINT('', (141.00000010026773, -99.99997664747002, 13.0));
#1086 = CARTESIAN_POINT('', (140.65792583567398, -101.81750300032904, 13.0));
#1087 = CARTESIAN_POINT('', (139.0710349742533, -103.9456536700533, 13.0));
#1088 = CARTESIAN_POINT('', (136.0000001, -104.9999998, 13.0));
#1089 = CARTESIAN_POINT('', (104.00002325253008, -104.9999998002674, 13.0));
#1090 = CARTESIAN_POINT('', (102.18249701423252, -104.65792558312779, 13.0));
#1091 = CARTESIAN_POINT('', (100.46451498095334, -103.53550111493709, 13.0));
#1092 = CARTESIAN_POINT('', (99.03841295101803, -100.61845899715922, 13.0));
#1093 = CARTESIAN_POINT('', (99.0000001, -99.9999998, 13.0));
#1094 = CARTESIAN_POINT('', (99.000000099732, -84.00002295253007, 13.0));
#1095 = CARTESIAN_POINT('', (101.09464297861848, -79.93080437693136, 13.0));
#1096 = CARTESIAN_POINT('', (104.0000001, -78.9999998, 13.0));
#1097 = CARTESIAN_POINT('', (135.99997694746983, -78.99999979973259, 2.0000003));
#1098 = CARTESIAN_POINT('', (104.0000001, -78.9999998, 2.0000003));
#1099 = CARTESIAN_POINT('', (141.0000001, -83.9999998, 2.0000003));
#1100 = CARTESIAN_POINT('', (141.00000010026773, -99.99997664747002, 2.0000003));
#1101 = CARTESIAN_POINT('', (136.0000001, -104.9999998, 2.0000003));
#1102 = CARTESIAN_POINT('', (104.00002325253007, -104.9999998002674, 2.0000003));
#1103 = CARTESIAN_POINT('', (99.0000001, -99.9999998, 2.0000003));
#1104 = CARTESIAN_POINT('', (99.000000099732, -84.00002295253007, 2.0000003));
#1105 = MANIFOLD_SOLID_BREP('', #1106);
#1106 = CLOSED_SHELL('', (#1107, #1177, #1184, #1207, #1252, #1265, #1272, #1283, #1296, #1303, #1316, #1323, #1336, #1343, #1350, #1368, #1375, #1392, #1399, #1418, #1425, #1432, #1439, #1446, #1453, #1460, #1467, #1474));
#1107 = ADVANCED_FACE('', (#1108, #1118), #1751, .F.);
#1108 = FACE_BOUND('', #1109, .F.);
#1109 = EDGE_LOOP('', (#1110, #1111, #1112, #1113, #1114, #1115, #1116, #1117));
#1110 = ORIENTED_EDGE('', *, *, #1485, .T.);
#1111 = ORIENTED_EDGE('', *, *, #1486, .T.);
#1112 = ORIENTED_EDGE('', *, *, #1487, .T.);
#1113 = ORIENTED_EDGE('', *, *, #1488, .T.);
#1114 = ORIENTED_EDGE('', *, *, #1489, .T.);
#1115 = ORIENTED_EDGE('', *, *, #1490, .T.);
#1116 = ORIENTED_EDGE('', *, *, #1491, .T.);
#1117 = ORIENTED_EDGE('', *, *, #1492, .T.);
#1118 = FACE_BOUND('', #1119, .F.);
#1119 = EDGE_LOOP('', (#1120, #1121, #1122, #1123, #1124, #1125, #1126, #1127, #1128, #1129, #1130, #1131, #1132, #1133, #1134, #1135, #1136, #1137, #1138, #1139, #1140, #1141, #1142, #1143, #1144, #1145, #1146, #1147, #1148, #1149, #1150, #1151, #1152, #1153, #1154, #1155, #1156, #1157, #1158, #1159, #1160, #1161, #1162, #1163, #1164, #1165, #1166, #1167, #1168, #1169, #1170, #1171, #1172, #1173, #1174, #1175, #1176));
#1120 = ORIENTED_EDGE('', *, *, #1493, .T.);
#1121 = ORIENTED_EDGE('', *, *, #1494, .T.);
#1122 = ORIENTED_EDGE('', *, *, #1495, .T.);
#1123 = ORIENTED_EDGE('', *, *, #1496, .T.);
#1124 = ORIENTED_EDGE('', *, *, #1497, .T.);
#1125 = ORIENTED_EDGE('', *, *, #1498, .T.);
#1126 = ORIENTED_EDGE('', *, *, #1499, .F.);
#1127 = ORIENTED_EDGE('', *, *, #1500, .T.);
#1128 = ORIENTED_EDGE('', *, *, #1501, .F.);
#1129 = ORIENTED_EDGE('', *, *, #1502, .T.);
#1130 = ORIENTED_EDGE('', *, *, #1503, .T.);
#1131 = ORIENTED_EDGE('', *, *, #1504, .F.);
#1132 = ORIENTED_EDGE('', *, *, #1505, .T.);
#1133 = ORIENTED_EDGE('', *, *, #1506, .T.);
#1134 = ORIENTED_EDGE('', *, *, #1507, .F.);
#1135 = ORIENTED_EDGE('', *, *, #1508, .F.);
#1136 = ORIENTED_EDGE('', *, *, #1509, .F.);
#1137 = ORIENTED_EDGE('', *, *, #1510, .F.);
#1138 = ORIENTED_EDGE('', *, *, #1511, .F.);
#1139 = ORIENTED_EDGE('', *, *, #1512, .T.);
#1140 = ORIENTED_EDGE('', *, *, #1513, .F.);
#1141 = ORIENTED_EDGE('', *, *, #1514, .F.);
#1142 = ORIENTED_EDGE('', *, *, #1515, .T.);
#1143 = ORIENTED_EDGE('', *, *, #1516, .F.);
#1144 = ORIENTED_EDGE('', *, *, #1517, .T.);
#1145 = ORIENTED_EDGE('', *, *, #1518, .F.);
#1146 = ORIENTED_EDGE('', *, *, #1519, .F.);
#1147 = ORIENTED_EDGE('', *, *, #1520, .F.);
#1148 = ORIENTED_EDGE('', *, *, #1521, .F.);
#1149 = ORIENTED_EDGE('', *, *, #1522, .F.);
#1150 = ORIENTED_EDGE('', *, *, #1523, .T.);
#1151 = ORIENTED_EDGE('', *, *, #1524, .T.);
#1152 = ORIENTED_EDGE('', *, *, #1525, .F.);
#1153 = ORIENTED_EDGE('', *, *, #1526, .F.);
#1154 = ORIENTED_EDGE('', *, *, #1527, .F.);
#1155 = ORIENTED_EDGE('', *, *, #1528, .T.);
#1156 = ORIENTED_EDGE('', *, *, #1529, .T.);
#1157 = ORIENTED_EDGE('', *, *, #1530, .T.);
#1158 = ORIENTED_EDGE('', *, *, #1531, .F.);
#1159 = ORIENTED_EDGE('', *, *, #1532, .F.);
#1160 = ORIENTED_EDGE('', *, *, #1533, .F.);
#1161 = ORIENTED_EDGE('', *, *, #1534, .F.);
#1162 = ORIENTED_EDGE('', *, *, #1535, .F.);
#1163 = ORIENTED_EDGE('', *, *, #1536, .F.);
#1164 = ORIENTED_EDGE('', *, *, #1537, .F.);
#1165 = ORIENTED_EDGE('', *, *, #1538, .F.);
#1166 = ORIENTED_EDGE('', *, *, #1539, .T.);
#1167 = ORIENTED_EDGE('', *, *, #1540, .T.);
#1168 = ORIENTED_EDGE('', *, *, #1541, .T.);
#1169 = ORIENTED_EDGE('', *, *, #1542, .F.);
#1170 = ORIENTED_EDGE('', *, *, #1543, .F.);
#1171 = ORIENTED_EDGE('', *, *, #1544, .T.);
#1172 = ORIENTED_EDGE('', *, *, #1545, .T.);
#1173 = ORIENTED_EDGE('', *, *, #1546, .F.);
#1174 = ORIENTED_EDGE('', *, *, #1547, .F.);
#1175 = ORIENTED_EDGE('', *, *, #1548, .F.);
#1176 = ORIENTED_EDGE('', *, *, #1549, .F.);
#1177 = ADVANCED_FACE('', (#1178), #1756, .T.);
#1178 = FACE_BOUND('', #1179, .T.);
#1179 = EDGE_LOOP('', (#1180, #1181, #1182, #1183));
#1180 = ORIENTED_EDGE('', *, *, #1550, .F.);
#1181 = ORIENTED_EDGE('', *, *, #1551, .T.);
#1182 = ORIENTED_EDGE('', *, *, #1552, .T.);
#1183 = ORIENTED_EDGE('', *, *, #1549, .F.);
#1184 = ADVANCED_FACE('', (#1185), #1761, .T.);
#1185 = FACE_BOUND('', #1186, .T.);
#1186 = EDGE_LOOP('', (#1187, #1188, #1189, #1190, #1191, #1192, #1193, #1194, #1195, #1196, #1197, #1198, #1199, #1200, #1201, #1202, #1203, #1204, #1205, #1206));
#1187 = ORIENTED_EDGE('', *, *, #1548, .F.);
#1188 = ORIENTED_EDGE('', *, *, #1552, .F.);
#1189 = ORIENTED_EDGE('', *, *, #1553, .T.);
#1190 = ORIENTED_EDGE('', *, *, #1554, .T.);
#1191 = ORIENTED_EDGE('', *, *, #1532, .F.);
#1192 = ORIENTED_EDGE('', *, *, #1533, .F.);
#1193 = ORIENTED_EDGE('', *, *, #1534, .F.);
#1194 = ORIENTED_EDGE('', *, *, #1535, .F.);
#1195 = ORIENTED_EDGE('', *, *, #1536, .F.);
#1196 = ORIENTED_EDGE('', *, *, #1537, .F.);
#1197 = ORIENTED_EDGE('', *, *, #1538, .F.);
#1198 = ORIENTED_EDGE('', *, *, #1539, .T.);
#1199 = ORIENTED_EDGE('', *, *, #1540, .T.);
#1200 = ORIENTED_EDGE('', *, *, #1541, .T.);
#1201 = ORIENTED_EDGE('', *, *, #1542, .F.);
#1202 = ORIENTED_EDGE('', *, *, #1543, .F.);
#1203 = ORIENTED_EDGE('', *, *, #1544, .T.);
#1204 = ORIENTED_EDGE('', *, *, #1545, .T.);
#1205 = ORIENTED_EDGE('', *, *, #1546, .F.);
#1206 = ORIENTED_EDGE('', *, *, #1547, .F.);
#1207 = ADVANCED_FACE('', (#1208, #1218), #1766, .F.);
#1208 = FACE_BOUND('', #1209, .F.);
#1209 = EDGE_LOOP('', (#1210, #1211, #1212, #1213, #1214, #1215, #1216, #1217));
#1210 = ORIENTED_EDGE('', *, *, #1553, .T.);
#1211 = ORIENTED_EDGE('', *, *, #1555, .T.);
#1212 = ORIENTED_EDGE('', *, *, #1556, .T.);
#1213 = ORIENTED_EDGE('', *, *, #1557, .T.);
#1214 = ORIENTED_EDGE('', *, *, #1558, .T.);
#1215 = ORIENTED_EDGE('', *, *, #1559, .T.);
#1216 = ORIENTED_EDGE('', *, *, #1560, .T.);
#1217 = ORIENTED_EDGE('', *, *, #1551, .T.);
#1218 = FACE_BOUND('', #1219, .F.);
#1219 = EDGE_LOOP('', (#1220, #1221, #1222, #1223, #1224, #1225, #1226, #1227, #1228, #1229, #1230, #1231, #1232, #1233, #1234, #1235, #1236, #1237, #1238, #1239, #1240, #1241, #1242, #1243, #1244, #1245, #1246, #1247, #1248, #1249, #1250, #1251));
#1220 = ORIENTED_EDGE('', *, *, #1561, .T.);
#1221 = ORIENTED_EDGE('', *, *, #1562, .F.);
#1222 = ORIENTED_EDGE('', *, *, #1563, .F.);
#1223 = ORIENTED_EDGE('', *, *, #1564, .T.);
#1224 = ORIENTED_EDGE('', *, *, #1565, .T.);
#1225 = ORIENTED_EDGE('', *, *, #1566, .T.);
#1226 = ORIENTED_EDGE('', *, *, #1567, .F.);
#1227 = ORIENTED_EDGE('', *, *, #1568, .F.);
#1228 = ORIENTED_EDGE('', *, *, #1569, .F.);
#1229 = ORIENTED_EDGE('', *, *, #1570, .T.);
#1230 = ORIENTED_EDGE('', *, *, #1571, .F.);
#1231 = ORIENTED_EDGE('', *, *, #1572, .T.);
#1232 = ORIENTED_EDGE('', *, *, #1573, .T.);
#1233 = ORIENTED_EDGE('', *, *, #1574, .T.);
#1234 = ORIENTED_EDGE('', *, *, #1575, .T.);
#1235 = ORIENTED_EDGE('', *, *, #1576, .F.);
#1236 = ORIENTED_EDGE('', *, *, #1577, .T.);
#1237 = ORIENTED_EDGE('', *, *, #1578, .T.);
#1238 = ORIENTED_EDGE('', *, *, #1579, .F.);
#1239 = ORIENTED_EDGE('', *, *, #1580, .T.);
#1240 = ORIENTED_EDGE('', *, *, #1581, .F.);
#1241 = ORIENTED_EDGE('', *, *, #1582, .T.);
#1242 = ORIENTED_EDGE('', *, *, #1583, .T.);
#1243 = ORIENTED_EDGE('', *, *, #1584, .T.);
#1244 = ORIENTED_EDGE('', *, *, #1585, .T.);
#1245 = ORIENTED_EDGE('', *, *, #1586, .T.);
#1246 = ORIENTED_EDGE('', *, *, #1587, .F.);
#1247 = ORIENTED_EDGE('', *, *, #1588, .F.);
#1248 = ORIENTED_EDGE('', *, *, #1589, .F.);
#1249 = ORIENTED_EDGE('', *, *, #1590, .F.);
#1250 = ORIENTED_EDGE('', *, *, #1591, .T.);
#1251 = ORIENTED_EDGE('', *, *, #1592, .F.);
#1252 = ADVANCED_FACE('', (#1253), #1771, .F.);
#1253 = FACE_BOUND('', #1254, .F.);
#1254 = EDGE_LOOP('', (#1255, #1256, #1257, #1258, #1259, #1260, #1261, #1262, #1263, #1264));
#1255 = ORIENTED_EDGE('', *, *, #1588, .T.);
#1256 = ORIENTED_EDGE('', *, *, #1587, .T.);
#1257 = ORIENTED_EDGE('', *, *, #1586, .F.);
#1258 = ORIENTED_EDGE('', *, *, #1593, .T.);
#1259 = ORIENTED_EDGE('', *, *, #1594, .F.);
#1260 = ORIENTED_EDGE('', *, *, #1595, .F.);
#1261 = ORIENTED_EDGE('', *, *, #1592, .T.);
#1262 = ORIENTED_EDGE('', *, *, #1591, .F.);
#1263 = ORIENTED_EDGE('', *, *, #1590, .T.);
#1264 = ORIENTED_EDGE('', *, *, #1589, .T.);
#1265 = ADVANCED_FACE('', (#1266), #1776, .F.);
#1266 = FACE_BOUND('', #1267, .F.);
#1267 = EDGE_LOOP('', (#1268, #1269, #1270, #1271));
#1268 = ORIENTED_EDGE('', *, *, #1595, .T.);
#1269 = ORIENTED_EDGE('', *, *, #1596, .F.);
#1270 = ORIENTED_EDGE('', *, *, #1597, .F.);
#1271 = ORIENTED_EDGE('', *, *, #1561, .F.);
#1272 = ADVANCED_FACE('', (#1273), #1781, .F.);
#1273 = FACE_BOUND('', #1274, .F.);
#1274 = EDGE_LOOP('', (#1275, #1276, #1277, #1278, #1279, #1280, #1281, #1282));
#1275 = ORIENTED_EDGE('', *, *, #1594, .T.);
#1276 = ORIENTED_EDGE('', *, *, #1598, .T.);
#1277 = ORIENTED_EDGE('', *, *, #1599, .T.);
#1278 = ORIENTED_EDGE('', *, *, #1600, .T.);
#1279 = ORIENTED_EDGE('', *, *, #1601, .T.);
#1280 = ORIENTED_EDGE('', *, *, #1602, .T.);
#1281 = ORIENTED_EDGE('', *, *, #1603, .T.);
#1282 = ORIENTED_EDGE('', *, *, #1596, .T.);
#1283 = ADVANCED_FACE('', (#1284), #1786, .F.);
#1284 = FACE_BOUND('', #1285, .F.);
#1285 = EDGE_LOOP('', (#1286, #1287, #1288, #1289, #1290, #1291, #1292, #1293, #1294, #1295));
#1286 = ORIENTED_EDGE('', *, *, #1567, .T.);
#1287 = ORIENTED_EDGE('', *, *, #1566, .F.);
#1288 = ORIENTED_EDGE('', *, *, #1565, .F.);
#1289 = ORIENTED_EDGE('', *, *, #1564, .F.);
#1290 = ORIENTED_EDGE('', *, *, #1563, .T.);
#1291 = ORIENTED_EDGE('', *, *, #1562, .T.);
#1292 = ORIENTED_EDGE('', *, *, #1597, .T.);
#1293 = ORIENTED_EDGE('', *, *, #1603, .F.);
#1294 = ORIENTED_EDGE('', *, *, #1604, .F.);
#1295 = ORIENTED_EDGE('', *, *, #1568, .T.);
#1296 = ADVANCED_FACE('', (#1297), #1791, .F.);
#1297 = FACE_BOUND('', #1298, .F.);
#1298 = EDGE_LOOP('', (#1299, #1300, #1301, #1302));
#1299 = ORIENTED_EDGE('', *, *, #1569, .T.);
#1300 = ORIENTED_EDGE('', *, *, #1604, .T.);
#1301 = ORIENTED_EDGE('', *, *, #1602, .F.);
#1302 = ORIENTED_EDGE('', *, *, #1605, .F.);
#1303 = ADVANCED_FACE('', (#1304), #1796, .F.);
#1304 = FACE_BOUND('', #1305, .F.);
#1305 = EDGE_LOOP('', (#1306, #1307, #1308, #1309, #1310, #1311, #1312, #1313, #1314, #1315));
#1306 = ORIENTED_EDGE('', *, *, #1573, .F.);
#1307 = ORIENTED_EDGE('', *, *, #1572, .F.);
#1308 = ORIENTED_EDGE('', *, *, #1571, .T.);
#1309 = ORIENTED_EDGE('', *, *, #1570, .F.);
#1310 = ORIENTED_EDGE('', *, *, #1605, .T.);
#1311 = ORIENTED_EDGE('', *, *, #1601, .F.);
#1312 = ORIENTED_EDGE('', *, *, #1606, .F.);
#1313 = ORIENTED_EDGE('', *, *, #1576, .T.);
#1314 = ORIENTED_EDGE('', *, *, #1575, .F.);
#1315 = ORIENTED_EDGE('', *, *, #1574, .F.);
#1316 = ADVANCED_FACE('', (#1317), #1801, .F.);
#1317 = FACE_BOUND('', #1318, .F.);
#1318 = EDGE_LOOP('', (#1319, #1320, #1321, #1322));
#1319 = ORIENTED_EDGE('', *, *, #1606, .T.);
#1320 = ORIENTED_EDGE('', *, *, #1600, .F.);
#1321 = ORIENTED_EDGE('', *, *, #1607, .F.);
#1322 = ORIENTED_EDGE('', *, *, #1577, .F.);
#1323 = ADVANCED_FACE('', (#1324), #1806, .F.);
#1324 = FACE_BOUND('', #1325, .F.);
#1325 = EDGE_LOOP('', (#1326, #1327, #1328, #1329, #1330, #1331, #1332, #1333, #1334, #1335));
#1326 = ORIENTED_EDGE('', *, *, #1579, .T.);
#1327 = ORIENTED_EDGE('', *, *, #1578, .F.);
#1328 = ORIENTED_EDGE('', *, *, #1607, .T.);
#1329 = ORIENTED_EDGE('', *, *, #1599, .F.);
#1330 = ORIENTED_EDGE('', *, *, #1608, .F.);
#1331 = ORIENTED_EDGE('', *, *, #1584, .F.);
#1332 = ORIENTED_EDGE('', *, *, #1583, .F.);
#1333 = ORIENTED_EDGE('', *, *, #1582, .F.);
#1334 = ORIENTED_EDGE('', *, *, #1581, .T.);
#1335 = ORIENTED_EDGE('', *, *, #1580, .F.);
#1336 = ADVANCED_FACE('', (#1337), #1811, .F.);
#1337 = FACE_BOUND('', #1338, .F.);
#1338 = EDGE_LOOP('', (#1339, #1340, #1341, #1342));
#1339 = ORIENTED_EDGE('', *, *, #1608, .T.);
#1340 = ORIENTED_EDGE('', *, *, #1598, .F.);
#1341 = ORIENTED_EDGE('', *, *, #1593, .F.);
#1342 = ORIENTED_EDGE('', *, *, #1585, .F.);
#1343 = ADVANCED_FACE('', (#1344), #1816, .T.);
#1344 = FACE_BOUND('', #1345, .T.);
#1345 = EDGE_LOOP('', (#1346, #1347, #1348, #1349));
#1346 = ORIENTED_EDGE('', *, *, #1554, .F.);
#1347 = ORIENTED_EDGE('', *, *, #1555, .T.);
#1348 = ORIENTED_EDGE('', *, *, #1609, .T.);
#1349 = ORIENTED_EDGE('', *, *, #1531, .F.);
#1350 = ADVANCED_FACE('', (#1351), #1821, .T.);
#1351 = FACE_BOUND('', #1352, .T.);
#1352 = EDGE_LOOP('', (#1353, #1354, #1355, #1356, #1357, #1358, #1359, #1360, #1361, #1362, #1363, #1364, #1365, #1366, #1367));
#1353 = ORIENTED_EDGE('', *, *, #1522, .F.);
#1354 = ORIENTED_EDGE('', *, *, #1523, .T.);
#1355 = ORIENTED_EDGE('', *, *, #1524, .T.);
#1356 = ORIENTED_EDGE('', *, *, #1525, .F.);
#1357 = ORIENTED_EDGE('', *, *, #1526, .F.);
#1358 = ORIENTED_EDGE('', *, *, #1527, .F.);
#1359 = ORIENTED_EDGE('', *, *, #1528, .T.);
#1360 = ORIENTED_EDGE('', *, *, #1529, .T.);
#1361 = ORIENTED_EDGE('', *, *, #1530, .T.);
#1362 = ORIENTED_EDGE('', *, *, #1609, .F.);
#1363 = ORIENTED_EDGE('', *, *, #1556, .T.);
#1364 = ORIENTED_EDGE('', *, *, #1610, .T.);
#1365 = ORIENTED_EDGE('', *, *, #1519, .F.);
#1366 = ORIENTED_EDGE('', *, *, #1520, .F.);
#1367 = ORIENTED_EDGE('', *, *, #1521, .F.);
#1368 = ADVANCED_FACE('', (#1369), #1826, .T.);
#1369 = FACE_BOUND('', #1370, .T.);
#1370 = EDGE_LOOP('', (#1371, #1372, #1373, #1374));
#1371 = ORIENTED_EDGE('', *, *, #1610, .F.);
#1372 = ORIENTED_EDGE('', *, *, #1557, .T.);
#1373 = ORIENTED_EDGE('', *, *, #1611, .T.);
#1374 = ORIENTED_EDGE('', *, *, #1518, .F.);
#1375 = ADVANCED_FACE('', (#1376), #1831, .T.);
#1376 = FACE_BOUND('', #1377, .T.);
#1377 = EDGE_LOOP('', (#1378, #1379, #1380, #1381, #1382, #1383, #1384, #1385, #1386, #1387, #1388, #1389, #1390, #1391));
#1378 = ORIENTED_EDGE('', *, *, #1517, .T.);
#1379 = ORIENTED_EDGE('', *, *, #1611, .F.);
#1380 = ORIENTED_EDGE('', *, *, #1558, .T.);
#1381 = ORIENTED_EDGE('', *, *, #1612, .T.);
#1382 = ORIENTED_EDGE('', *, *, #1507, .F.);
#1383 = ORIENTED_EDGE('', *, *, #1508, .F.);
#1384 = ORIENTED_EDGE('', *, *, #1509, .F.);
#1385 = ORIENTED_EDGE('', *, *, #1510, .F.);
#1386 = ORIENTED_EDGE('', *, *, #1511, .F.);
#1387 = ORIENTED_EDGE('', *, *, #1512, .T.);
#1388 = ORIENTED_EDGE('', *, *, #1513, .F.);
#1389 = ORIENTED_EDGE('', *, *, #1514, .F.);
#1390 = ORIENTED_EDGE('', *, *, #1515, .T.);
#1391 = ORIENTED_EDGE('', *, *, #1516, .F.);
#1392 = ADVANCED_FACE('', (#1393), #1836, .T.);
#1393 = FACE_BOUND('', #1394, .T.);
#1394 = EDGE_LOOP('', (#1395, #1396, #1397, #1398));
#1395 = ORIENTED_EDGE('', *, *, #1506, .T.);
#1396 = ORIENTED_EDGE('', *, *, #1612, .F.);
#1397 = ORIENTED_EDGE('', *, *, #1559, .T.);
#1398 = ORIENTED_EDGE('', *, *, #1613, .T.);
#1399 = ADVANCED_FACE('', (#1400), #1841, .T.);
#1400 = FACE_BOUND('', #1401, .T.);
#1401 = EDGE_LOOP('', (#1402, #1403, #1404, #1405, #1406, #1407, #1408, #1409, #1410, #1411, #1412, #1413, #1414, #1415, #1416, #1417));
#1402 = ORIENTED_EDGE('', *, *, #1500, .T.);
#1403 = ORIENTED_EDGE('', *, *, #1501, .F.);
#1404 = ORIENTED_EDGE('', *, *, #1502, .T.);
#1405 = ORIENTED_EDGE('', *, *, #1503, .T.);
#1406 = ORIENTED_EDGE('', *, *, #1504, .F.);
#1407 = ORIENTED_EDGE('', *, *, #1505, .T.);
#1408 = ORIENTED_EDGE('', *, *, #1613, .F.);
#1409 = ORIENTED_EDGE('', *, *, #1560, .T.);
#1410 = ORIENTED_EDGE('', *, *, #1550, .T.);
#1411 = ORIENTED_EDGE('', *, *, #1493, .T.);
#1412 = ORIENTED_EDGE('', *, *, #1494, .T.);
#1413 = ORIENTED_EDGE('', *, *, #1495, .T.);
#1414 = ORIENTED_EDGE('', *, *, #1496, .T.);
#1415 = ORIENTED_EDGE('', *, *, #1497, .T.);
#1416 = ORIENTED_EDGE('', *, *, #1498, .T.);
#1417 = ORIENTED_EDGE('', *, *, #1499, .F.);
#1418 = ADVANCED_FACE('', (#1419), #1846, .T.);
#1419 = FACE_BOUND('', #1420, .T.);
#1420 = EDGE_LOOP('', (#1421, #1422, #1423, #1424));
#1421 = ORIENTED_EDGE('', *, *, #1492, .T.);
#1422 = ORIENTED_EDGE('', *, *, #1614, .T.);
#1423 = ORIENTED_EDGE('', *, *, #1615, .F.);
#1424 = ORIENTED_EDGE('', *, *, #1616, .F.);
#1425 = ADVANCED_FACE('', (#1426), #1851, .T.);
#1426 = FACE_BOUND('', #1427, .T.);
#1427 = EDGE_LOOP('', (#1428, #1429, #1430, #1431));
#1428 = ORIENTED_EDGE('', *, *, #1491, .T.);
#1429 = ORIENTED_EDGE('', *, *, #1616, .T.);
#1430 = ORIENTED_EDGE('', *, *, #1617, .F.);
#1431 = ORIENTED_EDGE('', *, *, #1618, .F.);
#1432 = ADVANCED_FACE('', (#1433), #1856, .T.);
#1433 = FACE_BOUND('', #1434, .T.);
#1434 = EDGE_LOOP('', (#1435, #1436, #1437, #1438));
#1435 = ORIENTED_EDGE('', *, *, #1490, .T.);
#1436 = ORIENTED_EDGE('', *, *, #1618, .T.);
#1437 = ORIENTED_EDGE('', *, *, #1619, .F.);
#1438 = ORIENTED_EDGE('', *, *, #1620, .F.);
#1439 = ADVANCED_FACE('', (#1440), #1861, .T.);
#1440 = FACE_BOUND('', #1441, .T.);
#1441 = EDGE_LOOP('', (#1442, #1443, #1444, #1445));
#1442 = ORIENTED_EDGE('', *, *, #1489, .T.);
#1443 = ORIENTED_EDGE('', *, *, #1620, .T.);
#1444 = ORIENTED_EDGE('', *, *, #1621, .F.);
#1445 = ORIENTED_EDGE('', *, *, #1622, .F.);
#1446 = ADVANCED_FACE('', (#1447), #1866, .T.);
#1447 = FACE_BOUND('', #1448, .T.);
#1448 = EDGE_LOOP('', (#1449, #1450, #1451, #1452));
#1449 = ORIENTED_EDGE('', *, *, #1488, .T.);
#1450 = ORIENTED_EDGE('', *, *, #1622, .T.);
#1451 = ORIENTED_EDGE('', *, *, #1623, .F.);
#1452 = ORIENTED_EDGE('', *, *, #1624, .F.);
#1453 = ADVANCED_FACE('', (#1454), #1871, .T.);
#1454 = FACE_BOUND('', #1455, .T.);
#1455 = EDGE_LOOP('', (#1456, #1457, #1458, #1459));
#1456 = ORIENTED_EDGE('', *, *, #1487, .T.);
#1457 = ORIENTED_EDGE('', *, *, #1624, .T.);
#1458 = ORIENTED_EDGE('', *, *, #1625, .F.);
#1459 = ORIENTED_EDGE('', *, *, #1626, .F.);
#1460 = ADVANCED_FACE('', (#1461), #1876, .T.);
#1461 = FACE_BOUND('', #1462, .T.);
#1462 = EDGE_LOOP('', (#1463, #1464, #1465, #1466));
#1463 = ORIENTED_EDGE('', *, *, #1486, .T.);
#1464 = ORIENTED_EDGE('', *, *, #1626, .T.);
#1465 = ORIENTED_EDGE('', *, *, #1627, .F.);
#1466 = ORIENTED_EDGE('', *, *, #1628, .F.);
#1467 = ADVANCED_FACE('', (#1468), #1881, .T.);
#1468 = FACE_BOUND('', #1469, .T.);
#1469 = EDGE_LOOP('', (#1470, #1471, #1472, #1473));
#1470 = ORIENTED_EDGE('', *, *, #1485, .T.);
#1471 = ORIENTED_EDGE('', *, *, #1628, .T.);
#1472 = ORIENTED_EDGE('', *, *, #1629, .F.);
#1473 = ORIENTED_EDGE('', *, *, #1614, .F.);
#1474 = ADVANCED_FACE('', (#1475), #1886, .T.);
#1475 = FACE_BOUND('', #1476, .T.);
#1476 = EDGE_LOOP('', (#1477, #1478, #1479, #1480, #1481, #1482, #1483, #1484));
#1477 = ORIENTED_EDGE('', *, *, #1629, .T.);
#1478 = ORIENTED_EDGE('', *, *, #1627, .T.);
#1479 = ORIENTED_EDGE('', *, *, #1625, .T.);
#1480 = ORIENTED_EDGE('', *, *, #1623, .T.);
#1481 = ORIENTED_EDGE('', *, *, #1621, .T.);
#1482 = ORIENTED_EDGE('', *, *, #1619, .T.);
#1483 = ORIENTED_EDGE('', *, *, #1617, .T.);
#1484 = ORIENTED_EDGE('', *, *, #1615, .T.);
#1485 = EDGE_CURVE('', #1630, #1631, #1891, .T.);
#1486 = EDGE_CURVE('', #1631, #1632, #1899, .T.);
#1487 = EDGE_CURVE('', #1632, #1633, #1904, .T.);
#1488 = EDGE_CURVE('', #1633, #1634, #1912, .T.);
#1489 = EDGE_CURVE('', #1634, #1635, #1917, .T.);
#1490 = EDGE_CURVE('', #1635, #1636, #1925, .T.);
#1491 = EDGE_CURVE('', #1636, #1637, #1930, .T.);
#1492 = EDGE_CURVE('', #1637, #1630, #1938, .T.);
#1493 = EDGE_CURVE('', #1638, #1639, #1943, .T.);
#1494 = EDGE_CURVE('', #1639, #1640, #1967, .T.);
#1495 = EDGE_CURVE('', #1640, #1641, #1984, .T.);
#1496 = EDGE_CURVE('', #1641, #1642, #2002, .T.);
#1497 = EDGE_CURVE('', #1642, #1643, #2019, .T.);
#1498 = EDGE_CURVE('', #1643, #1644, #2034, .T.);
#1499 = EDGE_CURVE('', #1645, #1644, #2050, .T.);
#1500 = EDGE_CURVE('', #1645, #1646, #2065, .T.);
#1501 = EDGE_CURVE('', #1647, #1646, #2080, .T.);
#1502 = EDGE_CURVE('', #1647, #1648, #2096, .T.);
#1503 = EDGE_CURVE('', #1648, #1649, #2113, .T.);
#1504 = EDGE_CURVE('', #1650, #1649, #2130, .T.);
#1505 = EDGE_CURVE('', #1650, #1651, #2150, .T.);
#1506 = EDGE_CURVE('', #1651, #1652, #2179, .T.);
#1507 = EDGE_CURVE('', #1653, #1652, #2196, .T.);
#1508 = EDGE_CURVE('', #1654, #1653, #2220, .T.);
#1509 = EDGE_CURVE('', #1655, #1654, #2239, .T.);
#1510 = EDGE_CURVE('', #1656, #1655, #2259, .T.);
#1511 = EDGE_CURVE('', #1657, #1656, #2274, .T.);
#1512 = EDGE_CURVE('', #1657, #1658, #2290, .T.);
#1513 = EDGE_CURVE('', #1659, #1658, #2306, .T.);
#1514 = EDGE_CURVE('', #1660, #1659, #2325, .T.);
#1515 = EDGE_CURVE('', #1660, #1661, #2342, .T.);
#1516 = EDGE_CURVE('', #1662, #1661, #2357, .T.);
#1517 = EDGE_CURVE('', #1662, #1663, #2372, .T.);
#1518 = EDGE_CURVE('', #1664, #1663, #2404, .T.);
#1519 = EDGE_CURVE('', #1665, #1664, #2421, .T.);
#1520 = EDGE_CURVE('', #1666, #1665, #2444, .T.);
#1521 = EDGE_CURVE('', #1667, #1666, #2463, .T.);
#1522 = EDGE_CURVE('', #1668, #1667, #2480, .T.);
#1523 = EDGE_CURVE('', #1668, #1669, #2497, .T.);
#1524 = EDGE_CURVE('', #1669, #1670, #2512, .T.);
#1525 = EDGE_CURVE('', #1671, #1670, #2527, .T.);
#1526 = EDGE_CURVE('', #1672, #1671, #2542, .T.);
#1527 = EDGE_CURVE('', #1673, #1672, #2561, .T.);
#1528 = EDGE_CURVE('', #1673, #1674, #2581, .T.);
#1529 = EDGE_CURVE('', #1674, #1675, #2596, .T.);
#1530 = EDGE_CURVE('', #1675, #1676, #2615, .T.);
#1531 = EDGE_CURVE('', #1677, #1676, #2644, .T.);
#1532 = EDGE_CURVE('', #1678, #1677, #2661, .T.);
#1533 = EDGE_CURVE('', #1679, #1678, #2686, .T.);
#1534 = EDGE_CURVE('', #1680, #1679, #2701, .T.);
#1535 = EDGE_CURVE('', #1681, #1680, #2717, .T.);
#1536 = EDGE_CURVE('', #1682, #1681, #2735, .T.);
#1537 = EDGE_CURVE('', #1683, #1682, #2751, .T.);
#1538 = EDGE_CURVE('', #1684, #1683, #2766, .T.);
#1539 = EDGE_CURVE('', #1684, #1685, #2781, .T.);
#1540 = EDGE_CURVE('', #1685, #1686, #2796, .T.);
#1541 = EDGE_CURVE('', #1686, #1687, #2811, .T.);
#1542 = EDGE_CURVE('', #1688, #1687, #2826, .T.);
#1543 = EDGE_CURVE('', #1689, #1688, #2841, .T.);
#1544 = EDGE_CURVE('', #1689, #1690, #2857, .T.);
#1545 = EDGE_CURVE('', #1690, #1691, #2872, .T.);
#1546 = EDGE_CURVE('', #1692, #1691, #2888, .T.);
#1547 = EDGE_CURVE('', #1693, #1692, #2906, .T.);
#1548 = EDGE_CURVE('', #1694, #1693, #2921, .T.);
#1549 = EDGE_CURVE('', #1638, #1694, #2953, .T.);
#1550 = EDGE_CURVE('', #1695, #1638, #2970, .T.);
#1551 = EDGE_CURVE('', #1695, #1696, #2975, .T.);
#1552 = EDGE_CURVE('', #1696, #1694, #2980, .T.);
#1553 = EDGE_CURVE('', #1696, #1697, #2985, .T.);
#1554 = EDGE_CURVE('', #1697, #1677, #2993, .T.);
#1555 = EDGE_CURVE('', #1697, #1698, #2998, .T.);
#1556 = EDGE_CURVE('', #1698, #1699, #3003, .T.);
#1557 = EDGE_CURVE('', #1699, #1700, #3011, .T.);
#1558 = EDGE_CURVE('', #1700, #1701, #3016, .T.);
#1559 = EDGE_CURVE('', #1701, #1702, #3024, .T.);
#1560 = EDGE_CURVE('', #1702, #1695, #3029, .T.);
#1561 = EDGE_CURVE('', #1703, #1704, #3037, .T.);
#1562 = EDGE_CURVE('', #1705, #1704, #3054, .T.);
#1563 = EDGE_CURVE('', #1706, #1705, #3085, .T.);
#1564 = EDGE_CURVE('', #1706, #1707, #3103, .T.);
#1565 = EDGE_CURVE('', #1707, #1708, #3119, .T.);
#1566 = EDGE_CURVE('', #1708, #1709, #3135, .T.);
#1567 = EDGE_CURVE('', #1710, #1709, #3157, .T.);
#1568 = EDGE_CURVE('', #1711, #1710, #3174, .T.);
#1569 = EDGE_CURVE('', #1712, #1711, #3201, .T.);
#1570 = EDGE_CURVE('', #1712, #1713, #3218, .T.);
#1571 = EDGE_CURVE('', #1714, #1713, #3250, .T.);
#1572 = EDGE_CURVE('', #1714, #1715, #3268, .T.);
#1573 = EDGE_CURVE('', #1715, #1716, #3285, .T.);
#1574 = EDGE_CURVE('', #1716, #1717, #3301, .T.);
#1575 = EDGE_CURVE('', #1717, #1718, #3322, .T.);
#1576 = EDGE_CURVE('', #1719, #1718, #3340, .T.);
#1577 = EDGE_CURVE('', #1719, #1720, #3367, .T.);
#1578 = EDGE_CURVE('', #1720, #1721, #3384, .T.);
#1579 = EDGE_CURVE('', #1722, #1721, #3415, .T.);
#1580 = EDGE_CURVE('', #1722, #1723, #3433, .T.);
#1581 = EDGE_CURVE('', #1724, #1723, #3449, .T.);
#1582 = EDGE_CURVE('', #1724, #1725, #3465, .T.);
#1583 = EDGE_CURVE('', #1725, #1726, #3487, .T.);
#1584 = EDGE_CURVE('', #1726, #1727, #3504, .T.);
#1585 = EDGE_CURVE('', #1727, #1728, #3531, .T.);
#1586 = EDGE_CURVE('', #1728, #1729, #3549, .T.);
#1587 = EDGE_CURVE('', #1730, #1729, #3581, .T.);
#1588 = EDGE_CURVE('', #1731, #1730, #3599, .T.);
#1589 = EDGE_CURVE('', #1732, #1731, #3616, .T.);
#1590 = EDGE_CURVE('', #1733, #1732, #3632, .T.);
#1591 = EDGE_CURVE('', #1733, #1734, #3653, .T.);
#1592 = EDGE_CURVE('', #1703, #1734, #3671, .T.);
#1593 = EDGE_CURVE('', #1728, #1735, #3698, .T.);
#1594 = EDGE_CURVE('', #1736, #1735, #3703, .T.);
#1595 = EDGE_CURVE('', #1703, #1736, #3711, .T.);
#1596 = EDGE_CURVE('', #1737, #1736, #3716, .T.);
#1597 = EDGE_CURVE('', #1704, #1737, #3721, .T.);
#1598 = EDGE_CURVE('', #1735, #1738, #3726, .T.);
#1599 = EDGE_CURVE('', #1738, #1739, #3731, .T.);
#1600 = EDGE_CURVE('', #1739, #1740, #3739, .T.);
#1601 = EDGE_CURVE('', #1740, #1741, #3744, .T.);
#1602 = EDGE_CURVE('', #1741, #1742, #3752, .T.);
#1603 = EDGE_CURVE('', #1742, #1737, #3757, .T.);
#1604 = EDGE_CURVE('', #1711, #1742, #3765, .T.);
#1605 = EDGE_CURVE('', #1712, #1741, #3770, .T.);
#1606 = EDGE_CURVE('', #1719, #1740, #3775, .T.);
#1607 = EDGE_CURVE('', #1720, #1739, #3780, .T.);
#1608 = EDGE_CURVE('', #1727, #1738, #3785, .T.);
#1609 = EDGE_CURVE('', #1698, #1676, #3790, .T.);
#1610 = EDGE_CURVE('', #1699, #1664, #3795, .T.);
#1611 = EDGE_CURVE('', #1700, #1663, #3800, .T.);
#1612 = EDGE_CURVE('', #1701, #1652, #3805, .T.);
#1613 = EDGE_CURVE('', #1702, #1651, #3810, .T.);
#1614 = EDGE_CURVE('', #1630, #1743, #3815, .T.);
#1615 = EDGE_CURVE('', #1744, #1743, #3820, .T.);
#1616 = EDGE_CURVE('', #1637, #1744, #3825, .T.);
#1617 = EDGE_CURVE('', #1745, #1744, #3830, .T.);
#1618 = EDGE_CURVE('', #1636, #1745, #3838, .T.);
#1619 = EDGE_CURVE('', #1746, #1745, #3843, .T.);
#1620 = EDGE_CURVE('', #1635, #1746, #3848, .T.);
#1621 = EDGE_CURVE('', #1747, #1746, #3853, .T.);
#1622 = EDGE_CURVE('', #1634, #1747, #3861, .T.);
#1623 = EDGE_CURVE('', #1748, #1747, #3866, .T.);
#1624 = EDGE_CURVE('', #1633, #1748, #3871, .T.);
#1625 = EDGE_CURVE('', #1749, #1748, #3876, .T.);
#1626 = EDGE_CURVE('', #1632, #1749, #3884, .T.);
#1627 = EDGE_CURVE('', #1750, #1749, #3889, .T.);
#1628 = EDGE_CURVE('', #1631, #1750, #3894, .T.);
#1629 = EDGE_CURVE('', #1743, #1750, #3899, .T.);
#1630 = VERTEX_POINT('', #3907);
#1631 = VERTEX_POINT('', #3908);
#1632 = VERTEX_POINT('', #3909);
#1633 = VERTEX_POINT('', #3910);
#1634 = VERTEX_POINT('', #3911);
#1635 = VERTEX_POINT('', #3912);
#1636 = VERTEX_POINT('', #3913);
#1637 = VERTEX_POINT('', #3914);
#1638 = VERTEX_POINT('', #3915);
#1639 = VERTEX_POINT('', #3916);
#1640 = VERTEX_POINT('', #3917);
#1641 = VERTEX_POINT('', #3918);
#1642 = VERTEX_POINT('', #3919);
#1643 = VERTEX_POINT('', #3920);
#1644 = VERTEX_POINT('', #3921);
#1645 = VERTEX_POINT('', #3922);
#1646 = VERTEX_POINT('', #3923);
#1647 = VERTEX_POINT('', #3924);
#1648 = VERTEX_POINT('', #3925);
#1649 = VERTEX_POINT('', #3926);
#1650 = VERTEX_POINT('', #3927);
#1651 = VERTEX_POINT('', #3928);
#1652 = VERTEX_POINT('', #3929);
#1653 = VERTEX_POINT('', #3930);
#1654 = VERTEX_POINT('', #3931);
#1655 = VERTEX_POINT('', #3932);
#1656 = VERTEX_POINT('', #3933);
#1657 = VERTEX_POINT('', #3934);
#1658 = VERTEX_POINT('', #3935);
#1659 = VERTEX_POINT('', #3936);
#1660 = VERTEX_POINT('', #3937);
#1661 = VERTEX_POINT('', #3938);
#1662 = VERTEX_POINT('', #3939);
#1663 = VERTEX_POINT('', #3940);
#1664 = VERTEX_POINT('', #3941);
#1665 = VERTEX_POINT('', #3942);
#1666 = VERTEX_POINT('', #3943);
#1667 = VERTEX_POINT('', #3944);
#1668 = VERTEX_POINT('', #3945);
#1669 = VERTEX_POINT('', #3946);
#1670 = VERTEX_POINT('', #3947);
#1671 = VERTEX_POINT('', #3948);
#1672 = VERTEX_POINT('', #3949);
#1673 = VERTEX_POINT('', #3950);
#1674 = VERTEX_POINT('', #3951);
#1675 = VERTEX_POINT('', #3952);
#1676 = VERTEX_POINT('', #3953);
#1677 = VERTEX_POINT('', #3954);
#1678 = VERTEX_POINT('', #3955);
#1679 = VERTEX_POINT('', #3956);
#1680 = VERTEX_POINT('', #3957);
#1681 = VERTEX_POINT('', #3958);
#1682 = VERTEX_POINT('', #3959);
#1683 = VERTEX_POINT('', #3960);
#1684 = VERTEX_POINT('', #3961);
#1685 = VERTEX_POINT('', #3962);
#1686 = VERTEX_POINT('', #3963);
#1687 = VERTEX_POINT('', #3964);
#1688 = VERTEX_POINT('', #3965);
#1689 = VERTEX_POINT('', #3966);
#1690 = VERTEX_POINT('', #3967);
#1691 = VERTEX_POINT('', #3968);
#1692 = VERTEX_POINT('', #3969);
#1693 = VERTEX_POINT('', #3970);
#1694 = VERTEX_POINT('', #3971);
#1695 = VERTEX_POINT('', #3972);
#1696 = VERTEX_POINT('', #3973);
#1697 = VERTEX_POINT('', #3974);
#1698 = VERTEX_POINT('', #3975);
#1699 = VERTEX_POINT('', #3976);
#1700 = VERTEX_POINT('', #3977);
#1701 = VERTEX_POINT('', #3978);
#1702 = VERTEX_POINT('', #3979);
#1703 = VERTEX_POINT('', #3980);
#1704 = VERTEX_POINT('', #3981);
#1705 = VERTEX_POINT('', #3982);
#1706 = VERTEX_POINT('', #3983);
#1707 = VERTEX_POINT('', #3984);
#1708 = VERTEX_POINT('', #3985);
#1709 = VERTEX_POINT('', #3986);
#1710 = VERTEX_POINT('', #3987);
#1711 = VERTEX_POINT('', #3988);
#1712 = VERTEX_POINT('', #3989);
#1713 = VERTEX_POINT('', #3990);
#1714 = VERTEX_POINT('', #3991);
#1715 = VERTEX_POINT('', #3992);
#1716 = VERTEX_POINT('', #3993);
#1717 = VERTEX_POINT('', #3994);
#1718 = VERTEX_POINT('', #3995);
#1719 = VERTEX_POINT('', #3996);
#1720 = VERTEX_POINT('', #3997);
#1721 = VERTEX_POINT('', #3998);
#1722 = VERTEX_POINT('', #3999);
#1723 = VERTEX_POINT('', #4000);
#1724 = VERTEX_POINT('', #4001);
#1725 = VERTEX_POINT('', #4002);
#1726 = VERTEX_POINT('', #4003);
#1727 = VERTEX_POINT('', #4004);
#1728 = VERTEX_POINT('', #4005);
#1729 = VERTEX_POINT('', #4006);
#1730 = VERTEX_POINT('', #4007);
#1731 = VERTEX_POINT('', #4008);
#1732 = VERTEX_POINT('', #4009);
#1733 = VERTEX_POINT('', #4010);
#1734 = VERTEX_POINT('', #4011);
#1735 = VERTEX_POINT('', #4012);
#1736 = VERTEX_POINT('', #4013);
#1737 = VERTEX_POINT('', #4014);
#1738 = VERTEX_POINT('', #4015);
#1739 = VERTEX_POINT('', #4016);
#1740 = VERTEX_POINT('', #4017);
#1741 = VERTEX_POINT('', #4018);
#1742 = VERTEX_POINT('', #4019);
#1743 = VERTEX_POINT('', #4020);
#1744 = VERTEX_POINT('', #4021);
#1745 = VERTEX_POINT('', #4022);
#1746 = VERTEX_POINT('', #4023);
#1747 = VERTEX_POINT('', #4024);
#1748 = VERTEX_POINT('', #4025);
#1749 = VERTEX_POINT('', #4026);
#1750 = VERTEX_POINT('', #4027);
#1751 = PLANE('', #1752);
#1752 = AXIS2_PLACEMENT_3D('', #1753, #1754, #1755);
#1753 = CARTESIAN_POINT('', (143.0, -77.0, 13.0));
#1754 = DIRECTION('', (0.0, 0.0, 1.0));
#1755 = DIRECTION('', (-1.0, 0.0, 0.0));
#1756 = PLANE('', #1757);
#1757 = AXIS2_PLACEMENT_3D('', #1758, #1759, #1760);
#1758 = CARTESIAN_POINT('', (135.9999723169638, -79.19999979967899, 10.0000003));
#1759 = DIRECTION('', (-1.0031539871E-11, 1.0, 0.0));
#1760 = DIRECTION('', (-1.0, -1.0031539871E-11, 0.0));
#1761 = CYLINDRICAL_SURFACE('', #1762, 4.800138920691331);
#1762 = AXIS2_PLACEMENT_3D('', #1763, #1764, #1765);
#1763 = CARTESIAN_POINT('', (104.00013901908319, -84.00013871868113, 14.0000003));
#1764 = DIRECTION('', (0.0, 0.0, 1.0));
#1765 = DIRECTION('', (0.7071088275678551, -0.7071047347993179, 0.0));
#1766 = PLANE('', #1767);
#1767 = AXIS2_PLACEMENT_3D('', #1768, #1769, #1770);
#1768 = CARTESIAN_POINT('', (140.8000001003213, -79.19999979967899, 10.0000003));
#1769 = DIRECTION('', (0.0, 0.0, 1.0));
#1770 = DIRECTION('', (-1.0, 0.0, 0.0));
#1771 = CYLINDRICAL_SURFACE('', #1772, 3.60013892183522);
#1772 = AXIS2_PLACEMENT_3D('', #1773, #1774, #1775);
#1773 = CARTESIAN_POINT('', (104.00013892022706, -84.00013891915494, 13.0));
#1774 = DIRECTION('', (0.0, 0.0, 1.0));
#1775 = DIRECTION('', (0.7071122381638766, -0.7071013241671048, 0.0));
#1776 = PLANE('', #1777);
#1777 = AXIS2_PLACEMENT_3D('', #1778, #1779, #1780);
#1778 = CARTESIAN_POINT('', (135.99994443392762, -80.39999999935736, 5.0));
#1779 = DIRECTION('', (-2.0082637120E-11, 0.9999999999999999, 0.0));
#1780 = DIRECTION('', (-0.9999999999999999, -2.0082637120E-11, 0.0));
#1781 = PLANE('', #1782);
#1782 = AXIS2_PLACEMENT_3D('', #1783, #1784, #1785);
#1783 = CARTESIAN_POINT('', (139.60000000064295, -80.39999999935736, 13.0));
#1784 = DIRECTION('', (0.0, 0.0, 0.9999999999999999));
#1785 = DIRECTION('', (-0.9999999999999999, 0.0, 0.0));
#1786 = CYLINDRICAL_SURFACE('', #1787, 3.6001389218356925);
#1787 = AXIS2_PLACEMENT_3D('', #1788, #1789, #1790);
#1788 = CARTESIAN_POINT('', (135.9998610808446, -84.0001389202281, 13.0));
#1789 = DIRECTION('', (0.0, 0.0, 1.0));
#1790 = DIRECTION('', (-0.7071013241670318, -0.7071122381639495, 0.0));
#1791 = PLANE('', #1792);
#1792 = AXIS2_PLACEMENT_3D('', #1793, #1794, #1795);
#1793 = CARTESIAN_POINT('', (139.60000000064295, -99.99994443392805, 5.0));
#1794 = DIRECTION('', (1.0, 4.0184883978E-11, -0.0));
#1795 = DIRECTION('', (-4.0184883978E-11, 1.0, 0.0));
#1796 = CYLINDRICAL_SURFACE('', #1797, 3.6001389218346875);
#1797 = AXIS2_PLACEMENT_3D('', #1798, #1799, #1800);
#1798 = CARTESIAN_POINT('', (135.99986107977318, -99.9998610808456, 13.0));
#1799 = DIRECTION('', (0.0, 0.0, 1.0));
#1800 = DIRECTION('', (-0.7071122381638865, 0.7071013241670949, 0.0));
#1801 = PLANE('', #1802);
#1802 = AXIS2_PLACEMENT_3D('', #1803, #1804, #1805);
#1803 = CARTESIAN_POINT('', (104.00005556607216, -103.60000000064264, 5.0));
#1804 = DIRECTION('', (2.0082637120E-11, -0.9999999999999999, 0.0));
#1805 = DIRECTION('', (0.9999999999999999, 2.0082637120E-11, 0.0));
#1806 = CYLINDRICAL_SURFACE('', #1807, 3.60013892183517);
#1807 = AXIS2_PLACEMENT_3D('', #1808, #1809, #1810);
#1808 = CARTESIAN_POINT('', (104.00013891915488, -99.99986107977242, 13.0));
#1809 = DIRECTION('', (0.0, 0.0, 1.0));
#1810 = DIRECTION('', (0.7071013241670516, 0.70711223816393, 0.0));
#1811 = PLANE('', #1812);
#1812 = AXIS2_PLACEMENT_3D('', #1813, #1814, #1815);
#1813 = CARTESIAN_POINT('', (100.39999999935678, -84.00005556607219, 5.0));
#1814 = DIRECTION('', (-1.0, -4.0201759427E-11, 0.0));
#1815 = DIRECTION('', (4.0201759427E-11, -1.0, 0.0));
#1816 = PLANE('', #1817);
#1817 = AXIS2_PLACEMENT_3D('', #1818, #1819, #1820);
#1818 = CARTESIAN_POINT('', (99.2000000996784, -84.00002758303609, 10.0000003));
#1819 = DIRECTION('', (-0.9999999999999999, -2.0099512539E-11, 0.0));
#1820 = DIRECTION('', (2.0099512539E-11, -0.9999999999999999, 0.0));
#1821 = CYLINDRICAL_SURFACE('', #1822, 4.800138920691241);
#1822 = AXIS2_PLACEMENT_3D('', #1823, #1824, #1825);
#1823 = CARTESIAN_POINT('', (104.00013901868104, -99.99986088091627, 14.0000003));
#1824 = DIRECTION('', (0.0, 0.0, 1.0));
#1825 = DIRECTION('', (0.7071047347992748, 0.7071088275678978, 0.0));
#1826 = PLANE('', #1827);
#1827 = AXIS2_PLACEMENT_3D('', #1828, #1829, #1830);
#1828 = CARTESIAN_POINT('', (104.00002788303608, -104.799999800321, 10.0000003));
#1829 = DIRECTION('', (1.0031539871E-11, -1.0, 0.0));
#1830 = DIRECTION('', (1.0, 1.0031539871E-11, 0.0));
#1831 = CYLINDRICAL_SURFACE('', #1832, 4.800138920690668);
#1832 = AXIS2_PLACEMENT_3D('', #1833, #1834, #1835);
#1833 = CARTESIAN_POINT('', (135.99986118091718, -99.99986088131953, 14.0000003));
#1834 = DIRECTION('', (0.0, 0.0, 1.0));
#1835 = DIRECTION('', (-0.7071088275678667, 0.7071047347993059, 0.0));
#1836 = PLANE('', #1837);
#1837 = AXIS2_PLACEMENT_3D('', #1838, #1839, #1840);
#1838 = CARTESIAN_POINT('', (140.8000001003213, -99.99997201696402, 10.0000003));
#1839 = DIRECTION('', (0.9999999999999999, 2.0081748940E-11, -0.0));
#1840 = DIRECTION('', (-2.0081748940E-11, 0.9999999999999999, 0.0));
#1841 = CYLINDRICAL_SURFACE('', #1842, 4.800138920691773);
#1842 = AXIS2_PLACEMENT_3D('', #1843, #1844, #1845);
#1843 = CARTESIAN_POINT('', (135.99986118131844, -84.00013871908423, 14.0000003));
#1844 = DIRECTION('', (0.0, 0.0, 1.0));
#1845 = DIRECTION('', (-0.7071047347992675, -0.7071088275679053, 0.0));
#1846 = PLANE('', #1847);
#1847 = AXIS2_PLACEMENT_3D('', #1848, #1849, #1850);
#1848 = CARTESIAN_POINT('', (136.00002315253016, -77.00000000026863, 13.0));
#1849 = DIRECTION('', (8.3946122602E-12, 1.0, -0.0));
#1850 = DIRECTION('', (-1.0, 8.3946122602E-12, 0.0));
#1851 = CYLINDRICAL_SURFACE('', #1852, 7.000138919613215);
#1852 = AXIS2_PLACEMENT_3D('', #1853, #1854, #1855);
#1853 = CARTESIAN_POINT('', (135.9998610817652, -84.00013891800566, 15.0));
#1854 = DIRECTION('', (0.0, 0.0, 1.0));
#1855 = DIRECTION('', (-0.7071079505533101, -0.7071056118178511, 0.0));
#1856 = PLANE('', #1857);
#1857 = AXIS2_PLACEMENT_3D('', #1858, #1859, #1860);
#1858 = CARTESIAN_POINT('', (142.99999999973167, -100.00002315252998, 13.0));
#1859 = DIRECTION('', (1.0, -1.6770560653E-11, 0.0));
#1860 = DIRECTION('', (1.6770560653E-11, 1.0, 0.0));
#1861 = CYLINDRICAL_SURFACE('', #1862, 7.00013891961217);
#1862 = AXIS2_PLACEMENT_3D('', #1863, #1864, #1865);
#1863 = CARTESIAN_POINT('', (135.99986108199568, -99.99986108176624, 15.0));
#1864 = DIRECTION('', (0.0, 0.0, 1.0));
#1865 = DIRECTION('', (-0.707105611817845, 0.7071079505533161, 0.0));
#1866 = PLANE('', #1867);
#1867 = AXIS2_PLACEMENT_3D('', #1868, #1869, #1870);
#1868 = CARTESIAN_POINT('', (103.99997684746992, -106.99999999973137, 13.0));
#1869 = DIRECTION('', (-8.3946122602E-12, -1.0, 0.0));
#1870 = DIRECTION('', (1.0, -8.3946122602E-12, 0.0));
#1871 = CYLINDRICAL_SURFACE('', #1872, 7.000138919612753);
#1872 = AXIS2_PLACEMENT_3D('', #1873, #1874, #1875);
#1873 = CARTESIAN_POINT('', (104.00013891823434, -99.99986108199481, 15.0));
#1874 = DIRECTION('', (0.0, 0.0, 1.0));
#1875 = DIRECTION('', (0.7071079505533061, 0.7071056118178553, 0.0));
#1876 = PLANE('', #1877);
#1877 = AXIS2_PLACEMENT_3D('', #1878, #1879, #1880);
#1878 = CARTESIAN_POINT('', (97.00000000026805, -83.99997684746992, 13.0));
#1879 = DIRECTION('', (-1.0, 1.6752797111E-11, 0.0));
#1880 = DIRECTION('', (-1.6752797111E-11, -1.0, 0.0));
#1881 = CYLINDRICAL_SURFACE('', #1882, 7.000138919612763);
#1882 = AXIS2_PLACEMENT_3D('', #1883, #1884, #1885);
#1883 = CARTESIAN_POINT('', (104.00013891800462, -84.00013891823434, 15.0));
#1884 = DIRECTION('', (0.0, 0.0, 1.0));
#1885 = DIRECTION('', (0.7071056118178257, -0.7071079505533354, 0.0));
#1886 = PLANE('', #1887);
#1887 = AXIS2_PLACEMENT_3D('', #1888, #1889, #1890);
#1888 = CARTESIAN_POINT('', (143.0, -77.0, 15.0));
#1889 = DIRECTION('', (0.0, 0.0, 1.0));
#1890 = DIRECTION('', (-1.0, 0.0, 0.0));
#1891 = SURFACE_CURVE('', #1892, (#1751, #1881), .CURVE_3D.);
#1892 = (
    BOUNDED_CURVE()
    B_SPLINE_CURVE(2, (#1893, #1894, #1895, #1896, #1897, #1898), .UNSPECIFIED., .U., .U.)
    B_SPLINE_CURVE_WITH_KNOTS((3, 1, 1, 1, 3), (0.0, 0.25, 0.5, 0.75, 1.0), .UNSPECIFIED.)
    CURVE()
    GEOMETRIC_REPRESENTATION_ITEM()
    RATIONAL_B_SPLINE_CURVE((1.0, 0.9267804957374981, 0.8535609914749962, 0.8535609914749961, 0.9267804957374981, 1.0))
    REPRESENTATION_ITEM('')
);
#1893 = CARTESIAN_POINT('', (104.0, -77.0, 13.0));
#1894 = CARTESIAN_POINT('', (102.66480269482557, -77.00002649703778, 13.0));
#1895 = CARTESIAN_POINT('', (100.07541854159528, -78.02517128658522, 13.0));
#1896 = CARTESIAN_POINT('', (98.02518426728888, -80.07539877981145, 13.0));
#1897 = CARTESIAN_POINT('', (97.00003091343282, -82.66477954239046, 13.0));
#1898 = CARTESIAN_POINT('', (97.00000000026805, -83.99997684746992, 13.0));
#1899 = SURFACE_CURVE('', #1900, (#1751, #1876), .CURVE_3D.);
#1900 = LINE('', #1901, #1902);
#1901 = CARTESIAN_POINT('', (97.00000000026805, -83.99997684746992, 13.0));
#1902 = VECTOR('', #1903, 16.000023152530076);
#1903 = DIRECTION('', (-1.6752797111E-11, -1.0, 0.0));
#1904 = SURFACE_CURVE('', #1905, (#1751, #1871), .CURVE_3D.);
#1905 = (
    BOUNDED_CURVE()
    B_SPLINE_CURVE(2, (#1906, #1907, #1908, #1909, #1910, #1911), .UNSPECIFIED., .U., .U.)
    B_SPLINE_CURVE_WITH_KNOTS((3, 1, 1, 1, 3), (0.0, 0.25, 0.5, 0.75, 1.0), .UNSPECIFIED.)
    CURVE()
    GEOMETRIC_REPRESENTATION_ITEM()
    RATIONAL_B_SPLINE_CURVE((1.0, 0.9267804957375042, 0.8535609914750084, 0.8535609914750084, 0.9267804957375042, 1.0))
    REPRESENTATION_ITEM('')
);
#1906 = CARTESIAN_POINT('', (97.0, -100.0, 13.0));
#1907 = CARTESIAN_POINT('', (97.0000264970379, -101.33519730517435, 13.0));
#1908 = CARTESIAN_POINT('', (98.02517128658543, -103.92458145840446, 13.0));
#1909 = CARTESIAN_POINT('', (100.07539877981164, -105.97481573271065, 13.0));
#1910 = CARTESIAN_POINT('', (102.66477954239052, -106.9999690865666, 13.0));
#1911 = CARTESIAN_POINT('', (103.99997684746992, -106.99999999973139, 13.0));
#1912 = SURFACE_CURVE('', #1913, (#1751, #1866), .CURVE_3D.);
#1913 = LINE('', #1914, #1915);
#1914 = CARTESIAN_POINT('', (103.99997684746992, -106.99999999973137, 13.0));
#1915 = VECTOR('', #1916, 32.000023152530076);
#1916 = DIRECTION('', (1.0, -8.3946122602E-12, 0.0));
#1917 = SURFACE_CURVE('', #1918, (#1751, #1861), .CURVE_3D.);
#1918 = (
    BOUNDED_CURVE()
    B_SPLINE_CURVE(2, (#1919, #1920, #1921, #1922, #1923, #1924), .UNSPECIFIED., .U., .U.)
    B_SPLINE_CURVE_WITH_KNOTS((3, 1, 1, 1, 3), (0.0, 0.25, 0.5, 0.75, 1.0), .UNSPECIFIED.)
    CURVE()
    GEOMETRIC_REPRESENTATION_ITEM()
    RATIONAL_B_SPLINE_CURVE((1.0, 0.9267804957374844, 0.8535609914749689, 0.8535609914749688, 0.9267804957374843, 1.0))
    REPRESENTATION_ITEM('')
);
#1919 = CARTESIAN_POINT('', (136.0, -107.0, 13.0));
#1920 = CARTESIAN_POINT('', (137.3351973051744, -106.99997350296228, 13.0));
#1921 = CARTESIAN_POINT('', (139.92458145840476, -105.97482871341488, 13.0));
#1922 = CARTESIAN_POINT('', (141.97481573271114, -103.92460122018855, 13.0));
#1923 = CARTESIAN_POINT('', (142.999969086567, -101.33522045760945, 13.0));
#1924 = CARTESIAN_POINT('', (142.99999999973167, -100.00002315252999, 13.0));
#1925 = SURFACE_CURVE('', #1926, (#1751, #1856), .CURVE_3D.);
#1926 = LINE('', #1927, #1928);
#1927 = CARTESIAN_POINT('', (142.99999999973167, -100.00002315252998, 13.0));
#1928 = VECTOR('', #1929, 16.000023152529977);
#1929 = DIRECTION('', (1.6770560653E-11, 1.0, 0.0));
#1930 = SURFACE_CURVE('', #1931, (#1751, #1851), .CURVE_3D.);
#1931 = (
    BOUNDED_CURVE()
    B_SPLINE_CURVE(2, (#1932, #1933, #1934, #1935, #1936, #1937), .UNSPECIFIED., .U., .U.)
    B_SPLINE_CURVE_WITH_KNOTS((3, 1, 1, 1, 3), (0.0, 0.25, 0.5, 0.75, 1.0), .UNSPECIFIED.)
    CURVE()
    GEOMETRIC_REPRESENTATION_ITEM()
    RATIONAL_B_SPLINE_CURVE((1.0, 0.9267804957375175, 0.8535609914750351, 0.8535609914750351, 0.9267804957375175, 1.0))
    REPRESENTATION_ITEM('')
);
#1932 = CARTESIAN_POINT('', (143.0, -84.0, 13.0));
#1933 = CARTESIAN_POINT('', (142.999973502962, -82.66480269482568, 13.0));
#1934 = CARTESIAN_POINT('', (141.9748287134144, -80.07541854159567, 13.0));
#1935 = CARTESIAN_POINT('', (139.9246012201883, -78.02518426728953, 13.0));
#1936 = CARTESIAN_POINT('', (137.33522045760955, -77.00003091343352, 13.0));
#1937 = CARTESIAN_POINT('', (136.00002315253016, -77.00000000026861, 13.0));
#1938 = SURFACE_CURVE('', #1939, (#1751, #1846), .CURVE_3D.);
#1939 = LINE('', #1940, #1941);
#1940 = CARTESIAN_POINT('', (136.00002315253016, -77.00000000026863, 13.0));
#1941 = VECTOR('', #1942, 32.00002315253016);
#1942 = DIRECTION('', (-1.0, 8.3946122602E-12, 0.0));
#1943 = SURFACE_CURVE('', #1944, (#1751, #1841), .CURVE_3D.);
#1944 = INTERSECTION_CURVE('', #1945, (#1957, #1962), .CURVE_3D.);
#1945 = B_SPLINE_CURVE_WITH_KNOTS('', 1, (#1946, #1947, #1948, #1949, #1950, #1951, #1952, #1953, #1954, #1955, #1956), .UNSPECIFIED., .U., .U., (2, 1, 1, 1, 1, 1, 1, 1, 1, 1, 2), (0.0, 0.1, 0.2, 0.3, 0.4, 0.5, 0.6, 0.7, 0.8, 0.9, 1.0), .UNSPECIFIED.);
#1946 = CARTESIAN_POINT('', (135.9999723169638, -79.19999979967899, 13.0));
#1947 = CARTESIAN_POINT('', (136.10185373274822, -79.2010834810824, 13.0));
#1948 = CARTESIAN_POINT('', (136.10864419331384, -79.20123260266132, 13.0));
#1949 = CARTESIAN_POINT('', (136.11640446962542, -79.20141479288358, 13.0));
#1950 = CARTESIAN_POINT('', (136.12535830317069, -79.2016406071385, 13.0));
#1951 = CARTESIAN_POINT('', (136.13580399348524, -79.20192517550781, 13.0));
#1952 = CARTESIAN_POINT('', (136.14814827703802, -79.20229080619839, 13.0));
#1953 = CARTESIAN_POINT('', (136.16296052609027, -79.20277149719314, 13.0));
#1954 = CARTESIAN_POINT('', (136.1810630655871, -79.20342113983513, 13.0));
#1955 = CARTESIAN_POINT('', (136.20368913593495, -79.20432931681887, 13.0));
#1956 = CARTESIAN_POINT('', (136.40703866751372, -79.21730063352503, 13.0));
#1957 = PLANE('', #1958);
#1958 = AXIS2_PLACEMENT_3D('', #1959, #1960, #1961);
#1959 = CARTESIAN_POINT('', (143.0, -77.0, 13.0));
#1960 = DIRECTION('', (0.0, 0.0, 1.0));
#1961 = DIRECTION('', (-1.0, 0.0, 0.0));
#1962 = CYLINDRICAL_SURFACE('', #1963, 4.800138920691773);
#1963 = AXIS2_PLACEMENT_3D('', #1964, #1965, #1966);
#1964 = CARTESIAN_POINT('', (135.99986118131844, -84.00013871908423, 14.0000003));
#1965 = DIRECTION('', (0.0, 0.0, 1.0));
#1966 = DIRECTION('', (-0.7071047347992675, -0.7071088275679053, 0.0));
#1967 = SURFACE_CURVE('', #1968, (#1751, #1841), .CURVE_3D.);
#1968 = INTERSECTION_CURVE('', #1969, (#1974, #1979), .CURVE_3D.);
#1969 = B_SPLINE_CURVE_WITH_KNOTS('', 1, (#1970, #1971, #1972, #1973), .UNSPECIFIED., .U., .U., (2, 1, 1, 2), (0.0, 0.3333333333333333, 0.6666666666666666, 1.0), .UNSPECIFIED.);
#1970 = CARTESIAN_POINT('', (136.40703866751372, -79.21730063352503, 13.0));
#1971 = CARTESIAN_POINT('', (136.60965448640113, -79.23889037615815, 13.0));
#1972 = CARTESIAN_POINT('', (136.8111714894105, -79.2690596411229, 13.0));
#1973 = CARTESIAN_POINT('', (137.01122702912255, -79.30775417812967, 13.0));
#1974 = PLANE('', #1975);
#1975 = AXIS2_PLACEMENT_3D('', #1976, #1977, #1978);
#1976 = CARTESIAN_POINT('', (143.0, -77.0, 13.0));
#1977 = DIRECTION('', (0.0, 0.0, 1.0));
#1978 = DIRECTION('', (-1.0, 0.0, 0.0));
#1979 = CYLINDRICAL_SURFACE('', #1980, 4.800138920691773);
#1980 = AXIS2_PLACEMENT_3D('', #1981, #1982, #1983);
#1981 = CARTESIAN_POINT('', (135.99986118131844, -84.00013871908423, 14.0000003));
#1982 = DIRECTION('', (0.0, 0.0, 1.0));
#1983 = DIRECTION('', (-0.7071047347992675, -0.7071088275679053, 0.0));
#1984 = SURFACE_CURVE('', #1985, (#1751, #1841), .CURVE_3D.);
#1985 = INTERSECTION_CURVE('', #1986, (#1992, #1997), .CURVE_3D.);
#1986 = B_SPLINE_CURVE_WITH_KNOTS('', 1, (#1987, #1988, #1989, #1990, #1991), .UNSPECIFIED., .U., .U., (2, 1, 1, 1, 2), (0.0, 0.25, 0.5, 0.75, 1.0), .UNSPECIFIED.);
#1987 = CARTESIAN_POINT('', (137.01122703152487, -79.3077541680296, 13.0));
#1988 = CARTESIAN_POINT('', (137.209459189423, -79.35490392235657, 13.0));
#1989 = CARTESIAN_POINT('', (137.405512192668, -79.41042425168739, 13.0));
#1990 = CARTESIAN_POINT('', (137.59903228576556, -79.47421500821136, 13.0));
#1991 = CARTESIAN_POINT('', (137.78967120534656, -79.54616143622991, 13.0));
#1992 = PLANE('', #1993);
#1993 = AXIS2_PLACEMENT_3D('', #1994, #1995, #1996);
#1994 = CARTESIAN_POINT('', (143.0, -77.0, 13.0));
#1995 = DIRECTION('', (0.0, 0.0, 1.0));
#1996 = DIRECTION('', (-1.0, 0.0, 0.0));
#1997 = CYLINDRICAL_SURFACE('', #1998, 4.800138920691773);
#1998 = AXIS2_PLACEMENT_3D('', #1999, #2000, #2001);
#1999 = CARTESIAN_POINT('', (135.99986118131844, -84.00013871908423, 14.0000003));
#2000 = DIRECTION('', (0.0, 0.0, 1.0));
#2001 = DIRECTION('', (-0.7071047347992675, -0.7071088275679053, 0.0));
#2002 = SURFACE_CURVE('', #2003, (#1751, #1841), .CURVE_3D.);
#2003 = INTERSECTION_CURVE('', #2004, (#2009, #2014), .CURVE_3D.);
#2004 = B_SPLINE_CURVE_WITH_KNOTS('', 1, (#2005, #2006, #2007, #2008), .UNSPECIFIED., .U., .U., (2, 1, 1, 2), (0.0, 0.3333333333333333, 0.6666666666666666, 1.0), .UNSPECIFIED.);
#2005 = CARTESIAN_POINT('', (137.78967120942121, -79.5461614266811, 13.0));
#2006 = CARTESIAN_POINT('', (137.97708408140963, -79.62613331656186, 13.0));
#2007 = CARTESIAN_POINT('', (138.16093455424712, -79.71398711948365, 13.0));
#2008 = CARTESIAN_POINT('', (138.34089088505968, -79.80956434507043, 13.0));
#2009 = PLANE('', #2010);
#2010 = AXIS2_PLACEMENT_3D('', #2011, #2012, #2013);
#2011 = CARTESIAN_POINT('', (143.0, -77.0, 13.0));
#2012 = DIRECTION('', (0.0, 0.0, 1.0));
#2013 = DIRECTION('', (-1.0, 0.0, 0.0));
#2014 = CYLINDRICAL_SURFACE('', #2015, 4.800138920691773);
#2015 = AXIS2_PLACEMENT_3D('', #2016, #2017, #2018);
#2016 = CARTESIAN_POINT('', (135.99986118131844, -84.00013871908423, 14.0000003));
#2017 = DIRECTION('', (0.0, 0.0, 1.0));
#2018 = DIRECTION('', (-0.7071047347992675, -0.7071088275679053, 0.0));
#2019 = SURFACE_CURVE('', #2020, (#1751, #1841), .CURVE_3D.);
#2020 = INTERSECTION_CURVE('', #2021, (#2024, #2029), .CURVE_3D.);
#2021 = B_SPLINE_CURVE_WITH_KNOTS('', 1, (#2022, #2023), .UNSPECIFIED., .U., .U., (2, 2), (0.0, 1.0), .UNSPECIFIED.);
#2022 = CARTESIAN_POINT('', (138.34089088505968, -79.80956434507043, 13.0));
#2023 = CARTESIAN_POINT('', (138.51662880188172, -79.91269276812363, 13.0));
#2024 = PLANE('', #2025);
#2025 = AXIS2_PLACEMENT_3D('', #2026, #2027, #2028);
#2026 = CARTESIAN_POINT('', (143.0, -77.0, 13.0));
#2027 = DIRECTION('', (0.0, 0.0, 1.0));
#2028 = DIRECTION('', (-1.0, 0.0, 0.0));
#2029 = CYLINDRICAL_SURFACE('', #2030, 4.800138920691773);
#2030 = AXIS2_PLACEMENT_3D('', #2031, #2032, #2033);
#2031 = CARTESIAN_POINT('', (135.99986118131844, -84.00013871908423, 14.0000003));
#2032 = DIRECTION('', (0.0, 0.0, 1.0));
#2033 = DIRECTION('', (-0.7071047347992675, -0.7071088275679053, 0.0));
#2034 = SURFACE_CURVE('', #2035, (#1751, #1841), .CURVE_3D.);
#2035 = INTERSECTION_CURVE('', #2036, (#2040, #2045), .CURVE_3D.);
#2036 = B_SPLINE_CURVE_WITH_KNOTS('', 1, (#2037, #2038, #2039), .UNSPECIFIED., .U., .U., (2, 1, 2), (0.0, 0.5, 1.0), .UNSPECIFIED.);
#2037 = CARTESIAN_POINT('', (138.51662880188172, -79.91269276812363, 13.0));
#2038 = CARTESIAN_POINT('', (138.68783163411064, -80.02318655657886, 13.0));
#2039 = CARTESIAN_POINT('', (138.8541908831308, -80.14084660636567, 13.0));
#2040 = PLANE('', #2041);
#2041 = AXIS2_PLACEMENT_3D('', #2042, #2043, #2044);
#2042 = CARTESIAN_POINT('', (143.0, -77.0, 13.0));
#2043 = DIRECTION('', (0.0, 0.0, 1.0));
#2044 = DIRECTION('', (-1.0, 0.0, 0.0));
#2045 = CYLINDRICAL_SURFACE('', #2046, 4.800138920691773);
#2046 = AXIS2_PLACEMENT_3D('', #2047, #2048, #2049);
#2047 = CARTESIAN_POINT('', (135.99986118131844, -84.00013871908423, 14.0000003));
#2048 = DIRECTION('', (0.0, 0.0, 1.0));
#2049 = DIRECTION('', (-0.7071047347992675, -0.7071088275679053, 0.0));
#2050 = SURFACE_CURVE('', #2051, (#1751, #1841), .CURVE_3D.);
#2051 = INTERSECTION_CURVE('', #2052, (#2055, #2060), .CURVE_3D.);
#2052 = B_SPLINE_CURVE_WITH_KNOTS('', 1, (#2053, #2054), .UNSPECIFIED., .U., .U., (2, 2), (0.0, 1.0), .UNSPECIFIED.);
#2053 = CARTESIAN_POINT('', (139.015407152089, -80.26546121540828, 13.0));
#2054 = CARTESIAN_POINT('', (138.8541908831308, -80.14084660636567, 13.0));
#2055 = PLANE('', #2056);
#2056 = AXIS2_PLACEMENT_3D('', #2057, #2058, #2059);
#2057 = CARTESIAN_POINT('', (143.0, -77.0, 13.0));
#2058 = DIRECTION('', (0.0, 0.0, 1.0));
#2059 = DIRECTION('', (-1.0, 0.0, 0.0));
#2060 = CYLINDRICAL_SURFACE('', #2061, 4.800138920691773);
#2061 = AXIS2_PLACEMENT_3D('', #2062, #2063, #2064);
#2062 = CARTESIAN_POINT('', (135.99986118131844, -84.00013871908423, 14.0000003));
#2063 = DIRECTION('', (0.0, 0.0, 1.0));
#2064 = DIRECTION('', (-0.7071047347992675, -0.7071088275679053, 0.0));
#2065 = SURFACE_CURVE('', #2066, (#1751, #1841), .CURVE_3D.);
#2066 = INTERSECTION_CURVE('', #2067, (#2070, #2075), .CURVE_3D.);
#2067 = B_SPLINE_CURVE_WITH_KNOTS('', 1, (#2068, #2069), .UNSPECIFIED., .U., .U., (2, 2), (0.0, 1.0), .UNSPECIFIED.);
#2068 = CARTESIAN_POINT('', (139.01540715878107, -80.26546120747109, 13.0));
#2069 = CARTESIAN_POINT('', (139.17118881668125, -80.39680488954191, 13.0));
#2070 = PLANE('', #2071);
#2071 = AXIS2_PLACEMENT_3D('', #2072, #2073, #2074);
#2072 = CARTESIAN_POINT('', (143.0, -77.0, 13.0));
#2073 = DIRECTION('', (0.0, 0.0, 1.0));
#2074 = DIRECTION('', (-1.0, 0.0, 0.0));
#2075 = CYLINDRICAL_SURFACE('', #2076, 4.800138920691773);
#2076 = AXIS2_PLACEMENT_3D('', #2077, #2078, #2079);
#2077 = CARTESIAN_POINT('', (135.99986118131844, -84.00013871908423, 14.0000003));
#2078 = DIRECTION('', (0.0, 0.0, 1.0));
#2079 = DIRECTION('', (-0.7071047347992675, -0.7071088275679053, 0.0));
#2080 = SURFACE_CURVE('', #2081, (#1751, #1841), .CURVE_3D.);
#2081 = INTERSECTION_CURVE('', #2082, (#2086, #2091), .CURVE_3D.);
#2082 = B_SPLINE_CURVE_WITH_KNOTS('', 1, (#2083, #2084, #2085), .UNSPECIFIED., .U., .U., (2, 1, 2), (0.0, 0.5, 1.0), .UNSPECIFIED.);
#2083 = CARTESIAN_POINT('', (139.46533910736494, -80.67872391476087, 13.0));
#2084 = CARTESIAN_POINT('', (139.32125628739232, -80.53464189939325, 13.0));
#2085 = CARTESIAN_POINT('', (139.17118881668125, -80.39680488954191, 13.0));
#2086 = PLANE('', #2087);
#2087 = AXIS2_PLACEMENT_3D('', #2088, #2089, #2090);
#2088 = CARTESIAN_POINT('', (143.0, -77.0, 13.0));
#2089 = DIRECTION('', (0.0, 0.0, 1.0));
#2090 = DIRECTION('', (-1.0, 0.0, 0.0));
#2091 = CYLINDRICAL_SURFACE('', #2092, 4.800138920691773);
#2092 = AXIS2_PLACEMENT_3D('', #2093, #2094, #2095);
#2093 = CARTESIAN_POINT('', (135.99986118131844, -84.00013871908423, 14.0000003));
#2094 = DIRECTION('', (0.0, 0.0, 1.0));
#2095 = DIRECTION('', (-0.7071047347992675, -0.7071088275679053, 0.0));
#2096 = SURFACE_CURVE('', #2097, (#1751, #1841), .CURVE_3D.);
#2097 = INTERSECTION_CURVE('', #2098, (#2103, #2108), .CURVE_3D.);
#2098 = B_SPLINE_CURVE_WITH_KNOTS('', 1, (#2099, #2100, #2101, #2102), .UNSPECIFIED., .U., .U., (2, 1, 1, 2), (0.0, 0.3333333333333333, 0.6666666666666666, 1.0), .UNSPECIFIED.);
#2099 = CARTESIAN_POINT('', (139.46533911501092, -80.67872390773796, 13.0));
#2100 = CARTESIAN_POINT('', (139.6031766550009, -80.82879022750208, 13.0));
#2101 = CARTESIAN_POINT('', (139.734521546032, -80.98457150574316, 13.0));
#2102 = CARTESIAN_POINT('', (139.85913677297242, -81.14578667954815, 13.0));
#2103 = PLANE('', #2104);
#2104 = AXIS2_PLACEMENT_3D('', #2105, #2106, #2107);
#2105 = CARTESIAN_POINT('', (143.0, -77.0, 13.0));
#2106 = DIRECTION('', (0.0, 0.0, 1.0));
#2107 = DIRECTION('', (-1.0, 0.0, 0.0));
#2108 = CYLINDRICAL_SURFACE('', #2109, 4.800138920691773);
#2109 = AXIS2_PLACEMENT_3D('', #2110, #2111, #2112);
#2110 = CARTESIAN_POINT('', (135.99986118131844, -84.00013871908423, 14.0000003));
#2111 = DIRECTION('', (0.0, 0.0, 1.0));
#2112 = DIRECTION('', (-0.7071047347992675, -0.7071088275679053, 0.0));
#2113 = SURFACE_CURVE('', #2114, (#1751, #1841), .CURVE_3D.);
#2114 = INTERSECTION_CURVE('', #2115, (#2120, #2125), .CURVE_3D.);
#2115 = B_SPLINE_CURVE_WITH_KNOTS('', 1, (#2116, #2117, #2118, #2119), .UNSPECIFIED., .U., .U., (2, 1, 1, 2), (0.0, 0.3333333333333333, 0.6666666666666666, 1.0), .UNSPECIFIED.);
#2116 = CARTESIAN_POINT('', (139.85913677297242, -81.14578667954815, 13.0));
#2117 = CARTESIAN_POINT('', (139.97679778565274, -81.31214524754341, 13.0));
#2118 = CARTESIAN_POINT('', (140.08729256503648, -81.483347440226, 13.0));
#2119 = CARTESIAN_POINT('', (140.19042223465544, -81.65908519202661, 13.0));
#2120 = PLANE('', #2121);
#2121 = AXIS2_PLACEMENT_3D('', #2122, #2123, #2124);
#2122 = CARTESIAN_POINT('', (143.0, -77.0, 13.0));
#2123 = DIRECTION('', (0.0, 0.0, 1.0));
#2124 = DIRECTION('', (-1.0, 0.0, 0.0));
#2125 = CYLINDRICAL_SURFACE('', #2126, 4.800138920691773);
#2126 = AXIS2_PLACEMENT_3D('', #2127, #2128, #2129);
#2127 = CARTESIAN_POINT('', (135.99986118131844, -84.00013871908423, 14.0000003));
#2128 = DIRECTION('', (0.0, 0.0, 1.0));
#2129 = DIRECTION('', (-0.7071047347992675, -0.7071088275679053, 0.0));
#2130 = SURFACE_CURVE('', #2131, (#1751, #1841), .CURVE_3D.);
#2131 = INTERSECTION_CURVE('', #2132, (#2140, #2145), .CURVE_3D.);
#2132 = B_SPLINE_CURVE_WITH_KNOTS('', 1, (#2133, #2134, #2135, #2136, #2137, #2138, #2139), .UNSPECIFIED., .U., .U., (2, 1, 1, 1, 1, 1, 2), (0.0, 0.16666666666666666, 0.3333333333333333, 0.5, 0.6666666666666666, 0.8333333333333334, 1.0), .UNSPECIFIED.);
#2133 = CARTESIAN_POINT('', (140.64508908991826, -82.79051429991138, 13.0));
#2134 = CARTESIAN_POINT('', (140.58956751266157, -82.59446114226637, 13.0));
#2135 = CARTESIAN_POINT('', (140.52577563603492, -82.40094141839606, 13.0));
#2136 = CARTESIAN_POINT('', (140.45382829652576, -82.21030336503856, 13.0));
#2137 = CARTESIAN_POINT('', (140.37385513950468, -82.02289050206893, 13.0));
#2138 = CARTESIAN_POINT('', (140.28600027244883, -81.83904053773664, 13.0));
#2139 = CARTESIAN_POINT('', (140.1904222438243, -81.65908518715683, 13.0));
#2140 = PLANE('', #2141);
#2141 = AXIS2_PLACEMENT_3D('', #2142, #2143, #2144);
#2142 = CARTESIAN_POINT('', (143.0, -77.0, 13.0));
#2143 = DIRECTION('', (0.0, 0.0, 1.0));
#2144 = DIRECTION('', (-1.0, 0.0, 0.0));
#2145 = CYLINDRICAL_SURFACE('', #2146, 4.800138920691773);
#2146 = AXIS2_PLACEMENT_3D('', #2147, #2148, #2149);
#2147 = CARTESIAN_POINT('', (135.99986118131844, -84.00013871908423, 14.0000003));
#2148 = DIRECTION('', (0.0, 0.0, 1.0));
#2149 = DIRECTION('', (-0.7071047347992675, -0.7071088275679053, 0.0));
#2150 = SURFACE_CURVE('', #2151, (#1751, #1841), .CURVE_3D.);
#2151 = INTERSECTION_CURVE('', #2152, (#2169, #2174), .CURVE_3D.);
#2152 = B_SPLINE_CURVE_WITH_KNOTS('', 1, (#2153, #2154, #2155, #2156, #2157, #2158, #2159, #2160, #2161, #2162, #2163, #2164, #2165, #2166, #2167, #2168), .UNSPECIFIED., .U., .U., (2, 1, 1, 1, 1, 1, 1, 1, 1, 1, 1, 1, 1, 1, 1, 2), (0.0, 0.06666666666666667, 0.13333333333333333, 0.2, 0.26666666666666666, 0.3333333333333333, 0.4, 0.4666666666666667, 0.5333333333333333, 0.6, 0.6666666666666666, 0.7333333333333333, 0.8, 0.8666666666666667, 0.9333333333333333, 1.0), .UNSPECIFIED.);
#2153 = CARTESIAN_POINT('', (140.6450891000183, -82.79051429750902, 13.0));
#2154 = CARTESIAN_POINT('', (140.6922400845841, -82.98874666546354, 13.0));
#2155 = CARTESIAN_POINT('', (140.7309356459732, -83.18880150939182, 13.0));
#2156 = CARTESIAN_POINT('', (140.76110605679287, -83.39031834085105, 13.0));
#2157 = CARTESIAN_POINT('', (140.7826969515291, -83.59293403697274, 13.0));
#2158 = CARTESIAN_POINT('', (140.78346980883524, -83.60211590982973, 13.0));
#2159 = CARTESIAN_POINT('', (140.7956694037373, -83.79628300609171, 13.0));
#2160 = CARTESIAN_POINT('', (140.79657771168183, -83.81890907118262, 13.0));
#2161 = CARTESIAN_POINT('', (140.79722745910217, -83.83701160691899, 13.0));
#2162 = CARTESIAN_POINT('', (140.79770823583095, -83.8518238531887, 13.0));
#2163 = CARTESIAN_POINT('', (140.79807393797083, -83.86416813462502, 13.0));
#2164 = CARTESIAN_POINT('', (140.79835856680032, -83.87461382329228, 13.0));
#2165 = CARTESIAN_POINT('', (140.79858443288046, -83.88356765553034, 13.0));
#2166 = CARTESIAN_POINT('', (140.79876666801957, -83.89132793078733, 13.0));
#2167 = CARTESIAN_POINT('', (140.798915828902, -83.8981183904897, 13.0));
#2168 = CARTESIAN_POINT('', (140.8000001, -83.9999998, 13.0));
#2169 = PLANE('', #2170);
#2170 = AXIS2_PLACEMENT_3D('', #2171, #2172, #2173);
#2171 = CARTESIAN_POINT('', (143.0, -77.0, 13.0));
#2172 = DIRECTION('', (0.0, 0.0, 1.0));
#2173 = DIRECTION('', (-1.0, 0.0, 0.0));
#2174 = CYLINDRICAL_SURFACE('', #2175, 4.800138920691773);
#2175 = AXIS2_PLACEMENT_3D('', #2176, #2177, #2178);
#2176 = CARTESIAN_POINT('', (135.99986118131844, -84.00013871908423, 14.0000003));
#2177 = DIRECTION('', (0.0, 0.0, 1.0));
#2178 = DIRECTION('', (-0.7071047347992675, -0.7071088275679053, 0.0));
#2179 = SURFACE_CURVE('', #2180, (#1751, #1836), .CURVE_3D.);
#2180 = INTERSECTION_CURVE('', #2181, (#2186, #2191), .CURVE_3D.);
#2181 = B_SPLINE_CURVE_WITH_KNOTS('', 1, (#2182, #2183, #2184, #2185), .UNSPECIFIED., .U., .U., (2, 1, 1, 2), (0.0, 0.3333333333333333, 0.6666666666666666, 1.0), .UNSPECIFIED.);
#2182 = CARTESIAN_POINT('', (140.8000001, -83.9999998, 13.0));
#2183 = CARTESIAN_POINT('', (140.80000010001538, -84.76521735651639, 13.0));
#2184 = CARTESIAN_POINT('', (140.80000010008033, -87.99999405423893, 13.0));
#2185 = CARTESIAN_POINT('', (140.8000001003213, -99.99997201696404, 13.0));
#2186 = PLANE('', #2187);
#2187 = AXIS2_PLACEMENT_3D('', #2188, #2189, #2190);
#2188 = CARTESIAN_POINT('', (143.0, -77.0, 13.0));
#2189 = DIRECTION('', (0.0, 0.0, 1.0));
#2190 = DIRECTION('', (-1.0, 0.0, 0.0));
#2191 = PLANE('', #2192);
#2192 = AXIS2_PLACEMENT_3D('', #2193, #2194, #2195);
#2193 = CARTESIAN_POINT('', (140.8000001003213, -99.99997201696402, 10.0000003));
#2194 = DIRECTION('', (0.9999999999999999, 2.0081748940E-11, -0.0));
#2195 = DIRECTION('', (-2.0081748940E-11, 0.9999999999999999, 0.0));
#2196 = SURFACE_CURVE('', #2197, (#1751, #1831), .CURVE_3D.);
#2197 = INTERSECTION_CURVE('', #2198, (#2210, #2215), .CURVE_3D.);
#2198 = B_SPLINE_CURVE_WITH_KNOTS('', 1, (#2199, #2200, #2201, #2202, #2203, #2204, #2205, #2206, #2207, #2208, #2209), .UNSPECIFIED., .U., .U., (2, 1, 1, 1, 1, 1, 1, 1, 1, 1, 2), (0.0, 0.1, 0.2, 0.3, 0.4, 0.5, 0.6, 0.7, 0.8, 0.9, 1.0), .UNSPECIFIED.);
#2199 = CARTESIAN_POINT('', (140.79567058318148, -100.20368883593518, 13.0));
#2200 = CARTESIAN_POINT('', (140.79657876016523, -100.18106276558731, 13.0));
#2201 = CARTESIAN_POINT('', (140.79722840280718, -100.16296022609049, 13.0));
#2202 = CARTESIAN_POINT('', (140.79770909380196, -100.14814797703826, 13.0));
#2203 = CARTESIAN_POINT('', (140.79807472449252, -100.13580369348549, 13.0));
#2204 = CARTESIAN_POINT('', (140.79835929286182, -100.1253580031709, 13.0));
#2205 = CARTESIAN_POINT('', (140.79858510711674, -100.1164041696257, 13.0));
#2206 = CARTESIAN_POINT('', (140.798767297339, -100.10864389331405, 13.0));
#2207 = CARTESIAN_POINT('', (140.7989164189179, -100.10185343274846, 13.0));
#2208 = CARTESIAN_POINT('', (140.80000009890156, -100.00002206780087, 13.0));
#2209 = CARTESIAN_POINT('', (140.8000001003213, -99.99997201696404, 13.0));
#2210 = PLANE('', #2211);
#2211 = AXIS2_PLACEMENT_3D('', #2212, #2213, #2214);
#2212 = CARTESIAN_POINT('', (143.0, -77.0, 13.0));
#2213 = DIRECTION('', (0.0, 0.0, 1.0));
#2214 = DIRECTION('', (-1.0, 0.0, 0.0));
#2215 = CYLINDRICAL_SURFACE('', #2216, 4.800138920690668);
#2216 = AXIS2_PLACEMENT_3D('', #2217, #2218, #2219);
#2217 = CARTESIAN_POINT('', (135.99986118091718, -99.99986088131953, 14.0000003));
#2218 = DIRECTION('', (0.0, 0.0, 1.0));
#2219 = DIRECTION('', (-0.7071088275678667, 0.7071047347993059, 0.0));
#2220 = SURFACE_CURVE('', #2221, (#1751, #1831), .CURVE_3D.);
#2221 = INTERSECTION_CURVE('', #2222, (#2229, #2234), .CURVE_3D.);
#2222 = B_SPLINE_CURVE_WITH_KNOTS('', 1, (#2223, #2224, #2225, #2226, #2227, #2228), .UNSPECIFIED., .U., .U., (2, 1, 1, 1, 1, 2), (0.0, 0.2, 0.4, 0.6, 0.8, 1.0), .UNSPECIFIED.);
#2223 = CARTESIAN_POINT('', (140.64509584439512, -101.20945935995054, 13.0));
#2224 = CARTESIAN_POINT('', (140.6922457320637, -101.01122673109435, 13.0));
#2225 = CARTESIAN_POINT('', (140.73094017627832, -100.81117167108007, 13.0));
#2226 = CARTESIAN_POINT('', (140.76110946175942, -100.60965467114221, 13.0));
#2227 = CARTESIAN_POINT('', (140.78269922502074, -100.40703885445281, 13.0));
#2228 = CARTESIAN_POINT('', (140.79567058318148, -100.20368883593518, 13.0));
#2229 = PLANE('', #2230);
#2230 = AXIS2_PLACEMENT_3D('', #2231, #2232, #2233);
#2231 = CARTESIAN_POINT('', (143.0, -77.0, 13.0));
#2232 = DIRECTION('', (0.0, 0.0, 1.0));
#2233 = DIRECTION('', (-1.0, 0.0, 0.0));
#2234 = CYLINDRICAL_SURFACE('', #2235, 4.800138920690668);
#2235 = AXIS2_PLACEMENT_3D('', #2236, #2237, #2238);
#2236 = CARTESIAN_POINT('', (135.99986118091718, -99.99986088131953, 14.0000003));
#2237 = DIRECTION('', (0.0, 0.0, 1.0));
#2238 = DIRECTION('', (-0.7071088275678667, 0.7071047347993059, 0.0));
#2239 = SURFACE_CURVE('', #2240, (#1751, #1831), .CURVE_3D.);
#2240 = INTERSECTION_CURVE('', #2241, (#2249, #2254), .CURVE_3D.);
#2241 = B_SPLINE_CURVE_WITH_KNOTS('', 1, (#2242, #2243, #2244, #2245, #2246, #2247, #2248), .UNSPECIFIED., .U., .U., (2, 1, 1, 1, 1, 1, 2), (0.0, 0.16666666666666666, 0.3333333333333333, 0.5, 0.6666666666666666, 0.8333333333333334, 1.0), .UNSPECIFIED.);
#2242 = CARTESIAN_POINT('', (140.19043555493008, -102.34089058506012, 13.0));
#2243 = CARTESIAN_POINT('', (140.28601256049882, -102.16093469061893, 13.0));
#2244 = CARTESIAN_POINT('', (140.37386638213832, -101.97708422672582, 13.0));
#2245 = CARTESIAN_POINT('', (140.45383847348373, -101.78967090901267, 13.0));
#2246 = CARTESIAN_POINT('', (140.52578472897815, -101.59903244654845, 13.0));
#2247 = CARTESIAN_POINT('', (140.5895755052043, -101.40551235994539, 13.0));
#2248 = CARTESIAN_POINT('', (140.64509585438412, -101.20945936277933, 13.0));
#2249 = PLANE('', #2250);
#2250 = AXIS2_PLACEMENT_3D('', #2251, #2252, #2253);
#2251 = CARTESIAN_POINT('', (143.0, -77.0, 13.0));
#2252 = DIRECTION('', (0.0, 0.0, 1.0));
#2253 = DIRECTION('', (-1.0, 0.0, 0.0));
#2254 = CYLINDRICAL_SURFACE('', #2255, 4.800138920690668);
#2255 = AXIS2_PLACEMENT_3D('', #2256, #2257, #2258);
#2256 = CARTESIAN_POINT('', (135.99986118091718, -99.99986088131953, 14.0000003));
#2257 = DIRECTION('', (0.0, 0.0, 1.0));
#2258 = DIRECTION('', (-0.7071088275678667, 0.7071047347993059, 0.0));
#2259 = SURFACE_CURVE('', #2260, (#1751, #1831), .CURVE_3D.);
#2260 = INTERSECTION_CURVE('', #2261, (#2264, #2269), .CURVE_3D.);
#2261 = B_SPLINE_CURVE_WITH_KNOTS('', 1, (#2262, #2263), .UNSPECIFIED., .U., .U., (2, 2), (0.0, 1.0), .UNSPECIFIED.);
#2262 = CARTESIAN_POINT('', (140.0873068666918, -102.51662891276898, 13.0));
#2263 = CARTESIAN_POINT('', (140.19043555493008, -102.34089058506012, 13.0));
#2264 = PLANE('', #2265);
#2265 = AXIS2_PLACEMENT_3D('', #2266, #2267, #2268);
#2266 = CARTESIAN_POINT('', (143.0, -77.0, 13.0));
#2267 = DIRECTION('', (0.0, 0.0, 1.0));
#2268 = DIRECTION('', (-1.0, 0.0, 0.0));
#2269 = CYLINDRICAL_SURFACE('', #2270, 4.800138920690668);
#2270 = AXIS2_PLACEMENT_3D('', #2271, #2272, #2273);
#2271 = CARTESIAN_POINT('', (135.99986118091718, -99.99986088131953, 14.0000003));
#2272 = DIRECTION('', (0.0, 0.0, 1.0));
#2273 = DIRECTION('', (-0.7071088275678667, 0.7071047347993059, 0.0));
#2274 = SURFACE_CURVE('', #2275, (#1751, #1831), .CURVE_3D.);
#2275 = INTERSECTION_CURVE('', #2276, (#2280, #2285), .CURVE_3D.);
#2276 = B_SPLINE_CURVE_WITH_KNOTS('', 1, (#2277, #2278, #2279), .UNSPECIFIED., .U., .U., (2, 1, 2), (0.0, 0.5, 1.0), .UNSPECIFIED.);
#2277 = CARTESIAN_POINT('', (139.85915329363482, -102.85419058313128, 13.0));
#2278 = CARTESIAN_POINT('', (139.9768130697604, -102.68783173900302, 13.0));
#2279 = CARTESIAN_POINT('', (140.08730687541467, -102.51662891839871, 13.0));
#2280 = PLANE('', #2281);
#2281 = AXIS2_PLACEMENT_3D('', #2282, #2283, #2284);
#2282 = CARTESIAN_POINT('', (143.0, -77.0, 13.0));
#2283 = DIRECTION('', (0.0, 0.0, 1.0));
#2284 = DIRECTION('', (-1.0, 0.0, 0.0));
#2285 = CYLINDRICAL_SURFACE('', #2286, 4.800138920690668);
#2286 = AXIS2_PLACEMENT_3D('', #2287, #2288, #2289);
#2287 = CARTESIAN_POINT('', (135.99986118091718, -99.99986088131953, 14.0000003));
#2288 = DIRECTION('', (0.0, 0.0, 1.0));
#2289 = DIRECTION('', (-0.7071088275678667, 0.7071047347993059, 0.0));
#2290 = SURFACE_CURVE('', #2291, (#1751, #1831), .CURVE_3D.);
#2291 = INTERSECTION_CURVE('', #2292, (#2296, #2301), .CURVE_3D.);
#2292 = B_SPLINE_CURVE_WITH_KNOTS('', 1, (#2293, #2294, #2295), .UNSPECIFIED., .U., .U., (2, 1, 2), (0.0, 0.5, 1.0), .UNSPECIFIED.);
#2293 = CARTESIAN_POINT('', (139.85915329363482, -102.85419058313128, 13.0));
#2294 = CARTESIAN_POINT('', (139.73453869252938, -103.01540685878156, 13.0));
#2295 = CARTESIAN_POINT('', (139.60319467964973, -103.17118887684367, 13.0));
#2296 = PLANE('', #2297);
#2297 = AXIS2_PLACEMENT_3D('', #2298, #2299, #2300);
#2298 = CARTESIAN_POINT('', (143.0, -77.0, 13.0));
#2299 = DIRECTION('', (0.0, 0.0, 1.0));
#2300 = DIRECTION('', (-1.0, 0.0, 0.0));
#2301 = CYLINDRICAL_SURFACE('', #2302, 4.800138920690668);
#2302 = AXIS2_PLACEMENT_3D('', #2303, #2304, #2305);
#2303 = CARTESIAN_POINT('', (135.99986118091718, -99.99986088131953, 14.0000003));
#2304 = DIRECTION('', (0.0, 0.0, 1.0));
#2305 = DIRECTION('', (-0.7071088275678667, 0.7071047347993059, 0.0));
#2306 = SURFACE_CURVE('', #2307, (#1751, #1831), .CURVE_3D.);
#2307 = INTERSECTION_CURVE('', #2308, (#2315, #2320), .CURVE_3D.);
#2308 = B_SPLINE_CURVE_WITH_KNOTS('', 1, (#2309, #2310, #2311, #2312, #2313, #2314), .UNSPECIFIED., .U., .U., (2, 1, 1, 1, 1, 2), (0.0, 0.2, 0.4, 0.6, 0.8, 1.0), .UNSPECIFIED.);
#2309 = CARTESIAN_POINT('', (138.85421282119165, -103.85913675535934, 13.0));
#2310 = CARTESIAN_POINT('', (139.01542801403292, -103.73452155304618, 13.0));
#2311 = CARTESIAN_POINT('', (139.17120930564616, -103.60317667787515, 13.0));
#2312 = CARTESIAN_POINT('', (139.32127599258064, -103.46533881470648, 13.0));
#2313 = CARTESIAN_POINT('', (139.46535766245728, -103.3212563402137, 13.0));
#2314 = CARTESIAN_POINT('', (139.60319468729574, -103.17118888386653, 13.0));
#2315 = PLANE('', #2316);
#2316 = AXIS2_PLACEMENT_3D('', #2317, #2318, #2319);
#2317 = CARTESIAN_POINT('', (143.0, -77.0, 13.0));
#2318 = DIRECTION('', (0.0, 0.0, 1.0));
#2319 = DIRECTION('', (-1.0, 0.0, 0.0));
#2320 = CYLINDRICAL_SURFACE('', #2321, 4.800138920690668);
#2321 = AXIS2_PLACEMENT_3D('', #2322, #2323, #2324);
#2322 = CARTESIAN_POINT('', (135.99986118091718, -99.99986088131953, 14.0000003));
#2323 = DIRECTION('', (0.0, 0.0, 1.0));
#2324 = DIRECTION('', (-0.7071088275678667, 0.7071047347993059, 0.0));
#2325 = SURFACE_CURVE('', #2326, (#1751, #1831), .CURVE_3D.);
#2326 = INTERSECTION_CURVE('', #2327, (#2332, #2337), .CURVE_3D.);
#2327 = B_SPLINE_CURVE_WITH_KNOTS('', 1, (#2328, #2329, #2330, #2331), .UNSPECIFIED., .U., .U., (2, 1, 1, 2), (0.0, 0.3333333333333333, 0.6666666666666666, 1.0), .UNSPECIFIED.);
#2328 = CARTESIAN_POINT('', (138.34091513986755, -104.19042170526807, 13.0));
#2329 = CARTESIAN_POINT('', (138.51665204363454, -104.08729252127046, 13.0));
#2330 = CARTESIAN_POINT('', (138.68785424756652, -103.97679775931677, 13.0));
#2331 = CARTESIAN_POINT('', (138.85421282718656, -103.85913676383541, 13.0));
#2332 = PLANE('', #2333);
#2333 = AXIS2_PLACEMENT_3D('', #2334, #2335, #2336);
#2334 = CARTESIAN_POINT('', (143.0, -77.0, 13.0));
#2335 = DIRECTION('', (0.0, 0.0, 1.0));
#2336 = DIRECTION('', (-1.0, 0.0, 0.0));
#2337 = CYLINDRICAL_SURFACE('', #2338, 4.800138920690668);
#2338 = AXIS2_PLACEMENT_3D('', #2339, #2340, #2341);
#2339 = CARTESIAN_POINT('', (135.99986118091718, -99.99986088131953, 14.0000003));
#2340 = DIRECTION('', (0.0, 0.0, 1.0));
#2341 = DIRECTION('', (-0.7071088275678667, 0.7071047347993059, 0.0));
#2342 = SURFACE_CURVE('', #2343, (#1751, #1831), .CURVE_3D.);
#2343 = INTERSECTION_CURVE('', #2344, (#2347, #2352), .CURVE_3D.);
#2344 = B_SPLINE_CURVE_WITH_KNOTS('', 1, (#2345, #2346), .UNSPECIFIED., .U., .U., (2, 2), (0.0, 1.0), .UNSPECIFIED.);
#2345 = CARTESIAN_POINT('', (138.34091513986755, -104.19042170526807, 13.0));
#2346 = CARTESIAN_POINT('', (138.16095936226364, -104.28599997244928, 13.0));
#2347 = PLANE('', #2348);
#2348 = AXIS2_PLACEMENT_3D('', #2349, #2350, #2351);
#2349 = CARTESIAN_POINT('', (143.0, -77.0, 13.0));
#2350 = DIRECTION('', (0.0, 0.0, 1.0));
#2351 = DIRECTION('', (-1.0, 0.0, 0.0));
#2352 = CYLINDRICAL_SURFACE('', #2353, 4.800138920690668);
#2353 = AXIS2_PLACEMENT_3D('', #2354, #2355, #2356);
#2354 = CARTESIAN_POINT('', (135.99986118091718, -99.99986088131953, 14.0000003));
#2355 = DIRECTION('', (0.0, 0.0, 1.0));
#2356 = DIRECTION('', (-0.7071088275678667, 0.7071047347993059, 0.0));
#2357 = SURFACE_CURVE('', #2358, (#1751, #1831), .CURVE_3D.);
#2358 = INTERSECTION_CURVE('', #2359, (#2362, #2367), .CURVE_3D.);
#2359 = B_SPLINE_CURVE_WITH_KNOTS('', 1, (#2360, #2361), .UNSPECIFIED., .U., .U., (2, 2), (0.0, 1.0), .UNSPECIFIED.);
#2360 = CARTESIAN_POINT('', (137.97710894814045, -104.37385503144068, 13.0));
#2361 = CARTESIAN_POINT('', (138.16095936226364, -104.28599997244928, 13.0));
#2362 = PLANE('', #2363);
#2363 = AXIS2_PLACEMENT_3D('', #2364, #2365, #2366);
#2364 = CARTESIAN_POINT('', (143.0, -77.0, 13.0));
#2365 = DIRECTION('', (0.0, 0.0, 1.0));
#2366 = DIRECTION('', (-1.0, 0.0, 0.0));
#2367 = CYLINDRICAL_SURFACE('', #2368, 4.800138920690668);
#2368 = AXIS2_PLACEMENT_3D('', #2369, #2370, #2371);
#2369 = CARTESIAN_POINT('', (135.99986118091718, -99.99986088131953, 14.0000003));
#2370 = DIRECTION('', (0.0, 0.0, 1.0));
#2371 = DIRECTION('', (-0.7071088275678667, 0.7071047347993059, 0.0));
#2372 = SURFACE_CURVE('', #2373, (#1751, #1831), .CURVE_3D.);
#2373 = INTERSECTION_CURVE('', #2374, (#2394, #2399), .CURVE_3D.);
#2374 = B_SPLINE_CURVE_WITH_KNOTS('', 1, (#2375, #2376, #2377, #2378, #2379, #2380, #2381, #2382, #2383, #2384, #2385, #2386, #2387, #2388, #2389, #2390, #2391, #2392, #2393), .UNSPECIFIED., .U., .U., (2, 1, 1, 1, 1, 1, 1, 1, 1, 1, 1, 1, 1, 1, 1, 1, 1, 1, 2), (0.0, 0.05555555555555555, 0.1111111111111111, 0.16666666666666666, 0.2222222222222222, 0.2777777777777778, 0.3333333333333333, 0.3888888888888889, 0.4444444444444444, 0.5, 0.5555555555555556, 0.6111111111111112, 0.6666666666666666, 0.7222222222222222, 0.7777777777777778, 0.8333333333333334, 0.8888888888888888, 0.9444444444444444, 1.0), .UNSPECIFIED.);
#2375 = CARTESIAN_POINT('', (137.97710895221513, -104.37385504098947, 13.0));
#2376 = CARTESIAN_POINT('', (137.78969608109608, -104.45382817891287, 13.0));
#2377 = CARTESIAN_POINT('', (137.599058020407, -104.52577549899574, 13.0));
#2378 = CARTESIAN_POINT('', (137.4055382900362, -104.58956735590243, 13.0));
#2379 = CARTESIAN_POINT('', (137.2094856024911, -104.64508880001861, 13.0));
#2380 = CARTESIAN_POINT('', (137.01125323453658, -104.69223978458437, 13.0));
#2381 = CARTESIAN_POINT('', (136.81119839060827, -104.73093534597342, 13.0));
#2382 = CARTESIAN_POINT('', (136.60968155914904, -104.76110575679303, 13.0));
#2383 = CARTESIAN_POINT('', (136.4070658630273, -104.78269665152919, 13.0));
#2384 = CARTESIAN_POINT('', (136.20371689390828, -104.79566910373734, 13.0));
#2385 = CARTESIAN_POINT('', (136.18109082881736, -104.79657741168188, 13.0));
#2386 = CARTESIAN_POINT('', (136.162988293081, -104.79722715910222, 13.0));
#2387 = CARTESIAN_POINT('', (136.14817604681127, -104.79770793583097, 13.0));
#2388 = CARTESIAN_POINT('', (136.13583176537497, -104.79807363797087, 13.0));
#2389 = CARTESIAN_POINT('', (136.12538607670768, -104.79835826680035, 13.0));
#2390 = CARTESIAN_POINT('', (136.11643224446965, -104.79858413288048, 13.0));
#2391 = CARTESIAN_POINT('', (136.10867196921265, -104.79876636801959, 13.0));
#2392 = CARTESIAN_POINT('', (136.10188150951035, -104.79891552890203, 13.0));
#2393 = CARTESIAN_POINT('', (136.0000001, -104.7999998, 13.0));
#2394 = PLANE('', #2395);
#2395 = AXIS2_PLACEMENT_3D('', #2396, #2397, #2398);
#2396 = CARTESIAN_POINT('', (143.0, -77.0, 13.0));
#2397 = DIRECTION('', (0.0, 0.0, 1.0));
#2398 = DIRECTION('', (-1.0, 0.0, 0.0));
#2399 = CYLINDRICAL_SURFACE('', #2400, 4.800138920690668);
#2400 = AXIS2_PLACEMENT_3D('', #2401, #2402, #2403);
#2401 = CARTESIAN_POINT('', (135.99986118091718, -99.99986088131953, 14.0000003));
#2402 = DIRECTION('', (0.0, 0.0, 1.0));
#2403 = DIRECTION('', (-0.7071088275678667, 0.7071047347993059, 0.0));
#2404 = SURFACE_CURVE('', #2405, (#1751, #1826), .CURVE_3D.);
#2405 = INTERSECTION_CURVE('', #2406, (#2411, #2416), .CURVE_3D.);
#2406 = B_SPLINE_CURVE_WITH_KNOTS('', 1, (#2407, #2408, #2409, #2410), .UNSPECIFIED., .U., .U., (2, 1, 1, 2), (0.0, 0.3333333333333333, 0.6666666666666666, 1.0), .UNSPECIFIED.);
#2407 = CARTESIAN_POINT('', (104.00002788303608, -104.79999980032099, 13.0));
#2408 = CARTESIAN_POINT('', (123.74285602925646, -104.79999980012295, 13.0));
#2409 = CARTESIAN_POINT('', (128.0000046457611, -104.79999980008024, 13.0));
#2410 = CARTESIAN_POINT('', (136.0000001, -104.7999998, 13.0));
#2411 = PLANE('', #2412);
#2412 = AXIS2_PLACEMENT_3D('', #2413, #2414, #2415);
#2413 = CARTESIAN_POINT('', (143.0, -77.0, 13.0));
#2414 = DIRECTION('', (0.0, 0.0, 1.0));
#2415 = DIRECTION('', (-1.0, 0.0, 0.0));
#2416 = PLANE('', #2417);
#2417 = AXIS2_PLACEMENT_3D('', #2418, #2419, #2420);
#2418 = CARTESIAN_POINT('', (104.00002788303608, -104.799999800321, 10.0000003));
#2419 = DIRECTION('', (1.0031539871E-11, -1.0, 0.0));
#2420 = DIRECTION('', (1.0, 1.0031539871E-11, 0.0));
#2421 = SURFACE_CURVE('', #2422, (#1751, #1821), .CURVE_3D.);
#2422 = INTERSECTION_CURVE('', #2423, (#2434, #2439), .CURVE_3D.);
#2423 = B_SPLINE_CURVE_WITH_KNOTS('', 1, (#2424, #2425, #2426, #2427, #2428, #2429, #2430, #2431, #2432, #2433), .UNSPECIFIED., .U., .U., (2, 1, 1, 1, 1, 1, 1, 1, 1, 2), (0.0, 0.1111111111111111, 0.2222222222222222, 0.3333333333333333, 0.4444444444444444, 0.5555555555555556, 0.6666666666666666, 0.7777777777777778, 0.8888888888888888, 1.0), .UNSPECIFIED.);
#2424 = CARTESIAN_POINT('', (103.79631106406492, -104.79567028318111, 13.0));
#2425 = CARTESIAN_POINT('', (103.81893713441278, -104.79657846016487, 13.0));
#2426 = CARTESIAN_POINT('', (103.83703967390963, -104.79722810280684, 13.0));
#2427 = CARTESIAN_POINT('', (103.85185192296186, -104.79770879380158, 13.0));
#2428 = CARTESIAN_POINT('', (103.86419620651465, -104.79807442449217, 13.0));
#2429 = CARTESIAN_POINT('', (103.87464189682919, -104.79835899286148, 13.0));
#2430 = CARTESIAN_POINT('', (103.88359573037442, -104.7985848071164, 13.0));
#2431 = CARTESIAN_POINT('', (103.89135600668607, -104.79876699733866, 13.0));
#2432 = CARTESIAN_POINT('', (103.89814646725168, -104.79891611891757, 13.0));
#2433 = CARTESIAN_POINT('', (104.00002788303608, -104.79999980032099, 13.0));
#2434 = PLANE('', #2435);
#2435 = AXIS2_PLACEMENT_3D('', #2436, #2437, #2438);
#2436 = CARTESIAN_POINT('', (143.0, -77.0, 13.0));
#2437 = DIRECTION('', (0.0, 0.0, 1.0));
#2438 = DIRECTION('', (-1.0, 0.0, 0.0));
#2439 = CYLINDRICAL_SURFACE('', #2440, 4.800138920691241);
#2440 = AXIS2_PLACEMENT_3D('', #2441, #2442, #2443);
#2441 = CARTESIAN_POINT('', (104.00013901868104, -99.99986088091627, 14.0000003));
#2442 = DIRECTION('', (0.0, 0.0, 1.0));
#2443 = DIRECTION('', (0.7071047347992748, 0.7071088275678978, 0.0));
#2444 = SURFACE_CURVE('', #2445, (#1751, #1821), .CURVE_3D.);
#2445 = INTERSECTION_CURVE('', #2446, (#2453, #2458), .CURVE_3D.);
#2446 = B_SPLINE_CURVE_WITH_KNOTS('', 1, (#2447, #2448, #2449, #2450, #2451, #2452), .UNSPECIFIED., .U., .U., (2, 1, 1, 1, 1, 2), (0.0, 0.2, 0.4, 0.6, 0.8, 1.0), .UNSPECIFIED.);
#2447 = CARTESIAN_POINT('', (102.79054101057686, -104.64509567764348, 13.0));
#2448 = CARTESIAN_POINT('', (102.98877316890582, -104.6922454320633, 13.0));
#2449 = CARTESIAN_POINT('', (103.18882822892007, -104.73093987627794, 13.0));
#2450 = CARTESIAN_POINT('', (103.39034522885794, -104.76110916175902, 13.0));
#2451 = CARTESIAN_POINT('', (103.59296104554733, -104.78269892502038, 13.0));
#2452 = CARTESIAN_POINT('', (103.79631106406492, -104.79567028318111, 13.0));
#2453 = PLANE('', #2454);
#2454 = AXIS2_PLACEMENT_3D('', #2455, #2456, #2457);
#2455 = CARTESIAN_POINT('', (143.0, -77.0, 13.0));
#2456 = DIRECTION('', (0.0, 0.0, 1.0));
#2457 = DIRECTION('', (-1.0, 0.0, 0.0));
#2458 = CYLINDRICAL_SURFACE('', #2459, 4.800138920691241);
#2459 = AXIS2_PLACEMENT_3D('', #2460, #2461, #2462);
#2460 = CARTESIAN_POINT('', (104.00013901868104, -99.99986088091627, 14.0000003));
#2461 = DIRECTION('', (0.0, 0.0, 1.0));
#2462 = DIRECTION('', (0.7071047347992748, 0.7071088275678978, 0.0));
#2463 = SURFACE_CURVE('', #2464, (#1751, #1821), .CURVE_3D.);
#2464 = INTERSECTION_CURVE('', #2465, (#2470, #2475), .CURVE_3D.);
#2465 = B_SPLINE_CURVE_WITH_KNOTS('', 1, (#2466, #2467, #2468, #2469), .UNSPECIFIED., .U., .U., (2, 1, 1, 2), (0.0, 0.3333333333333333, 0.6666666666666666, 1.0), .UNSPECIFIED.);
#2466 = CARTESIAN_POINT('', (102.21032899465327, -104.45383816377017, 13.0));
#2467 = CARTESIAN_POINT('', (102.40096745345178, -104.52578442897772, 13.0));
#2468 = CARTESIAN_POINT('', (102.59448754005483, -104.58957520520389, 13.0));
#2469 = CARTESIAN_POINT('', (102.79054101057686, -104.64509567764348, 13.0));
#2470 = PLANE('', #2471);
#2471 = AXIS2_PLACEMENT_3D('', #2472, #2473, #2474);
#2472 = CARTESIAN_POINT('', (143.0, -77.0, 13.0));
#2473 = DIRECTION('', (0.0, 0.0, 1.0));
#2474 = DIRECTION('', (-1.0, 0.0, 0.0));
#2475 = CYLINDRICAL_SURFACE('', #2476, 4.800138920691241);
#2476 = AXIS2_PLACEMENT_3D('', #2477, #2478, #2479);
#2477 = CARTESIAN_POINT('', (104.00013901868104, -99.99986088091627, 14.0000003));
#2478 = DIRECTION('', (0.0, 0.0, 1.0));
#2479 = DIRECTION('', (0.7071047347992748, 0.7071088275678978, 0.0));
#2480 = SURFACE_CURVE('', #2481, (#1751, #1821), .CURVE_3D.);
#2481 = INTERSECTION_CURVE('', #2482, (#2487, #2492), .CURVE_3D.);
#2482 = B_SPLINE_CURVE_WITH_KNOTS('', 1, (#2483, #2484, #2485, #2486), .UNSPECIFIED., .U., .U., (2, 1, 1, 2), (0.0, 0.3333333333333333, 0.6666666666666666, 1.0), .UNSPECIFIED.);
#2483 = CARTESIAN_POINT('', (101.65910931494015, -104.19043525492967, 13.0));
#2484 = CARTESIAN_POINT('', (101.83906520938135, -104.2860122604984, 13.0));
#2485 = CARTESIAN_POINT('', (102.02291567327444, -104.37386608213792, 13.0));
#2486 = CARTESIAN_POINT('', (102.21032899057866, -104.45383817331899, 13.0));
#2487 = PLANE('', #2488);
#2488 = AXIS2_PLACEMENT_3D('', #2489, #2490, #2491);
#2489 = CARTESIAN_POINT('', (143.0, -77.0, 13.0));
#2490 = DIRECTION('', (0.0, 0.0, 1.0));
#2491 = DIRECTION('', (-1.0, 0.0, 0.0));
#2492 = CYLINDRICAL_SURFACE('', #2493, 4.800138920691241);
#2493 = AXIS2_PLACEMENT_3D('', #2494, #2495, #2496);
#2494 = CARTESIAN_POINT('', (104.00013901868104, -99.99986088091627, 14.0000003));
#2495 = DIRECTION('', (0.0, 0.0, 1.0));
#2496 = DIRECTION('', (0.7071047347992748, 0.7071088275678978, 0.0));
#2497 = SURFACE_CURVE('', #2498, (#1751, #1821), .CURVE_3D.);
#2498 = INTERSECTION_CURVE('', #2499, (#2502, #2507), .CURVE_3D.);
#2499 = B_SPLINE_CURVE_WITH_KNOTS('', 1, (#2500, #2501), .UNSPECIFIED., .U., .U., (2, 2), (0.0, 1.0), .UNSPECIFIED.);
#2500 = CARTESIAN_POINT('', (101.65910931494015, -104.19043525492967, 13.0));
#2501 = CARTESIAN_POINT('', (101.48337098723131, -104.08730656669137, 13.0));
#2502 = PLANE('', #2503);
#2503 = AXIS2_PLACEMENT_3D('', #2504, #2505, #2506);
#2504 = CARTESIAN_POINT('', (143.0, -77.0, 13.0));
#2505 = DIRECTION('', (0.0, 0.0, 1.0));
#2506 = DIRECTION('', (-1.0, 0.0, 0.0));
#2507 = CYLINDRICAL_SURFACE('', #2508, 4.800138920691241);
#2508 = AXIS2_PLACEMENT_3D('', #2509, #2510, #2511);
#2509 = CARTESIAN_POINT('', (104.00013901868104, -99.99986088091627, 14.0000003));
#2510 = DIRECTION('', (0.0, 0.0, 1.0));
#2511 = DIRECTION('', (0.7071047347992748, 0.7071088275678978, 0.0));
#2512 = SURFACE_CURVE('', #2513, (#1751, #1821), .CURVE_3D.);
#2513 = INTERSECTION_CURVE('', #2514, (#2517, #2522), .CURVE_3D.);
#2514 = B_SPLINE_CURVE_WITH_KNOTS('', 1, (#2515, #2516), .UNSPECIFIED., .U., .U., (2, 2), (0.0, 1.0), .UNSPECIFIED.);
#2515 = CARTESIAN_POINT('', (101.48337098160158, -104.08730657541426, 13.0));
#2516 = CARTESIAN_POINT('', (101.31216816662702, -103.97681276103711, 13.0));
#2517 = PLANE('', #2518);
#2518 = AXIS2_PLACEMENT_3D('', #2519, #2520, #2521);
#2519 = CARTESIAN_POINT('', (143.0, -77.0, 13.0));
#2520 = DIRECTION('', (0.0, 0.0, 1.0));
#2521 = DIRECTION('', (-1.0, 0.0, 0.0));
#2522 = CYLINDRICAL_SURFACE('', #2523, 4.800138920691241);
#2523 = AXIS2_PLACEMENT_3D('', #2524, #2525, #2526);
#2524 = CARTESIAN_POINT('', (104.00013901868104, -99.99986088091627, 14.0000003));
#2525 = DIRECTION('', (0.0, 0.0, 1.0));
#2526 = DIRECTION('', (0.7071047347992748, 0.7071088275678978, 0.0));
#2527 = SURFACE_CURVE('', #2528, (#1751, #1821), .CURVE_3D.);
#2528 = INTERSECTION_CURVE('', #2529, (#2532, #2537), .CURVE_3D.);
#2529 = B_SPLINE_CURVE_WITH_KNOTS('', 1, (#2530, #2531), .UNSPECIFIED., .U., .U., (2, 2), (0.0, 1.0), .UNSPECIFIED.);
#2530 = CARTESIAN_POINT('', (101.14580931686902, -103.85915299363444, 13.0));
#2531 = CARTESIAN_POINT('', (101.31216816063215, -103.97681276951323, 13.0));
#2532 = PLANE('', #2533);
#2533 = AXIS2_PLACEMENT_3D('', #2534, #2535, #2536);
#2534 = CARTESIAN_POINT('', (143.0, -77.0, 13.0));
#2535 = DIRECTION('', (0.0, 0.0, 1.0));
#2536 = DIRECTION('', (-1.0, 0.0, 0.0));
#2537 = CYLINDRICAL_SURFACE('', #2538, 4.800138920691241);
#2538 = AXIS2_PLACEMENT_3D('', #2539, #2540, #2541);
#2539 = CARTESIAN_POINT('', (104.00013901868104, -99.99986088091627, 14.0000003));
#2540 = DIRECTION('', (0.0, 0.0, 1.0));
#2541 = DIRECTION('', (0.7071047347992748, 0.7071088275678978, 0.0));
#2542 = SURFACE_CURVE('', #2543, (#1751, #1821), .CURVE_3D.);
#2543 = INTERSECTION_CURVE('', #2544, (#2551, #2556), .CURVE_3D.);
#2544 = B_SPLINE_CURVE_WITH_KNOTS('', 1, (#2545, #2546, #2547, #2548, #2549, #2550), .UNSPECIFIED., .U., .U., (2, 1, 1, 1, 1, 2), (0.0, 0.2, 0.4, 0.6, 0.8, 1.0), .UNSPECIFIED.);
#2545 = CARTESIAN_POINT('', (100.39682322977116, -103.17120899862293, 13.0));
#2546 = CARTESIAN_POINT('', (100.53466108529383, -103.32127569258031, 13.0));
#2547 = CARTESIAN_POINT('', (100.67874355978662, -103.4653573624569, 13.0));
#2548 = CARTESIAN_POINT('', (100.82881101646461, -103.60319438758656, 13.0));
#2549 = CARTESIAN_POINT('', (100.98459304156164, -103.73453839280587, 13.0));
#2550 = CARTESIAN_POINT('', (101.14580931686902, -103.85915299363444, 13.0));
#2551 = PLANE('', #2552);
#2552 = AXIS2_PLACEMENT_3D('', #2553, #2554, #2555);
#2553 = CARTESIAN_POINT('', (143.0, -77.0, 13.0));
#2554 = DIRECTION('', (0.0, 0.0, 1.0));
#2555 = DIRECTION('', (-1.0, 0.0, 0.0));
#2556 = CYLINDRICAL_SURFACE('', #2557, 4.800138920691241);
#2557 = AXIS2_PLACEMENT_3D('', #2558, #2559, #2560);
#2558 = CARTESIAN_POINT('', (104.00013901868104, -99.99986088091627, 14.0000003));
#2559 = DIRECTION('', (0.0, 0.0, 1.0));
#2560 = DIRECTION('', (0.7071047347992748, 0.7071088275678978, 0.0));
#2561 = SURFACE_CURVE('', #2562, (#1751, #1821), .CURVE_3D.);
#2562 = INTERSECTION_CURVE('', #2563, (#2571, #2576), .CURVE_3D.);
#2563 = B_SPLINE_CURVE_WITH_KNOTS('', 1, (#2564, #2565, #2566, #2567, #2568, #2569, #2570), .UNSPECIFIED., .U., .U., (2, 1, 1, 1, 1, 1, 2), (0.0, 0.16666666666666666, 0.3333333333333333, 0.5, 0.6666666666666666, 0.8333333333333334, 1.0), .UNSPECIFIED.);
#2564 = CARTESIAN_POINT('', (99.71399992755101, -102.16095906226342, 13.0));
#2565 = CARTESIAN_POINT('', (99.80957795639048, -102.34091441322798, 13.0));
#2566 = CARTESIAN_POINT('', (99.91270737872986, -102.51665174363427, 13.0));
#2567 = CARTESIAN_POINT('', (100.02320214068357, -102.68785394756628, 13.0));
#2568 = CARTESIAN_POINT('', (100.14086313642696, -102.8542125275406, 13.0));
#2569 = CARTESIAN_POINT('', (100.26547834695415, -103.0154277140326, 13.0));
#2570 = CARTESIAN_POINT('', (100.39682322183401, -103.17120900531502, 13.0));
#2571 = PLANE('', #2572);
#2572 = AXIS2_PLACEMENT_3D('', #2573, #2574, #2575);
#2573 = CARTESIAN_POINT('', (143.0, -77.0, 13.0));
#2574 = DIRECTION('', (0.0, 0.0, 1.0));
#2575 = DIRECTION('', (-1.0, 0.0, 0.0));
#2576 = CYLINDRICAL_SURFACE('', #2577, 4.800138920691241);
#2577 = AXIS2_PLACEMENT_3D('', #2578, #2579, #2580);
#2578 = CARTESIAN_POINT('', (104.00013901868104, -99.99986088091627, 14.0000003));
#2579 = DIRECTION('', (0.0, 0.0, 1.0));
#2580 = DIRECTION('', (0.7071047347992748, 0.7071088275678978, 0.0));
#2581 = SURFACE_CURVE('', #2582, (#1751, #1821), .CURVE_3D.);
#2582 = INTERSECTION_CURVE('', #2583, (#2586, #2591), .CURVE_3D.);
#2583 = B_SPLINE_CURVE_WITH_KNOTS('', 1, (#2584, #2585), .UNSPECIFIED., .U., .U., (2, 2), (0.0, 1.0), .UNSPECIFIED.);
#2584 = CARTESIAN_POINT('', (99.71399992755101, -102.16095906226342, 13.0));
#2585 = CARTESIAN_POINT('', (99.62614486855959, -101.97710864814024, 13.0));
#2586 = PLANE('', #2587);
#2587 = AXIS2_PLACEMENT_3D('', #2588, #2589, #2590);
#2588 = CARTESIAN_POINT('', (143.0, -77.0, 13.0));
#2589 = DIRECTION('', (0.0, 0.0, 1.0));
#2590 = DIRECTION('', (-1.0, 0.0, 0.0));
#2591 = CYLINDRICAL_SURFACE('', #2592, 4.800138920691241);
#2592 = AXIS2_PLACEMENT_3D('', #2593, #2594, #2595);
#2593 = CARTESIAN_POINT('', (104.00013901868104, -99.99986088091627, 14.0000003));
#2594 = DIRECTION('', (0.0, 0.0, 1.0));
#2595 = DIRECTION('', (0.7071047347992748, 0.7071088275678978, 0.0));
#2596 = SURFACE_CURVE('', #2597, (#1751, #1821), .CURVE_3D.);
#2597 = INTERSECTION_CURVE('', #2598, (#2605, #2610), .CURVE_3D.);
#2598 = B_SPLINE_CURVE_WITH_KNOTS('', 1, (#2599, #2600, #2601, #2602, #2603, #2604), .UNSPECIFIED., .U., .U., (2, 1, 1, 1, 1, 2), (0.0, 0.2, 0.4, 0.6, 0.8, 1.0), .UNSPECIFIED.);
#2599 = CARTESIAN_POINT('', (99.6261448590108, -101.97710865221492, 13.0));
#2600 = CARTESIAN_POINT('', (99.54617172108738, -101.7896957810959, 13.0));
#2601 = CARTESIAN_POINT('', (99.4742244010045, -101.59905772040688, 13.0));
#2602 = CARTESIAN_POINT('', (99.41043254409779, -101.40553799003608, 13.0));
#2603 = CARTESIAN_POINT('', (99.35491122324406, -101.20948577584632, 13.0));
#2604 = CARTESIAN_POINT('', (99.3077601256087, -101.01125293256491, 13.0));
#2605 = PLANE('', #2606);
#2606 = AXIS2_PLACEMENT_3D('', #2607, #2608, #2609);
#2607 = CARTESIAN_POINT('', (143.0, -77.0, 13.0));
#2608 = DIRECTION('', (0.0, 0.0, 1.0));
#2609 = DIRECTION('', (-1.0, 0.0, 0.0));
#2610 = CYLINDRICAL_SURFACE('', #2611, 4.800138920691241);
#2611 = AXIS2_PLACEMENT_3D('', #2612, #2613, #2614);
#2612 = CARTESIAN_POINT('', (104.00013901868104, -99.99986088091627, 14.0000003));
#2613 = DIRECTION('', (0.0, 0.0, 1.0));
#2614 = DIRECTION('', (0.7071047347992748, 0.7071088275678978, 0.0));
#2615 = SURFACE_CURVE('', #2616, (#1751, #1821), .CURVE_3D.);
#2616 = INTERSECTION_CURVE('', #2617, (#2634, #2639), .CURVE_3D.);
#2617 = B_SPLINE_CURVE_WITH_KNOTS('', 1, (#2618, #2619, #2620, #2621, #2622, #2623, #2624, #2625, #2626, #2627, #2628, #2629, #2630, #2631, #2632, #2633), .UNSPECIFIED., .U., .U., (2, 1, 1, 1, 1, 1, 1, 1, 1, 1, 1, 1, 1, 1, 1, 2), (0.0, 0.06666666666666667, 0.13333333333333333, 0.2, 0.26666666666666666, 0.3333333333333333, 0.4, 0.4666666666666667, 0.5333333333333333, 0.6, 0.6666666666666666, 0.7333333333333333, 0.8, 0.8666666666666667, 0.9333333333333333, 1.0), .UNSPECIFIED.);
#2618 = CARTESIAN_POINT('', (99.30776011541579, -101.01125293453649, 13.0));
#2619 = CARTESIAN_POINT('', (99.26906463670315, -100.81119857271138, 13.0));
#2620 = CARTESIAN_POINT('', (99.23889420534867, -100.60968174432656, 13.0));
#2621 = CARTESIAN_POINT('', (99.21730328996564, -100.407066050405, 13.0));
#2622 = CARTESIAN_POINT('', (99.21653042780875, -100.39788413057349, 13.0));
#2623 = CARTESIAN_POINT('', (99.2043307962627, -100.20371659390828, 13.0));
#2624 = CARTESIAN_POINT('', (99.20342248831815, -100.18109052881738, 13.0));
#2625 = CARTESIAN_POINT('', (99.20277274089781, -100.162987993081, 13.0));
#2626 = CARTESIAN_POINT('', (99.20229196416906, -100.14817574681128, 13.0));
#2627 = CARTESIAN_POINT('', (99.20192626202916, -100.13583146537499, 13.0));
#2628 = CARTESIAN_POINT('', (99.20164163319969, -100.12538577670772, 13.0));
#2629 = CARTESIAN_POINT('', (99.20141576711954, -100.11643194446965, 13.0));
#2630 = CARTESIAN_POINT('', (99.20123353198045, -100.10867166921267, 13.0));
#2631 = CARTESIAN_POINT('', (99.20108437109798, -100.10188120951031, 13.0));
#2632 = CARTESIAN_POINT('', (99.20000010003804, -100.00000110788496, 13.0));
#2633 = CARTESIAN_POINT('', (99.2000001, -99.9999998, 13.0));
#2634 = PLANE('', #2635);
#2635 = AXIS2_PLACEMENT_3D('', #2636, #2637, #2638);
#2636 = CARTESIAN_POINT('', (143.0, -77.0, 13.0));
#2637 = DIRECTION('', (0.0, 0.0, 1.0));
#2638 = DIRECTION('', (-1.0, 0.0, 0.0));
#2639 = CYLINDRICAL_SURFACE('', #2640, 4.800138920691241);
#2640 = AXIS2_PLACEMENT_3D('', #2641, #2642, #2643);
#2641 = CARTESIAN_POINT('', (104.00013901868104, -99.99986088091627, 14.0000003));
#2642 = DIRECTION('', (0.0, 0.0, 1.0));
#2643 = DIRECTION('', (0.7071047347992748, 0.7071088275678978, 0.0));
#2644 = SURFACE_CURVE('', #2645, (#1751, #1816), .CURVE_3D.);
#2645 = INTERSECTION_CURVE('', #2646, (#2651, #2656), .CURVE_3D.);
#2646 = B_SPLINE_CURVE_WITH_KNOTS('', 1, (#2647, #2648, #2649, #2650), .UNSPECIFIED., .U., .U., (2, 1, 1, 2), (0.0, 0.3333333333333333, 0.6666666666666666, 1.0), .UNSPECIFIED.);
#2647 = CARTESIAN_POINT('', (99.2000000996784, -84.0000275830361, 13.0));
#2648 = CARTESIAN_POINT('', (99.20000009991959, -96.0000055457611, 13.0));
#2649 = CARTESIAN_POINT('', (99.20000009998462, -99.2347825739184, 13.0));
#2650 = CARTESIAN_POINT('', (99.2000001, -99.9999998, 13.0));
#2651 = PLANE('', #2652);
#2652 = AXIS2_PLACEMENT_3D('', #2653, #2654, #2655);
#2653 = CARTESIAN_POINT('', (143.0, -77.0, 13.0));
#2654 = DIRECTION('', (0.0, 0.0, 1.0));
#2655 = DIRECTION('', (-1.0, 0.0, 0.0));
#2656 = PLANE('', #2657);
#2657 = AXIS2_PLACEMENT_3D('', #2658, #2659, #2660);
#2658 = CARTESIAN_POINT('', (99.2000000996784, -84.00002758303609, 10.0000003));
#2659 = DIRECTION('', (-0.9999999999999999, -2.0099512539E-11, 0.0));
#2660 = DIRECTION('', (2.0099512539E-11, -0.9999999999999999, 0.0));
#2661 = SURFACE_CURVE('', #2662, (#1751, #1761), .CURVE_3D.);
#2662 = INTERSECTION_CURVE('', #2663, (#2676, #2681), .CURVE_3D.);
#2663 = B_SPLINE_CURVE_WITH_KNOTS('', 1, (#2664, #2665, #2666, #2667, #2668, #2669, #2670, #2671, #2672, #2673, #2674, #2675), .UNSPECIFIED., .U., .U., (2, 1, 1, 1, 1, 1, 1, 1, 1, 1, 1, 2), (0.0, 0.09090909090909091, 0.18181818181818182, 0.2727272727272727, 0.36363636363636365, 0.45454545454545453, 0.5454545454545454, 0.6363636363636364, 0.7272727272727273, 0.8181818181818182, 0.9090909090909091, 1.0), .UNSPECIFIED.);
#2664 = CARTESIAN_POINT('', (99.2173009335244, -83.59296123248616, 13.0));
#2665 = CARTESIAN_POINT('', (99.20432961681826, -83.79631076406493, 13.0));
#2666 = CARTESIAN_POINT('', (99.2034214398345, -83.81893683441278, 13.0));
#2667 = CARTESIAN_POINT('', (99.20277179719254, -83.83703937390963, 13.0));
#2668 = CARTESIAN_POINT('', (99.20229110619778, -83.85185162296189, 13.0));
#2669 = CARTESIAN_POINT('', (99.20192547550721, -83.86419590651465, 13.0));
#2670 = CARTESIAN_POINT('', (99.20164090713789, -83.87464159682922, 13.0));
#2671 = CARTESIAN_POINT('', (99.201415092883, -83.88359543037441, 13.0));
#2672 = CARTESIAN_POINT('', (99.2012329026607, -83.89135570668607, 13.0));
#2673 = CARTESIAN_POINT('', (99.20108378108179, -83.89814616725167, 13.0));
#2674 = CARTESIAN_POINT('', (99.20000010108473, -83.99997793237952, 13.0));
#2675 = CARTESIAN_POINT('', (99.2000000996784, -84.0000275830361, 13.0));
#2676 = PLANE('', #2677);
#2677 = AXIS2_PLACEMENT_3D('', #2678, #2679, #2680);
#2678 = CARTESIAN_POINT('', (143.0, -77.0, 13.0));
#2679 = DIRECTION('', (0.0, 0.0, 1.0));
#2680 = DIRECTION('', (-1.0, 0.0, 0.0));
#2681 = CYLINDRICAL_SURFACE('', #2682, 4.800138920691331);
#2682 = AXIS2_PLACEMENT_3D('', #2683, #2684, #2685);
#2683 = CARTESIAN_POINT('', (104.00013901908319, -84.00013871868113, 14.0000003));
#2684 = DIRECTION('', (0.0, 0.0, 1.0));
#2685 = DIRECTION('', (0.7071088275678551, -0.7071047347993179, 0.0));
#2686 = SURFACE_CURVE('', #2687, (#1751, #1761), .CURVE_3D.);
#2687 = INTERSECTION_CURVE('', #2688, (#2691, #2696), .CURVE_3D.);
#2688 = B_SPLINE_CURVE_WITH_KNOTS('', 1, (#2689, #2690), .UNSPECIFIED., .U., .U., (2, 2), (0.0, 1.0), .UNSPECIFIED.);
#2689 = CARTESIAN_POINT('', (99.23889074856376, -83.39034492995792, 13.0));
#2690 = CARTESIAN_POINT('', (99.2173009335244, -83.59296123248616, 13.0));
#2691 = PLANE('', #2692);
#2692 = AXIS2_PLACEMENT_3D('', #2693, #2694, #2695);
#2693 = CARTESIAN_POINT('', (143.0, -77.0, 13.0));
#2694 = DIRECTION('', (0.0, 0.0, 1.0));
#2695 = DIRECTION('', (-1.0, 0.0, 0.0));
#2696 = CYLINDRICAL_SURFACE('', #2697, 4.800138920691331);
#2697 = AXIS2_PLACEMENT_3D('', #2698, #2699, #2700);
#2698 = CARTESIAN_POINT('', (104.00013901908319, -84.00013871868113, 14.0000003));
#2699 = DIRECTION('', (0.0, 0.0, 1.0));
#2700 = DIRECTION('', (0.7071088275678551, -0.7071047347993179, 0.0));
#2701 = SURFACE_CURVE('', #2702, (#1751, #1761), .CURVE_3D.);
#2702 = INTERSECTION_CURVE('', #2703, (#2707, #2712), .CURVE_3D.);
#2703 = B_SPLINE_CURVE_WITH_KNOTS('', 1, (#2704, #2705, #2706), .UNSPECIFIED., .U., .U., (2, 1, 2), (0.0, 0.5, 1.0), .UNSPECIFIED.);
#2704 = CARTESIAN_POINT('', (99.30775436496937, -82.9887733466356, 13.0));
#2705 = CARTESIAN_POINT('', (99.26905994112225, -83.18882841058934, 13.0));
#2706 = CARTESIAN_POINT('', (99.23889073829635, -83.39034492842077, 13.0));
#2707 = PLANE('', #2708);
#2708 = AXIS2_PLACEMENT_3D('', #2709, #2710, #2711);
#2709 = CARTESIAN_POINT('', (143.0, -77.0, 13.0));
#2710 = DIRECTION('', (0.0, 0.0, 1.0));
#2711 = DIRECTION('', (-1.0, 0.0, 0.0));
#2712 = CYLINDRICAL_SURFACE('', #2713, 4.800138920691331);
#2713 = AXIS2_PLACEMENT_3D('', #2714, #2715, #2716);
#2714 = CARTESIAN_POINT('', (104.00013901908319, -84.00013871868113, 14.0000003));
#2715 = DIRECTION('', (0.0, 0.0, 1.0));
#2716 = DIRECTION('', (0.7071088275678551, -0.7071047347993179, 0.0));
#2717 = SURFACE_CURVE('', #2718, (#1751, #1761), .CURVE_3D.);
#2718 = INTERSECTION_CURVE('', #2719, (#2725, #2730), .CURVE_3D.);
#2719 = B_SPLINE_CURVE_WITH_KNOTS('', 1, (#2720, #2721, #2722, #2723, #2724), .UNSPECIFIED., .U., .U., (2, 1, 1, 1, 2), (0.0, 0.25, 0.5, 0.75, 1.0), .UNSPECIFIED.);
#2720 = CARTESIAN_POINT('', (99.54616173622928, -82.21032869465314, 13.0));
#2721 = CARTESIAN_POINT('', (99.47421530821072, -82.40096761423419, 13.0));
#2722 = CARTESIAN_POINT('', (99.41042455168675, -82.59448770733177, 13.0));
#2723 = CARTESIAN_POINT('', (99.35490422235593, -82.79054071057679, 13.0));
#2724 = CARTESIAN_POINT('', (99.30775436496937, -82.9887733466356, 13.0));
#2725 = PLANE('', #2726);
#2726 = AXIS2_PLACEMENT_3D('', #2727, #2728, #2729);
#2727 = CARTESIAN_POINT('', (143.0, -77.0, 13.0));
#2728 = DIRECTION('', (0.0, 0.0, 1.0));
#2729 = DIRECTION('', (-1.0, 0.0, 0.0));
#2730 = CYLINDRICAL_SURFACE('', #2731, 4.800138920691331);
#2731 = AXIS2_PLACEMENT_3D('', #2732, #2733, #2734);
#2732 = CARTESIAN_POINT('', (104.00013901908319, -84.00013871868113, 14.0000003));
#2733 = DIRECTION('', (0.0, 0.0, 1.0));
#2734 = DIRECTION('', (0.7071088275678551, -0.7071047347993179, 0.0));
#2735 = SURFACE_CURVE('', #2736, (#1751, #1761), .CURVE_3D.);
#2736 = INTERSECTION_CURVE('', #2737, (#2741, #2746), .CURVE_3D.);
#2737 = B_SPLINE_CURVE_WITH_KNOTS('', 1, (#2738, #2739, #2740), .UNSPECIFIED., .U., .U., (2, 1, 2), (0.0, 0.5, 1.0), .UNSPECIFIED.);
#2738 = CARTESIAN_POINT('', (99.71398741948303, -81.83906534575259, 13.0));
#2739 = CARTESIAN_POINT('', (99.62613361656123, -82.02291581859008, 13.0));
#2740 = CARTESIAN_POINT('', (99.54616172668048, -82.21032869057852, 13.0));
#2741 = PLANE('', #2742);
#2742 = AXIS2_PLACEMENT_3D('', #2743, #2744, #2745);
#2743 = CARTESIAN_POINT('', (143.0, -77.0, 13.0));
#2744 = DIRECTION('', (0.0, 0.0, 1.0));
#2745 = DIRECTION('', (-1.0, 0.0, 0.0));
#2746 = CYLINDRICAL_SURFACE('', #2747, 4.800138920691331);
#2747 = AXIS2_PLACEMENT_3D('', #2748, #2749, #2750);
#2748 = CARTESIAN_POINT('', (104.00013901908319, -84.00013871868113, 14.0000003));
#2749 = DIRECTION('', (0.0, 0.0, 1.0));
#2750 = DIRECTION('', (0.7071088275678551, -0.7071047347993179, 0.0));
#2751 = SURFACE_CURVE('', #2752, (#1751, #1761), .CURVE_3D.);
#2752 = INTERSECTION_CURVE('', #2753, (#2756, #2761), .CURVE_3D.);
#2753 = B_SPLINE_CURVE_WITH_KNOTS('', 1, (#2754, #2755), .UNSPECIFIED., .U., .U., (2, 2), (0.0, 1.0), .UNSPECIFIED.);
#2754 = CARTESIAN_POINT('', (99.80956489257804, -81.659108593169, 13.0));
#2755 = CARTESIAN_POINT('', (99.71398741948303, -81.83906534575259, 13.0));
#2756 = PLANE('', #2757);
#2757 = AXIS2_PLACEMENT_3D('', #2758, #2759, #2760);
#2758 = CARTESIAN_POINT('', (143.0, -77.0, 13.0));
#2759 = DIRECTION('', (0.0, 0.0, 1.0));
#2760 = DIRECTION('', (-1.0, 0.0, 0.0));
#2761 = CYLINDRICAL_SURFACE('', #2762, 4.800138920691331);
#2762 = AXIS2_PLACEMENT_3D('', #2763, #2764, #2765);
#2763 = CARTESIAN_POINT('', (104.00013901908319, -84.00013871868113, 14.0000003));
#2764 = DIRECTION('', (0.0, 0.0, 1.0));
#2765 = DIRECTION('', (0.7071088275678551, -0.7071047347993179, 0.0));
#2766 = SURFACE_CURVE('', #2767, (#1751, #1761), .CURVE_3D.);
#2767 = INTERSECTION_CURVE('', #2768, (#2771, #2776), .CURVE_3D.);
#2768 = B_SPLINE_CURVE_WITH_KNOTS('', 1, (#2769, #2770), .UNSPECIFIED., .U., .U., (2, 2), (0.0, 1.0), .UNSPECIFIED.);
#2769 = CARTESIAN_POINT('', (99.91269306812305, -81.48337109811797, 13.0));
#2770 = CARTESIAN_POINT('', (99.80956488362409, -81.65910858791455, 13.0));
#2771 = PLANE('', #2772);
#2772 = AXIS2_PLACEMENT_3D('', #2773, #2774, #2775);
#2773 = CARTESIAN_POINT('', (143.0, -77.0, 13.0));
#2774 = DIRECTION('', (0.0, 0.0, 1.0));
#2775 = DIRECTION('', (-1.0, 0.0, 0.0));
#2776 = CYLINDRICAL_SURFACE('', #2777, 4.800138920691331);
#2777 = AXIS2_PLACEMENT_3D('', #2778, #2779, #2780);
#2778 = CARTESIAN_POINT('', (104.00013901908319, -84.00013871868113, 14.0000003));
#2779 = DIRECTION('', (0.0, 0.0, 1.0));
#2780 = DIRECTION('', (0.7071088275678551, -0.7071047347993179, 0.0));
#2781 = SURFACE_CURVE('', #2782, (#1751, #1761), .CURVE_3D.);
#2782 = INTERSECTION_CURVE('', #2783, (#2786, #2791), .CURVE_3D.);
#2783 = B_SPLINE_CURVE_WITH_KNOTS('', 1, (#2784, #2785), .UNSPECIFIED., .U., .U., (2, 2), (0.0, 1.0), .UNSPECIFIED.);
#2784 = CARTESIAN_POINT('', (99.91269306812305, -81.48337109811796, 13.0));
#2785 = CARTESIAN_POINT('', (100.02318713896241, -81.31216786662685, 13.0));
#2786 = PLANE('', #2787);
#2787 = AXIS2_PLACEMENT_3D('', #2788, #2789, #2790);
#2788 = CARTESIAN_POINT('', (143.0, -77.0, 13.0));
#2789 = DIRECTION('', (0.0, 0.0, 1.0));
#2790 = DIRECTION('', (-1.0, 0.0, 0.0));
#2791 = CYLINDRICAL_SURFACE('', #2792, 4.800138920691331);
#2792 = AXIS2_PLACEMENT_3D('', #2793, #2794, #2795);
#2793 = CARTESIAN_POINT('', (104.00013901908319, -84.00013871868113, 14.0000003));
#2794 = DIRECTION('', (0.0, 0.0, 1.0));
#2795 = DIRECTION('', (0.7071088275678551, -0.7071047347993179, 0.0));
#2796 = SURFACE_CURVE('', #2797, (#1751, #1761), .CURVE_3D.);
#2797 = INTERSECTION_CURVE('', #2798, (#2801, #2806), .CURVE_3D.);
#2798 = B_SPLINE_CURVE_WITH_KNOTS('', 1, (#2799, #2800), .UNSPECIFIED., .U., .U., (2, 2), (0.0, 1.0), .UNSPECIFIED.);
#2799 = CARTESIAN_POINT('', (100.0231871304863, -81.312167860632, 13.0));
#2800 = CARTESIAN_POINT('', (100.14084720543941, -81.14580862995071, 13.0));
#2801 = PLANE('', #2802);
#2802 = AXIS2_PLACEMENT_3D('', #2803, #2804, #2805);
#2803 = CARTESIAN_POINT('', (143.0, -77.0, 13.0));
#2804 = DIRECTION('', (0.0, 0.0, 1.0));
#2805 = DIRECTION('', (-1.0, 0.0, 0.0));
#2806 = CYLINDRICAL_SURFACE('', #2807, 4.800138920691331);
#2807 = AXIS2_PLACEMENT_3D('', #2808, #2809, #2810);
#2808 = CARTESIAN_POINT('', (104.00013901908319, -84.00013871868113, 14.0000003));
#2809 = DIRECTION('', (0.0, 0.0, 1.0));
#2810 = DIRECTION('', (0.7071088275678551, -0.7071047347993179, 0.0));
#2811 = SURFACE_CURVE('', #2812, (#1751, #1761), .CURVE_3D.);
#2812 = INTERSECTION_CURVE('', #2813, (#2816, #2821), .CURVE_3D.);
#2813 = B_SPLINE_CURVE_WITH_KNOTS('', 1, (#2814, #2815), .UNSPECIFIED., .U., .U., (2, 2), (0.0, 1.0), .UNSPECIFIED.);
#2814 = CARTESIAN_POINT('', (100.14084719722537, -81.14580862360154, 13.0));
#2815 = CARTESIAN_POINT('', (100.26546151540774, -80.98459274791064, 13.0));
#2816 = PLANE('', #2817);
#2817 = AXIS2_PLACEMENT_3D('', #2818, #2819, #2820);
#2818 = CARTESIAN_POINT('', (143.0, -77.0, 13.0));
#2819 = DIRECTION('', (0.0, 0.0, 1.0));
#2820 = DIRECTION('', (-1.0, 0.0, 0.0));
#2821 = CYLINDRICAL_SURFACE('', #2822, 4.800138920691331);
#2822 = AXIS2_PLACEMENT_3D('', #2823, #2824, #2825);
#2823 = CARTESIAN_POINT('', (104.00013901908319, -84.00013871868113, 14.0000003));
#2824 = DIRECTION('', (0.0, 0.0, 1.0));
#2825 = DIRECTION('', (0.7071088275678551, -0.7071047347993179, 0.0));
#2826 = SURFACE_CURVE('', #2827, (#1751, #1761), .CURVE_3D.);
#2827 = INTERSECTION_CURVE('', #2828, (#2831, #2836), .CURVE_3D.);
#2828 = B_SPLINE_CURVE_WITH_KNOTS('', 1, (#2829, #2830), .UNSPECIFIED., .U., .U., (2, 2), (0.0, 1.0), .UNSPECIFIED.);
#2829 = CARTESIAN_POINT('', (100.3968051895414, -80.8288110833184, 13.0));
#2830 = CARTESIAN_POINT('', (100.26546150747055, -80.98459274121858, 13.0));
#2831 = PLANE('', #2832);
#2832 = AXIS2_PLACEMENT_3D('', #2833, #2834, #2835);
#2833 = CARTESIAN_POINT('', (143.0, -77.0, 13.0));
#2834 = DIRECTION('', (0.0, 0.0, 1.0));
#2835 = DIRECTION('', (-1.0, 0.0, 0.0));
#2836 = CYLINDRICAL_SURFACE('', #2837, 4.800138920691331);
#2837 = AXIS2_PLACEMENT_3D('', #2838, #2839, #2840);
#2838 = CARTESIAN_POINT('', (104.00013901908319, -84.00013871868113, 14.0000003));
#2839 = DIRECTION('', (0.0, 0.0, 1.0));
#2840 = DIRECTION('', (0.7071088275678551, -0.7071047347993179, 0.0));
#2841 = SURFACE_CURVE('', #2842, (#1751, #1761), .CURVE_3D.);
#2842 = INTERSECTION_CURVE('', #2843, (#2847, #2852), .CURVE_3D.);
#2843 = B_SPLINE_CURVE_WITH_KNOTS('', 1, (#2844, #2845, #2846), .UNSPECIFIED., .U., .U., (2, 1, 2), (0.0, 0.5, 1.0), .UNSPECIFIED.);
#2844 = CARTESIAN_POINT('', (100.67872421476041, -80.5346607926347, 13.0));
#2845 = CARTESIAN_POINT('', (100.53464219939276, -80.67874361260729, 13.0));
#2846 = CARTESIAN_POINT('', (100.3968051895414, -80.8288110833184, 13.0));
#2847 = PLANE('', #2848);
#2848 = AXIS2_PLACEMENT_3D('', #2849, #2850, #2851);
#2849 = CARTESIAN_POINT('', (143.0, -77.0, 13.0));
#2850 = DIRECTION('', (0.0, 0.0, 1.0));
#2851 = DIRECTION('', (-1.0, 0.0, 0.0));
#2852 = CYLINDRICAL_SURFACE('', #2853, 4.800138920691331);
#2853 = AXIS2_PLACEMENT_3D('', #2854, #2855, #2856);
#2854 = CARTESIAN_POINT('', (104.00013901908319, -84.00013871868113, 14.0000003));
#2855 = DIRECTION('', (0.0, 0.0, 1.0));
#2856 = DIRECTION('', (0.7071088275678551, -0.7071047347993179, 0.0));
#2857 = SURFACE_CURVE('', #2858, (#1751, #1761), .CURVE_3D.);
#2858 = INTERSECTION_CURVE('', #2859, (#2862, #2867), .CURVE_3D.);
#2859 = B_SPLINE_CURVE_WITH_KNOTS('', 1, (#2860, #2861), .UNSPECIFIED., .U., .U., (2, 2), (0.0, 1.0), .UNSPECIFIED.);
#2860 = CARTESIAN_POINT('', (100.6787242077375, -80.5346607849887, 13.0));
#2861 = CARTESIAN_POINT('', (100.82879052750164, -80.39682324499871, 13.0));
#2862 = PLANE('', #2863);
#2863 = AXIS2_PLACEMENT_3D('', #2864, #2865, #2866);
#2864 = CARTESIAN_POINT('', (143.0, -77.0, 13.0));
#2865 = DIRECTION('', (0.0, 0.0, 1.0));
#2866 = DIRECTION('', (-1.0, 0.0, 0.0));
#2867 = CYLINDRICAL_SURFACE('', #2868, 4.800138920691331);
#2868 = AXIS2_PLACEMENT_3D('', #2869, #2870, #2871);
#2869 = CARTESIAN_POINT('', (104.00013901908319, -84.00013871868113, 14.0000003));
#2870 = DIRECTION('', (0.0, 0.0, 1.0));
#2871 = DIRECTION('', (0.7071088275678551, -0.7071047347993179, 0.0));
#2872 = SURFACE_CURVE('', #2873, (#1751, #1761), .CURVE_3D.);
#2873 = INTERSECTION_CURVE('', #2874, (#2878, #2883), .CURVE_3D.);
#2874 = B_SPLINE_CURVE_WITH_KNOTS('', 1, (#2875, #2876, #2877), .UNSPECIFIED., .U., .U., (2, 1, 2), (0.0, 0.5, 1.0), .UNSPECIFIED.);
#2875 = CARTESIAN_POINT('', (100.82879052750164, -80.3968232449987, 13.0));
#2876 = CARTESIAN_POINT('', (100.98457180574275, -80.26547835396764, 13.0));
#2877 = CARTESIAN_POINT('', (101.14578737880832, -80.1408628446408, 13.0));
#2878 = PLANE('', #2879);
#2879 = AXIS2_PLACEMENT_3D('', #2880, #2881, #2882);
#2880 = CARTESIAN_POINT('', (143.0, -77.0, 13.0));
#2881 = DIRECTION('', (0.0, 0.0, 1.0));
#2882 = DIRECTION('', (-1.0, 0.0, 0.0));
#2883 = CYLINDRICAL_SURFACE('', #2884, 4.800138920691331);
#2884 = AXIS2_PLACEMENT_3D('', #2885, #2886, #2887);
#2885 = CARTESIAN_POINT('', (104.00013901908319, -84.00013871868113, 14.0000003));
#2886 = DIRECTION('', (0.0, 0.0, 1.0));
#2887 = DIRECTION('', (0.7071088275678551, -0.7071047347993179, 0.0));
#2888 = SURFACE_CURVE('', #2889, (#1751, #1761), .CURVE_3D.);
#2889 = INTERSECTION_CURVE('', #2890, (#2896, #2901), .CURVE_3D.);
#2890 = B_SPLINE_CURVE_WITH_KNOTS('', 1, (#2891, #2892, #2893, #2894, #2895), .UNSPECIFIED., .U., .U., (2, 1, 1, 1, 2), (0.0, 0.25, 0.5, 0.75, 1.0), .UNSPECIFIED.);
#2891 = CARTESIAN_POINT('', (101.83904083773635, -79.71399962755085, 13.0));
#2892 = CARTESIAN_POINT('', (101.65908506013243, -79.80957789473206, 13.0));
#2893 = CARTESIAN_POINT('', (101.48334774022567, -79.91270733496317, 13.0));
#2894 = CARTESIAN_POINT('', (101.31214554754305, -80.02320211434692, 13.0));
#2895 = CARTESIAN_POINT('', (101.14578737281343, -80.14086283616473, 13.0));
#2896 = PLANE('', #2897);
#2897 = AXIS2_PLACEMENT_3D('', #2898, #2899, #2900);
#2898 = CARTESIAN_POINT('', (143.0, -77.0, 13.0));
#2899 = DIRECTION('', (0.0, 0.0, 1.0));
#2900 = DIRECTION('', (-1.0, 0.0, 0.0));
#2901 = CYLINDRICAL_SURFACE('', #2902, 4.800138920691331);
#2902 = AXIS2_PLACEMENT_3D('', #2903, #2904, #2905);
#2903 = CARTESIAN_POINT('', (104.00013901908319, -84.00013871868113, 14.0000003));
#2904 = DIRECTION('', (0.0, 0.0, 1.0));
#2905 = DIRECTION('', (0.7071088275678551, -0.7071047347993179, 0.0));
#2906 = SURFACE_CURVE('', #2907, (#1751, #1761), .CURVE_3D.);
#2907 = INTERSECTION_CURVE('', #2908, (#2911, #2916), .CURVE_3D.);
#2908 = B_SPLINE_CURVE_WITH_KNOTS('', 1, (#2909, #2910), .UNSPECIFIED., .U., .U., (2, 2), (0.0, 1.0), .UNSPECIFIED.);
#2909 = CARTESIAN_POINT('', (102.02289125185955, -79.62614456855943, 13.0));
#2910 = CARTESIAN_POINT('', (101.83904083773635, -79.71399962755085, 13.0));
#2911 = PLANE('', #2912);
#2912 = AXIS2_PLACEMENT_3D('', #2913, #2914, #2915);
#2913 = CARTESIAN_POINT('', (143.0, -77.0, 13.0));
#2914 = DIRECTION('', (0.0, 0.0, 1.0));
#2915 = DIRECTION('', (-1.0, 0.0, 0.0));
#2916 = CYLINDRICAL_SURFACE('', #2917, 4.800138920691331);
#2917 = AXIS2_PLACEMENT_3D('', #2918, #2919, #2920);
#2918 = CARTESIAN_POINT('', (104.00013901908319, -84.00013871868113, 14.0000003));
#2919 = DIRECTION('', (0.0, 0.0, 1.0));
#2920 = DIRECTION('', (0.7071088275678551, -0.7071047347993179, 0.0));
#2921 = SURFACE_CURVE('', #2922, (#1751, #1761), .CURVE_3D.);
#2922 = INTERSECTION_CURVE('', #2923, (#2943, #2948), .CURVE_3D.);
#2923 = B_SPLINE_CURVE_WITH_KNOTS('', 1, (#2924, #2925, #2926, #2927, #2928, #2929, #2930, #2931, #2932, #2933, #2934, #2935, #2936, #2937, #2938, #2939, #2940, #2941, #2942), .UNSPECIFIED., .U., .U., (2, 1, 1, 1, 1, 1, 1, 1, 1, 1, 1, 1, 1, 1, 1, 1, 1, 1, 2), (0.0, 0.05555555555555555, 0.1111111111111111, 0.16666666666666666, 0.2222222222222222, 0.2777777777777778, 0.3333333333333333, 0.3888888888888889, 0.4444444444444444, 0.5, 0.5555555555555556, 0.6111111111111112, 0.6666666666666666, 0.7222222222222222, 0.7777777777777778, 0.8333333333333334, 0.8888888888888888, 0.9444444444444444, 1.0), .UNSPECIFIED.);
#2924 = CARTESIAN_POINT('', (104.0000001, -79.1999998, 13.0));
#2925 = CARTESIAN_POINT('', (103.89811869048967, -79.20108407109798, 13.0));
#2926 = CARTESIAN_POINT('', (103.89132823078732, -79.20123323198042, 13.0));
#2927 = CARTESIAN_POINT('', (103.88356795553031, -79.20141546711953, 13.0));
#2928 = CARTESIAN_POINT('', (103.87461412329229, -79.20164133319967, 13.0));
#2929 = CARTESIAN_POINT('', (103.864168434625, -79.20192596202915, 13.0));
#2930 = CARTESIAN_POINT('', (103.8518241531887, -79.20229166416902, 13.0));
#2931 = CARTESIAN_POINT('', (103.83701190691897, -79.2027724408978, 13.0));
#2932 = CARTESIAN_POINT('', (103.81890937118258, -79.20342218831814, 13.0));
#2933 = CARTESIAN_POINT('', (103.7962833060917, -79.20433049626267, 13.0));
#2934 = CARTESIAN_POINT('', (103.59293384959494, -79.2173029899656, 13.0));
#2935 = CARTESIAN_POINT('', (103.39031815567337, -79.2388939053486, 13.0));
#2936 = CARTESIAN_POINT('', (103.18880132728854, -79.26906433670307, 13.0));
#2937 = CARTESIAN_POINT('', (102.98874648730337, -79.307759918478, 13.0));
#2938 = CARTESIAN_POINT('', (102.79051412415356, -79.35491092324395, 13.0));
#2939 = CARTESIAN_POINT('', (102.5944614422662, -79.41043238733818, 13.0));
#2940 = CARTESIAN_POINT('', (102.40094171839587, -79.47422426396481, 13.0));
#2941 = CARTESIAN_POINT('', (102.21030366503832, -79.54617160347397, 13.0));
#2942 = CARTESIAN_POINT('', (102.02289124778488, -79.62614455901064, 13.0));
#2943 = PLANE('', #2944);
#2944 = AXIS2_PLACEMENT_3D('', #2945, #2946, #2947);
#2945 = CARTESIAN_POINT('', (143.0, -77.0, 13.0));
#2946 = DIRECTION('', (0.0, 0.0, 1.0));
#2947 = DIRECTION('', (-1.0, 0.0, 0.0));
#2948 = CYLINDRICAL_SURFACE('', #2949, 4.800138920691331);
#2949 = AXIS2_PLACEMENT_3D('', #2950, #2951, #2952);
#2950 = CARTESIAN_POINT('', (104.00013901908319, -84.00013871868113, 14.0000003));
#2951 = DIRECTION('', (0.0, 0.0, 1.0));
#2952 = DIRECTION('', (0.7071088275678551, -0.7071047347993179, 0.0));
#2953 = SURFACE_CURVE('', #2954, (#1751, #1756), .CURVE_3D.);
#2954 = INTERSECTION_CURVE('', #2955, (#2960, #2965), .CURVE_3D.);
#2955 = B_SPLINE_CURVE_WITH_KNOTS('', 1, (#2956, #2957, #2958, #2959), .UNSPECIFIED., .U., .U., (2, 1, 1, 2), (0.0, 0.3333333333333333, 0.6666666666666666, 1.0), .UNSPECIFIED.);
#2956 = CARTESIAN_POINT('', (135.9999723169638, -79.19999979967899, 13.0));
#2957 = CARTESIAN_POINT('', (116.25714174217208, -79.19999979987705, 13.0));
#2958 = CARTESIAN_POINT('', (111.99999555423886, -79.19999979991975, 13.0));
#2959 = CARTESIAN_POINT('', (104.0000001, -79.1999998, 13.0));
#2960 = PLANE('', #2961);
#2961 = AXIS2_PLACEMENT_3D('', #2962, #2963, #2964);
#2962 = CARTESIAN_POINT('', (143.0, -77.0, 13.0));
#2963 = DIRECTION('', (0.0, 0.0, 1.0));
#2964 = DIRECTION('', (-1.0, 0.0, 0.0));
#2965 = PLANE('', #2966);
#2966 = AXIS2_PLACEMENT_3D('', #2967, #2968, #2969);
#2967 = CARTESIAN_POINT('', (135.9999723169638, -79.19999979967899, 10.0000003));
#2968 = DIRECTION('', (-1.0031539871E-11, 1.0, 0.0));
#2969 = DIRECTION('', (-1.0, -1.0031539871E-11, 0.0));
#2970 = SURFACE_CURVE('', #2971, (#1756, #1841), .CURVE_3D.);
#2971 = LINE('', #2972, #2973);
#2972 = CARTESIAN_POINT('', (135.9999723169638, -79.19999979967899, 10.0000003));
#2973 = VECTOR('', #2974, 2.9999997);
#2974 = DIRECTION('', (0.0, 0.0, 1.0));
#2975 = SURFACE_CURVE('', #2976, (#1756, #1766), .CURVE_3D.);
#2976 = LINE('', #2977, #2978);
#2977 = CARTESIAN_POINT('', (135.9999723169638, -79.19999979967899, 10.0000003));
#2978 = VECTOR('', #2979, 31.999972216963812);
#2979 = DIRECTION('', (-1.0, -1.0031539871E-11, 0.0));
#2980 = SURFACE_CURVE('', #2981, (#1756, #1761), .CURVE_3D.);
#2981 = LINE('', #2982, #2983);
#2982 = CARTESIAN_POINT('', (104.0000001, -79.1999998, 10.0000003));
#2983 = VECTOR('', #2984, 2.9999997);
#2984 = DIRECTION('', (0.0, 0.0, 1.0));
#2985 = SURFACE_CURVE('', #2986, (#1761, #1766), .CURVE_3D.);
#2986 = (
    BOUNDED_CURVE()
    B_SPLINE_CURVE(2, (#2987, #2988, #2989, #2990, #2991, #2992), .UNSPECIFIED., .U., .U.)
    B_SPLINE_CURVE_WITH_KNOTS((3, 1, 1, 1, 3), (0.0, 0.25, 0.5, 0.75, 1.0), .UNSPECIFIED.)
    CURVE()
    GEOMETRIC_REPRESENTATION_ITEM()
    RATIONAL_B_SPLINE_CURVE((1.0, 0.9267812996709628, 0.8535625993419257, 0.8535625993419257, 0.9267812996709628, 1.0))
    REPRESENTATION_ITEM('')
);
#2987 = CARTESIAN_POINT('', (104.0000001, -79.1999998, 10.0000003));
#2988 = CARTESIAN_POINT('', (103.0844328641285, -79.20002629710002, 10.0000003));
#2989 = CARTESIAN_POINT('', (101.30885455612841, -79.90299755010726, 10.000000300000002));
#2990 = CARTESIAN_POINT('', (99.90298227329227, -81.30887797022432, 10.000000300000002));
#2991 = CARTESIAN_POINT('', (99.20002129743061, -83.08446034702656, 10.0000003));
#2992 = CARTESIAN_POINT('', (99.2000000996784, -84.0000275830361, 10.0000003));
#2993 = SURFACE_CURVE('', #2994, (#1761, #1816), .CURVE_3D.);
#2994 = LINE('', #2995, #2996);
#2995 = CARTESIAN_POINT('', (99.2000000996784, -84.00002758303609, 10.0000003));
#2996 = VECTOR('', #2997, 2.9999997);
#2997 = DIRECTION('', (0.0, 0.0, 1.0));
#2998 = SURFACE_CURVE('', #2999, (#1766, #1816), .CURVE_3D.);
#2999 = LINE('', #3000, #3001);
#3000 = CARTESIAN_POINT('', (99.2000000996784, -84.00002758303609, 10.0000003));
#3001 = VECTOR('', #3002, 15.999972216963911);
#3002 = DIRECTION('', (2.0099512539E-11, -1.0, 0.0));
#3003 = SURFACE_CURVE('', #3004, (#1766, #1821), .CURVE_3D.);
#3004 = (
    BOUNDED_CURVE()
    B_SPLINE_CURVE(2, (#3005, #3006, #3007, #3008, #3009, #3010), .UNSPECIFIED., .U., .U.)
    B_SPLINE_CURVE_WITH_KNOTS((3, 1, 1, 1, 3), (0.0, 0.25, 0.5, 0.75, 1.0), .UNSPECIFIED.)
    CURVE()
    GEOMETRIC_REPRESENTATION_ITEM()
    RATIONAL_B_SPLINE_CURVE((1.0, 0.9267812996709718, 0.8535625993419436, 0.8535625993419436, 0.9267812996709718, 1.0))
    REPRESENTATION_ITEM('')
);
#3005 = CARTESIAN_POINT('', (99.2000001, -99.9999998, 10.0000003));
#3006 = CARTESIAN_POINT('', (99.20002659710013, -100.91556703587142, 10.000000300000002));
#3007 = CARTESIAN_POINT('', (99.90299785010748, -102.69114534387133, 10.0000003));
#3008 = CARTESIAN_POINT('', (101.30887827022448, -104.09701762670728, 10.0000003));
#3009 = CARTESIAN_POINT('', (103.08446064702665, -104.7999786025688, 10.000000300000002));
#3010 = CARTESIAN_POINT('', (104.00002788303608, -104.79999980032099, 10.0000003));
#3011 = SURFACE_CURVE('', #3012, (#1766, #1826), .CURVE_3D.);
#3012 = LINE('', #3013, #3014);
#3013 = CARTESIAN_POINT('', (104.00002788303608, -104.799999800321, 10.0000003));
#3014 = VECTOR('', #3015, 31.99997221696391);
#3015 = DIRECTION('', (1.0, 1.0031539871E-11, 0.0));
#3016 = SURFACE_CURVE('', #3017, (#1766, #1831), .CURVE_3D.);
#3017 = (
    BOUNDED_CURVE()
    B_SPLINE_CURVE(2, (#3018, #3019, #3020, #3021, #3022, #3023), .UNSPECIFIED., .U., .U.)
    B_SPLINE_CURVE_WITH_KNOTS((3, 1, 1, 1, 3), (0.0, 0.25, 0.5, 0.75, 1.0), .UNSPECIFIED.)
    CURVE()
    GEOMETRIC_REPRESENTATION_ITEM()
    RATIONAL_B_SPLINE_CURVE((1.0, 0.9267812996709477, 0.8535625993418953, 0.8535625993418952, 0.9267812996709476, 1.0))
    REPRESENTATION_ITEM('')
);
#3018 = CARTESIAN_POINT('', (136.0000001, -104.7999998, 10.0000003));
#3019 = CARTESIAN_POINT('', (136.9155673358715, -104.79997330290004, 10.0000003));
#3020 = CARTESIAN_POINT('', (138.69114564387158, -104.09700204989286, 10.0000003));
#3021 = CARTESIAN_POINT('', (140.0970179267077, -102.69112162977581, 10.000000300000002));
#3022 = CARTESIAN_POINT('', (140.79997890256922, -100.91553925297356, 10.0000003));
#3023 = CARTESIAN_POINT('', (140.8000001003213, -99.99997201696404, 10.0000003));
#3024 = SURFACE_CURVE('', #3025, (#1766, #1836), .CURVE_3D.);
#3025 = LINE('', #3026, #3027);
#3026 = CARTESIAN_POINT('', (140.8000001003213, -99.99997201696402, 10.0000003));
#3027 = VECTOR('', #3028, 15.999972216964025);
#3028 = DIRECTION('', (-2.0081748940E-11, 1.0, 0.0));
#3029 = SURFACE_CURVE('', #3030, (#1766, #1841), .CURVE_3D.);
#3030 = (
    BOUNDED_CURVE()
    B_SPLINE_CURVE(2, (#3031, #3032, #3033, #3034, #3035, #3036), .UNSPECIFIED., .U., .U.)
    B_SPLINE_CURVE_WITH_KNOTS((3, 1, 1, 1, 3), (0.0, 0.25, 0.5, 0.75, 1.0), .UNSPECIFIED.)
    CURVE()
    GEOMETRIC_REPRESENTATION_ITEM()
    RATIONAL_B_SPLINE_CURVE((1.0, 0.9267812996709884, 0.8535625993419769, 0.8535625993419769, 0.9267812996709884, 1.0))
    REPRESENTATION_ITEM('')
);
#3031 = CARTESIAN_POINT('', (140.8000001, -83.9999998, 10.0000003));
#3032 = CARTESIAN_POINT('', (140.7999736028998, -83.08443256412856, 10.0000003));
#3033 = CARTESIAN_POINT('', (140.09700234989234, -81.30885425612875, 10.000000300000002));
#3034 = CARTESIAN_POINT('', (138.69112192977533, -79.90298197329285, 10.000000300000002));
#3035 = CARTESIAN_POINT('', (136.91553955297329, -79.20002099743125, 10.0000003));
#3036 = CARTESIAN_POINT('', (135.9999723169638, -79.19999979967899, 10.0000003));
#3037 = SURFACE_CURVE('', #3038, (#1766, #1776), .CURVE_3D.);
#3038 = INTERSECTION_CURVE('', #3039, (#3044, #3049), .CURVE_3D.);
#3039 = B_SPLINE_CURVE_WITH_KNOTS('', 1, (#3040, #3041, #3042, #3043), .UNSPECIFIED., .U., .U., (2, 1, 1, 2), (0.0, 0.3333333333333333, 0.6666666666666666, 1.0), .UNSPECIFIED.);
#3040 = CARTESIAN_POINT('', (104.0, -80.4, 10.0000003));
#3041 = CARTESIAN_POINT('', (115.99997796272494, -80.39999999975902, 10.0000003));
#3042 = CARTESIAN_POINT('', (126.80003098145448, -80.39999999954212, 10.0000003));
#3043 = CARTESIAN_POINT('', (135.99994443392762, -80.39999999935735, 10.0000003));
#3044 = PLANE('', #3045);
#3045 = AXIS2_PLACEMENT_3D('', #3046, #3047, #3048);
#3046 = CARTESIAN_POINT('', (140.8000001003213, -79.19999979967899, 10.0000003));
#3047 = DIRECTION('', (0.0, 0.0, 1.0));
#3048 = DIRECTION('', (-1.0, 0.0, 0.0));
#3049 = PLANE('', #3050);
#3050 = AXIS2_PLACEMENT_3D('', #3051, #3052, #3053);
#3051 = CARTESIAN_POINT('', (135.99994443392762, -80.39999999935736, 5.0));
#3052 = DIRECTION('', (-2.0082637120E-11, 0.9999999999999999, 0.0));
#3053 = DIRECTION('', (-0.9999999999999999, -2.0082637120E-11, 0.0));
#3054 = SURFACE_CURVE('', #3055, (#1766, #1786), .CURVE_3D.);
#3055 = INTERSECTION_CURVE('', #3056, (#3075, #3080), .CURVE_3D.);
#3056 = B_SPLINE_CURVE_WITH_KNOTS('', 1, (#3057, #3058, #3059, #3060, #3061, #3062, #3063, #3064, #3065, #3066, #3067, #3068, #3069, #3070, #3071, #3072, #3073, #3074), .UNSPECIFIED., .U., .U., (2, 1, 1, 1, 1, 1, 1, 1, 1, 1, 1, 1, 1, 1, 1, 1, 1, 2), (0.0, 0.058823529411764705, 0.11764705882352941, 0.17647058823529413, 0.23529411764705882, 0.29411764705882354, 0.35294117647058826, 0.4117647058823529, 0.47058823529411764, 0.5294117647058824, 0.5882352941176471, 0.6470588235294118, 0.7058823529411765, 0.7647058823529411, 0.8235294117647058, 0.8823529411764706, 0.9411764705882353, 1.0), .UNSPECIFIED.);
#3057 = CARTESIAN_POINT('', (137.70586580998383, -80.82987897494431, 10.0000003));
#3058 = CARTESIAN_POINT('', (137.70237006045446, -80.82800029922427, 10.0000003));
#3059 = CARTESIAN_POINT('', (137.56192052386896, -80.75653435848284, 10.0000003));
#3060 = CARTESIAN_POINT('', (137.5521118744449, -80.75182893959453, 10.0000003));
#3061 = CARTESIAN_POINT('', (137.41482970516245, -80.68972141654186, 10.0000003));
#3062 = CARTESIAN_POINT('', (137.26488955191627, -80.62957469091955, 10.0000003));
#3063 = CARTESIAN_POINT('', (137.1124019999121, -80.57621529959683, 10.0000003));
#3064 = CARTESIAN_POINT('', (136.9576741146503, -80.52975069284082, 10.0000003));
#3065 = CARTESIAN_POINT('', (136.8010174730099, -80.49027443683148, 10.0000003));
#3066 = CARTESIAN_POINT('', (136.6427475358231, -80.45786602524649, 10.0000003));
#3067 = CARTESIAN_POINT('', (136.48318301262944, -80.43259071918413, 10.0000003));
#3068 = CARTESIAN_POINT('', (136.3226452198874, -80.41449941574655, 10.0000003));
#3069 = CARTESIAN_POINT('', (136.16145761151162, -80.40362855352642, 10.0000003));
#3070 = CARTESIAN_POINT('', (136.14903930309063, -80.40309206002127, 10.0000003));
#3071 = CARTESIAN_POINT('', (136.13839427144995, -80.40266636138668, 10.0000003));
#3072 = CARTESIAN_POINT('', (136.1291680045502, -80.40232291937451, 10.0000003));
#3073 = CARTESIAN_POINT('', (136.12109458474256, -80.40204182675649, 10.0000003));
#3074 = CARTESIAN_POINT('', (135.99994443392762, -80.39999999935735, 10.0000003));
#3075 = PLANE('', #3076);
#3076 = AXIS2_PLACEMENT_3D('', #3077, #3078, #3079);
#3077 = CARTESIAN_POINT('', (140.8000001003213, -79.19999979967899, 10.0000003));
#3078 = DIRECTION('', (0.0, 0.0, 1.0));
#3079 = DIRECTION('', (-1.0, 0.0, 0.0));
#3080 = CYLINDRICAL_SURFACE('', #3081, 3.6001389218356925);
#3081 = AXIS2_PLACEMENT_3D('', #3082, #3083, #3084);
#3082 = CARTESIAN_POINT('', (135.9998610808446, -84.0001389202281, 13.0));
#3083 = DIRECTION('', (0.0, 0.0, 1.0));
#3084 = DIRECTION('', (-0.7071013241670318, -0.7071122381639495, 0.0));
#3085 = SURFACE_CURVE('', #3086, (#1766, #1786), .CURVE_3D.);
#3086 = INTERSECTION_CURVE('', #3087, (#3093, #3098), .CURVE_3D.);
#3087 = B_SPLINE_CURVE_WITH_KNOTS('', 1, (#3088, #3089, #3090, #3091, #3092), .UNSPECIFIED., .U., .U., (2, 1, 1, 1, 2), (0.0, 0.25, 0.5, 0.75, 1.0), .UNSPECIFIED.);
#3088 = CARTESIAN_POINT('', (138.11596499332794, -81.08756197049973, 10.0000003));
#3089 = CARTESIAN_POINT('', (137.98316724686254, -80.99555959720274, 10.0000003));
#3090 = CARTESIAN_POINT('', (137.92493066105163, -80.95791812484231, 10.0000003));
#3091 = CARTESIAN_POINT('', (137.84637569964113, -80.90960757123858, 10.0000003));
#3092 = CARTESIAN_POINT('', (137.70586580800855, -80.82987897882094, 10.0000003));
#3093 = PLANE('', #3094);
#3094 = AXIS2_PLACEMENT_3D('', #3095, #3096, #3097);
#3095 = CARTESIAN_POINT('', (140.8000001003213, -79.19999979967899, 10.0000003));
#3096 = DIRECTION('', (0.0, 0.0, 1.0));
#3097 = DIRECTION('', (-1.0, 0.0, 0.0));
#3098 = CYLINDRICAL_SURFACE('', #3099, 3.6001389218356925);
#3099 = AXIS2_PLACEMENT_3D('', #3100, #3101, #3102);
#3100 = CARTESIAN_POINT('', (135.9998610808446, -84.0001389202281, 13.0));
#3101 = DIRECTION('', (0.0, 0.0, 1.0));
#3102 = DIRECTION('', (-0.7071013241670318, -0.7071122381639495, 0.0));
#3103 = SURFACE_CURVE('', #3104, (#1766, #1786), .CURVE_3D.);
#3104 = INTERSECTION_CURVE('', #3105, (#3109, #3114), .CURVE_3D.);
#3105 = B_SPLINE_CURVE_WITH_KNOTS('', 1, (#3106, #3107, #3108), .UNSPECIFIED., .U., .U., (2, 1, 2), (0.0, 0.5, 1.0), .UNSPECIFIED.);
#3106 = CARTESIAN_POINT('', (138.1159649908502, -81.08756197407617, 10.0000003));
#3107 = CARTESIAN_POINT('', (138.24450152322098, -81.18542942527758, 10.0000003));
#3108 = CARTESIAN_POINT('', (138.36851800096363, -81.28896488463235, 10.0000003));
#3109 = PLANE('', #3110);
#3110 = AXIS2_PLACEMENT_3D('', #3111, #3112, #3113);
#3111 = CARTESIAN_POINT('', (140.8000001003213, -79.19999979967899, 10.0000003));
#3112 = DIRECTION('', (0.0, 0.0, 1.0));
#3113 = DIRECTION('', (-1.0, 0.0, 0.0));
#3114 = CYLINDRICAL_SURFACE('', #3115, 3.6001389218356925);
#3115 = AXIS2_PLACEMENT_3D('', #3116, #3117, #3118);
#3116 = CARTESIAN_POINT('', (135.9998610808446, -84.0001389202281, 13.0));
#3117 = DIRECTION('', (0.0, 0.0, 1.0));
#3118 = DIRECTION('', (-0.7071013241670318, -0.7071122381639495, 0.0));
#3119 = SURFACE_CURVE('', #3120, (#1766, #1786), .CURVE_3D.);
#3120 = INTERSECTION_CURVE('', #3121, (#3125, #3130), .CURVE_3D.);
#3121 = B_SPLINE_CURVE_WITH_KNOTS('', 1, (#3122, #3123, #3124), .UNSPECIFIED., .U., .U., (2, 1, 2), (0.0, 0.5, 1.0), .UNSPECIFIED.);
#3122 = CARTESIAN_POINT('', (138.36851799817526, -81.28896488797228, 10.0000003));
#3123 = CARTESIAN_POINT('', (138.48776469410228, -81.39795985881523, 10.0000003));
#3124 = CARTESIAN_POINT('', (138.60200160797302, -81.51219500333767, 10.0000003));
#3125 = PLANE('', #3126);
#3126 = AXIS2_PLACEMENT_3D('', #3127, #3128, #3129);
#3127 = CARTESIAN_POINT('', (140.8000001003213, -79.19999979967899, 10.0000003));
#3128 = DIRECTION('', (0.0, 0.0, 1.0));
#3129 = DIRECTION('', (-1.0, 0.0, 0.0));
#3130 = CYLINDRICAL_SURFACE('', #3131, 3.6001389218356925);
#3131 = AXIS2_PLACEMENT_3D('', #3132, #3133, #3134);
#3132 = CARTESIAN_POINT('', (135.9998610808446, -84.0001389202281, 13.0));
#3133 = DIRECTION('', (0.0, 0.0, 1.0));
#3134 = DIRECTION('', (-0.7071013241670318, -0.7071122381639495, 0.0));
#3135 = SURFACE_CURVE('', #3136, (#1766, #1786), .CURVE_3D.);
#3136 = INTERSECTION_CURVE('', #3137, (#3147, #3152), .CURVE_3D.);
#3137 = B_SPLINE_CURVE_WITH_KNOTS('', 1, (#3138, #3139, #3140, #3141, #3142, #3143, #3144, #3145, #3146), .UNSPECIFIED., .U., .U., (2, 1, 1, 1, 1, 1, 1, 1, 2), (0.0, 0.125, 0.25, 0.375, 0.5, 0.625, 0.75, 0.875, 1.0), .UNSPECIFIED.);
#3138 = CARTESIAN_POINT('', (138.60200160797302, -81.51219500333767, 10.0000003));
#3139 = CARTESIAN_POINT('', (138.71099830151417, -81.63143986226056, 10.0000003));
#3140 = CARTESIAN_POINT('', (138.81453568849113, -81.75545473095201, 10.0000003));
#3141 = CARTESIAN_POINT('', (138.856800772591, -81.80950069034157, 10.0000003));
#3142 = CARTESIAN_POINT('', (138.91240514090077, -81.88398973958233, 10.0000003));
#3143 = CARTESIAN_POINT('', (139.00440957818154, -82.01678605609457, 10.0000003));
#3144 = CARTESIAN_POINT('', (139.09036373020342, -82.15357626739922, 10.0000003));
#3145 = CARTESIAN_POINT('', (139.09290098772885, -82.15782939386247, 10.0000003));
#3146 = CARTESIAN_POINT('', (139.17009451025558, -82.29408491769439, 10.0000003));
#3147 = PLANE('', #3148);
#3148 = AXIS2_PLACEMENT_3D('', #3149, #3150, #3151);
#3149 = CARTESIAN_POINT('', (140.8000001003213, -79.19999979967899, 10.0000003));
#3150 = DIRECTION('', (0.0, 0.0, 1.0));
#3151 = DIRECTION('', (-1.0, 0.0, 0.0));
#3152 = CYLINDRICAL_SURFACE('', #3153, 3.6001389218356925);
#3153 = AXIS2_PLACEMENT_3D('', #3154, #3155, #3156);
#3154 = CARTESIAN_POINT('', (135.9998610808446, -84.0001389202281, 13.0));
#3155 = DIRECTION('', (0.0, 0.0, 1.0));
#3156 = DIRECTION('', (-0.7071013241670318, -0.7071122381639495, 0.0));
#3157 = SURFACE_CURVE('', #3158, (#1766, #1786), .CURVE_3D.);
#3158 = INTERSECTION_CURVE('', #3159, (#3164, #3169), .CURVE_3D.);
#3159 = B_SPLINE_CURVE_WITH_KNOTS('', 1, (#3160, #3161, #3162, #3163), .UNSPECIFIED., .U., .U., (2, 1, 1, 2), (0.0, 0.3333333333333333, 0.6666666666666666, 1.0), .UNSPECIFIED.);
#3160 = CARTESIAN_POINT('', (139.3102566682716, -82.58511902239621, 10.0000003));
#3161 = CARTESIAN_POINT('', (139.24816130129597, -82.44786770219571, 10.0000003));
#3162 = CARTESIAN_POINT('', (139.24344144810993, -82.43802923854528, 10.0000003));
#3163 = CARTESIAN_POINT('', (139.1700945064715, -82.29408491984165, 10.0000003));
#3164 = PLANE('', #3165);
#3165 = AXIS2_PLACEMENT_3D('', #3166, #3167, #3168);
#3166 = CARTESIAN_POINT('', (140.8000001003213, -79.19999979967899, 10.0000003));
#3167 = DIRECTION('', (0.0, 0.0, 1.0));
#3168 = DIRECTION('', (-1.0, 0.0, 0.0));
#3169 = CYLINDRICAL_SURFACE('', #3170, 3.6001389218356925);
#3170 = AXIS2_PLACEMENT_3D('', #3171, #3172, #3173);
#3171 = CARTESIAN_POINT('', (135.9998610808446, -84.0001389202281, 13.0));
#3172 = DIRECTION('', (0.0, 0.0, 1.0));
#3173 = DIRECTION('', (-0.7071013241670318, -0.7071122381639495, 0.0));
#3174 = SURFACE_CURVE('', #3175, (#1766, #1786), .CURVE_3D.);
#3175 = INTERSECTION_CURVE('', #3176, (#3191, #3196), .CURVE_3D.);
#3176 = B_SPLINE_CURVE_WITH_KNOTS('', 1, (#3177, #3178, #3179, #3180, #3181, #3182, #3183, #3184, #3185, #3186, #3187, #3188, #3189, #3190), .UNSPECIFIED., .U., .U., (2, 1, 1, 1, 1, 1, 1, 1, 1, 1, 1, 1, 1, 2), (0.0, 0.07692307692307693, 0.15384615384615385, 0.23076923076923078, 0.3076923076923077, 0.38461538461538464, 0.46153846153846156, 0.5384615384615384, 0.6153846153846154, 0.6923076923076923, 0.7692307692307693, 0.8461538461538461, 0.9230769230769231, 1.0), .UNSPECIFIED.);
#3177 = CARTESIAN_POINT('', (139.6, -84.0000006014338, 10.0000003));
#3178 = CARTESIAN_POINT('', (139.59795630268215, -83.87884988071454, 10.0000003));
#3179 = CARTESIAN_POINT('', (139.59767508545315, -83.87077646524642, 10.0000003));
#3180 = CARTESIAN_POINT('', (139.59733150103614, -83.86155020364873, 10.0000003));
#3181 = CARTESIAN_POINT('', (139.5969056380985, -83.85090517857985, 10.0000003));
#3182 = CARTESIAN_POINT('', (139.59636895291953, -83.83848687842473, 10.0000003));
#3183 = CARTESIAN_POINT('', (139.5854955854264, -83.67729924474085, 10.0000003));
#3184 = CARTESIAN_POINT('', (139.56740179548768, -83.51676173222674, 10.0000003));
#3185 = CARTESIAN_POINT('', (139.54212401799964, -83.35719760053094, 10.0000003));
#3186 = CARTESIAN_POINT('', (139.5097131550411, -83.1989281653236, 10.0000003));
#3187 = CARTESIAN_POINT('', (139.47023447264675, -83.04227213513333, 10.0000003));
#3188 = CARTESIAN_POINT('', (139.4237674693803, -82.88754496956115, 10.0000003));
#3189 = CARTESIAN_POINT('', (139.37040571624752, -82.73505824403671, 10.0000003));
#3190 = CARTESIAN_POINT('', (139.3102566682716, -82.58511902239621, 10.0000003));
#3191 = PLANE('', #3192);
#3192 = AXIS2_PLACEMENT_3D('', #3193, #3194, #3195);
#3193 = CARTESIAN_POINT('', (140.8000001003213, -79.19999979967899, 10.0000003));
#3194 = DIRECTION('', (0.0, 0.0, 1.0));
#3195 = DIRECTION('', (-1.0, 0.0, 0.0));
#3196 = CYLINDRICAL_SURFACE('', #3197, 3.6001389218356925);
#3197 = AXIS2_PLACEMENT_3D('', #3198, #3199, #3200);
#3198 = CARTESIAN_POINT('', (135.9998610808446, -84.0001389202281, 13.0));
#3199 = DIRECTION('', (0.0, 0.0, 1.0));
#3200 = DIRECTION('', (-0.7071013241670318, -0.7071122381639495, 0.0));
#3201 = SURFACE_CURVE('', #3202, (#1766, #1791), .CURVE_3D.);
#3202 = INTERSECTION_CURVE('', #3203, (#3208, #3213), .CURVE_3D.);
#3203 = B_SPLINE_CURVE_WITH_KNOTS('', 1, (#3204, #3205, #3206, #3207), .UNSPECIFIED., .U., .U., (2, 1, 1, 2), (0.0, 0.3333333333333333, 0.6666666666666666, 1.0), .UNSPECIFIED.);
#3204 = CARTESIAN_POINT('', (139.60000000064295, -99.99994443392804, 10.0000003));
#3205 = CARTESIAN_POINT('', (139.6000000006244, -99.53843511995532, 10.0000003));
#3206 = CARTESIAN_POINT('', (139.6000000002411, -89.9999785627251, 10.0000003));
#3207 = CARTESIAN_POINT('', (139.6, -84.0000006014338, 10.0000003));
#3208 = PLANE('', #3209);
#3209 = AXIS2_PLACEMENT_3D('', #3210, #3211, #3212);
#3210 = CARTESIAN_POINT('', (140.8000001003213, -79.19999979967899, 10.0000003));
#3211 = DIRECTION('', (0.0, 0.0, 1.0));
#3212 = DIRECTION('', (-1.0, 0.0, 0.0));
#3213 = PLANE('', #3214);
#3214 = AXIS2_PLACEMENT_3D('', #3215, #3216, #3217);
#3215 = CARTESIAN_POINT('', (139.60000000064295, -99.99994443392805, 5.0));
#3216 = DIRECTION('', (1.0, 4.0184883978E-11, -0.0));
#3217 = DIRECTION('', (-4.0184883978E-11, 1.0, 0.0));
#3218 = SURFACE_CURVE('', #3219, (#1766, #1796), .CURVE_3D.);
#3219 = INTERSECTION_CURVE('', #3220, (#3240, #3245), .CURVE_3D.);
#3220 = B_SPLINE_CURVE_WITH_KNOTS('', 1, (#3221, #3222, #3223, #3224, #3225, #3226, #3227, #3228, #3229, #3230, #3231, #3232, #3233, #3234, #3235, #3236, #3237, #3238, #3239), .UNSPECIFIED., .U., .U., (2, 1, 1, 1, 1, 1, 1, 1, 1, 1, 1, 1, 1, 1, 1, 1, 1, 1, 2), (0.0, 0.05555555555555555, 0.1111111111111111, 0.16666666666666666, 0.2222222222222222, 0.2777777777777778, 0.3333333333333333, 0.3888888888888889, 0.4444444444444444, 0.5, 0.5555555555555556, 0.6111111111111112, 0.6666666666666666, 0.7222222222222222, 0.7777777777777778, 0.8333333333333334, 0.8888888888888888, 0.9444444444444444, 1.0), .UNSPECIFIED.);
#3221 = CARTESIAN_POINT('', (139.60000000064295, -99.99994443392804, 10.0000003));
#3222 = CARTESIAN_POINT('', (139.59999999987343, -99.99997283270719, 10.0000003));
#3223 = CARTESIAN_POINT('', (139.59795817324382, -100.12109458474299, 10.0000003));
#3224 = CARTESIAN_POINT('', (139.59767708062577, -100.12916800455064, 10.0000003));
#3225 = CARTESIAN_POINT('', (139.5973336386136, -100.13839427145038, 10.0000003));
#3226 = CARTESIAN_POINT('', (139.59690793997902, -100.14903930309106, 10.0000003));
#3227 = CARTESIAN_POINT('', (139.59657083978675, -100.15695709840247, 10.0000003));
#3228 = CARTESIAN_POINT('', (139.59637144647314, -100.16145761152826, 10.0000003));
#3229 = CARTESIAN_POINT('', (139.58550056686772, -100.32264541302038, 10.0000003));
#3230 = CARTESIAN_POINT('', (139.56740925478314, -100.483183204788, 10.0000003));
#3231 = CARTESIAN_POINT('', (139.5421339401262, -100.64274772662029, 10.0000003));
#3232 = CARTESIAN_POINT('', (139.50972552001636, -100.80101766206147, 10.0000003));
#3233 = CARTESIAN_POINT('', (139.47024925556906, -100.9576743015756, 10.0000003));
#3234 = CARTESIAN_POINT('', (139.423784640479, -101.11240218433466, 10.0000003));
#3235 = CARTESIAN_POINT('', (139.37042524094286, -101.26488973346478, 10.0000003));
#3236 = CARTESIAN_POINT('', (139.3102785072444, -101.4148298834713, 10.0000003));
#3237 = CARTESIAN_POINT('', (139.24817140754408, -101.55211114800812, 10.0000003));
#3238 = CARTESIAN_POINT('', (139.24346555738066, -101.5619206985791, 10.0000003));
#3239 = CARTESIAN_POINT('', (139.17012093316592, -101.70586598074343, 10.0000003));
#3240 = PLANE('', #3241);
#3241 = AXIS2_PLACEMENT_3D('', #3242, #3243, #3244);
#3242 = CARTESIAN_POINT('', (140.8000001003213, -79.19999979967899, 10.0000003));
#3243 = DIRECTION('', (0.0, 0.0, 1.0));
#3244 = DIRECTION('', (-1.0, 0.0, 0.0));
#3245 = CYLINDRICAL_SURFACE('', #3246, 3.6001389218346875);
#3246 = AXIS2_PLACEMENT_3D('', #3247, #3248, #3249);
#3247 = CARTESIAN_POINT('', (135.99986107977318, -99.9998610808456, 13.0));
#3248 = DIRECTION('', (0.0, 0.0, 1.0));
#3249 = DIRECTION('', (-0.7071122381638865, 0.7071013241670949, 0.0));
#3250 = SURFACE_CURVE('', #3251, (#1766, #1796), .CURVE_3D.);
#3251 = INTERSECTION_CURVE('', #3252, (#3258, #3263), .CURVE_3D.);
#3252 = B_SPLINE_CURVE_WITH_KNOTS('', 1, (#3253, #3254, #3255, #3256, #3257), .UNSPECIFIED., .U., .U., (2, 1, 1, 1, 2), (0.0, 0.25, 0.5, 0.75, 1.0), .UNSPECIFIED.);
#3253 = CARTESIAN_POINT('', (138.91243791552137, -102.11596515020803, 10.0000003));
#3254 = CARTESIAN_POINT('', (139.00444029597122, -101.98316740869812, 10.0000003));
#3255 = CARTESIAN_POINT('', (139.09039232930337, -101.84637586610633, 10.0000003));
#3256 = CARTESIAN_POINT('', (139.09291341303452, -101.84214974449625, 10.0000003));
#3257 = CARTESIAN_POINT('', (139.17012093316592, -101.70586598074343, 10.0000003));
#3258 = PLANE('', #3259);
#3259 = AXIS2_PLACEMENT_3D('', #3260, #3261, #3262);
#3260 = CARTESIAN_POINT('', (140.8000001003213, -79.19999979967899, 10.0000003));
#3261 = DIRECTION('', (0.0, 0.0, 1.0));
#3262 = DIRECTION('', (-1.0, 0.0, 0.0));
#3263 = CYLINDRICAL_SURFACE('', #3264, 3.6001389218346875);
#3264 = AXIS2_PLACEMENT_3D('', #3265, #3266, #3267);
#3265 = CARTESIAN_POINT('', (135.99986107977318, -99.9998610808456, 13.0));
#3266 = DIRECTION('', (0.0, 0.0, 1.0));
#3267 = DIRECTION('', (-0.7071122381638865, 0.7071013241670949, 0.0));
#3268 = SURFACE_CURVE('', #3269, (#1766, #1796), .CURVE_3D.);
#3269 = INTERSECTION_CURVE('', #3270, (#3275, #3280), .CURVE_3D.);
#3270 = B_SPLINE_CURVE_WITH_KNOTS('', 1, (#3271, #3272, #3273, #3274), .UNSPECIFIED., .U., .U., (2, 1, 1, 2), (0.0, 0.3333333333333333, 0.6666666666666666, 1.0), .UNSPECIFIED.);
#3271 = CARTESIAN_POINT('', (138.91243791552137, -102.11596515020803, 10.0000003));
#3272 = CARTESIAN_POINT('', (138.85681485605886, -102.19048094213514, 10.0000003));
#3273 = CARTESIAN_POINT('', (138.8145704539419, -102.244501674677, 10.0000003));
#3274 = CARTESIAN_POINT('', (138.711035115368, -102.36851800096417, 10.0000003));
#3275 = PLANE('', #3276);
#3276 = AXIS2_PLACEMENT_3D('', #3277, #3278, #3279);
#3277 = CARTESIAN_POINT('', (140.8000001003213, -79.19999979967899, 10.0000003));
#3278 = DIRECTION('', (0.0, 0.0, 1.0));
#3279 = DIRECTION('', (-1.0, 0.0, 0.0));
#3280 = CYLINDRICAL_SURFACE('', #3281, 3.6001389218346875);
#3281 = AXIS2_PLACEMENT_3D('', #3282, #3283, #3284);
#3282 = CARTESIAN_POINT('', (135.99986107977318, -99.9998610808456, 13.0));
#3283 = DIRECTION('', (0.0, 0.0, 1.0));
#3284 = DIRECTION('', (-0.7071122381638865, 0.7071013241670949, 0.0));
#3285 = SURFACE_CURVE('', #3286, (#1766, #1796), .CURVE_3D.);
#3286 = INTERSECTION_CURVE('', #3287, (#3291, #3296), .CURVE_3D.);
#3287 = B_SPLINE_CURVE_WITH_KNOTS('', 1, (#3288, #3289, #3290), .UNSPECIFIED., .U., .U., (2, 1, 2), (0.0, 0.5, 1.0), .UNSPECIFIED.);
#3288 = CARTESIAN_POINT('', (138.71103511202804, -102.36851799817582, 10.0000003));
#3289 = CARTESIAN_POINT('', (138.60204000731457, -102.48776483412236, 10.0000003));
#3290 = CARTESIAN_POINT('', (138.48780513682124, -102.60200147396591, 10.0000003));
#3291 = PLANE('', #3292);
#3292 = AXIS2_PLACEMENT_3D('', #3293, #3294, #3295);
#3293 = CARTESIAN_POINT('', (140.8000001003213, -79.19999979967899, 10.0000003));
#3294 = DIRECTION('', (0.0, 0.0, 1.0));
#3295 = DIRECTION('', (-1.0, 0.0, 0.0));
#3296 = CYLINDRICAL_SURFACE('', #3297, 3.6001389218346875);
#3297 = AXIS2_PLACEMENT_3D('', #3298, #3299, #3300);
#3298 = CARTESIAN_POINT('', (135.99986107977318, -99.9998610808456, 13.0));
#3299 = DIRECTION('', (0.0, 0.0, 1.0));
#3300 = DIRECTION('', (-0.7071122381638865, 0.7071013241670949, 0.0));
#3301 = SURFACE_CURVE('', #3302, (#1766, #1796), .CURVE_3D.);
#3302 = INTERSECTION_CURVE('', #3303, (#3312, #3317), .CURVE_3D.);
#3303 = B_SPLINE_CURVE_WITH_KNOTS('', 1, (#3304, #3305, #3306, #3307, #3308, #3309, #3310, #3311), .UNSPECIFIED., .U., .U., (2, 1, 1, 1, 1, 1, 1, 2), (0.0, 0.14285714285714285, 0.2857142857142857, 0.42857142857142855, 0.5714285714285714, 0.7142857142857143, 0.8571428571428571, 1.0), .UNSPECIFIED.);
#3304 = CARTESIAN_POINT('', (138.48780513374467, -102.60200147088942, 10.0000003));
#3305 = CARTESIAN_POINT('', (138.36855999185732, -102.710998428971, 10.0000003));
#3306 = CARTESIAN_POINT('', (138.24454511759467, -102.81453580927487, 10.0000003));
#3307 = CARTESIAN_POINT('', (138.1160101036981, -102.91240525476823, 10.0000003));
#3308 = CARTESIAN_POINT('', (137.98321378223523, -103.00440968490338, 10.0000003));
#3309 = CARTESIAN_POINT('', (137.92494739069278, -103.0420712892334, 10.0000003));
#3310 = CARTESIAN_POINT('', (137.84642356630548, -103.09036382956477, 10.0000003));
#3311 = CARTESIAN_POINT('', (137.70591491154818, -103.17009460214888, 10.0000003));
#3312 = PLANE('', #3313);
#3313 = AXIS2_PLACEMENT_3D('', #3314, #3315, #3316);
#3314 = CARTESIAN_POINT('', (140.8000001003213, -79.19999979967899, 10.0000003));
#3315 = DIRECTION('', (0.0, 0.0, 1.0));
#3316 = DIRECTION('', (-1.0, 0.0, 0.0));
#3317 = CYLINDRICAL_SURFACE('', #3318, 3.6001389218346875);
#3318 = AXIS2_PLACEMENT_3D('', #3319, #3320, #3321);
#3319 = CARTESIAN_POINT('', (135.99986107977318, -99.9998610808456, 13.0));
#3320 = DIRECTION('', (0.0, 0.0, 1.0));
#3321 = DIRECTION('', (-0.7071122381638865, 0.7071013241670949, 0.0));
#3322 = SURFACE_CURVE('', #3323, (#1766, #1796), .CURVE_3D.);
#3323 = INTERSECTION_CURVE('', #3324, (#3330, #3335), .CURVE_3D.);
#3324 = B_SPLINE_CURVE_WITH_KNOTS('', 1, (#3325, #3326, #3327, #3328, #3329), .UNSPECIFIED., .U., .U., (2, 1, 1, 1, 2), (0.0, 0.25, 0.5, 0.75, 1.0), .UNSPECIFIED.);
#3325 = CARTESIAN_POINT('', (137.70591491154818, -103.17009460214886, 10.0000003));
#3326 = CARTESIAN_POINT('', (137.70238970819648, -103.17198915611434, 10.0000003));
#3327 = CARTESIAN_POINT('', (137.5619707614549, -103.24344144811035, 10.0000003));
#3328 = CARTESIAN_POINT('', (137.55213157133923, -103.24816164845357, 10.0000003));
#3329 = CARTESIAN_POINT('', (137.41488097760393, -103.31025666827199, 10.0000003));
#3330 = PLANE('', #3331);
#3331 = AXIS2_PLACEMENT_3D('', #3332, #3333, #3334);
#3332 = CARTESIAN_POINT('', (140.8000001003213, -79.19999979967899, 10.0000003));
#3333 = DIRECTION('', (0.0, 0.0, 1.0));
#3334 = DIRECTION('', (-1.0, 0.0, 0.0));
#3335 = CYLINDRICAL_SURFACE('', #3336, 3.6001389218346875);
#3336 = AXIS2_PLACEMENT_3D('', #3337, #3338, #3339);
#3337 = CARTESIAN_POINT('', (135.99986107977318, -99.9998610808456, 13.0));
#3338 = DIRECTION('', (0.0, 0.0, 1.0));
#3339 = DIRECTION('', (-0.7071122381638865, 0.7071013241670949, 0.0));
#3340 = SURFACE_CURVE('', #3341, (#1766, #1796), .CURVE_3D.);
#3341 = INTERSECTION_CURVE('', #3342, (#3357, #3362), .CURVE_3D.);
#3342 = B_SPLINE_CURVE_WITH_KNOTS('', 1, (#3343, #3344, #3345, #3346, #3347, #3348, #3349, #3350, #3351, #3352, #3353, #3354, #3355, #3356), .UNSPECIFIED., .U., .U., (2, 1, 1, 1, 1, 1, 1, 1, 1, 1, 1, 1, 1, 2), (0.0, 0.07692307692307693, 0.15384615384615385, 0.23076923076923078, 0.3076923076923077, 0.38461538461538464, 0.46153846153846156, 0.5384615384615384, 0.6153846153846154, 0.6923076923076923, 0.7692307692307693, 0.8461538461538461, 0.9230769230769231, 1.0), .UNSPECIFIED.);
#3343 = CARTESIAN_POINT('', (136.0, -103.6, 10.0000003));
#3344 = CARTESIAN_POINT('', (136.12115011928546, -103.59795630268218, 10.0000003));
#3345 = CARTESIAN_POINT('', (136.12922353475358, -103.5976750854532, 10.0000003));
#3346 = CARTESIAN_POINT('', (136.1384497963513, -103.5973315010362, 10.0000003));
#3347 = CARTESIAN_POINT('', (136.14909482142016, -103.59690563809855, 10.0000003));
#3348 = CARTESIAN_POINT('', (136.16151312157527, -103.5963689529196, 10.0000003));
#3349 = CARTESIAN_POINT('', (136.32270075525918, -103.5854955854265, 10.0000003));
#3350 = CARTESIAN_POINT('', (136.4832382677733, -103.56740179548785, 10.0000003));
#3351 = CARTESIAN_POINT('', (136.6428023994691, -103.54212401799987, 10.0000003));
#3352 = CARTESIAN_POINT('', (136.80107183467646, -103.50971315504137, 10.0000003));
#3353 = CARTESIAN_POINT('', (136.95772786486677, -103.47023447264706, 10.0000003));
#3354 = CARTESIAN_POINT('', (137.11245503043895, -103.42376746938064, 10.0000003));
#3355 = CARTESIAN_POINT('', (137.2649417559634, -103.37040571624789, 10.0000003));
#3356 = CARTESIAN_POINT('', (137.41488097760393, -103.31025666827199, 10.0000003));
#3357 = PLANE('', #3358);
#3358 = AXIS2_PLACEMENT_3D('', #3359, #3360, #3361);
#3359 = CARTESIAN_POINT('', (140.8000001003213, -79.19999979967899, 10.0000003));
#3360 = DIRECTION('', (0.0, 0.0, 1.0));
#3361 = DIRECTION('', (-1.0, 0.0, 0.0));
#3362 = CYLINDRICAL_SURFACE('', #3363, 3.6001389218346875);
#3363 = AXIS2_PLACEMENT_3D('', #3364, #3365, #3366);
#3364 = CARTESIAN_POINT('', (135.99986107977318, -99.9998610808456, 13.0));
#3365 = DIRECTION('', (0.0, 0.0, 1.0));
#3366 = DIRECTION('', (-0.7071122381638865, 0.7071013241670949, 0.0));
#3367 = SURFACE_CURVE('', #3368, (#1766, #1801), .CURVE_3D.);
#3368 = INTERSECTION_CURVE('', #3369, (#3374, #3379), .CURVE_3D.);
#3369 = B_SPLINE_CURVE_WITH_KNOTS('', 1, (#3370, #3371, #3372, #3373), .UNSPECIFIED., .U., .U., (2, 1, 1, 2), (0.0, 0.3333333333333333, 0.6666666666666666, 1.0), .UNSPECIFIED.);
#3370 = CARTESIAN_POINT('', (136.0, -103.6, 10.0000003));
#3371 = CARTESIAN_POINT('', (124.00002203727497, -103.60000000024098, 10.0000003));
#3372 = CARTESIAN_POINT('', (113.19996615189893, -103.60000000045788, 10.0000003));
#3373 = CARTESIAN_POINT('', (104.00005556607215, -103.60000000064265, 10.0000003));
#3374 = PLANE('', #3375);
#3375 = AXIS2_PLACEMENT_3D('', #3376, #3377, #3378);
#3376 = CARTESIAN_POINT('', (140.8000001003213, -79.19999979967899, 10.0000003));
#3377 = DIRECTION('', (0.0, 0.0, 1.0));
#3378 = DIRECTION('', (-1.0, 0.0, 0.0));
#3379 = PLANE('', #3380);
#3380 = AXIS2_PLACEMENT_3D('', #3381, #3382, #3383);
#3381 = CARTESIAN_POINT('', (104.00005556607216, -103.60000000064264, 5.0));
#3382 = DIRECTION('', (2.0082637120E-11, -0.9999999999999999, 0.0));
#3383 = DIRECTION('', (0.9999999999999999, 2.0082637120E-11, 0.0));
#3384 = SURFACE_CURVE('', #3385, (#1766, #1806), .CURVE_3D.);
#3385 = INTERSECTION_CURVE('', #3386, (#3405, #3410), .CURVE_3D.);
#3386 = B_SPLINE_CURVE_WITH_KNOTS('', 1, (#3387, #3388, #3389, #3390, #3391, #3392, #3393, #3394, #3395, #3396, #3397, #3398, #3399, #3400, #3401, #3402, #3403, #3404), .UNSPECIFIED., .U., .U., (2, 1, 1, 1, 1, 1, 1, 1, 1, 1, 1, 1, 1, 1, 1, 1, 1, 2), (0.0, 0.058823529411764705, 0.11764705882352941, 0.17647058823529413, 0.23529411764705882, 0.29411764705882354, 0.35294117647058826, 0.4117647058823529, 0.47058823529411764, 0.5294117647058824, 0.5882352941176471, 0.6470588235294118, 0.7058823529411765, 0.7647058823529411, 0.8235294117647058, 0.8823529411764706, 0.9411764705882353, 1.0), .UNSPECIFIED.);
#3387 = CARTESIAN_POINT('', (104.00005556607215, -103.60000000064265, 10.0000003));
#3388 = CARTESIAN_POINT('', (103.87890541525721, -103.59795817324351, 10.0000003));
#3389 = CARTESIAN_POINT('', (103.87083199544956, -103.59767708062549, 10.0000003));
#3390 = CARTESIAN_POINT('', (103.86160572854982, -103.59733363861332, 10.0000003));
#3391 = CARTESIAN_POINT('', (103.85096069690914, -103.59690793997873, 10.0000003));
#3392 = CARTESIAN_POINT('', (103.83854238847194, -103.59637144647286, 10.0000003));
#3393 = CARTESIAN_POINT('', (103.67735458697985, -103.58550056686741, 10.0000003));
#3394 = CARTESIAN_POINT('', (103.51681679521222, -103.56740925478282, 10.0000003));
#3395 = CARTESIAN_POINT('', (103.35725227337994, -103.54213394012588, 10.0000003));
#3396 = CARTESIAN_POINT('', (103.19898233793876, -103.50972552001602, 10.0000003));
#3397 = CARTESIAN_POINT('', (103.04232569842466, -103.47024925556873, 10.0000003));
#3398 = CARTESIAN_POINT('', (102.88759781566561, -103.42378464047867, 10.0000003));
#3399 = CARTESIAN_POINT('', (102.73511026653549, -103.37042524094254, 10.0000003));
#3400 = CARTESIAN_POINT('', (102.58517011652899, -103.31027850724405, 10.0000003));
#3401 = CARTESIAN_POINT('', (102.44788921521825, -103.24817158111632, 10.0000003));
#3402 = CARTESIAN_POINT('', (102.4380793014212, -103.24346555738035, 10.0000003));
#3403 = CARTESIAN_POINT('', (102.29763124840133, -103.17200040324764, 10.0000003));
#3404 = CARTESIAN_POINT('', (102.29413419001594, -103.17012102505578, 10.0000003));
#3405 = PLANE('', #3406);
#3406 = AXIS2_PLACEMENT_3D('', #3407, #3408, #3409);
#3407 = CARTESIAN_POINT('', (140.8000001003213, -79.19999979967899, 10.0000003));
#3408 = DIRECTION('', (0.0, 0.0, 1.0));
#3409 = DIRECTION('', (-1.0, 0.0, 0.0));
#3410 = CYLINDRICAL_SURFACE('', #3411, 3.60013892183517);
#3411 = AXIS2_PLACEMENT_3D('', #3412, #3413, #3414);
#3412 = CARTESIAN_POINT('', (104.00013891915488, -99.99986107977242, 13.0));
#3413 = DIRECTION('', (0.0, 0.0, 1.0));
#3414 = DIRECTION('', (0.7071013241670516, 0.70711223816393, 0.0));
#3415 = SURFACE_CURVE('', #3416, (#1766, #1806), .CURVE_3D.);
#3416 = INTERSECTION_CURVE('', #3417, (#3423, #3428), .CURVE_3D.);
#3417 = B_SPLINE_CURVE_WITH_KNOTS('', 1, (#3418, #3419, #3420, #3421, #3422), .UNSPECIFIED., .U., .U., (2, 1, 1, 1, 2), (0.0, 0.25, 0.5, 0.75, 1.0), .UNSPECIFIED.);
#3418 = CARTESIAN_POINT('', (101.88403484979229, -102.91243791552105, 10.0000003));
#3419 = CARTESIAN_POINT('', (102.01683259130219, -103.00444029597091, 10.0000003));
#3420 = CARTESIAN_POINT('', (102.07507137605049, -103.04208316420322, 10.0000003));
#3421 = CARTESIAN_POINT('', (102.15362413389397, -103.09039232930304, 10.0000003));
#3422 = CARTESIAN_POINT('', (102.2941341919912, -103.17012102117914, 10.0000003));
#3423 = PLANE('', #3424);
#3424 = AXIS2_PLACEMENT_3D('', #3425, #3426, #3427);
#3425 = CARTESIAN_POINT('', (140.8000001003213, -79.19999979967899, 10.0000003));
#3426 = DIRECTION('', (0.0, 0.0, 1.0));
#3427 = DIRECTION('', (-1.0, 0.0, 0.0));
#3428 = CYLINDRICAL_SURFACE('', #3429, 3.60013892183517);
#3429 = AXIS2_PLACEMENT_3D('', #3430, #3431, #3432);
#3430 = CARTESIAN_POINT('', (104.00013891915488, -99.99986107977242, 13.0));
#3431 = DIRECTION('', (0.0, 0.0, 1.0));
#3432 = DIRECTION('', (0.7071013241670516, 0.70711223816393, 0.0));
#3433 = SURFACE_CURVE('', #3434, (#1766, #1806), .CURVE_3D.);
#3434 = INTERSECTION_CURVE('', #3435, (#3439, #3444), .CURVE_3D.);
#3435 = B_SPLINE_CURVE_WITH_KNOTS('', 1, (#3436, #3437, #3438), .UNSPECIFIED., .U., .U., (2, 1, 2), (0.0, 0.5, 1.0), .UNSPECIFIED.);
#3436 = CARTESIAN_POINT('', (101.88403484979227, -102.91243791552105, 10.0000003));
#3437 = CARTESIAN_POINT('', (101.75549832532332, -102.81457045394163, 10.0000003));
#3438 = CARTESIAN_POINT('', (101.63148199903614, -102.71103511536771, 10.0000003));
#3439 = PLANE('', #3440);
#3440 = AXIS2_PLACEMENT_3D('', #3441, #3442, #3443);
#3441 = CARTESIAN_POINT('', (140.8000001003213, -79.19999979967899, 10.0000003));
#3442 = DIRECTION('', (0.0, 0.0, 1.0));
#3443 = DIRECTION('', (-1.0, 0.0, 0.0));
#3444 = CYLINDRICAL_SURFACE('', #3445, 3.60013892183517);
#3445 = AXIS2_PLACEMENT_3D('', #3446, #3447, #3448);
#3446 = CARTESIAN_POINT('', (104.00013891915488, -99.99986107977242, 13.0));
#3447 = DIRECTION('', (0.0, 0.0, 1.0));
#3448 = DIRECTION('', (0.7071013241670516, 0.70711223816393, 0.0));
#3449 = SURFACE_CURVE('', #3450, (#1766, #1806), .CURVE_3D.);
#3450 = INTERSECTION_CURVE('', #3451, (#3455, #3460), .CURVE_3D.);
#3451 = B_SPLINE_CURVE_WITH_KNOTS('', 1, (#3452, #3453, #3454), .UNSPECIFIED., .U., .U., (2, 1, 2), (0.0, 0.5, 1.0), .UNSPECIFIED.);
#3452 = CARTESIAN_POINT('', (101.39799839202676, -102.4878049966624, 10.0000003));
#3453 = CARTESIAN_POINT('', (101.51223516587795, -102.60204000731432, 10.0000003));
#3454 = CARTESIAN_POINT('', (101.6314820018245, -102.71103511202779, 10.0000003));
#3455 = PLANE('', #3456);
#3456 = AXIS2_PLACEMENT_3D('', #3457, #3458, #3459);
#3457 = CARTESIAN_POINT('', (140.8000001003213, -79.19999979967899, 10.0000003));
#3458 = DIRECTION('', (0.0, 0.0, 1.0));
#3459 = DIRECTION('', (-1.0, 0.0, 0.0));
#3460 = CYLINDRICAL_SURFACE('', #3461, 3.60013892183517);
#3461 = AXIS2_PLACEMENT_3D('', #3462, #3463, #3464);
#3462 = CARTESIAN_POINT('', (104.00013891915488, -99.99986107977242, 13.0));
#3463 = DIRECTION('', (0.0, 0.0, 1.0));
#3464 = DIRECTION('', (0.7071013241670516, 0.70711223816393, 0.0));
#3465 = SURFACE_CURVE('', #3466, (#1766, #1806), .CURVE_3D.);
#3466 = INTERSECTION_CURVE('', #3467, (#3477, #3482), .CURVE_3D.);
#3467 = B_SPLINE_CURVE_WITH_KNOTS('', 1, (#3468, #3469, #3470, #3471, #3472, #3473, #3474, #3475, #3476), .UNSPECIFIED., .U., .U., (2, 1, 1, 1, 1, 1, 1, 1, 2), (0.0, 0.125, 0.25, 0.375, 0.5, 0.625, 0.75, 0.875, 1.0), .UNSPECIFIED.);
#3468 = CARTESIAN_POINT('', (101.39799839202676, -102.4878049966624, 10.0000003));
#3469 = CARTESIAN_POINT('', (101.2890015710293, -102.3685599918571, 10.0000003));
#3470 = CARTESIAN_POINT('', (101.18546419072544, -102.24454511759447, 10.0000003));
#3471 = CARTESIAN_POINT('', (101.14319776215979, -102.19049739874005, 10.0000003));
#3472 = CARTESIAN_POINT('', (101.08759474523207, -102.1160101036979, 10.0000003));
#3473 = CARTESIAN_POINT('', (100.99559031509688, -101.98321378223503, 10.0000003));
#3474 = CARTESIAN_POINT('', (100.90963617043552, -101.8464235663053, 10.0000003));
#3475 = CARTESIAN_POINT('', (100.90709825137355, -101.84216932867199, 10.0000003));
#3476 = CARTESIAN_POINT('', (100.82990548974422, -101.70591508230565, 10.0000003));
#3477 = PLANE('', #3478);
#3478 = AXIS2_PLACEMENT_3D('', #3479, #3480, #3481);
#3479 = CARTESIAN_POINT('', (140.8000001003213, -79.19999979967899, 10.0000003));
#3480 = DIRECTION('', (0.0, 0.0, 1.0));
#3481 = DIRECTION('', (-1.0, 0.0, 0.0));
#3482 = CYLINDRICAL_SURFACE('', #3483, 3.60013892183517);
#3483 = AXIS2_PLACEMENT_3D('', #3484, #3485, #3486);
#3484 = CARTESIAN_POINT('', (104.00013891915488, -99.99986107977242, 13.0));
#3485 = DIRECTION('', (0.0, 0.0, 1.0));
#3486 = DIRECTION('', (0.7071013241670516, 0.70711223816393, 0.0));
#3487 = SURFACE_CURVE('', #3488, (#1766, #1806), .CURVE_3D.);
#3488 = INTERSECTION_CURVE('', #3489, (#3494, #3499), .CURVE_3D.);
#3489 = B_SPLINE_CURVE_WITH_KNOTS('', 1, (#3490, #3491, #3492, #3493), .UNSPECIFIED., .U., .U., (2, 1, 1, 2), (0.0, 0.3333333333333333, 0.6666666666666666, 1.0), .UNSPECIFIED.);
#3490 = CARTESIAN_POINT('', (100.82990549352832, -101.70591508015839, 10.0000003));
#3491 = CARTESIAN_POINT('', (100.7565585518899, -101.56197076145476, 10.0000003));
#3492 = CARTESIAN_POINT('', (100.7518381779673, -101.5521312081047, 10.0000003));
#3493 = CARTESIAN_POINT('', (100.68974333172824, -101.41488097760381, 10.0000003));
#3494 = PLANE('', #3495);
#3495 = AXIS2_PLACEMENT_3D('', #3496, #3497, #3498);
#3496 = CARTESIAN_POINT('', (140.8000001003213, -79.19999979967899, 10.0000003));
#3497 = DIRECTION('', (0.0, 0.0, 1.0));
#3498 = DIRECTION('', (-1.0, 0.0, 0.0));
#3499 = CYLINDRICAL_SURFACE('', #3500, 3.60013892183517);
#3500 = AXIS2_PLACEMENT_3D('', #3501, #3502, #3503);
#3501 = CARTESIAN_POINT('', (104.00013891915488, -99.99986107977242, 13.0));
#3502 = DIRECTION('', (0.0, 0.0, 1.0));
#3503 = DIRECTION('', (0.7071013241670516, 0.70711223816393, 0.0));
#3504 = SURFACE_CURVE('', #3505, (#1766, #1806), .CURVE_3D.);
#3505 = INTERSECTION_CURVE('', #3506, (#3521, #3526), .CURVE_3D.);
#3506 = B_SPLINE_CURVE_WITH_KNOTS('', 1, (#3507, #3508, #3509, #3510, #3511, #3512, #3513, #3514, #3515, #3516, #3517, #3518, #3519, #3520), .UNSPECIFIED., .U., .U., (2, 1, 1, 1, 1, 1, 1, 1, 1, 1, 1, 1, 1, 2), (0.0, 0.07692307692307693, 0.15384615384615385, 0.23076923076923078, 0.3076923076923077, 0.38461538461538464, 0.46153846153846156, 0.5384615384615384, 0.6153846153846154, 0.6923076923076923, 0.7692307692307693, 0.8461538461538461, 0.9230769230769231, 1.0), .UNSPECIFIED.);
#3507 = CARTESIAN_POINT('', (100.68974333172824, -101.41488097760381, 10.0000003));
#3508 = CARTESIAN_POINT('', (100.62959435182452, -101.26494193732748, 10.0000003));
#3509 = CARTESIAN_POINT('', (100.57623259048665, -101.11245521467436, 10.0000003));
#3510 = CARTESIAN_POINT('', (100.52976557889455, -100.95772805160249, 10.0000003));
#3511 = CARTESIAN_POINT('', (100.49028688807078, -100.80107202353652, 10.0000003));
#3512 = CARTESIAN_POINT('', (100.45787601659602, -100.64280259007315, 10.0000003));
#3513 = CARTESIAN_POINT('', (100.43259823052207, -100.48323845973752, 10.0000003));
#3514 = CARTESIAN_POINT('', (100.4145044319451, -100.322700948197, 10.0000003));
#3515 = CARTESIAN_POINT('', (100.4036310470797, -100.16151312155901, 10.0000003));
#3516 = CARTESIAN_POINT('', (100.40309436190148, -100.14909482142016, 10.0000003));
#3517 = CARTESIAN_POINT('', (100.40266849896383, -100.1384497963513, 10.0000003));
#3518 = CARTESIAN_POINT('', (100.40232491454682, -100.12922353475358, 10.0000003));
#3519 = CARTESIAN_POINT('', (100.40204369731785, -100.12115011928546, 10.0000003));
#3520 = CARTESIAN_POINT('', (100.4, -100.0, 10.0000003));
#3521 = PLANE('', #3522);
#3522 = AXIS2_PLACEMENT_3D('', #3523, #3524, #3525);
#3523 = CARTESIAN_POINT('', (140.8000001003213, -79.19999979967899, 10.0000003));
#3524 = DIRECTION('', (0.0, 0.0, 1.0));
#3525 = DIRECTION('', (-1.0, 0.0, 0.0));
#3526 = CYLINDRICAL_SURFACE('', #3527, 3.60013892183517);
#3527 = AXIS2_PLACEMENT_3D('', #3528, #3529, #3530);
#3528 = CARTESIAN_POINT('', (104.00013891915488, -99.99986107977242, 13.0));
#3529 = DIRECTION('', (0.0, 0.0, 1.0));
#3530 = DIRECTION('', (0.7071013241670516, 0.70711223816393, 0.0));
#3531 = SURFACE_CURVE('', #3532, (#1766, #1811), .CURVE_3D.);
#3532 = INTERSECTION_CURVE('', #3533, (#3539, #3544), .CURVE_3D.);
#3533 = B_SPLINE_CURVE_WITH_KNOTS('', 1, (#3534, #3535, #3536, #3537, #3538), .UNSPECIFIED., .U., .U., (2, 1, 1, 1, 2), (0.0, 0.25, 0.5, 0.75, 1.0), .UNSPECIFIED.);
#3534 = CARTESIAN_POINT('', (100.4, -100.0, 10.0000003));
#3535 = CARTESIAN_POINT('', (100.4, -99.99999899856634, 10.0000003));
#3536 = CARTESIAN_POINT('', (100.39999999975879, -94.000021437275, 10.0000003));
#3537 = CARTESIAN_POINT('', (100.39999999937534, -84.46156440312198, 10.0000003));
#3538 = CARTESIAN_POINT('', (100.39999999935677, -84.00005556607219, 10.0000003));
#3539 = PLANE('', #3540);
#3540 = AXIS2_PLACEMENT_3D('', #3541, #3542, #3543);
#3541 = CARTESIAN_POINT('', (140.8000001003213, -79.19999979967899, 10.0000003));
#3542 = DIRECTION('', (0.0, 0.0, 1.0));
#3543 = DIRECTION('', (-1.0, 0.0, 0.0));
#3544 = PLANE('', #3545);
#3545 = AXIS2_PLACEMENT_3D('', #3546, #3547, #3548);
#3546 = CARTESIAN_POINT('', (100.39999999935678, -84.00005556607219, 5.0));
#3547 = DIRECTION('', (-1.0, -4.0201759427E-11, 0.0));
#3548 = DIRECTION('', (4.0201759427E-11, -1.0, 0.0));
#3549 = SURFACE_CURVE('', #3550, (#1766, #1771), .CURVE_3D.);
#3550 = INTERSECTION_CURVE('', #3551, (#3571, #3576), .CURVE_3D.);
#3551 = B_SPLINE_CURVE_WITH_KNOTS('', 1, (#3552, #3553, #3554, #3555, #3556, #3557, #3558, #3559, #3560, #3561, #3562, #3563, #3564, #3565, #3566, #3567, #3568, #3569, #3570), .UNSPECIFIED., .U., .U., (2, 1, 1, 1, 1, 1, 1, 1, 1, 1, 1, 1, 1, 1, 1, 1, 1, 1, 2), (0.0, 0.05555555555555555, 0.1111111111111111, 0.16666666666666666, 0.2222222222222222, 0.2777777777777778, 0.3333333333333333, 0.3888888888888889, 0.4444444444444444, 0.5, 0.5555555555555556, 0.6111111111111112, 0.6666666666666666, 0.7222222222222222, 0.7777777777777778, 0.8333333333333334, 0.8888888888888888, 0.9444444444444444, 1.0), .UNSPECIFIED.);
#3552 = CARTESIAN_POINT('', (100.39999999935677, -84.00005556607219, 10.0000003));
#3553 = CARTESIAN_POINT('', (100.40000000013873, -84.00002676709143, 10.0000003));
#3554 = CARTESIAN_POINT('', (100.40204182675592, -83.87890541525722, 10.0000003));
#3555 = CARTESIAN_POINT('', (100.40232291937394, -83.87083199544958, 10.0000003));
#3556 = CARTESIAN_POINT('', (100.40266636138611, -83.86160572854985, 10.0000003));
#3557 = CARTESIAN_POINT('', (100.4030920600207, -83.85096069690914, 10.0000003));
#3558 = CARTESIAN_POINT('', (100.40342917658486, -83.84304252676435, 10.0000003));
#3559 = CARTESIAN_POINT('', (100.40362855352657, -83.83854238847194, 10.0000003));
#3560 = CARTESIAN_POINT('', (100.41449941576349, -83.67735477991793, 10.0000003));
#3561 = CARTESIAN_POINT('', (100.43259071920974, -83.51681698717684, 10.0000003));
#3562 = CARTESIAN_POINT('', (100.45786602528074, -83.35725246398454, 10.0000003));
#3563 = CARTESIAN_POINT('', (100.49027443687433, -83.19898252679951, 10.0000003));
#3564 = CARTESIAN_POINT('', (100.52975069289218, -83.0423258851612, 10.0000003));
#3565 = CARTESIAN_POINT('', (100.57621529965657, -82.88759799990194, 10.0000003));
#3566 = CARTESIAN_POINT('', (100.62957469098757, -82.73511044790062, 10.0000003));
#3567 = CARTESIAN_POINT('', (100.689721416618, -82.5851702946577, 10.0000003));
#3568 = CARTESIAN_POINT('', (100.75182876602626, -82.44788848877042, 10.0000003));
#3569 = CARTESIAN_POINT('', (100.75653435856697, -82.43807947595478, 10.0000003));
#3570 = CARTESIAN_POINT('', (100.82987906683393, -82.29413401925675, 10.0000003));
#3571 = PLANE('', #3572);
#3572 = AXIS2_PLACEMENT_3D('', #3573, #3574, #3575);
#3573 = CARTESIAN_POINT('', (140.8000001003213, -79.19999979967899, 10.0000003));
#3574 = DIRECTION('', (0.0, 0.0, 1.0));
#3575 = DIRECTION('', (-1.0, 0.0, 0.0));
#3576 = CYLINDRICAL_SURFACE('', #3577, 3.60013892183522);
#3577 = AXIS2_PLACEMENT_3D('', #3578, #3579, #3580);
#3578 = CARTESIAN_POINT('', (104.00013892022706, -84.00013891915494, 13.0));
#3579 = DIRECTION('', (0.0, 0.0, 1.0));
#3580 = DIRECTION('', (0.7071122381638766, -0.7071013241671048, 0.0));
#3581 = SURFACE_CURVE('', #3582, (#1766, #1771), .CURVE_3D.);
#3582 = INTERSECTION_CURVE('', #3583, (#3589, #3594), .CURVE_3D.);
#3583 = B_SPLINE_CURVE_WITH_KNOTS('', 1, (#3584, #3585, #3586, #3587, #3588), .UNSPECIFIED., .U., .U., (2, 1, 1, 1, 2), (0.0, 0.25, 0.5, 0.75, 1.0), .UNSPECIFIED.);
#3584 = CARTESIAN_POINT('', (101.08756197049922, -81.88403500667167, 10.0000003));
#3585 = CARTESIAN_POINT('', (100.99555959720222, -82.01683275313708, 10.0000003));
#3586 = CARTESIAN_POINT('', (100.90960757123804, -82.1536243003585, 10.0000003));
#3587 = CARTESIAN_POINT('', (100.90708685555575, -82.15784980456257, 10.0000003));
#3588 = CARTESIAN_POINT('', (100.82987906683393, -82.29413401925675, 10.0000003));
#3589 = PLANE('', #3590);
#3590 = AXIS2_PLACEMENT_3D('', #3591, #3592, #3593);
#3591 = CARTESIAN_POINT('', (140.8000001003213, -79.19999979967899, 10.0000003));
#3592 = DIRECTION('', (0.0, 0.0, 1.0));
#3593 = DIRECTION('', (-1.0, 0.0, 0.0));
#3594 = CYLINDRICAL_SURFACE('', #3595, 3.60013892183522);
#3595 = AXIS2_PLACEMENT_3D('', #3596, #3597, #3598);
#3596 = CARTESIAN_POINT('', (104.00013892022706, -84.00013891915494, 13.0));
#3597 = DIRECTION('', (0.0, 0.0, 1.0));
#3598 = DIRECTION('', (0.7071122381638766, -0.7071013241671048, 0.0));
#3599 = SURFACE_CURVE('', #3600, (#1766, #1771), .CURVE_3D.);
#3600 = INTERSECTION_CURVE('', #3601, (#3606, #3611), .CURVE_3D.);
#3601 = B_SPLINE_CURVE_WITH_KNOTS('', 1, (#3602, #3603, #3604, #3605), .UNSPECIFIED., .U., .U., (2, 1, 1, 2), (0.0, 0.3333333333333333, 0.6666666666666666, 1.0), .UNSPECIFIED.);
#3602 = CARTESIAN_POINT('', (101.28896501221438, -81.63148185300456, 10.0000003));
#3603 = CARTESIAN_POINT('', (101.18542942515536, -81.75549847693127, 10.0000003));
#3604 = CARTESIAN_POINT('', (101.14318569008492, -81.80951834559745, 10.0000003));
#3605 = CARTESIAN_POINT('', (101.08756197407565, -81.88403500914941, 10.0000003));
#3606 = PLANE('', #3607);
#3607 = AXIS2_PLACEMENT_3D('', #3608, #3609, #3610);
#3608 = CARTESIAN_POINT('', (140.8000001003213, -79.19999979967899, 10.0000003));
#3609 = DIRECTION('', (0.0, 0.0, 1.0));
#3610 = DIRECTION('', (-1.0, 0.0, 0.0));
#3611 = CYLINDRICAL_SURFACE('', #3612, 3.60013892183522);
#3612 = AXIS2_PLACEMENT_3D('', #3613, #3614, #3615);
#3613 = CARTESIAN_POINT('', (104.00013892022706, -84.00013891915494, 13.0));
#3614 = DIRECTION('', (0.0, 0.0, 1.0));
#3615 = DIRECTION('', (0.7071122381638766, -0.7071013241671048, 0.0));
#3616 = SURFACE_CURVE('', #3617, (#1766, #1771), .CURVE_3D.);
#3617 = INTERSECTION_CURVE('', #3618, (#3622, #3627), .CURVE_3D.);
#3618 = B_SPLINE_CURVE_WITH_KNOTS('', 1, (#3619, #3620, #3621), .UNSPECIFIED., .U., .U., (2, 1, 2), (0.0, 0.5, 1.0), .UNSPECIFIED.);
#3619 = CARTESIAN_POINT('', (101.51219500333724, -81.39799839202658, 10.0000003));
#3620 = CARTESIAN_POINT('', (101.39795985867987, -81.51223530603842, 10.0000003));
#3621 = CARTESIAN_POINT('', (101.28896501221438, -81.63148185300456, 10.0000003));
#3622 = PLANE('', #3623);
#3623 = AXIS2_PLACEMENT_3D('', #3624, #3625, #3626);
#3624 = CARTESIAN_POINT('', (140.8000001003213, -79.19999979967899, 10.0000003));
#3625 = DIRECTION('', (0.0, 0.0, 1.0));
#3626 = DIRECTION('', (-1.0, 0.0, 0.0));
#3627 = CYLINDRICAL_SURFACE('', #3628, 3.60013892183522);
#3628 = AXIS2_PLACEMENT_3D('', #3629, #3630, #3631);
#3629 = CARTESIAN_POINT('', (104.00013892022706, -84.00013891915494, 13.0));
#3630 = DIRECTION('', (0.0, 0.0, 1.0));
#3631 = DIRECTION('', (0.7071122381638766, -0.7071013241671048, 0.0));
#3632 = SURFACE_CURVE('', #3633, (#1766, #1771), .CURVE_3D.);
#3633 = INTERSECTION_CURVE('', #3634, (#3643, #3648), .CURVE_3D.);
#3634 = B_SPLINE_CURVE_WITH_KNOTS('', 1, (#3635, #3636, #3637, #3638, #3639, #3640, #3641, #3642), .UNSPECIFIED., .U., .U., (2, 1, 1, 1, 1, 1, 1, 2), (0.0, 0.14285714285714285, 0.2857142857142857, 0.42857142857142855, 0.5714285714285714, 0.7142857142857143, 0.8571428571428571, 1.0), .UNSPECIFIED.);
#3635 = CARTESIAN_POINT('', (102.29408508845177, -80.82990539785123, 10.0000003));
#3636 = CARTESIAN_POINT('', (102.1535762672313, -80.90963626989637, 10.0000003));
#3637 = CARTESIAN_POINT('', (102.07505184981153, -80.95792919136957, 10.0000003));
#3638 = CARTESIAN_POINT('', (102.01678605593132, -80.99559042192566, 10.0000003));
#3639 = CARTESIAN_POINT('', (101.88398973942404, -81.0875948592136, 10.0000003));
#3640 = CARTESIAN_POINT('', (101.75545473079896, -81.18546431163023, 10.0000003));
#3641 = CARTESIAN_POINT('', (101.63143986211314, -81.28900169861389, 10.0000003));
#3642 = CARTESIAN_POINT('', (101.51219500333724, -81.39799839202658, 10.0000003));
#3643 = PLANE('', #3644);
#3644 = AXIS2_PLACEMENT_3D('', #3645, #3646, #3647);
#3645 = CARTESIAN_POINT('', (140.8000001003213, -79.19999979967899, 10.0000003));
#3646 = DIRECTION('', (0.0, 0.0, 1.0));
#3647 = DIRECTION('', (-1.0, 0.0, 0.0));
#3648 = CYLINDRICAL_SURFACE('', #3649, 3.60013892183522);
#3649 = AXIS2_PLACEMENT_3D('', #3650, #3651, #3652);
#3650 = CARTESIAN_POINT('', (104.00013892022706, -84.00013891915494, 13.0));
#3651 = DIRECTION('', (0.0, 0.0, 1.0));
#3652 = DIRECTION('', (0.7071122381638766, -0.7071013241671048, 0.0));
#3653 = SURFACE_CURVE('', #3654, (#1766, #1771), .CURVE_3D.);
#3654 = INTERSECTION_CURVE('', #3655, (#3661, #3666), .CURVE_3D.);
#3655 = B_SPLINE_CURVE_WITH_KNOTS('', 1, (#3656, #3657, #3658, #3659, #3660), .UNSPECIFIED., .U., .U., (2, 1, 1, 1, 2), (0.0, 0.25, 0.5, 0.75, 1.0), .UNSPECIFIED.);
#3656 = CARTESIAN_POINT('', (102.29408508845177, -80.82990539785123, 10.0000003));
#3657 = CARTESIAN_POINT('', (102.29760982975387, -80.82801109187474, 10.0000003));
#3658 = CARTESIAN_POINT('', (102.43802906401262, -80.75655863594464, 10.0000003));
#3659 = CARTESIAN_POINT('', (102.4478680654309, -80.75183852512373, 10.0000003));
#3660 = CARTESIAN_POINT('', (102.58511884408887, -80.68974340794503, 10.0000003));
#3661 = PLANE('', #3662);
#3662 = AXIS2_PLACEMENT_3D('', #3663, #3664, #3665);
#3663 = CARTESIAN_POINT('', (140.8000001003213, -79.19999979967899, 10.0000003));
#3664 = DIRECTION('', (0.0, 0.0, 1.0));
#3665 = DIRECTION('', (-1.0, 0.0, 0.0));
#3666 = CYLINDRICAL_SURFACE('', #3667, 3.60013892183522);
#3667 = AXIS2_PLACEMENT_3D('', #3668, #3669, #3670);
#3668 = CARTESIAN_POINT('', (104.00013892022706, -84.00013891915494, 13.0));
#3669 = DIRECTION('', (0.0, 0.0, 1.0));
#3670 = DIRECTION('', (0.7071122381638766, -0.7071013241671048, 0.0));
#3671 = SURFACE_CURVE('', #3672, (#1766, #1771), .CURVE_3D.);
#3672 = INTERSECTION_CURVE('', #3673, (#3688, #3693), .CURVE_3D.);
#3673 = B_SPLINE_CURVE_WITH_KNOTS('', 1, (#3674, #3675, #3676, #3677, #3678, #3679, #3680, #3681, #3682, #3683, #3684, #3685, #3686, #3687), .UNSPECIFIED., .U., .U., (2, 1, 1, 1, 1, 1, 1, 1, 1, 1, 1, 1, 1, 2), (0.0, 0.07692307692307693, 0.15384615384615385, 0.23076923076923078, 0.3076923076923077, 0.38461538461538464, 0.46153846153846156, 0.5384615384615384, 0.6153846153846154, 0.6923076923076923, 0.7692307692307693, 0.8461538461538461, 0.9230769230769231, 1.0), .UNSPECIFIED.);
#3674 = CARTESIAN_POINT('', (104.0, -80.4, 10.0000003));
#3675 = CARTESIAN_POINT('', (103.87884988071451, -80.40204369731784, 10.0000003));
#3676 = CARTESIAN_POINT('', (103.87077646524641, -80.40232491454682, 10.0000003));
#3677 = CARTESIAN_POINT('', (103.8615502036487, -80.40266849896382, 10.0000003));
#3678 = CARTESIAN_POINT('', (103.85090517857984, -80.40309436190147, 10.0000003));
#3679 = CARTESIAN_POINT('', (103.8384868784247, -80.40363104708041, 10.0000003));
#3680 = CARTESIAN_POINT('', (103.67729905160851, -80.41450443196257, 10.0000003));
#3681 = CARTESIAN_POINT('', (103.51676154006896, -80.43259823054824, 10.0000003));
#3682 = CARTESIAN_POINT('', (103.35719740973465, -80.45787601663082, 10.0000003));
#3683 = CARTESIAN_POINT('', (103.19892797627304, -80.49028688811414, 10.0000003));
#3684 = CARTESIAN_POINT('', (103.04227194820919, -80.5297655789464, 10.0000003));
#3685 = CARTESIAN_POINT('', (102.88754478513982, -80.57623259054688, 10.0000003));
#3686 = CARTESIAN_POINT('', (102.73505806248957, -80.62959435189299, 10.0000003));
#3687 = CARTESIAN_POINT('', (102.58511884588827, -80.68974341190636, 10.0000003));
#3688 = PLANE('', #3689);
#3689 = AXIS2_PLACEMENT_3D('', #3690, #3691, #3692);
#3690 = CARTESIAN_POINT('', (140.8000001003213, -79.19999979967899, 10.0000003));
#3691 = DIRECTION('', (0.0, 0.0, 1.0));
#3692 = DIRECTION('', (-1.0, 0.0, 0.0));
#3693 = CYLINDRICAL_SURFACE('', #3694, 3.60013892183522);
#3694 = AXIS2_PLACEMENT_3D('', #3695, #3696, #3697);
#3695 = CARTESIAN_POINT('', (104.00013892022706, -84.00013891915494, 13.0));
#3696 = DIRECTION('', (0.0, 0.0, 1.0));
#3697 = DIRECTION('', (0.7071122381638766, -0.7071013241671048, 0.0));
#3698 = SURFACE_CURVE('', #3699, (#1771, #1811), .CURVE_3D.);
#3699 = LINE('', #3700, #3701);
#3700 = CARTESIAN_POINT('', (100.39999999935678, -84.00005556607219, 10.0000003));
#3701 = VECTOR('', #3702, 2.9999997);
#3702 = DIRECTION('', (0.0, 0.0, 1.0));
#3703 = SURFACE_CURVE('', #3704, (#1771, #1781), .CURVE_3D.);
#3704 = (
    BOUNDED_CURVE()
    B_SPLINE_CURVE(2, (#3705, #3706, #3707, #3708, #3709, #3710), .UNSPECIFIED., .U., .U.)
    B_SPLINE_CURVE_WITH_KNOTS((3, 1, 1, 1, 3), (0.0, 0.25, 0.5, 0.75, 1.0), .UNSPECIFIED.)
    CURVE()
    GEOMETRIC_REPRESENTATION_ITEM()
    RATIONAL_B_SPLINE_CURVE((1.0, 0.9267821523269818, 0.8535643046539636, 0.8535643046539636, 0.9267821523269818, 1.0))
    REPRESENTATION_ITEM('')
);
#3705 = CARTESIAN_POINT('', (104.0, -80.4, 13.0));
#3706 = CARTESIAN_POINT('', (103.31332189289002, -80.400026497166, 13.0));
#3707 = CARTESIAN_POINT('', (101.98163768234751, -80.92726673023488, 13.0));
#3708 = CARTESIAN_POINT('', (100.92723557666704, -81.98168511044457, 13.0));
#3709 = CARTESIAN_POINT('', (100.40001589783691, -83.31337745863502, 13.0));
#3710 = CARTESIAN_POINT('', (100.39999999935677, -84.00005556607219, 13.0));
#3711 = SURFACE_CURVE('', #3712, (#1771, #1776), .CURVE_3D.);
#3712 = LINE('', #3713, #3714);
#3713 = CARTESIAN_POINT('', (104.0, -80.4, 10.0000003));
#3714 = VECTOR('', #3715, 2.9999997);
#3715 = DIRECTION('', (0.0, 0.0, 1.0));
#3716 = SURFACE_CURVE('', #3717, (#1776, #1781), .CURVE_3D.);
#3717 = LINE('', #3718, #3719);
#3718 = CARTESIAN_POINT('', (135.99994443392762, -80.39999999935736, 13.0));
#3719 = VECTOR('', #3720, 31.999944433927624);
#3720 = DIRECTION('', (-1.0, -2.0082637120E-11, 0.0));
#3721 = SURFACE_CURVE('', #3722, (#1776, #1786), .CURVE_3D.);
#3722 = LINE('', #3723, #3724);
#3723 = CARTESIAN_POINT('', (135.99994443392762, -80.39999999935736, 10.0000003));
#3724 = VECTOR('', #3725, 2.9999997);
#3725 = DIRECTION('', (0.0, 0.0, 1.0));
#3726 = SURFACE_CURVE('', #3727, (#1781, #1811), .CURVE_3D.);
#3727 = LINE('', #3728, #3729);
#3728 = CARTESIAN_POINT('', (100.39999999935678, -84.00005556607219, 13.0));
#3729 = VECTOR('', #3730, 15.999944433927809);
#3730 = DIRECTION('', (4.0201759427E-11, -1.0, 0.0));
#3731 = SURFACE_CURVE('', #3732, (#1781, #1806), .CURVE_3D.);
#3732 = (
    BOUNDED_CURVE()
    B_SPLINE_CURVE(2, (#3733, #3734, #3735, #3736, #3737, #3738), .UNSPECIFIED., .U., .U.)
    B_SPLINE_CURVE_WITH_KNOTS((3, 1, 1, 1, 3), (0.0, 0.25, 0.5, 0.75, 1.0), .UNSPECIFIED.)
    CURVE()
    GEOMETRIC_REPRESENTATION_ITEM()
    RATIONAL_B_SPLINE_CURVE((1.0, 0.9267821523269945, 0.8535643046539889, 0.8535643046539889, 0.9267821523269945, 1.0))
    REPRESENTATION_ITEM('')
);
#3733 = CARTESIAN_POINT('', (100.4, -100.0, 13.0));
#3734 = CARTESIAN_POINT('', (100.40002649716611, -100.68667810710991, 12.999999999999998));
#3735 = CARTESIAN_POINT('', (100.92726673023508, -102.01836231765223, 13.0));
#3736 = CARTESIAN_POINT('', (101.98168511044472, -103.07276442333247, 13.0));
#3737 = CARTESIAN_POINT('', (103.31337745863506, -103.59998410216252, 12.999999999999998));
#3738 = CARTESIAN_POINT('', (104.00005556607215, -103.60000000064265, 13.0));
#3739 = SURFACE_CURVE('', #3740, (#1781, #1801), .CURVE_3D.);
#3740 = LINE('', #3741, #3742);
#3741 = CARTESIAN_POINT('', (104.00005556607216, -103.60000000064264, 13.0));
#3742 = VECTOR('', #3743, 31.999944433927837);
#3743 = DIRECTION('', (1.0, 2.0082637120E-11, 0.0));
#3744 = SURFACE_CURVE('', #3745, (#1781, #1796), .CURVE_3D.);
#3745 = (
    BOUNDED_CURVE()
    B_SPLINE_CURVE(2, (#3746, #3747, #3748, #3749, #3750, #3751), .UNSPECIFIED., .U., .U.)
    B_SPLINE_CURVE_WITH_KNOTS((3, 1, 1, 1, 3), (0.0, 0.25, 0.5, 0.75, 1.0), .UNSPECIFIED.)
    CURVE()
    GEOMETRIC_REPRESENTATION_ITEM()
    RATIONAL_B_SPLINE_CURVE((1.0, 0.9267821523269658, 0.8535643046539316, 0.8535643046539316, 0.9267821523269658, 1.0))
    REPRESENTATION_ITEM('')
);
#3746 = CARTESIAN_POINT('', (136.0, -103.6, 13.0));
#3747 = CARTESIAN_POINT('', (136.68667810710994, -103.59997350283405, 13.0));
#3748 = CARTESIAN_POINT('', (138.01836231765242, -103.07273326976525, 13.0));
#3749 = CARTESIAN_POINT('', (139.07276442333284, -102.0183148895556, 13.0));
#3750 = CARTESIAN_POINT('', (139.5999841021629, -100.68662254136517, 13.0));
#3751 = CARTESIAN_POINT('', (139.60000000064295, -99.99994443392804, 13.0));
#3752 = SURFACE_CURVE('', #3753, (#1781, #1791), .CURVE_3D.);
#3753 = LINE('', #3754, #3755);
#3754 = CARTESIAN_POINT('', (139.60000000064295, -99.99994443392805, 13.0));
#3755 = VECTOR('', #3756, 15.99994443392805);
#3756 = DIRECTION('', (-4.0184883978E-11, 1.0, 0.0));
#3757 = SURFACE_CURVE('', #3758, (#1781, #1786), .CURVE_3D.);
#3758 = (
    BOUNDED_CURVE()
    B_SPLINE_CURVE(2, (#3759, #3760, #3761, #3762, #3763, #3764), .UNSPECIFIED., .U., .U.)
    B_SPLINE_CURVE_WITH_KNOTS((3, 1, 1, 1, 3), (0.0, 0.25, 0.5, 0.75, 1.0), .UNSPECIFIED.)
    CURVE()
    GEOMETRIC_REPRESENTATION_ITEM()
    RATIONAL_B_SPLINE_CURVE((1.0, 0.9267821523270119, 0.8535643046540238, 0.8535643046540238, 0.9267821523270119, 1.0))
    REPRESENTATION_ITEM('')
);
#3759 = CARTESIAN_POINT('', (139.6, -84.0, 13.0));
#3760 = CARTESIAN_POINT('', (139.5999735028338, -83.31332189289007, 13.0));
#3761 = CARTESIAN_POINT('', (139.0727332697647, -81.98163768234781, 13.0));
#3762 = CARTESIAN_POINT('', (138.01831488955503, -80.92723557666761, 13.0));
#3763 = CARTESIAN_POINT('', (136.68662254136473, -80.40001589783752, 13.0));
#3764 = CARTESIAN_POINT('', (135.99994443392762, -80.39999999935735, 13.0));
#3765 = SURFACE_CURVE('', #3766, (#1786, #1791), .CURVE_3D.);
#3766 = LINE('', #3767, #3768);
#3767 = CARTESIAN_POINT('', (139.6, -84.0, 10.0000003));
#3768 = VECTOR('', #3769, 2.9999997);
#3769 = DIRECTION('', (0.0, 0.0, 1.0));
#3770 = SURFACE_CURVE('', #3771, (#1791, #1796), .CURVE_3D.);
#3771 = LINE('', #3772, #3773);
#3772 = CARTESIAN_POINT('', (139.60000000064295, -99.99994443392805, 10.0000003));
#3773 = VECTOR('', #3774, 2.9999997);
#3774 = DIRECTION('', (0.0, 0.0, 1.0));
#3775 = SURFACE_CURVE('', #3776, (#1796, #1801), .CURVE_3D.);
#3776 = LINE('', #3777, #3778);
#3777 = CARTESIAN_POINT('', (136.0, -103.6, 10.0000003));
#3778 = VECTOR('', #3779, 2.9999997);
#3779 = DIRECTION('', (0.0, 0.0, 1.0));
#3780 = SURFACE_CURVE('', #3781, (#1801, #1806), .CURVE_3D.);
#3781 = LINE('', #3782, #3783);
#3782 = CARTESIAN_POINT('', (104.00005556607216, -103.60000000064264, 10.0000003));
#3783 = VECTOR('', #3784, 2.9999997);
#3784 = DIRECTION('', (0.0, 0.0, 1.0));
#3785 = SURFACE_CURVE('', #3786, (#1806, #1811), .CURVE_3D.);
#3786 = LINE('', #3787, #3788);
#3787 = CARTESIAN_POINT('', (100.4, -100.0, 10.0000003));
#3788 = VECTOR('', #3789, 2.9999997);
#3789 = DIRECTION('', (0.0, 0.0, 1.0));
#3790 = SURFACE_CURVE('', #3791, (#1816, #1821), .CURVE_3D.);
#3791 = LINE('', #3792, #3793);
#3792 = CARTESIAN_POINT('', (99.2000001, -99.9999998, 10.0000003));
#3793 = VECTOR('', #3794, 2.9999997);
#3794 = DIRECTION('', (0.0, 0.0, 1.0));
#3795 = SURFACE_CURVE('', #3796, (#1821, #1826), .CURVE_3D.);
#3796 = LINE('', #3797, #3798);
#3797 = CARTESIAN_POINT('', (104.00002788303608, -104.799999800321, 10.0000003));
#3798 = VECTOR('', #3799, 2.9999997);
#3799 = DIRECTION('', (0.0, 0.0, 1.0));
#3800 = SURFACE_CURVE('', #3801, (#1826, #1831), .CURVE_3D.);
#3801 = LINE('', #3802, #3803);
#3802 = CARTESIAN_POINT('', (136.0000001, -104.7999998, 10.0000003));
#3803 = VECTOR('', #3804, 2.9999997);
#3804 = DIRECTION('', (0.0, 0.0, 1.0));
#3805 = SURFACE_CURVE('', #3806, (#1831, #1836), .CURVE_3D.);
#3806 = LINE('', #3807, #3808);
#3807 = CARTESIAN_POINT('', (140.8000001003213, -99.99997201696402, 10.0000003));
#3808 = VECTOR('', #3809, 2.9999997);
#3809 = DIRECTION('', (0.0, 0.0, 1.0));
#3810 = SURFACE_CURVE('', #3811, (#1836, #1841), .CURVE_3D.);
#3811 = LINE('', #3812, #3813);
#3812 = CARTESIAN_POINT('', (140.8000001, -83.9999998, 10.0000003));
#3813 = VECTOR('', #3814, 2.9999997);
#3814 = DIRECTION('', (0.0, 0.0, 1.0));
#3815 = SURFACE_CURVE('', #3816, (#1846, #1881), .CURVE_3D.);
#3816 = LINE('', #3817, #3818);
#3817 = CARTESIAN_POINT('', (104.0, -77.0, 13.0));
#3818 = VECTOR('', #3819, 2.0);
#3819 = DIRECTION('', (0.0, 0.0, 1.0));
#3820 = SURFACE_CURVE('', #3821, (#1846, #1886), .CURVE_3D.);
#3821 = LINE('', #3822, #3823);
#3822 = CARTESIAN_POINT('', (136.00002315253016, -77.00000000026863, 15.0));
#3823 = VECTOR('', #3824, 32.00002315253016);
#3824 = DIRECTION('', (-1.0, 8.3946122602E-12, 0.0));
#3825 = SURFACE_CURVE('', #3826, (#1846, #1851), .CURVE_3D.);
#3826 = LINE('', #3827, #3828);
#3827 = CARTESIAN_POINT('', (136.00002315253016, -77.00000000026863, 13.0));
#3828 = VECTOR('', #3829, 2.0);
#3829 = DIRECTION('', (0.0, 0.0, 1.0));
#3830 = SURFACE_CURVE('', #3831, (#1851, #1886), .CURVE_3D.);
#3831 = (
    BOUNDED_CURVE()
    B_SPLINE_CURVE(2, (#3832, #3833, #3834, #3835, #3836, #3837), .UNSPECIFIED., .U., .U.)
    B_SPLINE_CURVE_WITH_KNOTS((3, 1, 1, 1, 3), (0.0, 0.25, 0.5, 0.75, 1.0), .UNSPECIFIED.)
    CURVE()
    GEOMETRIC_REPRESENTATION_ITEM()
    RATIONAL_B_SPLINE_CURVE((1.0, 0.9267804957375175, 0.8535609914750351, 0.8535609914750351, 0.9267804957375175, 1.0))
    REPRESENTATION_ITEM('')
);
#3832 = CARTESIAN_POINT('', (143.0, -84.0, 15.0));
#3833 = CARTESIAN_POINT('', (142.999973502962, -82.66480269482568, 15.0));
#3834 = CARTESIAN_POINT('', (141.9748287134144, -80.07541854159567, 15.0));
#3835 = CARTESIAN_POINT('', (139.9246012201883, -78.02518426728953, 15.0));
#3836 = CARTESIAN_POINT('', (137.33522045760955, -77.00003091343352, 15.0));
#3837 = CARTESIAN_POINT('', (136.00002315253016, -77.00000000026861, 15.0));
#3838 = SURFACE_CURVE('', #3839, (#1851, #1856), .CURVE_3D.);
#3839 = LINE('', #3840, #3841);
#3840 = CARTESIAN_POINT('', (143.0, -84.0, 13.0));
#3841 = VECTOR('', #3842, 2.0);
#3842 = DIRECTION('', (0.0, 0.0, 1.0));
#3843 = SURFACE_CURVE('', #3844, (#1856, #1886), .CURVE_3D.);
#3844 = LINE('', #3845, #3846);
#3845 = CARTESIAN_POINT('', (142.99999999973167, -100.00002315252998, 15.0));
#3846 = VECTOR('', #3847, 16.000023152529977);
#3847 = DIRECTION('', (1.6770560653E-11, 1.0, 0.0));
#3848 = SURFACE_CURVE('', #3849, (#1856, #1861), .CURVE_3D.);
#3849 = LINE('', #3850, #3851);
#3850 = CARTESIAN_POINT('', (142.99999999973167, -100.00002315252998, 13.0));
#3851 = VECTOR('', #3852, 2.0);
#3852 = DIRECTION('', (0.0, 0.0, 1.0));
#3853 = SURFACE_CURVE('', #3854, (#1861, #1886), .CURVE_3D.);
#3854 = (
    BOUNDED_CURVE()
    B_SPLINE_CURVE(2, (#3855, #3856, #3857, #3858, #3859, #3860), .UNSPECIFIED., .U., .U.)
    B_SPLINE_CURVE_WITH_KNOTS((3, 1, 1, 1, 3), (0.0, 0.25, 0.5, 0.75, 1.0), .UNSPECIFIED.)
    CURVE()
    GEOMETRIC_REPRESENTATION_ITEM()
    RATIONAL_B_SPLINE_CURVE((1.0, 0.9267804957374844, 0.8535609914749689, 0.8535609914749688, 0.9267804957374843, 1.0))
    REPRESENTATION_ITEM('')
);
#3855 = CARTESIAN_POINT('', (136.0, -107.0, 15.0));
#3856 = CARTESIAN_POINT('', (137.3351973051744, -106.99997350296228, 15.0));
#3857 = CARTESIAN_POINT('', (139.92458145840476, -105.97482871341488, 15.0));
#3858 = CARTESIAN_POINT('', (141.97481573271114, -103.92460122018855, 14.999999999999998));
#3859 = CARTESIAN_POINT('', (142.999969086567, -101.33522045760945, 14.999999999999998));
#3860 = CARTESIAN_POINT('', (142.99999999973167, -100.00002315252999, 15.0));
#3861 = SURFACE_CURVE('', #3862, (#1861, #1866), .CURVE_3D.);
#3862 = LINE('', #3863, #3864);
#3863 = CARTESIAN_POINT('', (136.0, -107.0, 13.0));
#3864 = VECTOR('', #3865, 2.0);
#3865 = DIRECTION('', (0.0, 0.0, 1.0));
#3866 = SURFACE_CURVE('', #3867, (#1866, #1886), .CURVE_3D.);
#3867 = LINE('', #3868, #3869);
#3868 = CARTESIAN_POINT('', (103.99997684746992, -106.99999999973137, 15.0));
#3869 = VECTOR('', #3870, 32.000023152530076);
#3870 = DIRECTION('', (1.0, -8.3946122602E-12, 0.0));
#3871 = SURFACE_CURVE('', #3872, (#1866, #1871), .CURVE_3D.);
#3872 = LINE('', #3873, #3874);
#3873 = CARTESIAN_POINT('', (103.99997684746992, -106.99999999973137, 13.0));
#3874 = VECTOR('', #3875, 2.0);
#3875 = DIRECTION('', (0.0, 0.0, 1.0));
#3876 = SURFACE_CURVE('', #3877, (#1871, #1886), .CURVE_3D.);
#3877 = (
    BOUNDED_CURVE()
    B_SPLINE_CURVE(2, (#3878, #3879, #3880, #3881, #3882, #3883), .UNSPECIFIED., .U., .U.)
    B_SPLINE_CURVE_WITH_KNOTS((3, 1, 1, 1, 3), (0.0, 0.25, 0.5, 0.75, 1.0), .UNSPECIFIED.)
    CURVE()
    GEOMETRIC_REPRESENTATION_ITEM()
    RATIONAL_B_SPLINE_CURVE((1.0, 0.9267804957375042, 0.8535609914750084, 0.8535609914750084, 0.9267804957375042, 1.0))
    REPRESENTATION_ITEM('')
);
#3878 = CARTESIAN_POINT('', (97.0, -100.0, 15.0));
#3879 = CARTESIAN_POINT('', (97.0000264970379, -101.33519730517435, 15.0));
#3880 = CARTESIAN_POINT('', (98.02517128658543, -103.92458145840446, 15.0));
#3881 = CARTESIAN_POINT('', (100.07539877981164, -105.97481573271065, 15.0));
#3882 = CARTESIAN_POINT('', (102.66477954239052, -106.9999690865666, 15.0));
#3883 = CARTESIAN_POINT('', (103.99997684746992, -106.99999999973139, 15.0));
#3884 = SURFACE_CURVE('', #3885, (#1871, #1876), .CURVE_3D.);
#3885 = LINE('', #3886, #3887);
#3886 = CARTESIAN_POINT('', (97.0, -100.0, 13.0));
#3887 = VECTOR('', #3888, 2.0);
#3888 = DIRECTION('', (0.0, 0.0, 1.0));
#3889 = SURFACE_CURVE('', #3890, (#1876, #1886), .CURVE_3D.);
#3890 = LINE('', #3891, #3892);
#3891 = CARTESIAN_POINT('', (97.00000000026805, -83.99997684746992, 15.0));
#3892 = VECTOR('', #3893, 16.000023152530076);
#3893 = DIRECTION('', (-1.6752797111E-11, -1.0, 0.0));
#3894 = SURFACE_CURVE('', #3895, (#1876, #1881), .CURVE_3D.);
#3895 = LINE('', #3896, #3897);
#3896 = CARTESIAN_POINT('', (97.00000000026805, -83.99997684746992, 13.0));
#3897 = VECTOR('', #3898, 2.0);
#3898 = DIRECTION('', (0.0, 0.0, 1.0));
#3899 = SURFACE_CURVE('', #3900, (#1881, #1886), .CURVE_3D.);
#3900 = (
    BOUNDED_CURVE()
    B_SPLINE_CURVE(2, (#3901, #3902, #3903, #3904, #3905, #3906), .UNSPECIFIED., .U., .U.)
    B_SPLINE_CURVE_WITH_KNOTS((3, 1, 1, 1, 3), (0.0, 0.25, 0.5, 0.75, 1.0), .UNSPECIFIED.)
    CURVE()
    GEOMETRIC_REPRESENTATION_ITEM()
    RATIONAL_B_SPLINE_CURVE((1.0, 0.9267804957374981, 0.8535609914749962, 0.8535609914749961, 0.9267804957374981, 1.0))
    REPRESENTATION_ITEM('')
);
#3901 = CARTESIAN_POINT('', (104.0, -77.0, 15.0));
#3902 = CARTESIAN_POINT('', (102.66480269482557, -77.00002649703778, 15.0));
#3903 = CARTESIAN_POINT('', (100.07541854159528, -78.02517128658522, 15.0));
#3904 = CARTESIAN_POINT('', (98.02518426728888, -80.07539877981145, 15.0));
#3905 = CARTESIAN_POINT('', (97.00003091343282, -82.66477954239046, 15.0));
#3906 = CARTESIAN_POINT('', (97.00000000026805, -83.99997684746992, 15.0));
#3907 = CARTESIAN_POINT('', (104.0, -77.0, 13.0));
#3908 = CARTESIAN_POINT('', (97.00000000026805, -83.99997684746992, 13.0));
#3909 = CARTESIAN_POINT('', (97.0, -100.0, 13.0));
#3910 = CARTESIAN_POINT('', (103.99997684746992, -106.99999999973137, 13.0));
#3911 = CARTESIAN_POINT('', (136.0, -107.0, 13.0));
#3912 = CARTESIAN_POINT('', (142.99999999973167, -100.00002315252998, 13.0));
#3913 = CARTESIAN_POINT('', (143.0, -84.0, 13.0));
#3914 = CARTESIAN_POINT('', (136.00002315253016, -77.00000000026863, 13.0));
#3915 = CARTESIAN_POINT('', (135.9999723169638, -79.19999979967899, 13.0));
#3916 = CARTESIAN_POINT('', (136.40703866751372, -79.21730063352503, 13.0));
#3917 = CARTESIAN_POINT('', (137.01122702912255, -79.30775417812967, 13.0));
#3918 = CARTESIAN_POINT('', (137.78967120534656, -79.54616143622991, 13.0));
#3919 = CARTESIAN_POINT('', (138.34089088505968, -79.80956434507043, 13.0));
#3920 = CARTESIAN_POINT('', (138.51662880188172, -79.91269276812363, 13.0));
#3921 = CARTESIAN_POINT('', (138.8541908831308, -80.14084660636567, 13.0));
#3922 = CARTESIAN_POINT('', (139.015407152089, -80.26546121540828, 13.0));
#3923 = CARTESIAN_POINT('', (139.17118881668125, -80.39680488954191, 13.0));
#3924 = CARTESIAN_POINT('', (139.46533910736494, -80.67872391476087, 13.0));
#3925 = CARTESIAN_POINT('', (139.85913677297242, -81.14578667954815, 13.0));
#3926 = CARTESIAN_POINT('', (140.19042223465544, -81.65908519202661, 13.0));
#3927 = CARTESIAN_POINT('', (140.64508908991826, -82.79051429991138, 13.0));
#3928 = CARTESIAN_POINT('', (140.8000001, -83.9999998, 13.0));
#3929 = CARTESIAN_POINT('', (140.8000001003213, -99.99997201696404, 13.0));
#3930 = CARTESIAN_POINT('', (140.79567058318148, -100.20368883593518, 13.0));
#3931 = CARTESIAN_POINT('', (140.64509584439512, -101.20945935995054, 13.0));
#3932 = CARTESIAN_POINT('', (140.19043555493008, -102.34089058506012, 13.0));
#3933 = CARTESIAN_POINT('', (140.0873068666918, -102.51662891276898, 13.0));
#3934 = CARTESIAN_POINT('', (139.85915329363482, -102.85419058313128, 13.0));
#3935 = CARTESIAN_POINT('', (139.60319467964973, -103.17118887684367, 13.0));
#3936 = CARTESIAN_POINT('', (138.85421282119165, -103.85913675535934, 13.0));
#3937 = CARTESIAN_POINT('', (138.34091513986755, -104.19042170526807, 13.0));
#3938 = CARTESIAN_POINT('', (138.16095936226364, -104.28599997244928, 13.0));
#3939 = CARTESIAN_POINT('', (137.97710894814045, -104.37385503144068, 13.0));
#3940 = CARTESIAN_POINT('', (136.0000001, -104.7999998, 13.0));
#3941 = CARTESIAN_POINT('', (104.00002788303608, -104.79999980032099, 13.0));
#3942 = CARTESIAN_POINT('', (103.79631106406492, -104.79567028318111, 13.0));
#3943 = CARTESIAN_POINT('', (102.79054101057686, -104.64509567764348, 13.0));
#3944 = CARTESIAN_POINT('', (102.21032899465327, -104.45383816377017, 13.0));
#3945 = CARTESIAN_POINT('', (101.65910931494015, -104.19043525492967, 13.0));
#3946 = CARTESIAN_POINT('', (101.48337098723131, -104.08730656669137, 13.0));
#3947 = CARTESIAN_POINT('', (101.31216816662702, -103.97681276103711, 13.0));
#3948 = CARTESIAN_POINT('', (101.14580931686902, -103.85915299363444, 13.0));
#3949 = CARTESIAN_POINT('', (100.39682322977116, -103.17120899862293, 13.0));
#3950 = CARTESIAN_POINT('', (99.71399992755101, -102.16095906226342, 13.0));
#3951 = CARTESIAN_POINT('', (99.62614486855959, -101.97710864814024, 13.0));
#3952 = CARTESIAN_POINT('', (99.3077601256087, -101.01125293256491, 13.0));
#3953 = CARTESIAN_POINT('', (99.2000001, -99.9999998, 13.0));
#3954 = CARTESIAN_POINT('', (99.2000000996784, -84.0000275830361, 13.0));
#3955 = CARTESIAN_POINT('', (99.2173009335244, -83.59296123248616, 13.0));
#3956 = CARTESIAN_POINT('', (99.23889074856376, -83.39034492995792, 13.0));
#3957 = CARTESIAN_POINT('', (99.30775436496937, -82.9887733466356, 13.0));
#3958 = CARTESIAN_POINT('', (99.54616173622928, -82.21032869465314, 13.0));
#3959 = CARTESIAN_POINT('', (99.71398741948303, -81.83906534575259, 13.0));
#3960 = CARTESIAN_POINT('', (99.80956489257804, -81.659108593169, 13.0));
#3961 = CARTESIAN_POINT('', (99.91269306812305, -81.48337109811796, 13.0));
#3962 = CARTESIAN_POINT('', (100.02318713896241, -81.31216786662685, 13.0));
#3963 = CARTESIAN_POINT('', (100.14084720543941, -81.14580862995071, 13.0));
#3964 = CARTESIAN_POINT('', (100.26546151540774, -80.98459274791064, 13.0));
#3965 = CARTESIAN_POINT('', (100.3968051895414, -80.8288110833184, 13.0));
#3966 = CARTESIAN_POINT('', (100.67872421476041, -80.5346607926347, 13.0));
#3967 = CARTESIAN_POINT('', (100.82879052750164, -80.3968232449987, 13.0));
#3968 = CARTESIAN_POINT('', (101.14578737880832, -80.1408628446408, 13.0));
#3969 = CARTESIAN_POINT('', (101.83904083773635, -79.71399962755085, 13.0));
#3970 = CARTESIAN_POINT('', (102.02289125185955, -79.62614456855943, 13.0));
#3971 = CARTESIAN_POINT('', (104.0000001, -79.1999998, 13.0));
#3972 = CARTESIAN_POINT('', (135.9999723169638, -79.19999979967899, 10.0000003));
#3973 = CARTESIAN_POINT('', (104.0000001, -79.1999998, 10.0000003));
#3974 = CARTESIAN_POINT('', (99.2000000996784, -84.00002758303609, 10.0000003));
#3975 = CARTESIAN_POINT('', (99.2000001, -99.9999998, 10.0000003));
#3976 = CARTESIAN_POINT('', (104.00002788303608, -104.799999800321, 10.0000003));
#3977 = CARTESIAN_POINT('', (136.0000001, -104.7999998, 10.0000003));
#3978 = CARTESIAN_POINT('', (140.8000001003213, -99.99997201696402, 10.0000003));
#3979 = CARTESIAN_POINT('', (140.8000001, -83.9999998, 10.0000003));
#3980 = CARTESIAN_POINT('', (104.0, -80.4, 10.0000003));
#3981 = CARTESIAN_POINT('', (135.99994443392762, -80.39999999935735, 10.0000003));
#3982 = CARTESIAN_POINT('', (137.70586580800855, -80.82987897882094, 10.0000003));
#3983 = CARTESIAN_POINT('', (138.1159649908502, -81.08756197407617, 10.0000003));
#3984 = CARTESIAN_POINT('', (138.36851799817526, -81.28896488797228, 10.0000003));
#3985 = CARTESIAN_POINT('', (138.60200160797302, -81.51219500333767, 10.0000003));
#3986 = CARTESIAN_POINT('', (139.1700945064715, -82.29408491984165, 10.0000003));
#3987 = CARTESIAN_POINT('', (139.3102566682716, -82.58511902239621, 10.0000003));
#3988 = CARTESIAN_POINT('', (139.6, -84.0000006014338, 10.0000003));
#3989 = CARTESIAN_POINT('', (139.60000000064295, -99.99994443392804, 10.0000003));
#3990 = CARTESIAN_POINT('', (139.17012093316592, -101.70586598074343, 10.0000003));
#3991 = CARTESIAN_POINT('', (138.91243791552137, -102.11596515020803, 10.0000003));
#3992 = CARTESIAN_POINT('', (138.71103511202804, -102.36851799817582, 10.0000003));
#3993 = CARTESIAN_POINT('', (138.48780513374467, -102.60200147088942, 10.0000003));
#3994 = CARTESIAN_POINT('', (137.70591491154818, -103.17009460214888, 10.0000003));
#3995 = CARTESIAN_POINT('', (137.41488097760393, -103.31025666827199, 10.0000003));
#3996 = CARTESIAN_POINT('', (136.0, -103.6, 10.0000003));
#3997 = CARTESIAN_POINT('', (104.00005556607215, -103.60000000064265, 10.0000003));
#3998 = CARTESIAN_POINT('', (102.2941341919912, -103.17012102117914, 10.0000003));
#3999 = CARTESIAN_POINT('', (101.88403484979229, -102.91243791552105, 10.0000003));
#4000 = CARTESIAN_POINT('', (101.6314820018245, -102.71103511202779, 10.0000003));
#4001 = CARTESIAN_POINT('', (101.39799839202676, -102.4878049966624, 10.0000003));
#4002 = CARTESIAN_POINT('', (100.82990549352832, -101.70591508015839, 10.0000003));
#4003 = CARTESIAN_POINT('', (100.68974333172824, -101.41488097760381, 10.0000003));
#4004 = CARTESIAN_POINT('', (100.4, -100.0, 10.0000003));
#4005 = CARTESIAN_POINT('', (100.39999999935677, -84.00005556607219, 10.0000003));
#4006 = CARTESIAN_POINT('', (100.82987906683393, -82.29413401925675, 10.0000003));
#4007 = CARTESIAN_POINT('', (101.08756197407565, -81.88403500914941, 10.0000003));
#4008 = CARTESIAN_POINT('', (101.28896501221438, -81.63148185300456, 10.0000003));
#4009 = CARTESIAN_POINT('', (101.51219500333724, -81.39799839202658, 10.0000003));
#4010 = CARTESIAN_POINT('', (102.29408508845177, -80.82990539785123, 10.0000003));
#4011 = CARTESIAN_POINT('', (102.58511884588827, -80.68974341190636, 10.0000003));
#4012 = CARTESIAN_POINT('', (100.39999999935678, -84.00005556607219, 13.0));
#4013 = CARTESIAN_POINT('', (104.0, -80.4, 13.0));
#4014 = CARTESIAN_POINT('', (135.99994443392762, -80.39999999935736, 13.0));
#4015 = CARTESIAN_POINT('', (100.4, -100.0, 13.0));
#4016 = CARTESIAN_POINT('', (104.00005556607216, -103.60000000064264, 13.0));
#4017 = CARTESIAN_POINT('', (136.0, -103.6, 13.0));
#4018 = CARTESIAN_POINT('', (139.60000000064295, -99.99994443392805, 13.0));
#4019 = CARTESIAN_POINT('', (139.6, -84.0, 13.0));
#4020 = CARTESIAN_POINT('', (104.0, -77.0, 15.0));
#4021 = CARTESIAN_POINT('', (136.00002315253016, -77.00000000026863, 15.0));
#4022 = CARTESIAN_POINT('', (143.0, -84.0, 15.0));
#4023 = CARTESIAN_POINT('', (142.99999999973167, -100.00002315252998, 15.0));
#4024 = CARTESIAN_POINT('', (136.0, -107.0, 15.0));
#4025 = CARTESIAN_POINT('', (103.99997684746992, -106.99999999973137, 15.0));
#4026 = CARTESIAN_POINT('', (97.0, -100.0, 15.0));
#4027 = CARTESIAN_POINT('', (97.00000000026805, -83.99997684746992, 15.0));
ENDSEC;
END-ISO-10303-21;
