ISO-10303-21;
HEADER;
FILE_DESCRIPTION(('Shape Data from monstertruck'), '2;1');
FILE_NAME('', '2026-09-01 02:55:38.707054694', (''), (''), 'monstertruck', 'KiCase', '');
FILE_SCHEMA(('AUTOMOTIVE_DESIGN'));
ENDSEC;
DATA;
#1 = APPLICATION_PROTOCOL_DEFINITION('international standard', 'automotive_design', 2000, #2);
#2 = APPLICATION_CONTEXT('core data for automotive mechanical design processes');
#3 = SHAPE_DEFINITION_REPRESENTATION(#4, #10);
#4 = PRODUCT_DEFINITION_SHAPE('','', #5);
#5 = PRODUCT_DEFINITION('design','', #6, #9);
#6 = PRODUCT_DEFINITION_FORMATION('','', #7);
#7 = PRODUCT('','','', (#8));
#8 = PRODUCT_CONTEXT('', #2, 'mechanical');
#9 = PRODUCT_DEFINITION_CONTEXT('part definition', #2, 'design');
#10 = ADVANCED_BREP_SHAPE_REPRESENTATION('', (#16), #11);
#11 = (
    GEOMETRIC_REPRESENTATION_CONTEXT(3) 
    GLOBAL_UNCERTAINTY_ASSIGNED_CONTEXT((#15))
    GLOBAL_UNIT_ASSIGNED_CONTEXT((#12, #13, #14))
    REPRESENTATION_CONTEXT('Context #1', '3D Context with UNIT and UNCERTAINTY')
);
#12 = ( LENGTH_UNIT() NAMED_UNIT(*) SI_UNIT(.MILLI.,.METRE.) );
#13 = ( NAMED_UNIT(*) PLANE_ANGLE_UNIT() SI_UNIT($,.RADIAN.) );
#14 = ( NAMED_UNIT(*) SI_UNIT($,.STERADIAN.) SOLID_ANGLE_UNIT() );
#15 = UNCERTAINTY_MEASURE_WITH_UNIT(LENGTH_MEASURE(1.0E-6), #12, 'distance_accuracy_value','confusion accuracy');
#16 = MANIFOLD_SOLID_BREP('', #17);
#17 = CLOSED_SHELL('', (#18, #88, #95, #118, #163, #176, #183, #194, #207, #214, #227, #234, #247, #254, #261, #279, #286, #303, #310, #329, #336, #343, #350, #357, #364, #371, #378, #385));
#18 = ADVANCED_FACE('', (#19, #29), #662, .F.);
#19 = FACE_BOUND('', #20, .F.);
#20 = EDGE_LOOP('', (#21, #22, #23, #24, #25, #26, #27, #28));
#21 = ORIENTED_EDGE('', *, *, #396, .T.);
#22 = ORIENTED_EDGE('', *, *, #397, .T.);
#23 = ORIENTED_EDGE('', *, *, #398, .T.);
#24 = ORIENTED_EDGE('', *, *, #399, .T.);
#25 = ORIENTED_EDGE('', *, *, #400, .T.);
#26 = ORIENTED_EDGE('', *, *, #401, .T.);
#27 = ORIENTED_EDGE('', *, *, #402, .T.);
#28 = ORIENTED_EDGE('', *, *, #403, .T.);
#29 = FACE_BOUND('', #30, .F.);
#30 = EDGE_LOOP('', (#31, #32, #33, #34, #35, #36, #37, #38, #39, #40, #41, #42, #43, #44, #45, #46, #47, #48, #49, #50, #51, #52, #53, #54, #55, #56, #57, #58, #59, #60, #61, #62, #63, #64, #65, #66, #67, #68, #69, #70, #71, #72, #73, #74, #75, #76, #77, #78, #79, #80, #81, #82, #83, #84, #85, #86, #87));
#31 = ORIENTED_EDGE('', *, *, #404, .T.);
#32 = ORIENTED_EDGE('', *, *, #405, .T.);
#33 = ORIENTED_EDGE('', *, *, #406, .T.);
#34 = ORIENTED_EDGE('', *, *, #407, .T.);
#35 = ORIENTED_EDGE('', *, *, #408, .T.);
#36 = ORIENTED_EDGE('', *, *, #409, .T.);
#37 = ORIENTED_EDGE('', *, *, #410, .F.);
#38 = ORIENTED_EDGE('', *, *, #411, .T.);
#39 = ORIENTED_EDGE('', *, *, #412, .F.);
#40 = ORIENTED_EDGE('', *, *, #413, .T.);
#41 = ORIENTED_EDGE('', *, *, #414, .T.);
#42 = ORIENTED_EDGE('', *, *, #415, .F.);
#43 = ORIENTED_EDGE('', *, *, #416, .T.);
#44 = ORIENTED_EDGE('', *, *, #417, .T.);
#45 = ORIENTED_EDGE('', *, *, #418, .F.);
#46 = ORIENTED_EDGE('', *, *, #419, .F.);
#47 = ORIENTED_EDGE('', *, *, #420, .F.);
#48 = ORIENTED_EDGE('', *, *, #421, .F.);
#49 = ORIENTED_EDGE('', *, *, #422, .F.);
#50 = ORIENTED_EDGE('', *, *, #423, .T.);
#51 = ORIENTED_EDGE('', *, *, #424, .F.);
#52 = ORIENTED_EDGE('', *, *, #425, .F.);
#53 = ORIENTED_EDGE('', *, *, #426, .T.);
#54 = ORIENTED_EDGE('', *, *, #427, .F.);
#55 = ORIENTED_EDGE('', *, *, #428, .T.);
#56 = ORIENTED_EDGE('', *, *, #429, .F.);
#57 = ORIENTED_EDGE('', *, *, #430, .F.);
#58 = ORIENTED_EDGE('', *, *, #431, .F.);
#59 = ORIENTED_EDGE('', *, *, #432, .F.);
#60 = ORIENTED_EDGE('', *, *, #433, .F.);
#61 = ORIENTED_EDGE('', *, *, #434, .T.);
#62 = ORIENTED_EDGE('', *, *, #435, .T.);
#63 = ORIENTED_EDGE('', *, *, #436, .F.);
#64 = ORIENTED_EDGE('', *, *, #437, .F.);
#65 = ORIENTED_EDGE('', *, *, #438, .F.);
#66 = ORIENTED_EDGE('', *, *, #439, .T.);
#67 = ORIENTED_EDGE('', *, *, #440, .T.);
#68 = ORIENTED_EDGE('', *, *, #441, .T.);
#69 = ORIENTED_EDGE('', *, *, #442, .F.);
#70 = ORIENTED_EDGE('', *, *, #443, .F.);
#71 = ORIENTED_EDGE('', *, *, #444, .F.);
#72 = ORIENTED_EDGE('', *, *, #445, .F.);
#73 = ORIENTED_EDGE('', *, *, #446, .F.);
#74 = ORIENTED_EDGE('', *, *, #447, .F.);
#75 = ORIENTED_EDGE('', *, *, #448, .F.);
#76 = ORIENTED_EDGE('', *, *, #449, .F.);
#77 = ORIENTED_EDGE('', *, *, #450, .T.);
#78 = ORIENTED_EDGE('', *, *, #451, .T.);
#79 = ORIENTED_EDGE('', *, *, #452, .T.);
#80 = ORIENTED_EDGE('', *, *, #453, .F.);
#81 = ORIENTED_EDGE('', *, *, #454, .F.);
#82 = ORIENTED_EDGE('', *, *, #455, .T.);
#83 = ORIENTED_EDGE('', *, *, #456, .T.);
#84 = ORIENTED_EDGE('', *, *, #457, .F.);
#85 = ORIENTED_EDGE('', *, *, #458, .F.);
#86 = ORIENTED_EDGE('', *, *, #459, .F.);
#87 = ORIENTED_EDGE('', *, *, #460, .F.);
#88 = ADVANCED_FACE('', (#89), #667, .T.);
#89 = FACE_BOUND('', #90, .T.);
#90 = EDGE_LOOP('', (#91, #92, #93, #94));
#91 = ORIENTED_EDGE('', *, *, #461, .F.);
#92 = ORIENTED_EDGE('', *, *, #462, .T.);
#93 = ORIENTED_EDGE('', *, *, #463, .T.);
#94 = ORIENTED_EDGE('', *, *, #460, .F.);
#95 = ADVANCED_FACE('', (#96), #672, .T.);
#96 = FACE_BOUND('', #97, .T.);
#97 = EDGE_LOOP('', (#98, #99, #100, #101, #102, #103, #104, #105, #106, #107, #108, #109, #110, #111, #112, #113, #114, #115, #116, #117));
#98 = ORIENTED_EDGE('', *, *, #459, .F.);
#99 = ORIENTED_EDGE('', *, *, #463, .F.);
#100 = ORIENTED_EDGE('', *, *, #464, .T.);
#101 = ORIENTED_EDGE('', *, *, #465, .T.);
#102 = ORIENTED_EDGE('', *, *, #443, .F.);
#103 = ORIENTED_EDGE('', *, *, #444, .F.);
#104 = ORIENTED_EDGE('', *, *, #445, .F.);
#105 = ORIENTED_EDGE('', *, *, #446, .F.);
#106 = ORIENTED_EDGE('', *, *, #447, .F.);
#107 = ORIENTED_EDGE('', *, *, #448, .F.);
#108 = ORIENTED_EDGE('', *, *, #449, .F.);
#109 = ORIENTED_EDGE('', *, *, #450, .T.);
#110 = ORIENTED_EDGE('', *, *, #451, .T.);
#111 = ORIENTED_EDGE('', *, *, #452, .T.);
#112 = ORIENTED_EDGE('', *, *, #453, .F.);
#113 = ORIENTED_EDGE('', *, *, #454, .F.);
#114 = ORIENTED_EDGE('', *, *, #455, .T.);
#115 = ORIENTED_EDGE('', *, *, #456, .T.);
#116 = ORIENTED_EDGE('', *, *, #457, .F.);
#117 = ORIENTED_EDGE('', *, *, #458, .F.);
#118 = ADVANCED_FACE('', (#119, #129), #677, .F.);
#119 = FACE_BOUND('', #120, .F.);
#120 = EDGE_LOOP('', (#121, #122, #123, #124, #125, #126, #127, #128));
#121 = ORIENTED_EDGE('', *, *, #464, .T.);
#122 = ORIENTED_EDGE('', *, *, #466, .T.);
#123 = ORIENTED_EDGE('', *, *, #467, .T.);
#124 = ORIENTED_EDGE('', *, *, #468, .T.);
#125 = ORIENTED_EDGE('', *, *, #469, .T.);
#126 = ORIENTED_EDGE('', *, *, #470, .T.);
#127 = ORIENTED_EDGE('', *, *, #471, .T.);
#128 = ORIENTED_EDGE('', *, *, #462, .T.);
#129 = FACE_BOUND('', #130, .F.);
#130 = EDGE_LOOP('', (#131, #132, #133, #134, #135, #136, #137, #138, #139, #140, #141, #142, #143, #144, #145, #146, #147, #148, #149, #150, #151, #152, #153, #154, #155, #156, #157, #158, #159, #160, #161, #162));
#131 = ORIENTED_EDGE('', *, *, #472, .T.);
#132 = ORIENTED_EDGE('', *, *, #473, .F.);
#133 = ORIENTED_EDGE('', *, *, #474, .F.);
#134 = ORIENTED_EDGE('', *, *, #475, .T.);
#135 = ORIENTED_EDGE('', *, *, #476, .T.);
#136 = ORIENTED_EDGE('', *, *, #477, .T.);
#137 = ORIENTED_EDGE('', *, *, #478, .F.);
#138 = ORIENTED_EDGE('', *, *, #479, .F.);
#139 = ORIENTED_EDGE('', *, *, #480, .F.);
#140 = ORIENTED_EDGE('', *, *, #481, .T.);
#141 = ORIENTED_EDGE('', *, *, #482, .F.);
#142 = ORIENTED_EDGE('', *, *, #483, .T.);
#143 = ORIENTED_EDGE('', *, *, #484, .T.);
#144 = ORIENTED_EDGE('', *, *, #485, .T.);
#145 = ORIENTED_EDGE('', *, *, #486, .T.);
#146 = ORIENTED_EDGE('', *, *, #487, .F.);
#147 = ORIENTED_EDGE('', *, *, #488, .T.);
#148 = ORIENTED_EDGE('', *, *, #489, .T.);
#149 = ORIENTED_EDGE('', *, *, #490, .F.);
#150 = ORIENTED_EDGE('', *, *, #491, .T.);
#151 = ORIENTED_EDGE('', *, *, #492, .F.);
#152 = ORIENTED_EDGE('', *, *, #493, .T.);
#153 = ORIENTED_EDGE('', *, *, #494, .T.);
#154 = ORIENTED_EDGE('', *, *, #495, .T.);
#155 = ORIENTED_EDGE('', *, *, #496, .T.);
#156 = ORIENTED_EDGE('', *, *, #497, .T.);
#157 = ORIENTED_EDGE('', *, *, #498, .F.);
#158 = ORIENTED_EDGE('', *, *, #499, .F.);
#159 = ORIENTED_EDGE('', *, *, #500, .F.);
#160 = ORIENTED_EDGE('', *, *, #501, .F.);
#161 = ORIENTED_EDGE('', *, *, #502, .T.);
#162 = ORIENTED_EDGE('', *, *, #503, .F.);
#163 = ADVANCED_FACE('', (#164), #682, .F.);
#164 = FACE_BOUND('', #165, .F.);
#165 = EDGE_LOOP('', (#166, #167, #168, #169, #170, #171, #172, #173, #174, #175));
#166 = ORIENTED_EDGE('', *, *, #499, .T.);
#167 = ORIENTED_EDGE('', *, *, #498, .T.);
#168 = ORIENTED_EDGE('', *, *, #497, .F.);
#169 = ORIENTED_EDGE('', *, *, #504, .T.);
#170 = ORIENTED_EDGE('', *, *, #505, .F.);
#171 = ORIENTED_EDGE('', *, *, #506, .F.);
#172 = ORIENTED_EDGE('', *, *, #503, .T.);
#173 = ORIENTED_EDGE('', *, *, #502, .F.);
#174 = ORIENTED_EDGE('', *, *, #501, .T.);
#175 = ORIENTED_EDGE('', *, *, #500, .T.);
#176 = ADVANCED_FACE('', (#177), #687, .F.);
#177 = FACE_BOUND('', #178, .F.);
#178 = EDGE_LOOP('', (#179, #180, #181, #182));
#179 = ORIENTED_EDGE('', *, *, #506, .T.);
#180 = ORIENTED_EDGE('', *, *, #507, .F.);
#181 = ORIENTED_EDGE('', *, *, #508, .F.);
#182 = ORIENTED_EDGE('', *, *, #472, .F.);
#183 = ADVANCED_FACE('', (#184), #692, .F.);
#184 = FACE_BOUND('', #185, .F.);
#185 = EDGE_LOOP('', (#186, #187, #188, #189, #190, #191, #192, #193));
#186 = ORIENTED_EDGE('', *, *, #505, .T.);
#187 = ORIENTED_EDGE('', *, *, #509, .T.);
#188 = ORIENTED_EDGE('', *, *, #510, .T.);
#189 = ORIENTED_EDGE('', *, *, #511, .T.);
#190 = ORIENTED_EDGE('', *, *, #512, .T.);
#191 = ORIENTED_EDGE('', *, *, #513, .T.);
#192 = ORIENTED_EDGE('', *, *, #514, .T.);
#193 = ORIENTED_EDGE('', *, *, #507, .T.);
#194 = ADVANCED_FACE('', (#195), #697, .F.);
#195 = FACE_BOUND('', #196, .F.);
#196 = EDGE_LOOP('', (#197, #198, #199, #200, #201, #202, #203, #204, #205, #206));
#197 = ORIENTED_EDGE('', *, *, #478, .T.);
#198 = ORIENTED_EDGE('', *, *, #477, .F.);
#199 = ORIENTED_EDGE('', *, *, #476, .F.);
#200 = ORIENTED_EDGE('', *, *, #475, .F.);
#201 = ORIENTED_EDGE('', *, *, #474, .T.);
#202 = ORIENTED_EDGE('', *, *, #473, .T.);
#203 = ORIENTED_EDGE('', *, *, #508, .T.);
#204 = ORIENTED_EDGE('', *, *, #514, .F.);
#205 = ORIENTED_EDGE('', *, *, #515, .F.);
#206 = ORIENTED_EDGE('', *, *, #479, .T.);
#207 = ADVANCED_FACE('', (#208), #702, .F.);
#208 = FACE_BOUND('', #209, .F.);
#209 = EDGE_LOOP('', (#210, #211, #212, #213));
#210 = ORIENTED_EDGE('', *, *, #480, .T.);
#211 = ORIENTED_EDGE('', *, *, #515, .T.);
#212 = ORIENTED_EDGE('', *, *, #513, .F.);
#213 = ORIENTED_EDGE('', *, *, #516, .F.);
#214 = ADVANCED_FACE('', (#215), #707, .F.);
#215 = FACE_BOUND('', #216, .F.);
#216 = EDGE_LOOP('', (#217, #218, #219, #220, #221, #222, #223, #224, #225, #226));
#217 = ORIENTED_EDGE('', *, *, #484, .F.);
#218 = ORIENTED_EDGE('', *, *, #483, .F.);
#219 = ORIENTED_EDGE('', *, *, #482, .T.);
#220 = ORIENTED_EDGE('', *, *, #481, .F.);
#221 = ORIENTED_EDGE('', *, *, #516, .T.);
#222 = ORIENTED_EDGE('', *, *, #512, .F.);
#223 = ORIENTED_EDGE('', *, *, #517, .F.);
#224 = ORIENTED_EDGE('', *, *, #487, .T.);
#225 = ORIENTED_EDGE('', *, *, #486, .F.);
#226 = ORIENTED_EDGE('', *, *, #485, .F.);
#227 = ADVANCED_FACE('', (#228), #712, .F.);
#228 = FACE_BOUND('', #229, .F.);
#229 = EDGE_LOOP('', (#230, #231, #232, #233));
#230 = ORIENTED_EDGE('', *, *, #517, .T.);
#231 = ORIENTED_EDGE('', *, *, #511, .F.);
#232 = ORIENTED_EDGE('', *, *, #518, .F.);
#233 = ORIENTED_EDGE('', *, *, #488, .F.);
#234 = ADVANCED_FACE('', (#235), #717, .F.);
#235 = FACE_BOUND('', #236, .F.);
#236 = EDGE_LOOP('', (#237, #238, #239, #240, #241, #242, #243, #244, #245, #246));
#237 = ORIENTED_EDGE('', *, *, #490, .T.);
#238 = ORIENTED_EDGE('', *, *, #489, .F.);
#239 = ORIENTED_EDGE('', *, *, #518, .T.);
#240 = ORIENTED_EDGE('', *, *, #510, .F.);
#241 = ORIENTED_EDGE('', *, *, #519, .F.);
#242 = ORIENTED_EDGE('', *, *, #495, .F.);
#243 = ORIENTED_EDGE('', *, *, #494, .F.);
#244 = ORIENTED_EDGE('', *, *, #493, .F.);
#245 = ORIENTED_EDGE('', *, *, #492, .T.);
#246 = ORIENTED_EDGE('', *, *, #491, .F.);
#247 = ADVANCED_FACE('', (#248), #722, .F.);
#248 = FACE_BOUND('', #249, .F.);
#249 = EDGE_LOOP('', (#250, #251, #252, #253));
#250 = ORIENTED_EDGE('', *, *, #519, .T.);
#251 = ORIENTED_EDGE('', *, *, #509, .F.);
#252 = ORIENTED_EDGE('', *, *, #504, .F.);
#253 = ORIENTED_EDGE('', *, *, #496, .F.);
#254 = ADVANCED_FACE('', (#255), #727, .T.);
#255 = FACE_BOUND('', #256, .T.);
#256 = EDGE_LOOP('', (#257, #258, #259, #260));
#257 = ORIENTED_EDGE('', *, *, #465, .F.);
#258 = ORIENTED_EDGE('', *, *, #466, .T.);
#259 = ORIENTED_EDGE('', *, *, #520, .T.);
#260 = ORIENTED_EDGE('', *, *, #442, .F.);
#261 = ADVANCED_FACE('', (#262), #732, .T.);
#262 = FACE_BOUND('', #263, .T.);
#263 = EDGE_LOOP('', (#264, #265, #266, #267, #268, #269, #270, #271, #272, #273, #274, #275, #276, #277, #278));
#264 = ORIENTED_EDGE('', *, *, #433, .F.);
#265 = ORIENTED_EDGE('', *, *, #434, .T.);
#266 = ORIENTED_EDGE('', *, *, #435, .T.);
#267 = ORIENTED_EDGE('', *, *, #436, .F.);
#268 = ORIENTED_EDGE('', *, *, #437, .F.);
#269 = ORIENTED_EDGE('', *, *, #438, .F.);
#270 = ORIENTED_EDGE('', *, *, #439, .T.);
#271 = ORIENTED_EDGE('', *, *, #440, .T.);
#272 = ORIENTED_EDGE('', *, *, #441, .T.);
#273 = ORIENTED_EDGE('', *, *, #520, .F.);
#274 = ORIENTED_EDGE('', *, *, #467, .T.);
#275 = ORIENTED_EDGE('', *, *, #521, .T.);
#276 = ORIENTED_EDGE('', *, *, #430, .F.);
#277 = ORIENTED_EDGE('', *, *, #431, .F.);
#278 = ORIENTED_EDGE('', *, *, #432, .F.);
#279 = ADVANCED_FACE('', (#280), #737, .T.);
#280 = FACE_BOUND('', #281, .T.);
#281 = EDGE_LOOP('', (#282, #283, #284, #285));
#282 = ORIENTED_EDGE('', *, *, #521, .F.);
#283 = ORIENTED_EDGE('', *, *, #468, .T.);
#284 = ORIENTED_EDGE('', *, *, #522, .T.);
#285 = ORIENTED_EDGE('', *, *, #429, .F.);
#286 = ADVANCED_FACE('', (#287), #742, .T.);
#287 = FACE_BOUND('', #288, .T.);
#288 = EDGE_LOOP('', (#289, #290, #291, #292, #293, #294, #295, #296, #297, #298, #299, #300, #301, #302));
#289 = ORIENTED_EDGE('', *, *, #428, .T.);
#290 = ORIENTED_EDGE('', *, *, #522, .F.);
#291 = ORIENTED_EDGE('', *, *, #469, .T.);
#292 = ORIENTED_EDGE('', *, *, #523, .T.);
#293 = ORIENTED_EDGE('', *, *, #418, .F.);
#294 = ORIENTED_EDGE('', *, *, #419, .F.);
#295 = ORIENTED_EDGE('', *, *, #420, .F.);
#296 = ORIENTED_EDGE('', *, *, #421, .F.);
#297 = ORIENTED_EDGE('', *, *, #422, .F.);
#298 = ORIENTED_EDGE('', *, *, #423, .T.);
#299 = ORIENTED_EDGE('', *, *, #424, .F.);
#300 = ORIENTED_EDGE('', *, *, #425, .F.);
#301 = ORIENTED_EDGE('', *, *, #426, .T.);
#302 = ORIENTED_EDGE('', *, *, #427, .F.);
#303 = ADVANCED_FACE('', (#304), #747, .T.);
#304 = FACE_BOUND('', #305, .T.);
#305 = EDGE_LOOP('', (#306, #307, #308, #309));
#306 = ORIENTED_EDGE('', *, *, #417, .T.);
#307 = ORIENTED_EDGE('', *, *, #523, .F.);
#308 = ORIENTED_EDGE('', *, *, #470, .T.);
#309 = ORIENTED_EDGE('', *, *, #524, .T.);
#310 = ADVANCED_FACE('', (#311), #752, .T.);
#311 = FACE_BOUND('', #312, .T.);
#312 = EDGE_LOOP('', (#313, #314, #315, #316, #317, #318, #319, #320, #321, #322, #323, #324, #325, #326, #327, #328));
#313 = ORIENTED_EDGE('', *, *, #411, .T.);
#314 = ORIENTED_EDGE('', *, *, #412, .F.);
#315 = ORIENTED_EDGE('', *, *, #413, .T.);
#316 = ORIENTED_EDGE('', *, *, #414, .T.);
#317 = ORIENTED_EDGE('', *, *, #415, .F.);
#318 = ORIENTED_EDGE('', *, *, #416, .T.);
#319 = ORIENTED_EDGE('', *, *, #524, .F.);
#320 = ORIENTED_EDGE('', *, *, #471, .T.);
#321 = ORIENTED_EDGE('', *, *, #461, .T.);
#322 = ORIENTED_EDGE('', *, *, #404, .T.);
#323 = ORIENTED_EDGE('', *, *, #405, .T.);
#324 = ORIENTED_EDGE('', *, *, #406, .T.);
#325 = ORIENTED_EDGE('', *, *, #407, .T.);
#326 = ORIENTED_EDGE('', *, *, #408, .T.);
#327 = ORIENTED_EDGE('', *, *, #409, .T.);
#328 = ORIENTED_EDGE('', *, *, #410, .F.);
#329 = ADVANCED_FACE('', (#330), #757, .T.);
#330 = FACE_BOUND('', #331, .T.);
#331 = EDGE_LOOP('', (#332, #333, #334, #335));
#332 = ORIENTED_EDGE('', *, *, #403, .T.);
#333 = ORIENTED_EDGE('', *, *, #525, .T.);
#334 = ORIENTED_EDGE('', *, *, #526, .F.);
#335 = ORIENTED_EDGE('', *, *, #527, .F.);
#336 = ADVANCED_FACE('', (#337), #762, .T.);
#337 = FACE_BOUND('', #338, .T.);
#338 = EDGE_LOOP('', (#339, #340, #341, #342));
#339 = ORIENTED_EDGE('', *, *, #402, .T.);
#340 = ORIENTED_EDGE('', *, *, #527, .T.);
#341 = ORIENTED_EDGE('', *, *, #528, .F.);
#342 = ORIENTED_EDGE('', *, *, #529, .F.);
#343 = ADVANCED_FACE('', (#344), #767, .T.);
#344 = FACE_BOUND('', #345, .T.);
#345 = EDGE_LOOP('', (#346, #347, #348, #349));
#346 = ORIENTED_EDGE('', *, *, #401, .T.);
#347 = ORIENTED_EDGE('', *, *, #529, .T.);
#348 = ORIENTED_EDGE('', *, *, #530, .F.);
#349 = ORIENTED_EDGE('', *, *, #531, .F.);
#350 = ADVANCED_FACE('', (#351), #772, .T.);
#351 = FACE_BOUND('', #352, .T.);
#352 = EDGE_LOOP('', (#353, #354, #355, #356));
#353 = ORIENTED_EDGE('', *, *, #400, .T.);
#354 = ORIENTED_EDGE('', *, *, #531, .T.);
#355 = ORIENTED_EDGE('', *, *, #532, .F.);
#356 = ORIENTED_EDGE('', *, *, #533, .F.);
#357 = ADVANCED_FACE('', (#358), #777, .T.);
#358 = FACE_BOUND('', #359, .T.);
#359 = EDGE_LOOP('', (#360, #361, #362, #363));
#360 = ORIENTED_EDGE('', *, *, #399, .T.);
#361 = ORIENTED_EDGE('', *, *, #533, .T.);
#362 = ORIENTED_EDGE('', *, *, #534, .F.);
#363 = ORIENTED_EDGE('', *, *, #535, .F.);
#364 = ADVANCED_FACE('', (#365), #782, .T.);
#365 = FACE_BOUND('', #366, .T.);
#366 = EDGE_LOOP('', (#367, #368, #369, #370));
#367 = ORIENTED_EDGE('', *, *, #398, .T.);
#368 = ORIENTED_EDGE('', *, *, #535, .T.);
#369 = ORIENTED_EDGE('', *, *, #536, .F.);
#370 = ORIENTED_EDGE('', *, *, #537, .F.);
#371 = ADVANCED_FACE('', (#372), #787, .T.);
#372 = FACE_BOUND('', #373, .T.);
#373 = EDGE_LOOP('', (#374, #375, #376, #377));
#374 = ORIENTED_EDGE('', *, *, #397, .T.);
#375 = ORIENTED_EDGE('', *, *, #537, .T.);
#376 = ORIENTED_EDGE('', *, *, #538, .F.);
#377 = ORIENTED_EDGE('', *, *, #539, .F.);
#378 = ADVANCED_FACE('', (#379), #792, .T.);
#379 = FACE_BOUND('', #380, .T.);
#380 = EDGE_LOOP('', (#381, #382, #383, #384));
#381 = ORIENTED_EDGE('', *, *, #396, .T.);
#382 = ORIENTED_EDGE('', *, *, #539, .T.);
#383 = ORIENTED_EDGE('', *, *, #540, .F.);
#384 = ORIENTED_EDGE('', *, *, #525, .F.);
#385 = ADVANCED_FACE('', (#386), #797, .T.);
#386 = FACE_BOUND('', #387, .T.);
#387 = EDGE_LOOP('', (#388, #389, #390, #391, #392, #393, #394, #395));
#388 = ORIENTED_EDGE('', *, *, #540, .T.);
#389 = ORIENTED_EDGE('', *, *, #538, .T.);
#390 = ORIENTED_EDGE('', *, *, #536, .T.);
#391 = ORIENTED_EDGE('', *, *, #534, .T.);
#392 = ORIENTED_EDGE('', *, *, #532, .T.);
#393 = ORIENTED_EDGE('', *, *, #530, .T.);
#394 = ORIENTED_EDGE('', *, *, #528, .T.);
#395 = ORIENTED_EDGE('', *, *, #526, .T.);
#396 = EDGE_CURVE('', #541, #542, #802, .T.);
#397 = EDGE_CURVE('', #542, #543, #810, .T.);
#398 = EDGE_CURVE('', #543, #544, #815, .T.);
#399 = EDGE_CURVE('', #544, #545, #823, .T.);
#400 = EDGE_CURVE('', #545, #546, #828, .T.);
#401 = EDGE_CURVE('', #546, #547, #836, .T.);
#402 = EDGE_CURVE('', #547, #548, #841, .T.);
#403 = EDGE_CURVE('', #548, #541, #849, .T.);
#404 = EDGE_CURVE('', #549, #550, #854, .T.);
#405 = EDGE_CURVE('', #550, #551, #878, .T.);
#406 = EDGE_CURVE('', #551, #552, #895, .T.);
#407 = EDGE_CURVE('', #552, #553, #913, .T.);
#408 = EDGE_CURVE('', #553, #554, #930, .T.);
#409 = EDGE_CURVE('', #554, #555, #945, .T.);
#410 = EDGE_CURVE('', #556, #555, #961, .T.);
#411 = EDGE_CURVE('', #556, #557, #976, .T.);
#412 = EDGE_CURVE('', #558, #557, #991, .T.);
#413 = EDGE_CURVE('', #558, #559, #1007, .T.);
#414 = EDGE_CURVE('', #559, #560, #1024, .T.);
#415 = EDGE_CURVE('', #561, #560, #1041, .T.);
#416 = EDGE_CURVE('', #561, #562, #1061, .T.);
#417 = EDGE_CURVE('', #562, #563, #1090, .T.);
#418 = EDGE_CURVE('', #564, #563, #1107, .T.);
#419 = EDGE_CURVE('', #565, #564, #1131, .T.);
#420 = EDGE_CURVE('', #566, #565, #1150, .T.);
#421 = EDGE_CURVE('', #567, #566, #1170, .T.);
#422 = EDGE_CURVE('', #568, #567, #1185, .T.);
#423 = EDGE_CURVE('', #568, #569, #1201, .T.);
#424 = EDGE_CURVE('', #570, #569, #1217, .T.);
#425 = EDGE_CURVE('', #571, #570, #1236, .T.);
#426 = EDGE_CURVE('', #571, #572, #1253, .T.);
#427 = EDGE_CURVE('', #573, #572, #1268, .T.);
#428 = EDGE_CURVE('', #573, #574, #1283, .T.);
#429 = EDGE_CURVE('', #575, #574, #1315, .T.);
#430 = EDGE_CURVE('', #576, #575, #1332, .T.);
#431 = EDGE_CURVE('', #577, #576, #1355, .T.);
#432 = EDGE_CURVE('', #578, #577, #1374, .T.);
#433 = EDGE_CURVE('', #579, #578, #1391, .T.);
#434 = EDGE_CURVE('', #579, #580, #1408, .T.);
#435 = EDGE_CURVE('', #580, #581, #1423, .T.);
#436 = EDGE_CURVE('', #582, #581, #1438, .T.);
#437 = EDGE_CURVE('', #583, #582, #1453, .T.);
#438 = EDGE_CURVE('', #584, #583, #1472, .T.);
#439 = EDGE_CURVE('', #584, #585, #1492, .T.);
#440 = EDGE_CURVE('', #585, #586, #1507, .T.);
#441 = EDGE_CURVE('', #586, #587, #1526, .T.);
#442 = EDGE_CURVE('', #588, #587, #1555, .T.);
#443 = EDGE_CURVE('', #589, #588, #1572, .T.);
#444 = EDGE_CURVE('', #590, #589, #1597, .T.);
#445 = EDGE_CURVE('', #591, #590, #1612, .T.);
#446 = EDGE_CURVE('', #592, #591, #1628, .T.);
#447 = EDGE_CURVE('', #593, #592, #1646, .T.);
#448 = EDGE_CURVE('', #594, #593, #1662, .T.);
#449 = EDGE_CURVE('', #595, #594, #1677, .T.);
#450 = EDGE_CURVE('', #595, #596, #1692, .T.);
#451 = EDGE_CURVE('', #596, #597, #1707, .T.);
#452 = EDGE_CURVE('', #597, #598, #1722, .T.);
#453 = EDGE_CURVE('', #599, #598, #1737, .T.);
#454 = EDGE_CURVE('', #600, #599, #1752, .T.);
#455 = EDGE_CURVE('', #600, #601, #1768, .T.);
#456 = EDGE_CURVE('', #601, #602, #1783, .T.);
#457 = EDGE_CURVE('', #603, #602, #1799, .T.);
#458 = EDGE_CURVE('', #604, #603, #1817, .T.);
#459 = EDGE_CURVE('', #605, #604, #1832, .T.);
#460 = EDGE_CURVE('', #549, #605, #1864, .T.);
#461 = EDGE_CURVE('', #606, #549, #1881, .T.);
#462 = EDGE_CURVE('', #606, #607, #1886, .T.);
#463 = EDGE_CURVE('', #607, #605, #1891, .T.);
#464 = EDGE_CURVE('', #607, #608, #1896, .T.);
#465 = EDGE_CURVE('', #608, #588, #1904, .T.);
#466 = EDGE_CURVE('', #608, #609, #1909, .T.);
#467 = EDGE_CURVE('', #609, #610, #1914, .T.);
#468 = EDGE_CURVE('', #610, #611, #1922, .T.);
#469 = EDGE_CURVE('', #611, #612, #1927, .T.);
#470 = EDGE_CURVE('', #612, #613, #1935, .T.);
#471 = EDGE_CURVE('', #613, #606, #1940, .T.);
#472 = EDGE_CURVE('', #614, #615, #1948, .T.);
#473 = EDGE_CURVE('', #616, #615, #1965, .T.);
#474 = EDGE_CURVE('', #617, #616, #1996, .T.);
#475 = EDGE_CURVE('', #617, #618, #2014, .T.);
#476 = EDGE_CURVE('', #618, #619, #2030, .T.);
#477 = EDGE_CURVE('', #619, #620, #2046, .T.);
#478 = EDGE_CURVE('', #621, #620, #2068, .T.);
#479 = EDGE_CURVE('', #622, #621, #2085, .T.);
#480 = EDGE_CURVE('', #623, #622, #2112, .T.);
#481 = EDGE_CURVE('', #623, #624, #2129, .T.);
#482 = EDGE_CURVE('', #625, #624, #2161, .T.);
#483 = EDGE_CURVE('', #625, #626, #2179, .T.);
#484 = EDGE_CURVE('', #626, #627, #2196, .T.);
#485 = EDGE_CURVE('', #627, #628, #2212, .T.);
#486 = EDGE_CURVE('', #628, #629, #2233, .T.);
#487 = EDGE_CURVE('', #630, #629, #2251, .T.);
#488 = EDGE_CURVE('', #630, #631, #2278, .T.);
#489 = EDGE_CURVE('', #631, #632, #2295, .T.);
#490 = EDGE_CURVE('', #633, #632, #2326, .T.);
#491 = EDGE_CURVE('', #633, #634, #2344, .T.);
#492 = EDGE_CURVE('', #635, #634, #2360, .T.);
#493 = EDGE_CURVE('', #635, #636, #2376, .T.);
#494 = EDGE_CURVE('', #636, #637, #2398, .T.);
#495 = EDGE_CURVE('', #637, #638, #2415, .T.);
#496 = EDGE_CURVE('', #638, #639, #2442, .T.);
#497 = EDGE_CURVE('', #639, #640, #2460, .T.);
#498 = EDGE_CURVE('', #641, #640, #2492, .T.);
#499 = EDGE_CURVE('', #642, #641, #2510, .T.);
#500 = EDGE_CURVE('', #643, #642, #2527, .T.);
#501 = EDGE_CURVE('', #644, #643, #2543, .T.);
#502 = EDGE_CURVE('', #644, #645, #2564, .T.);
#503 = EDGE_CURVE('', #614, #645, #2582, .T.);
#504 = EDGE_CURVE('', #639, #646, #2609, .T.);
#505 = EDGE_CURVE('', #647, #646, #2614, .T.);
#506 = EDGE_CURVE('', #614, #647, #2622, .T.);
#507 = EDGE_CURVE('', #648, #647, #2627, .T.);
#508 = EDGE_CURVE('', #615, #648, #2632, .T.);
#509 = EDGE_CURVE('', #646, #649, #2637, .T.);
#510 = EDGE_CURVE('', #649, #650, #2642, .T.);
#511 = EDGE_CURVE('', #650, #651, #2650, .T.);
#512 = EDGE_CURVE('', #651, #652, #2655, .T.);
#513 = EDGE_CURVE('', #652, #653, #2663, .T.);
#514 = EDGE_CURVE('', #653, #648, #2668, .T.);
#515 = EDGE_CURVE('', #622, #653, #2676, .T.);
#516 = EDGE_CURVE('', #623, #652, #2681, .T.);
#517 = EDGE_CURVE('', #630, #651, #2686, .T.);
#518 = EDGE_CURVE('', #631, #650, #2691, .T.);
#519 = EDGE_CURVE('', #638, #649, #2696, .T.);
#520 = EDGE_CURVE('', #609, #587, #2701, .T.);
#521 = EDGE_CURVE('', #610, #575, #2706, .T.);
#522 = EDGE_CURVE('', #611, #574, #2711, .T.);
#523 = EDGE_CURVE('', #612, #563, #2716, .T.);
#524 = EDGE_CURVE('', #613, #562, #2721, .T.);
#525 = EDGE_CURVE('', #541, #654, #2726, .T.);
#526 = EDGE_CURVE('', #655, #654, #2731, .T.);
#527 = EDGE_CURVE('', #548, #655, #2736, .T.);
#528 = EDGE_CURVE('', #656, #655, #2741, .T.);
#529 = EDGE_CURVE('', #547, #656, #2749, .T.);
#530 = EDGE_CURVE('', #657, #656, #2754, .T.);
#531 = EDGE_CURVE('', #546, #657, #2759, .T.);
#532 = EDGE_CURVE('', #658, #657, #2764, .T.);
#533 = EDGE_CURVE('', #545, #658, #2772, .T.);
#534 = EDGE_CURVE('', #659, #658, #2777, .T.);
#535 = EDGE_CURVE('', #544, #659, #2782, .T.);
#536 = EDGE_CURVE('', #660, #659, #2787, .T.);
#537 = EDGE_CURVE('', #543, #660, #2795, .T.);
#538 = EDGE_CURVE('', #661, #660, #2800, .T.);
#539 = EDGE_CURVE('', #542, #661, #2805, .T.);
#540 = EDGE_CURVE('', #654, #661, #2810, .T.);
#541 = VERTEX_POINT('', #2818);
#542 = VERTEX_POINT('', #2819);
#543 = VERTEX_POINT('', #2820);
#544 = VERTEX_POINT('', #2821);
#545 = VERTEX_POINT('', #2822);
#546 = VERTEX_POINT('', #2823);
#547 = VERTEX_POINT('', #2824);
#548 = VERTEX_POINT('', #2825);
#549 = VERTEX_POINT('', #2826);
#550 = VERTEX_POINT('', #2827);
#551 = VERTEX_POINT('', #2828);
#552 = VERTEX_POINT('', #2829);
#553 = VERTEX_POINT('', #2830);
#554 = VERTEX_POINT('', #2831);
#555 = VERTEX_POINT('', #2832);
#556 = VERTEX_POINT('', #2833);
#557 = VERTEX_POINT('', #2834);
#558 = VERTEX_POINT('', #2835);
#559 = VERTEX_POINT('', #2836);
#560 = VERTEX_POINT('', #2837);
#561 = VERTEX_POINT('', #2838);
#562 = VERTEX_POINT('', #2839);
#563 = VERTEX_POINT('', #2840);
#564 = VERTEX_POINT('', #2841);
#565 = VERTEX_POINT('', #2842);
#566 = VERTEX_POINT('', #2843);
#567 = VERTEX_POINT('', #2844);
#568 = VERTEX_POINT('', #2845);
#569 = VERTEX_POINT('', #2846);
#570 = VERTEX_POINT('', #2847);
#571 = VERTEX_POINT('', #2848);
#572 = VERTEX_POINT('', #2849);
#573 = VERTEX_POINT('', #2850);
#574 = VERTEX_POINT('', #2851);
#575 = VERTEX_POINT('', #2852);
#576 = VERTEX_POINT('', #2853);
#577 = VERTEX_POINT('', #2854);
#578 = VERTEX_POINT('', #2855);
#579 = VERTEX_POINT('', #2856);
#580 = VERTEX_POINT('', #2857);
#581 = VERTEX_POINT('', #2858);
#582 = VERTEX_POINT('', #2859);
#583 = VERTEX_POINT('', #2860);
#584 = VERTEX_POINT('', #2861);
#585 = VERTEX_POINT('', #2862);
#586 = VERTEX_POINT('', #2863);
#587 = VERTEX_POINT('', #2864);
#588 = VERTEX_POINT('', #2865);
#589 = VERTEX_POINT('', #2866);
#590 = VERTEX_POINT('', #2867);
#591 = VERTEX_POINT('', #2868);
#592 = VERTEX_POINT('', #2869);
#593 = VERTEX_POINT('', #2870);
#594 = VERTEX_POINT('', #2871);
#595 = VERTEX_POINT('', #2872);
#596 = VERTEX_POINT('', #2873);
#597 = VERTEX_POINT('', #2874);
#598 = VERTEX_POINT('', #2875);
#599 = VERTEX_POINT('', #2876);
#600 = VERTEX_POINT('', #2877);
#601 = VERTEX_POINT('', #2878);
#602 = VERTEX_POINT('', #2879);
#603 = VERTEX_POINT('', #2880);
#604 = VERTEX_POINT('', #2881);
#605 = VERTEX_POINT('', #2882);
#606 = VERTEX_POINT('', #2883);
#607 = VERTEX_POINT('', #2884);
#608 = VERTEX_POINT('', #2885);
#609 = VERTEX_POINT('', #2886);
#610 = VERTEX_POINT('', #2887);
#611 = VERTEX_POINT('', #2888);
#612 = VERTEX_POINT('', #2889);
#613 = VERTEX_POINT('', #2890);
#614 = VERTEX_POINT('', #2891);
#615 = VERTEX_POINT('', #2892);
#616 = VERTEX_POINT('', #2893);
#617 = VERTEX_POINT('', #2894);
#618 = VERTEX_POINT('', #2895);
#619 = VERTEX_POINT('', #2896);
#620 = VERTEX_POINT('', #2897);
#621 = VERTEX_POINT('', #2898);
#622 = VERTEX_POINT('', #2899);
#623 = VERTEX_POINT('', #2900);
#624 = VERTEX_POINT('', #2901);
#625 = VERTEX_POINT('', #2902);
#626 = VERTEX_POINT('', #2903);
#627 = VERTEX_POINT('', #2904);
#628 = VERTEX_POINT('', #2905);
#629 = VERTEX_POINT('', #2906);
#630 = VERTEX_POINT('', #2907);
#631 = VERTEX_POINT('', #2908);
#632 = VERTEX_POINT('', #2909);
#633 = VERTEX_POINT('', #2910);
#634 = VERTEX_POINT('', #2911);
#635 = VERTEX_POINT('', #2912);
#636 = VERTEX_POINT('', #2913);
#637 = VERTEX_POINT('', #2914);
#638 = VERTEX_POINT('', #2915);
#639 = VERTEX_POINT('', #2916);
#640 = VERTEX_POINT('', #2917);
#641 = VERTEX_POINT('', #2918);
#642 = VERTEX_POINT('', #2919);
#643 = VERTEX_POINT('', #2920);
#644 = VERTEX_POINT('', #2921);
#645 = VERTEX_POINT('', #2922);
#646 = VERTEX_POINT('', #2923);
#647 = VERTEX_POINT('', #2924);
#648 = VERTEX_POINT('', #2925);
#649 = VERTEX_POINT('', #2926);
#650 = VERTEX_POINT('', #2927);
#651 = VERTEX_POINT('', #2928);
#652 = VERTEX_POINT('', #2929);
#653 = VERTEX_POINT('', #2930);
#654 = VERTEX_POINT('', #2931);
#655 = VERTEX_POINT('', #2932);
#656 = VERTEX_POINT('', #2933);
#657 = VERTEX_POINT('', #2934);
#658 = VERTEX_POINT('', #2935);
#659 = VERTEX_POINT('', #2936);
#660 = VERTEX_POINT('', #2937);
#661 = VERTEX_POINT('', #2938);
#662 = PLANE('', #663);
#663 = AXIS2_PLACEMENT_3D('', #664, #665, #666);
#664 = CARTESIAN_POINT('', (143.0, -77.0, 13.0));
#665 = DIRECTION('', (0.0, 0.0, 1.0));
#666 = DIRECTION('', (-1.0, 0.0, 0.0));
#667 = PLANE('', #668);
#668 = AXIS2_PLACEMENT_3D('', #669, #670, #671);
#669 = CARTESIAN_POINT('', (135.9999723169638, -79.19999979967899, 10.0000003));
#670 = DIRECTION('', (-1.0031539871E-11, 1.0, 0.0));
#671 = DIRECTION('', (-1.0, -1.0031539871E-11, 0.0));
#672 = CYLINDRICAL_SURFACE('', #673, 4.800138920691331);
#673 = AXIS2_PLACEMENT_3D('', #674, #675, #676);
#674 = CARTESIAN_POINT('', (104.00013901908319, -84.00013871868113, 14.0000003));
#675 = DIRECTION('', (0.0, 0.0, 1.0));
#676 = DIRECTION('', (0.7071088275678551, -0.7071047347993179, 0.0));
#677 = PLANE('', #678);
#678 = AXIS2_PLACEMENT_3D('', #679, #680, #681);
#679 = CARTESIAN_POINT('', (140.8000001003213, -79.19999979967899, 10.0000003));
#680 = DIRECTION('', (0.0, 0.0, 1.0));
#681 = DIRECTION('', (-1.0, 0.0, 0.0));
#682 = CYLINDRICAL_SURFACE('', #683, 3.60013892183522);
#683 = AXIS2_PLACEMENT_3D('', #684, #685, #686);
#684 = CARTESIAN_POINT('', (104.00013892022706, -84.00013891915494, 13.0));
#685 = DIRECTION('', (0.0, 0.0, 1.0));
#686 = DIRECTION('', (0.7071122381638766, -0.7071013241671048, 0.0));
#687 = PLANE('', #688);
#688 = AXIS2_PLACEMENT_3D('', #689, #690, #691);
#689 = CARTESIAN_POINT('', (135.99994443392762, -80.39999999935736, 5.0));
#690 = DIRECTION('', (-2.0082637120E-11, 0.9999999999999999, 0.0));
#691 = DIRECTION('', (-0.9999999999999999, -2.0082637120E-11, 0.0));
#692 = PLANE('', #693);
#693 = AXIS2_PLACEMENT_3D('', #694, #695, #696);
#694 = CARTESIAN_POINT('', (139.60000000064295, -80.39999999935736, 13.0));
#695 = DIRECTION('', (0.0, 0.0, 0.9999999999999999));
#696 = DIRECTION('', (-0.9999999999999999, 0.0, 0.0));
#697 = CYLINDRICAL_SURFACE('', #698, 3.6001389218356925);
#698 = AXIS2_PLACEMENT_3D('', #699, #700, #701);
#699 = CARTESIAN_POINT('', (135.9998610808446, -84.0001389202281, 13.0));
#700 = DIRECTION('', (0.0, 0.0, 1.0));
#701 = DIRECTION('', (-0.7071013241670318, -0.7071122381639495, 0.0));
#702 = PLANE('', #703);
#703 = AXIS2_PLACEMENT_3D('', #704, #705, #706);
#704 = CARTESIAN_POINT('', (139.60000000064295, -99.99994443392805, 5.0));
#705 = DIRECTION('', (1.0, 4.0184883978E-11, -0.0));
#706 = DIRECTION('', (-4.0184883978E-11, 1.0, 0.0));
#707 = CYLINDRICAL_SURFACE('', #708, 3.6001389218346875);
#708 = AXIS2_PLACEMENT_3D('', #709, #710, #711);
#709 = CARTESIAN_POINT('', (135.99986107977318, -99.9998610808456, 13.0));
#710 = DIRECTION('', (0.0, 0.0, 1.0));
#711 = DIRECTION('', (-0.7071122381638865, 0.7071013241670949, 0.0));
#712 = PLANE('', #713);
#713 = AXIS2_PLACEMENT_3D('', #714, #715, #716);
#714 = CARTESIAN_POINT('', (104.00005556607216, -103.60000000064264, 5.0));
#715 = DIRECTION('', (2.0082637120E-11, -0.9999999999999999, 0.0));
#716 = DIRECTION('', (0.9999999999999999, 2.0082637120E-11, 0.0));
#717 = CYLINDRICAL_SURFACE('', #718, 3.60013892183517);
#718 = AXIS2_PLACEMENT_3D('', #719, #720, #721);
#719 = CARTESIAN_POINT('', (104.00013891915488, -99.99986107977242, 13.0));
#720 = DIRECTION('', (0.0, 0.0, 1.0));
#721 = DIRECTION('', (0.7071013241670516, 0.70711223816393, 0.0));
#722 = PLANE('', #723);
#723 = AXIS2_PLACEMENT_3D('', #724, #725, #726);
#724 = CARTESIAN_POINT('', (100.39999999935678, -84.00005556607219, 5.0));
#725 = DIRECTION('', (-1.0, -4.0201759427E-11, 0.0));
#726 = DIRECTION('', (4.0201759427E-11, -1.0, 0.0));
#727 = PLANE('', #728);
#728 = AXIS2_PLACEMENT_3D('', #729, #730, #731);
#729 = CARTESIAN_POINT('', (99.2000000996784, -84.00002758303609, 10.0000003));
#730 = DIRECTION('', (-0.9999999999999999, -2.0099512539E-11, 0.0));
#731 = DIRECTION('', (2.0099512539E-11, -0.9999999999999999, 0.0));
#732 = CYLINDRICAL_SURFACE('', #733, 4.800138920691241);
#733 = AXIS2_PLACEMENT_3D('', #734, #735, #736);
#734 = CARTESIAN_POINT('', (104.00013901868104, -99.99986088091627, 14.0000003));
#735 = DIRECTION('', (0.0, 0.0, 1.0));
#736 = DIRECTION('', (0.7071047347992748, 0.7071088275678978, 0.0));
#737 = PLANE('', #738);
#738 = AXIS2_PLACEMENT_3D('', #739, #740, #741);
#739 = CARTESIAN_POINT('', (104.00002788303608, -104.799999800321, 10.0000003));
#740 = DIRECTION('', (1.0031539871E-11, -1.0, 0.0));
#741 = DIRECTION('', (1.0, 1.0031539871E-11, 0.0));
#742 = CYLINDRICAL_SURFACE('', #743, 4.800138920690668);
#743 = AXIS2_PLACEMENT_3D('', #744, #745, #746);
#744 = CARTESIAN_POINT('', (135.99986118091718, -99.99986088131953, 14.0000003));
#745 = DIRECTION('', (0.0, 0.0, 1.0));
#746 = DIRECTION('', (-0.7071088275678667, 0.7071047347993059, 0.0));
#747 = PLANE('', #748);
#748 = AXIS2_PLACEMENT_3D('', #749, #750, #751);
#749 = CARTESIAN_POINT('', (140.8000001003213, -99.99997201696402, 10.0000003));
#750 = DIRECTION('', (0.9999999999999999, 2.0081748940E-11, -0.0));
#751 = DIRECTION('', (-2.0081748940E-11, 0.9999999999999999, 0.0));
#752 = CYLINDRICAL_SURFACE('', #753, 4.800138920691773);
#753 = AXIS2_PLACEMENT_3D('', #754, #755, #756);
#754 = CARTESIAN_POINT('', (135.99986118131844, -84.00013871908423, 14.0000003));
#755 = DIRECTION('', (0.0, 0.0, 1.0));
#756 = DIRECTION('', (-0.7071047347992675, -0.7071088275679053, 0.0));
#757 = PLANE('', #758);
#758 = AXIS2_PLACEMENT_3D('', #759, #760, #761);
#759 = CARTESIAN_POINT('', (136.00002315253016, -77.00000000026863, 13.0));
#760 = DIRECTION('', (8.3946122602E-12, 1.0, -0.0));
#761 = DIRECTION('', (-1.0, 8.3946122602E-12, 0.0));
#762 = CYLINDRICAL_SURFACE('', #763, 7.000138919613215);
#763 = AXIS2_PLACEMENT_3D('', #764, #765, #766);
#764 = CARTESIAN_POINT('', (135.9998610817652, -84.00013891800566, 15.0));
#765 = DIRECTION('', (0.0, 0.0, 1.0));
#766 = DIRECTION('', (-0.7071079505533101, -0.7071056118178511, 0.0));
#767 = PLANE('', #768);
#768 = AXIS2_PLACEMENT_3D('', #769, #770, #771);
#769 = CARTESIAN_POINT('', (142.99999999973167, -100.00002315252998, 13.0));
#770 = DIRECTION('', (1.0, -1.6770560653E-11, 0.0));
#771 = DIRECTION('', (1.6770560653E-11, 1.0, 0.0));
#772 = CYLINDRICAL_SURFACE('', #773, 7.00013891961217);
#773 = AXIS2_PLACEMENT_3D('', #774, #775, #776);
#774 = CARTESIAN_POINT('', (135.99986108199568, -99.99986108176624, 15.0));
#775 = DIRECTION('', (0.0, 0.0, 1.0));
#776 = DIRECTION('', (-0.707105611817845, 0.7071079505533161, 0.0));
#777 = PLANE('', #778);
#778 = AXIS2_PLACEMENT_3D('', #779, #780, #781);
#779 = CARTESIAN_POINT('', (103.99997684746992, -106.99999999973137, 13.0));
#780 = DIRECTION('', (-8.3946122602E-12, -1.0, 0.0));
#781 = DIRECTION('', (1.0, -8.3946122602E-12, 0.0));
#782 = CYLINDRICAL_SURFACE('', #783, 7.000138919612753);
#783 = AXIS2_PLACEMENT_3D('', #784, #785, #786);
#784 = CARTESIAN_POINT('', (104.00013891823434, -99.99986108199481, 15.0));
#785 = DIRECTION('', (0.0, 0.0, 1.0));
#786 = DIRECTION('', (0.7071079505533061, 0.7071056118178553, 0.0));
#787 = PLANE('', #788);
#788 = AXIS2_PLACEMENT_3D('', #789, #790, #791);
#789 = CARTESIAN_POINT('', (97.00000000026805, -83.99997684746992, 13.0));
#790 = DIRECTION('', (-1.0, 1.6752797111E-11, 0.0));
#791 = DIRECTION('', (-1.6752797111E-11, -1.0, 0.0));
#792 = CYLINDRICAL_SURFACE('', #793, 7.000138919612763);
#793 = AXIS2_PLACEMENT_3D('', #794, #795, #796);
#794 = CARTESIAN_POINT('', (104.00013891800462, -84.00013891823434, 15.0));
#795 = DIRECTION('', (0.0, 0.0, 1.0));
#796 = DIRECTION('', (0.7071056118178257, -0.7071079505533354, 0.0));
#797 = PLANE('', #798);
#798 = AXIS2_PLACEMENT_3D('', #799, #800, #801);
#799 = CARTESIAN_POINT('', (143.0, -77.0, 15.0));
#800 = DIRECTION('', (0.0, 0.0, 1.0));
#801 = DIRECTION('', (-1.0, 0.0, 0.0));
#802 = SURFACE_CURVE('', #803, (#662, #792), .CURVE_3D.);
#803 = (
    BOUNDED_CURVE()
    B_SPLINE_CURVE(2, (#804, #805, #806, #807, #808, #809), .UNSPECIFIED., .U., .U.)
    B_SPLINE_CURVE_WITH_KNOTS((3, 1, 1, 1, 3), (0.0, 0.25, 0.5, 0.75, 1.0), .UNSPECIFIED.)
    CURVE()
    GEOMETRIC_REPRESENTATION_ITEM()
    RATIONAL_B_SPLINE_CURVE((1.0, 0.9267804957374981, 0.8535609914749962, 0.8535609914749961, 0.9267804957374981, 1.0))
    REPRESENTATION_ITEM('')
);
#804 = CARTESIAN_POINT('', (104.0, -77.0, 13.0));
#805 = CARTESIAN_POINT('', (102.66480269482557, -77.00002649703778, 13.0));
#806 = CARTESIAN_POINT('', (100.07541854159528, -78.02517128658522, 13.0));
#807 = CARTESIAN_POINT('', (98.02518426728888, -80.07539877981145, 13.0));
#808 = CARTESIAN_POINT('', (97.00003091343282, -82.66477954239046, 13.0));
#809 = CARTESIAN_POINT('', (97.00000000026805, -83.99997684746992, 13.0));
#810 = SURFACE_CURVE('', #811, (#662, #787), .CURVE_3D.);
#811 = LINE('', #812, #813);
#812 = CARTESIAN_POINT('', (97.00000000026805, -83.99997684746992, 13.0));
#813 = VECTOR('', #814, 16.000023152530076);
#814 = DIRECTION('', (-1.6752797111E-11, -1.0, 0.0));
#815 = SURFACE_CURVE('', #816, (#662, #782), .CURVE_3D.);
#816 = (
    BOUNDED_CURVE()
    B_SPLINE_CURVE(2, (#817, #818, #819, #820, #821, #822), .UNSPECIFIED., .U., .U.)
    B_SPLINE_CURVE_WITH_KNOTS((3, 1, 1, 1, 3), (0.0, 0.25, 0.5, 0.75, 1.0), .UNSPECIFIED.)
    CURVE()
    GEOMETRIC_REPRESENTATION_ITEM()
    RATIONAL_B_SPLINE_CURVE((1.0, 0.9267804957375042, 0.8535609914750084, 0.8535609914750084, 0.9267804957375042, 1.0))
    REPRESENTATION_ITEM('')
);
#817 = CARTESIAN_POINT('', (97.0, -100.0, 13.0));
#818 = CARTESIAN_POINT('', (97.0000264970379, -101.33519730517435, 13.0));
#819 = CARTESIAN_POINT('', (98.02517128658543, -103.92458145840446, 13.0));
#820 = CARTESIAN_POINT('', (100.07539877981164, -105.97481573271065, 13.0));
#821 = CARTESIAN_POINT('', (102.66477954239052, -106.9999690865666, 13.0));
#822 = CARTESIAN_POINT('', (103.99997684746992, -106.99999999973139, 13.0));
#823 = SURFACE_CURVE('', #824, (#662, #777), .CURVE_3D.);
#824 = LINE('', #825, #826);
#825 = CARTESIAN_POINT('', (103.99997684746992, -106.99999999973137, 13.0));
#826 = VECTOR('', #827, 32.000023152530076);
#827 = DIRECTION('', (1.0, -8.3946122602E-12, 0.0));
#828 = SURFACE_CURVE('', #829, (#662, #772), .CURVE_3D.);
#829 = (
    BOUNDED_CURVE()
    B_SPLINE_CURVE(2, (#830, #831, #832, #833, #834, #835), .UNSPECIFIED., .U., .U.)
    B_SPLINE_CURVE_WITH_KNOTS((3, 1, 1, 1, 3), (0.0, 0.25, 0.5, 0.75, 1.0), .UNSPECIFIED.)
    CURVE()
    GEOMETRIC_REPRESENTATION_ITEM()
    RATIONAL_B_SPLINE_CURVE((1.0, 0.9267804957374844, 0.8535609914749689, 0.8535609914749688, 0.9267804957374843, 1.0))
    REPRESENTATION_ITEM('')
);
#830 = CARTESIAN_POINT('', (136.0, -107.0, 13.0));
#831 = CARTESIAN_POINT('', (137.3351973051744, -106.99997350296228, 13.0));
#832 = CARTESIAN_POINT('', (139.92458145840476, -105.97482871341488, 13.0));
#833 = CARTESIAN_POINT('', (141.97481573271114, -103.92460122018855, 13.0));
#834 = CARTESIAN_POINT('', (142.999969086567, -101.33522045760945, 13.0));
#835 = CARTESIAN_POINT('', (142.99999999973167, -100.00002315252999, 13.0));
#836 = SURFACE_CURVE('', #837, (#662, #767), .CURVE_3D.);
#837 = LINE('', #838, #839);
#838 = CARTESIAN_POINT('', (142.99999999973167, -100.00002315252998, 13.0));
#839 = VECTOR('', #840, 16.000023152529977);
#840 = DIRECTION('', (1.6770560653E-11, 1.0, 0.0));
#841 = SURFACE_CURVE('', #842, (#662, #762), .CURVE_3D.);
#842 = (
    BOUNDED_CURVE()
    B_SPLINE_CURVE(2, (#843, #844, #845, #846, #847, #848), .UNSPECIFIED., .U., .U.)
    B_SPLINE_CURVE_WITH_KNOTS((3, 1, 1, 1, 3), (0.0, 0.25, 0.5, 0.75, 1.0), .UNSPECIFIED.)
    CURVE()
    GEOMETRIC_REPRESENTATION_ITEM()
    RATIONAL_B_SPLINE_CURVE((1.0, 0.9267804957375175, 0.8535609914750351, 0.8535609914750351, 0.9267804957375175, 1.0))
    REPRESENTATION_ITEM('')
);
#843 = CARTESIAN_POINT('', (143.0, -84.0, 13.0));
#844 = CARTESIAN_POINT('', (142.999973502962, -82.66480269482568, 13.0));
#845 = CARTESIAN_POINT('', (141.9748287134144, -80.07541854159567, 13.0));
#846 = CARTESIAN_POINT('', (139.9246012201883, -78.02518426728953, 13.0));
#847 = CARTESIAN_POINT('', (137.33522045760955, -77.00003091343352, 13.0));
#848 = CARTESIAN_POINT('', (136.00002315253016, -77.00000000026861, 13.0));
#849 = SURFACE_CURVE('', #850, (#662, #757), .CURVE_3D.);
#850 = LINE('', #851, #852);
#851 = CARTESIAN_POINT('', (136.00002315253016, -77.00000000026863, 13.0));
#852 = VECTOR('', #853, 32.00002315253016);
#853 = DIRECTION('', (-1.0, 8.3946122602E-12, 0.0));
#854 = SURFACE_CURVE('', #855, (#662, #752), .CURVE_3D.);
#855 = INTERSECTION_CURVE('', #856, (#868, #873), .CURVE_3D.);
#856 = B_SPLINE_CURVE_WITH_KNOTS('', 1, (#857, #858, #859, #860, #861, #862, #863, #864, #865, #866, #867), .UNSPECIFIED., .U., .U., (2, 1, 1, 1, 1, 1, 1, 1, 1, 1, 2), (0.0, 0.1, 0.2, 0.3, 0.4, 0.5, 0.6, 0.7, 0.8, 0.9, 1.0), .UNSPECIFIED.);
#857 = CARTESIAN_POINT('', (135.9999723169638, -79.19999979967899, 13.0));
#858 = CARTESIAN_POINT('', (136.10185373274822, -79.2010834810824, 13.0));
#859 = CARTESIAN_POINT('', (136.10864419331384, -79.20123260266132, 13.0));
#860 = CARTESIAN_POINT('', (136.11640446962542, -79.20141479288358, 13.0));
#861 = CARTESIAN_POINT('', (136.12535830317069, -79.2016406071385, 13.0));
#862 = CARTESIAN_POINT('', (136.13580399348524, -79.20192517550781, 13.0));
#863 = CARTESIAN_POINT('', (136.14814827703802, -79.20229080619839, 13.0));
#864 = CARTESIAN_POINT('', (136.16296052609027, -79.20277149719314, 13.0));
#865 = CARTESIAN_POINT('', (136.1810630655871, -79.20342113983513, 13.0));
#866 = CARTESIAN_POINT('', (136.20368913593495, -79.20432931681887, 13.0));
#867 = CARTESIAN_POINT('', (136.40703866751372, -79.21730063352503, 13.0));
#868 = PLANE('', #869);
#869 = AXIS2_PLACEMENT_3D('', #870, #871, #872);
#870 = CARTESIAN_POINT('', (143.0, -77.0, 13.0));
#871 = DIRECTION('', (0.0, 0.0, 1.0));
#872 = DIRECTION('', (-1.0, 0.0, 0.0));
#873 = CYLINDRICAL_SURFACE('', #874, 4.800138920691773);
#874 = AXIS2_PLACEMENT_3D('', #875, #876, #877);
#875 = CARTESIAN_POINT('', (135.99986118131844, -84.00013871908423, 14.0000003));
#876 = DIRECTION('', (0.0, 0.0, 1.0));
#877 = DIRECTION('', (-0.7071047347992675, -0.7071088275679053, 0.0));
#878 = SURFACE_CURVE('', #879, (#662, #752), .CURVE_3D.);
#879 = INTERSECTION_CURVE('', #880, (#885, #890), .CURVE_3D.);
#880 = B_SPLINE_CURVE_WITH_KNOTS('', 1, (#881, #882, #883, #884), .UNSPECIFIED., .U., .U., (2, 1, 1, 2), (0.0, 0.3333333333333333, 0.6666666666666666, 1.0), .UNSPECIFIED.);
#881 = CARTESIAN_POINT('', (136.40703866751372, -79.21730063352503, 13.0));
#882 = CARTESIAN_POINT('', (136.60965448640113, -79.23889037615815, 13.0));
#883 = CARTESIAN_POINT('', (136.8111714894105, -79.2690596411229, 13.0));
#884 = CARTESIAN_POINT('', (137.01122702912255, -79.30775417812967, 13.0));
#885 = PLANE('', #886);
#886 = AXIS2_PLACEMENT_3D('', #887, #888, #889);
#887 = CARTESIAN_POINT('', (143.0, -77.0, 13.0));
#888 = DIRECTION('', (0.0, 0.0, 1.0));
#889 = DIRECTION('', (-1.0, 0.0, 0.0));
#890 = CYLINDRICAL_SURFACE('', #891, 4.800138920691773);
#891 = AXIS2_PLACEMENT_3D('', #892, #893, #894);
#892 = CARTESIAN_POINT('', (135.99986118131844, -84.00013871908423, 14.0000003));
#893 = DIRECTION('', (0.0, 0.0, 1.0));
#894 = DIRECTION('', (-0.7071047347992675, -0.7071088275679053, 0.0));
#895 = SURFACE_CURVE('', #896, (#662, #752), .CURVE_3D.);
#896 = INTERSECTION_CURVE('', #897, (#903, #908), .CURVE_3D.);
#897 = B_SPLINE_CURVE_WITH_KNOTS('', 1, (#898, #899, #900, #901, #902), .UNSPECIFIED., .U., .U., (2, 1, 1, 1, 2), (0.0, 0.25, 0.5, 0.75, 1.0), .UNSPECIFIED.);
#898 = CARTESIAN_POINT('', (137.01122703152487, -79.3077541680296, 13.0));
#899 = CARTESIAN_POINT('', (137.209459189423, -79.35490392235657, 13.0));
#900 = CARTESIAN_POINT('', (137.405512192668, -79.41042425168739, 13.0));
#901 = CARTESIAN_POINT('', (137.59903228576556, -79.47421500821136, 13.0));
#902 = CARTESIAN_POINT('', (137.78967120534656, -79.54616143622991, 13.0));
#903 = PLANE('', #904);
#904 = AXIS2_PLACEMENT_3D('', #905, #906, #907);
#905 = CARTESIAN_POINT('', (143.0, -77.0, 13.0));
#906 = DIRECTION('', (0.0, 0.0, 1.0));
#907 = DIRECTION('', (-1.0, 0.0, 0.0));
#908 = CYLINDRICAL_SURFACE('', #909, 4.800138920691773);
#909 = AXIS2_PLACEMENT_3D('', #910, #911, #912);
#910 = CARTESIAN_POINT('', (135.99986118131844, -84.00013871908423, 14.0000003));
#911 = DIRECTION('', (0.0, 0.0, 1.0));
#912 = DIRECTION('', (-0.7071047347992675, -0.7071088275679053, 0.0));
#913 = SURFACE_CURVE('', #914, (#662, #752), .CURVE_3D.);
#914 = INTERSECTION_CURVE('', #915, (#920, #925), .CURVE_3D.);
#915 = B_SPLINE_CURVE_WITH_KNOTS('', 1, (#916, #917, #918, #919), .UNSPECIFIED., .U., .U., (2, 1, 1, 2), (0.0, 0.3333333333333333, 0.6666666666666666, 1.0), .UNSPECIFIED.);
#916 = CARTESIAN_POINT('', (137.78967120942121, -79.5461614266811, 13.0));
#917 = CARTESIAN_POINT('', (137.97708408140963, -79.62613331656186, 13.0));
#918 = CARTESIAN_POINT('', (138.16093455424712, -79.71398711948365, 13.0));
#919 = CARTESIAN_POINT('', (138.34089088505968, -79.80956434507043, 13.0));
#920 = PLANE('', #921);
#921 = AXIS2_PLACEMENT_3D('', #922, #923, #924);
#922 = CARTESIAN_POINT('', (143.0, -77.0, 13.0));
#923 = DIRECTION('', (0.0, 0.0, 1.0));
#924 = DIRECTION('', (-1.0, 0.0, 0.0));
#925 = CYLINDRICAL_SURFACE('', #926, 4.800138920691773);
#926 = AXIS2_PLACEMENT_3D('', #927, #928, #929);
#927 = CARTESIAN_POINT('', (135.99986118131844, -84.00013871908423, 14.0000003));
#928 = DIRECTION('', (0.0, 0.0, 1.0));
#929 = DIRECTION('', (-0.7071047347992675, -0.7071088275679053, 0.0));
#930 = SURFACE_CURVE('', #931, (#662, #752), .CURVE_3D.);
#931 = INTERSECTION_CURVE('', #932, (#935, #940), .CURVE_3D.);
#932 = B_SPLINE_CURVE_WITH_KNOTS('', 1, (#933, #934), .UNSPECIFIED., .U., .U., (2, 2), (0.0, 1.0), .UNSPECIFIED.);
#933 = CARTESIAN_POINT('', (138.34089088505968, -79.80956434507043, 13.0));
#934 = CARTESIAN_POINT('', (138.51662880188172, -79.91269276812363, 13.0));
#935 = PLANE('', #936);
#936 = AXIS2_PLACEMENT_3D('', #937, #938, #939);
#937 = CARTESIAN_POINT('', (143.0, -77.0, 13.0));
#938 = DIRECTION('', (0.0, 0.0, 1.0));
#939 = DIRECTION('', (-1.0, 0.0, 0.0));
#940 = CYLINDRICAL_SURFACE('', #941, 4.800138920691773);
#941 = AXIS2_PLACEMENT_3D('', #942, #943, #944);
#942 = CARTESIAN_POINT('', (135.99986118131844, -84.00013871908423, 14.0000003));
#943 = DIRECTION('', (0.0, 0.0, 1.0));
#944 = DIRECTION('', (-0.7071047347992675, -0.7071088275679053, 0.0));
#945 = SURFACE_CURVE('', #946, (#662, #752), .CURVE_3D.);
#946 = INTERSECTION_CURVE('', #947, (#951, #956), .CURVE_3D.);
#947 = B_SPLINE_CURVE_WITH_KNOTS('', 1, (#948, #949, #950), .UNSPECIFIED., .U., .U., (2, 1, 2), (0.0, 0.5, 1.0), .UNSPECIFIED.);
#948 = CARTESIAN_POINT('', (138.51662880188172, -79.91269276812363, 13.0));
#949 = CARTESIAN_POINT('', (138.68783163411064, -80.02318655657886, 13.0));
#950 = CARTESIAN_POINT('', (138.8541908831308, -80.14084660636567, 13.0));
#951 = PLANE('', #952);
#952 = AXIS2_PLACEMENT_3D('', #953, #954, #955);
#953 = CARTESIAN_POINT('', (143.0, -77.0, 13.0));
#954 = DIRECTION('', (0.0, 0.0, 1.0));
#955 = DIRECTION('', (-1.0, 0.0, 0.0));
#956 = CYLINDRICAL_SURFACE('', #957, 4.800138920691773);
#957 = AXIS2_PLACEMENT_3D('', #958, #959, #960);
#958 = CARTESIAN_POINT('', (135.99986118131844, -84.00013871908423, 14.0000003));
#959 = DIRECTION('', (0.0, 0.0, 1.0));
#960 = DIRECTION('', (-0.7071047347992675, -0.7071088275679053, 0.0));
#961 = SURFACE_CURVE('', #962, (#662, #752), .CURVE_3D.);
#962 = INTERSECTION_CURVE('', #963, (#966, #971), .CURVE_3D.);
#963 = B_SPLINE_CURVE_WITH_KNOTS('', 1, (#964, #965), .UNSPECIFIED., .U., .U., (2, 2), (0.0, 1.0), .UNSPECIFIED.);
#964 = CARTESIAN_POINT('', (139.015407152089, -80.26546121540828, 13.0));
#965 = CARTESIAN_POINT('', (138.8541908831308, -80.14084660636567, 13.0));
#966 = PLANE('', #967);
#967 = AXIS2_PLACEMENT_3D('', #968, #969, #970);
#968 = CARTESIAN_POINT('', (143.0, -77.0, 13.0));
#969 = DIRECTION('', (0.0, 0.0, 1.0));
#970 = DIRECTION('', (-1.0, 0.0, 0.0));
#971 = CYLINDRICAL_SURFACE('', #972, 4.800138920691773);
#972 = AXIS2_PLACEMENT_3D('', #973, #974, #975);
#973 = CARTESIAN_POINT('', (135.99986118131844, -84.00013871908423, 14.0000003));
#974 = DIRECTION('', (0.0, 0.0, 1.0));
#975 = DIRECTION('', (-0.7071047347992675, -0.7071088275679053, 0.0));
#976 = SURFACE_CURVE('', #977, (#662, #752), .CURVE_3D.);
#977 = INTERSECTION_CURVE('', #978, (#981, #986), .CURVE_3D.);
#978 = B_SPLINE_CURVE_WITH_KNOTS('', 1, (#979, #980), .UNSPECIFIED., .U., .U., (2, 2), (0.0, 1.0), .UNSPECIFIED.);
#979 = CARTESIAN_POINT('', (139.01540715878107, -80.26546120747109, 13.0));
#980 = CARTESIAN_POINT('', (139.17118881668125, -80.39680488954191, 13.0));
#981 = PLANE('', #982);
#982 = AXIS2_PLACEMENT_3D('', #983, #984, #985);
#983 = CARTESIAN_POINT('', (143.0, -77.0, 13.0));
#984 = DIRECTION('', (0.0, 0.0, 1.0));
#985 = DIRECTION('', (-1.0, 0.0, 0.0));
#986 = CYLINDRICAL_SURFACE('', #987, 4.800138920691773);
#987 = AXIS2_PLACEMENT_3D('', #988, #989, #990);
#988 = CARTESIAN_POINT('', (135.99986118131844, -84.00013871908423, 14.0000003));
#989 = DIRECTION('', (0.0, 0.0, 1.0));
#990 = DIRECTION('', (-0.7071047347992675, -0.7071088275679053, 0.0));
#991 = SURFACE_CURVE('', #992, (#662, #752), .CURVE_3D.);
#992 = INTERSECTION_CURVE('', #993, (#997, #1002), .CURVE_3D.);
#993 = B_SPLINE_CURVE_WITH_KNOTS('', 1, (#994, #995, #996), .UNSPECIFIED., .U., .U., (2, 1, 2), (0.0, 0.5, 1.0), .UNSPECIFIED.);
#994 = CARTESIAN_POINT('', (139.46533910736494, -80.67872391476087, 13.0));
#995 = CARTESIAN_POINT('', (139.32125628739232, -80.53464189939325, 13.0));
#996 = CARTESIAN_POINT('', (139.17118881668125, -80.39680488954191, 13.0));
#997 = PLANE('', #998);
#998 = AXIS2_PLACEMENT_3D('', #999, #1000, #1001);
#999 = CARTESIAN_POINT('', (143.0, -77.0, 13.0));
#1000 = DIRECTION('', (0.0, 0.0, 1.0));
#1001 = DIRECTION('', (-1.0, 0.0, 0.0));
#1002 = CYLINDRICAL_SURFACE('', #1003, 4.800138920691773);
#1003 = AXIS2_PLACEMENT_3D('', #1004, #1005, #1006);
#1004 = CARTESIAN_POINT('', (135.99986118131844, -84.00013871908423, 14.0000003));
#1005 = DIRECTION('', (0.0, 0.0, 1.0));
#1006 = DIRECTION('', (-0.7071047347992675, -0.7071088275679053, 0.0));
#1007 = SURFACE_CURVE('', #1008, (#662, #752), .CURVE_3D.);
#1008 = INTERSECTION_CURVE('', #1009, (#1014, #1019), .CURVE_3D.);
#1009 = B_SPLINE_CURVE_WITH_KNOTS('', 1, (#1010, #1011, #1012, #1013), .UNSPECIFIED., .U., .U., (2, 1, 1, 2), (0.0, 0.3333333333333333, 0.6666666666666666, 1.0), .UNSPECIFIED.);
#1010 = CARTESIAN_POINT('', (139.46533911501092, -80.67872390773796, 13.0));
#1011 = CARTESIAN_POINT('', (139.6031766550009, -80.82879022750208, 13.0));
#1012 = CARTESIAN_POINT('', (139.734521546032, -80.98457150574316, 13.0));
#1013 = CARTESIAN_POINT('', (139.85913677297242, -81.14578667954815, 13.0));
#1014 = PLANE('', #1015);
#1015 = AXIS2_PLACEMENT_3D('', #1016, #1017, #1018);
#1016 = CARTESIAN_POINT('', (143.0, -77.0, 13.0));
#1017 = DIRECTION('', (0.0, 0.0, 1.0));
#1018 = DIRECTION('', (-1.0, 0.0, 0.0));
#1019 = CYLINDRICAL_SURFACE('', #1020, 4.800138920691773);
#1020 = AXIS2_PLACEMENT_3D('', #1021, #1022, #1023);
#1021 = CARTESIAN_POINT('', (135.99986118131844, -84.00013871908423, 14.0000003));
#1022 = DIRECTION('', (0.0, 0.0, 1.0));
#1023 = DIRECTION('', (-0.7071047347992675, -0.7071088275679053, 0.0));
#1024 = SURFACE_CURVE('', #1025, (#662, #752), .CURVE_3D.);
#1025 = INTERSECTION_CURVE('', #1026, (#1031, #1036), .CURVE_3D.);
#1026 = B_SPLINE_CURVE_WITH_KNOTS('', 1, (#1027, #1028, #1029, #1030), .UNSPECIFIED., .U., .U., (2, 1, 1, 2), (0.0, 0.3333333333333333, 0.6666666666666666, 1.0), .UNSPECIFIED.);
#1027 = CARTESIAN_POINT('', (139.85913677297242, -81.14578667954815, 13.0));
#1028 = CARTESIAN_POINT('', (139.97679778565274, -81.31214524754341, 13.0));
#1029 = CARTESIAN_POINT('', (140.08729256503648, -81.483347440226, 13.0));
#1030 = CARTESIAN_POINT('', (140.19042223465544, -81.65908519202661, 13.0));
#1031 = PLANE('', #1032);
#1032 = AXIS2_PLACEMENT_3D('', #1033, #1034, #1035);
#1033 = CARTESIAN_POINT('', (143.0, -77.0, 13.0));
#1034 = DIRECTION('', (0.0, 0.0, 1.0));
#1035 = DIRECTION('', (-1.0, 0.0, 0.0));
#1036 = CYLINDRICAL_SURFACE('', #1037, 4.800138920691773);
#1037 = AXIS2_PLACEMENT_3D('', #1038, #1039, #1040);
#1038 = CARTESIAN_POINT('', (135.99986118131844, -84.00013871908423, 14.0000003));
#1039 = DIRECTION('', (0.0, 0.0, 1.0));
#1040 = DIRECTION('', (-0.7071047347992675, -0.7071088275679053, 0.0));
#1041 = SURFACE_CURVE('', #1042, (#662, #752), .CURVE_3D.);
#1042 = INTERSECTION_CURVE('', #1043, (#1051, #1056), .CURVE_3D.);
#1043 = B_SPLINE_CURVE_WITH_KNOTS('', 1, (#1044, #1045, #1046, #1047, #1048, #1049, #1050), .UNSPECIFIED., .U., .U., (2, 1, 1, 1, 1, 1, 2), (0.0, 0.16666666666666666, 0.3333333333333333, 0.5, 0.6666666666666666, 0.8333333333333334, 1.0), .UNSPECIFIED.);
#1044 = CARTESIAN_POINT('', (140.64508908991826, -82.79051429991138, 13.0));
#1045 = CARTESIAN_POINT('', (140.58956751266157, -82.59446114226637, 13.0));
#1046 = CARTESIAN_POINT('', (140.52577563603492, -82.40094141839606, 13.0));
#1047 = CARTESIAN_POINT('', (140.45382829652576, -82.21030336503856, 13.0));
#1048 = CARTESIAN_POINT('', (140.37385513950468, -82.02289050206893, 13.0));
#1049 = CARTESIAN_POINT('', (140.28600027244883, -81.83904053773664, 13.0));
#1050 = CARTESIAN_POINT('', (140.1904222438243, -81.65908518715683, 13.0));
#1051 = PLANE('', #1052);
#1052 = AXIS2_PLACEMENT_3D('', #1053, #1054, #1055);
#1053 = CARTESIAN_POINT('', (143.0, -77.0, 13.0));
#1054 = DIRECTION('', (0.0, 0.0, 1.0));
#1055 = DIRECTION('', (-1.0, 0.0, 0.0));
#1056 = CYLINDRICAL_SURFACE('', #1057, 4.800138920691773);
#1057 = AXIS2_PLACEMENT_3D('', #1058, #1059, #1060);
#1058 = CARTESIAN_POINT('', (135.99986118131844, -84.00013871908423, 14.0000003));
#1059 = DIRECTION('', (0.0, 0.0, 1.0));
#1060 = DIRECTION('', (-0.7071047347992675, -0.7071088275679053, 0.0));
#1061 = SURFACE_CURVE('', #1062, (#662, #752), .CURVE_3D.);
#1062 = INTERSECTION_CURVE('', #1063, (#1080, #1085), .CURVE_3D.);
#1063 = B_SPLINE_CURVE_WITH_KNOTS('', 1, (#1064, #1065, #1066, #1067, #1068, #1069, #1070, #1071, #1072, #1073, #1074, #1075, #1076, #1077, #1078, #1079), .UNSPECIFIED., .U., .U., (2, 1, 1, 1, 1, 1, 1, 1, 1, 1, 1, 1, 1, 1, 1, 2), (0.0, 0.06666666666666667, 0.13333333333333333, 0.2, 0.26666666666666666, 0.3333333333333333, 0.4, 0.4666666666666667, 0.5333333333333333, 0.6, 0.6666666666666666, 0.7333333333333333, 0.8, 0.8666666666666667, 0.9333333333333333, 1.0), .UNSPECIFIED.);
#1064 = CARTESIAN_POINT('', (140.6450891000183, -82.79051429750902, 13.0));
#1065 = CARTESIAN_POINT('', (140.6922400845841, -82.98874666546354, 13.0));
#1066 = CARTESIAN_POINT('', (140.7309356459732, -83.18880150939182, 13.0));
#1067 = CARTESIAN_POINT('', (140.76110605679287, -83.39031834085105, 13.0));
#1068 = CARTESIAN_POINT('', (140.7826969515291, -83.59293403697274, 13.0));
#1069 = CARTESIAN_POINT('', (140.78346980883524, -83.60211590982973, 13.0));
#1070 = CARTESIAN_POINT('', (140.7956694037373, -83.79628300609171, 13.0));
#1071 = CARTESIAN_POINT('', (140.79657771168183, -83.81890907118262, 13.0));
#1072 = CARTESIAN_POINT('', (140.79722745910217, -83.83701160691899, 13.0));
#1073 = CARTESIAN_POINT('', (140.79770823583095, -83.8518238531887, 13.0));
#1074 = CARTESIAN_POINT('', (140.79807393797083, -83.86416813462502, 13.0));
#1075 = CARTESIAN_POINT('', (140.79835856680032, -83.87461382329228, 13.0));
#1076 = CARTESIAN_POINT('', (140.79858443288046, -83.88356765553034, 13.0));
#1077 = CARTESIAN_POINT('', (140.79876666801957, -83.89132793078733, 13.0));
#1078 = CARTESIAN_POINT('', (140.798915828902, -83.8981183904897, 13.0));
#1079 = CARTESIAN_POINT('', (140.8000001, -83.9999998, 13.0));
#1080 = PLANE('', #1081);
#1081 = AXIS2_PLACEMENT_3D('', #1082, #1083, #1084);
#1082 = CARTESIAN_POINT('', (143.0, -77.0, 13.0));
#1083 = DIRECTION('', (0.0, 0.0, 1.0));
#1084 = DIRECTION('', (-1.0, 0.0, 0.0));
#1085 = CYLINDRICAL_SURFACE('', #1086, 4.800138920691773);
#1086 = AXIS2_PLACEMENT_3D('', #1087, #1088, #1089);
#1087 = CARTESIAN_POINT('', (135.99986118131844, -84.00013871908423, 14.0000003));
#1088 = DIRECTION('', (0.0, 0.0, 1.0));
#1089 = DIRECTION('', (-0.7071047347992675, -0.7071088275679053, 0.0));
#1090 = SURFACE_CURVE('', #1091, (#662, #747), .CURVE_3D.);
#1091 = INTERSECTION_CURVE('', #1092, (#1097, #1102), .CURVE_3D.);
#1092 = B_SPLINE_CURVE_WITH_KNOTS('', 1, (#1093, #1094, #1095, #1096), .UNSPECIFIED., .U., .U., (2, 1, 1, 2), (0.0, 0.3333333333333333, 0.6666666666666666, 1.0), .UNSPECIFIED.);
#1093 = CARTESIAN_POINT('', (140.8000001, -83.9999998, 13.0));
#1094 = CARTESIAN_POINT('', (140.80000010001538, -84.76521735651639, 13.0));
#1095 = CARTESIAN_POINT('', (140.80000010008033, -87.99999405423893, 13.0));
#1096 = CARTESIAN_POINT('', (140.8000001003213, -99.99997201696404, 13.0));
#1097 = PLANE('', #1098);
#1098 = AXIS2_PLACEMENT_3D('', #1099, #1100, #1101);
#1099 = CARTESIAN_POINT('', (143.0, -77.0, 13.0));
#1100 = DIRECTION('', (0.0, 0.0, 1.0));
#1101 = DIRECTION('', (-1.0, 0.0, 0.0));
#1102 = PLANE('', #1103);
#1103 = AXIS2_PLACEMENT_3D('', #1104, #1105, #1106);
#1104 = CARTESIAN_POINT('', (140.8000001003213, -99.99997201696402, 10.0000003));
#1105 = DIRECTION('', (0.9999999999999999, 2.0081748940E-11, -0.0));
#1106 = DIRECTION('', (-2.0081748940E-11, 0.9999999999999999, 0.0));
#1107 = SURFACE_CURVE('', #1108, (#662, #742), .CURVE_3D.);
#1108 = INTERSECTION_CURVE('', #1109, (#1121, #1126), .CURVE_3D.);
#1109 = B_SPLINE_CURVE_WITH_KNOTS('', 1, (#1110, #1111, #1112, #1113, #1114, #1115, #1116, #1117, #1118, #1119, #1120), .UNSPECIFIED., .U., .U., (2, 1, 1, 1, 1, 1, 1, 1, 1, 1, 2), (0.0, 0.1, 0.2, 0.3, 0.4, 0.5, 0.6, 0.7, 0.8, 0.9, 1.0), .UNSPECIFIED.);
#1110 = CARTESIAN_POINT('', (140.79567058318148, -100.20368883593518, 13.0));
#1111 = CARTESIAN_POINT('', (140.79657876016523, -100.18106276558731, 13.0));
#1112 = CARTESIAN_POINT('', (140.79722840280718, -100.16296022609049, 13.0));
#1113 = CARTESIAN_POINT('', (140.79770909380196, -100.14814797703826, 13.0));
#1114 = CARTESIAN_POINT('', (140.79807472449252, -100.13580369348549, 13.0));
#1115 = CARTESIAN_POINT('', (140.79835929286182, -100.1253580031709, 13.0));
#1116 = CARTESIAN_POINT('', (140.79858510711674, -100.1164041696257, 13.0));
#1117 = CARTESIAN_POINT('', (140.798767297339, -100.10864389331405, 13.0));
#1118 = CARTESIAN_POINT('', (140.7989164189179, -100.10185343274846, 13.0));
#1119 = CARTESIAN_POINT('', (140.80000009890156, -100.00002206780087, 13.0));
#1120 = CARTESIAN_POINT('', (140.8000001003213, -99.99997201696404, 13.0));
#1121 = PLANE('', #1122);
#1122 = AXIS2_PLACEMENT_3D('', #1123, #1124, #1125);
#1123 = CARTESIAN_POINT('', (143.0, -77.0, 13.0));
#1124 = DIRECTION('', (0.0, 0.0, 1.0));
#1125 = DIRECTION('', (-1.0, 0.0, 0.0));
#1126 = CYLINDRICAL_SURFACE('', #1127, 4.800138920690668);
#1127 = AXIS2_PLACEMENT_3D('', #1128, #1129, #1130);
#1128 = CARTESIAN_POINT('', (135.99986118091718, -99.99986088131953, 14.0000003));
#1129 = DIRECTION('', (0.0, 0.0, 1.0));
#1130 = DIRECTION('', (-0.7071088275678667, 0.7071047347993059, 0.0));
#1131 = SURFACE_CURVE('', #1132, (#662, #742), .CURVE_3D.);
#1132 = INTERSECTION_CURVE('', #1133, (#1140, #1145), .CURVE_3D.);
#1133 = B_SPLINE_CURVE_WITH_KNOTS('', 1, (#1134, #1135, #1136, #1137, #1138, #1139), .UNSPECIFIED., .U., .U., (2, 1, 1, 1, 1, 2), (0.0, 0.2, 0.4, 0.6, 0.8, 1.0), .UNSPECIFIED.);
#1134 = CARTESIAN_POINT('', (140.64509584439512, -101.20945935995054, 13.0));
#1135 = CARTESIAN_POINT('', (140.6922457320637, -101.01122673109435, 13.0));
#1136 = CARTESIAN_POINT('', (140.73094017627832, -100.81117167108007, 13.0));
#1137 = CARTESIAN_POINT('', (140.76110946175942, -100.60965467114221, 13.0));
#1138 = CARTESIAN_POINT('', (140.78269922502074, -100.40703885445281, 13.0));
#1139 = CARTESIAN_POINT('', (140.79567058318148, -100.20368883593518, 13.0));
#1140 = PLANE('', #1141);
#1141 = AXIS2_PLACEMENT_3D('', #1142, #1143, #1144);
#1142 = CARTESIAN_POINT('', (143.0, -77.0, 13.0));
#1143 = DIRECTION('', (0.0, 0.0, 1.0));
#1144 = DIRECTION('', (-1.0, 0.0, 0.0));
#1145 = CYLINDRICAL_SURFACE('', #1146, 4.800138920690668);
#1146 = AXIS2_PLACEMENT_3D('', #1147, #1148, #1149);
#1147 = CARTESIAN_POINT('', (135.99986118091718, -99.99986088131953, 14.0000003));
#1148 = DIRECTION('', (0.0, 0.0, 1.0));
#1149 = DIRECTION('', (-0.7071088275678667, 0.7071047347993059, 0.0));
#1150 = SURFACE_CURVE('', #1151, (#662, #742), .CURVE_3D.);
#1151 = INTERSECTION_CURVE('', #1152, (#1160, #1165), .CURVE_3D.);
#1152 = B_SPLINE_CURVE_WITH_KNOTS('', 1, (#1153, #1154, #1155, #1156, #1157, #1158, #1159), .UNSPECIFIED., .U., .U., (2, 1, 1, 1, 1, 1, 2), (0.0, 0.16666666666666666, 0.3333333333333333, 0.5, 0.6666666666666666, 0.8333333333333334, 1.0), .UNSPECIFIED.);
#1153 = CARTESIAN_POINT('', (140.19043555493008, -102.34089058506012, 13.0));
#1154 = CARTESIAN_POINT('', (140.28601256049882, -102.16093469061893, 13.0));
#1155 = CARTESIAN_POINT('', (140.37386638213832, -101.97708422672582, 13.0));
#1156 = CARTESIAN_POINT('', (140.45383847348373, -101.78967090901267, 13.0));
#1157 = CARTESIAN_POINT('', (140.52578472897815, -101.59903244654845, 13.0));
#1158 = CARTESIAN_POINT('', (140.5895755052043, -101.40551235994539, 13.0));
#1159 = CARTESIAN_POINT('', (140.64509585438412, -101.20945936277933, 13.0));
#1160 = PLANE('', #1161);
#1161 = AXIS2_PLACEMENT_3D('', #1162, #1163, #1164);
#1162 = CARTESIAN_POINT('', (143.0, -77.0, 13.0));
#1163 = DIRECTION('', (0.0, 0.0, 1.0));
#1164 = DIRECTION('', (-1.0, 0.0, 0.0));
#1165 = CYLINDRICAL_SURFACE('', #1166, 4.800138920690668);
#1166 = AXIS2_PLACEMENT_3D('', #1167, #1168, #1169);
#1167 = CARTESIAN_POINT('', (135.99986118091718, -99.99986088131953, 14.0000003));
#1168 = DIRECTION('', (0.0, 0.0, 1.0));
#1169 = DIRECTION('', (-0.7071088275678667, 0.7071047347993059, 0.0));
#1170 = SURFACE_CURVE('', #1171, (#662, #742), .CURVE_3D.);
#1171 = INTERSECTION_CURVE('', #1172, (#1175, #1180), .CURVE_3D.);
#1172 = B_SPLINE_CURVE_WITH_KNOTS('', 1, (#1173, #1174), .UNSPECIFIED., .U., .U., (2, 2), (0.0, 1.0), .UNSPECIFIED.);
#1173 = CARTESIAN_POINT('', (140.0873068666918, -102.51662891276898, 13.0));
#1174 = CARTESIAN_POINT('', (140.19043555493008, -102.34089058506012, 13.0));
#1175 = PLANE('', #1176);
#1176 = AXIS2_PLACEMENT_3D('', #1177, #1178, #1179);
#1177 = CARTESIAN_POINT('', (143.0, -77.0, 13.0));
#1178 = DIRECTION('', (0.0, 0.0, 1.0));
#1179 = DIRECTION('', (-1.0, 0.0, 0.0));
#1180 = CYLINDRICAL_SURFACE('', #1181, 4.800138920690668);
#1181 = AXIS2_PLACEMENT_3D('', #1182, #1183, #1184);
#1182 = CARTESIAN_POINT('', (135.99986118091718, -99.99986088131953, 14.0000003));
#1183 = DIRECTION('', (0.0, 0.0, 1.0));
#1184 = DIRECTION('', (-0.7071088275678667, 0.7071047347993059, 0.0));
#1185 = SURFACE_CURVE('', #1186, (#662, #742), .CURVE_3D.);
#1186 = INTERSECTION_CURVE('', #1187, (#1191, #1196), .CURVE_3D.);
#1187 = B_SPLINE_CURVE_WITH_KNOTS('', 1, (#1188, #1189, #1190), .UNSPECIFIED., .U., .U., (2, 1, 2), (0.0, 0.5, 1.0), .UNSPECIFIED.);
#1188 = CARTESIAN_POINT('', (139.85915329363482, -102.85419058313128, 13.0));
#1189 = CARTESIAN_POINT('', (139.9768130697604, -102.68783173900302, 13.0));
#1190 = CARTESIAN_POINT('', (140.08730687541467, -102.51662891839871, 13.0));
#1191 = PLANE('', #1192);
#1192 = AXIS2_PLACEMENT_3D('', #1193, #1194, #1195);
#1193 = CARTESIAN_POINT('', (143.0, -77.0, 13.0));
#1194 = DIRECTION('', (0.0, 0.0, 1.0));
#1195 = DIRECTION('', (-1.0, 0.0, 0.0));
#1196 = CYLINDRICAL_SURFACE('', #1197, 4.800138920690668);
#1197 = AXIS2_PLACEMENT_3D('', #1198, #1199, #1200);
#1198 = CARTESIAN_POINT('', (135.99986118091718, -99.99986088131953, 14.0000003));
#1199 = DIRECTION('', (0.0, 0.0, 1.0));
#1200 = DIRECTION('', (-0.7071088275678667, 0.7071047347993059, 0.0));
#1201 = SURFACE_CURVE('', #1202, (#662, #742), .CURVE_3D.);
#1202 = INTERSECTION_CURVE('', #1203, (#1207, #1212), .CURVE_3D.);
#1203 = B_SPLINE_CURVE_WITH_KNOTS('', 1, (#1204, #1205, #1206), .UNSPECIFIED., .U., .U., (2, 1, 2), (0.0, 0.5, 1.0), .UNSPECIFIED.);
#1204 = CARTESIAN_POINT('', (139.85915329363482, -102.85419058313128, 13.0));
#1205 = CARTESIAN_POINT('', (139.73453869252938, -103.01540685878156, 13.0));
#1206 = CARTESIAN_POINT('', (139.60319467964973, -103.17118887684367, 13.0));
#1207 = PLANE('', #1208);
#1208 = AXIS2_PLACEMENT_3D('', #1209, #1210, #1211);
#1209 = CARTESIAN_POINT('', (143.0, -77.0, 13.0));
#1210 = DIRECTION('', (0.0, 0.0, 1.0));
#1211 = DIRECTION('', (-1.0, 0.0, 0.0));
#1212 = CYLINDRICAL_SURFACE('', #1213, 4.800138920690668);
#1213 = AXIS2_PLACEMENT_3D('', #1214, #1215, #1216);
#1214 = CARTESIAN_POINT('', (135.99986118091718, -99.99986088131953, 14.0000003));
#1215 = DIRECTION('', (0.0, 0.0, 1.0));
#1216 = DIRECTION('', (-0.7071088275678667, 0.7071047347993059, 0.0));
#1217 = SURFACE_CURVE('', #1218, (#662, #742), .CURVE_3D.);
#1218 = INTERSECTION_CURVE('', #1219, (#1226, #1231), .CURVE_3D.);
#1219 = B_SPLINE_CURVE_WITH_KNOTS('', 1, (#1220, #1221, #1222, #1223, #1224, #1225), .UNSPECIFIED., .U., .U., (2, 1, 1, 1, 1, 2), (0.0, 0.2, 0.4, 0.6, 0.8, 1.0), .UNSPECIFIED.);
#1220 = CARTESIAN_POINT('', (138.85421282119165, -103.85913675535934, 13.0));
#1221 = CARTESIAN_POINT('', (139.01542801403292, -103.73452155304618, 13.0));
#1222 = CARTESIAN_POINT('', (139.17120930564616, -103.60317667787515, 13.0));
#1223 = CARTESIAN_POINT('', (139.32127599258064, -103.46533881470648, 13.0));
#1224 = CARTESIAN_POINT('', (139.46535766245728, -103.3212563402137, 13.0));
#1225 = CARTESIAN_POINT('', (139.60319468729574, -103.17118888386653, 13.0));
#1226 = PLANE('', #1227);
#1227 = AXIS2_PLACEMENT_3D('', #1228, #1229, #1230);
#1228 = CARTESIAN_POINT('', (143.0, -77.0, 13.0));
#1229 = DIRECTION('', (0.0, 0.0, 1.0));
#1230 = DIRECTION('', (-1.0, 0.0, 0.0));
#1231 = CYLINDRICAL_SURFACE('', #1232, 4.800138920690668);
#1232 = AXIS2_PLACEMENT_3D('', #1233, #1234, #1235);
#1233 = CARTESIAN_POINT('', (135.99986118091718, -99.99986088131953, 14.0000003));
#1234 = DIRECTION('', (0.0, 0.0, 1.0));
#1235 = DIRECTION('', (-0.7071088275678667, 0.7071047347993059, 0.0));
#1236 = SURFACE_CURVE('', #1237, (#662, #742), .CURVE_3D.);
#1237 = INTERSECTION_CURVE('', #1238, (#1243, #1248), .CURVE_3D.);
#1238 = B_SPLINE_CURVE_WITH_KNOTS('', 1, (#1239, #1240, #1241, #1242), .UNSPECIFIED., .U., .U., (2, 1, 1, 2), (0.0, 0.3333333333333333, 0.6666666666666666, 1.0), .UNSPECIFIED.);
#1239 = CARTESIAN_POINT('', (138.34091513986755, -104.19042170526807, 13.0));
#1240 = CARTESIAN_POINT('', (138.51665204363454, -104.08729252127046, 13.0));
#1241 = CARTESIAN_POINT('', (138.68785424756652, -103.97679775931677, 13.0));
#1242 = CARTESIAN_POINT('', (138.85421282718656, -103.85913676383541, 13.0));
#1243 = PLANE('', #1244);
#1244 = AXIS2_PLACEMENT_3D('', #1245, #1246, #1247);
#1245 = CARTESIAN_POINT('', (143.0, -77.0, 13.0));
#1246 = DIRECTION('', (0.0, 0.0, 1.0));
#1247 = DIRECTION('', (-1.0, 0.0, 0.0));
#1248 = CYLINDRICAL_SURFACE('', #1249, 4.800138920690668);
#1249 = AXIS2_PLACEMENT_3D('', #1250, #1251, #1252);
#1250 = CARTESIAN_POINT('', (135.99986118091718, -99.99986088131953, 14.0000003));
#1251 = DIRECTION('', (0.0, 0.0, 1.0));
#1252 = DIRECTION('', (-0.7071088275678667, 0.7071047347993059, 0.0));
#1253 = SURFACE_CURVE('', #1254, (#662, #742), .CURVE_3D.);
#1254 = INTERSECTION_CURVE('', #1255, (#1258, #1263), .CURVE_3D.);
#1255 = B_SPLINE_CURVE_WITH_KNOTS('', 1, (#1256, #1257), .UNSPECIFIED., .U., .U., (2, 2), (0.0, 1.0), .UNSPECIFIED.);
#1256 = CARTESIAN_POINT('', (138.34091513986755, -104.19042170526807, 13.0));
#1257 = CARTESIAN_POINT('', (138.16095936226364, -104.28599997244928, 13.0));
#1258 = PLANE('', #1259);
#1259 = AXIS2_PLACEMENT_3D('', #1260, #1261, #1262);
#1260 = CARTESIAN_POINT('', (143.0, -77.0, 13.0));
#1261 = DIRECTION('', (0.0, 0.0, 1.0));
#1262 = DIRECTION('', (-1.0, 0.0, 0.0));
#1263 = CYLINDRICAL_SURFACE('', #1264, 4.800138920690668);
#1264 = AXIS2_PLACEMENT_3D('', #1265, #1266, #1267);
#1265 = CARTESIAN_POINT('', (135.99986118091718, -99.99986088131953, 14.0000003));
#1266 = DIRECTION('', (0.0, 0.0, 1.0));
#1267 = DIRECTION('', (-0.7071088275678667, 0.7071047347993059, 0.0));
#1268 = SURFACE_CURVE('', #1269, (#662, #742), .CURVE_3D.);
#1269 = INTERSECTION_CURVE('', #1270, (#1273, #1278), .CURVE_3D.);
#1270 = B_SPLINE_CURVE_WITH_KNOTS('', 1, (#1271, #1272), .UNSPECIFIED., .U., .U., (2, 2), (0.0, 1.0), .UNSPECIFIED.);
#1271 = CARTESIAN_POINT('', (137.97710894814045, -104.37385503144068, 13.0));
#1272 = CARTESIAN_POINT('', (138.16095936226364, -104.28599997244928, 13.0));
#1273 = PLANE('', #1274);
#1274 = AXIS2_PLACEMENT_3D('', #1275, #1276, #1277);
#1275 = CARTESIAN_POINT('', (143.0, -77.0, 13.0));
#1276 = DIRECTION('', (0.0, 0.0, 1.0));
#1277 = DIRECTION('', (-1.0, 0.0, 0.0));
#1278 = CYLINDRICAL_SURFACE('', #1279, 4.800138920690668);
#1279 = AXIS2_PLACEMENT_3D('', #1280, #1281, #1282);
#1280 = CARTESIAN_POINT('', (135.99986118091718, -99.99986088131953, 14.0000003));
#1281 = DIRECTION('', (0.0, 0.0, 1.0));
#1282 = DIRECTION('', (-0.7071088275678667, 0.7071047347993059, 0.0));
#1283 = SURFACE_CURVE('', #1284, (#662, #742), .CURVE_3D.);
#1284 = INTERSECTION_CURVE('', #1285, (#1305, #1310), .CURVE_3D.);
#1285 = B_SPLINE_CURVE_WITH_KNOTS('', 1, (#1286, #1287, #1288, #1289, #1290, #1291, #1292, #1293, #1294, #1295, #1296, #1297, #1298, #1299, #1300, #1301, #1302, #1303, #1304), .UNSPECIFIED., .U., .U., (2, 1, 1, 1, 1, 1, 1, 1, 1, 1, 1, 1, 1, 1, 1, 1, 1, 1, 2), (0.0, 0.05555555555555555, 0.1111111111111111, 0.16666666666666666, 0.2222222222222222, 0.2777777777777778, 0.3333333333333333, 0.3888888888888889, 0.4444444444444444, 0.5, 0.5555555555555556, 0.6111111111111112, 0.6666666666666666, 0.7222222222222222, 0.7777777777777778, 0.8333333333333334, 0.8888888888888888, 0.9444444444444444, 1.0), .UNSPECIFIED.);
#1286 = CARTESIAN_POINT('', (137.97710895221513, -104.37385504098947, 13.0));
#1287 = CARTESIAN_POINT('', (137.78969608109608, -104.45382817891287, 13.0));
#1288 = CARTESIAN_POINT('', (137.599058020407, -104.52577549899574, 13.0));
#1289 = CARTESIAN_POINT('', (137.4055382900362, -104.58956735590243, 13.0));
#1290 = CARTESIAN_POINT('', (137.2094856024911, -104.64508880001861, 13.0));
#1291 = CARTESIAN_POINT('', (137.01125323453658, -104.69223978458437, 13.0));
#1292 = CARTESIAN_POINT('', (136.81119839060827, -104.73093534597342, 13.0));
#1293 = CARTESIAN_POINT('', (136.60968155914904, -104.76110575679303, 13.0));
#1294 = CARTESIAN_POINT('', (136.4070658630273, -104.78269665152919, 13.0));
#1295 = CARTESIAN_POINT('', (136.20371689390828, -104.79566910373734, 13.0));
#1296 = CARTESIAN_POINT('', (136.18109082881736, -104.79657741168188, 13.0));
#1297 = CARTESIAN_POINT('', (136.162988293081, -104.79722715910222, 13.0));
#1298 = CARTESIAN_POINT('', (136.14817604681127, -104.79770793583097, 13.0));
#1299 = CARTESIAN_POINT('', (136.13583176537497, -104.79807363797087, 13.0));
#1300 = CARTESIAN_POINT('', (136.12538607670768, -104.79835826680035, 13.0));
#1301 = CARTESIAN_POINT('', (136.11643224446965, -104.79858413288048, 13.0));
#1302 = CARTESIAN_POINT('', (136.10867196921265, -104.79876636801959, 13.0));
#1303 = CARTESIAN_POINT('', (136.10188150951035, -104.79891552890203, 13.0));
#1304 = CARTESIAN_POINT('', (136.0000001, -104.7999998, 13.0));
#1305 = PLANE('', #1306);
#1306 = AXIS2_PLACEMENT_3D('', #1307, #1308, #1309);
#1307 = CARTESIAN_POINT('', (143.0, -77.0, 13.0));
#1308 = DIRECTION('', (0.0, 0.0, 1.0));
#1309 = DIRECTION('', (-1.0, 0.0, 0.0));
#1310 = CYLINDRICAL_SURFACE('', #1311, 4.800138920690668);
#1311 = AXIS2_PLACEMENT_3D('', #1312, #1313, #1314);
#1312 = CARTESIAN_POINT('', (135.99986118091718, -99.99986088131953, 14.0000003));
#1313 = DIRECTION('', (0.0, 0.0, 1.0));
#1314 = DIRECTION('', (-0.7071088275678667, 0.7071047347993059, 0.0));
#1315 = SURFACE_CURVE('', #1316, (#662, #737), .CURVE_3D.);
#1316 = INTERSECTION_CURVE('', #1317, (#1322, #1327), .CURVE_3D.);
#1317 = B_SPLINE_CURVE_WITH_KNOTS('', 1, (#1318, #1319, #1320, #1321), .UNSPECIFIED., .U., .U., (2, 1, 1, 2), (0.0, 0.3333333333333333, 0.6666666666666666, 1.0), .UNSPECIFIED.);
#1318 = CARTESIAN_POINT('', (104.00002788303608, -104.79999980032099, 13.0));
#1319 = CARTESIAN_POINT('', (123.74285602925646, -104.79999980012295, 13.0));
#1320 = CARTESIAN_POINT('', (128.0000046457611, -104.79999980008024, 13.0));
#1321 = CARTESIAN_POINT('', (136.0000001, -104.7999998, 13.0));
#1322 = PLANE('', #1323);
#1323 = AXIS2_PLACEMENT_3D('', #1324, #1325, #1326);
#1324 = CARTESIAN_POINT('', (143.0, -77.0, 13.0));
#1325 = DIRECTION('', (0.0, 0.0, 1.0));
#1326 = DIRECTION('', (-1.0, 0.0, 0.0));
#1327 = PLANE('', #1328);
#1328 = AXIS2_PLACEMENT_3D('', #1329, #1330, #1331);
#1329 = CARTESIAN_POINT('', (104.00002788303608, -104.799999800321, 10.0000003));
#1330 = DIRECTION('', (1.0031539871E-11, -1.0, 0.0));
#1331 = DIRECTION('', (1.0, 1.0031539871E-11, 0.0));
#1332 = SURFACE_CURVE('', #1333, (#662, #732), .CURVE_3D.);
#1333 = INTERSECTION_CURVE('', #1334, (#1345, #1350), .CURVE_3D.);
#1334 = B_SPLINE_CURVE_WITH_KNOTS('', 1, (#1335, #1336, #1337, #1338, #1339, #1340, #1341, #1342, #1343, #1344), .UNSPECIFIED., .U., .U., (2, 1, 1, 1, 1, 1, 1, 1, 1, 2), (0.0, 0.1111111111111111, 0.2222222222222222, 0.3333333333333333, 0.4444444444444444, 0.5555555555555556, 0.6666666666666666, 0.7777777777777778, 0.8888888888888888, 1.0), .UNSPECIFIED.);
#1335 = CARTESIAN_POINT('', (103.79631106406492, -104.79567028318111, 13.0));
#1336 = CARTESIAN_POINT('', (103.81893713441278, -104.79657846016487, 13.0));
#1337 = CARTESIAN_POINT('', (103.83703967390963, -104.79722810280684, 13.0));
#1338 = CARTESIAN_POINT('', (103.85185192296186, -104.79770879380158, 13.0));
#1339 = CARTESIAN_POINT('', (103.86419620651465, -104.79807442449217, 13.0));
#1340 = CARTESIAN_POINT('', (103.87464189682919, -104.79835899286148, 13.0));
#1341 = CARTESIAN_POINT('', (103.88359573037442, -104.7985848071164, 13.0));
#1342 = CARTESIAN_POINT('', (103.89135600668607, -104.79876699733866, 13.0));
#1343 = CARTESIAN_POINT('', (103.89814646725168, -104.79891611891757, 13.0));
#1344 = CARTESIAN_POINT('', (104.00002788303608, -104.79999980032099, 13.0));
#1345 = PLANE('', #1346);
#1346 = AXIS2_PLACEMENT_3D('', #1347, #1348, #1349);
#1347 = CARTESIAN_POINT('', (143.0, -77.0, 13.0));
#1348 = DIRECTION('', (0.0, 0.0, 1.0));
#1349 = DIRECTION('', (-1.0, 0.0, 0.0));
#1350 = CYLINDRICAL_SURFACE('', #1351, 4.800138920691241);
#1351 = AXIS2_PLACEMENT_3D('', #1352, #1353, #1354);
#1352 = CARTESIAN_POINT('', (104.00013901868104, -99.99986088091627, 14.0000003));
#1353 = DIRECTION('', (0.0, 0.0, 1.0));
#1354 = DIRECTION('', (0.7071047347992748, 0.7071088275678978, 0.0));
#1355 = SURFACE_CURVE('', #1356, (#662, #732), .CURVE_3D.);
#1356 = INTERSECTION_CURVE('', #1357, (#1364, #1369), .CURVE_3D.);
#1357 = B_SPLINE_CURVE_WITH_KNOTS('', 1, (#1358, #1359, #1360, #1361, #1362, #1363), .UNSPECIFIED., .U., .U., (2, 1, 1, 1, 1, 2), (0.0, 0.2, 0.4, 0.6, 0.8, 1.0), .UNSPECIFIED.);
#1358 = CARTESIAN_POINT('', (102.79054101057686, -104.64509567764348, 13.0));
#1359 = CARTESIAN_POINT('', (102.98877316890582, -104.6922454320633, 13.0));
#1360 = CARTESIAN_POINT('', (103.18882822892007, -104.73093987627794, 13.0));
#1361 = CARTESIAN_POINT('', (103.39034522885794, -104.76110916175902, 13.0));
#1362 = CARTESIAN_POINT('', (103.59296104554733, -104.78269892502038, 13.0));
#1363 = CARTESIAN_POINT('', (103.79631106406492, -104.79567028318111, 13.0));
#1364 = PLANE('', #1365);
#1365 = AXIS2_PLACEMENT_3D('', #1366, #1367, #1368);
#1366 = CARTESIAN_POINT('', (143.0, -77.0, 13.0));
#1367 = DIRECTION('', (0.0, 0.0, 1.0));
#1368 = DIRECTION('', (-1.0, 0.0, 0.0));
#1369 = CYLINDRICAL_SURFACE('', #1370, 4.800138920691241);
#1370 = AXIS2_PLACEMENT_3D('', #1371, #1372, #1373);
#1371 = CARTESIAN_POINT('', (104.00013901868104, -99.99986088091627, 14.0000003));
#1372 = DIRECTION('', (0.0, 0.0, 1.0));
#1373 = DIRECTION('', (0.7071047347992748, 0.7071088275678978, 0.0));
#1374 = SURFACE_CURVE('', #1375, (#662, #732), .CURVE_3D.);
#1375 = INTERSECTION_CURVE('', #1376, (#1381, #1386), .CURVE_3D.);
#1376 = B_SPLINE_CURVE_WITH_KNOTS('', 1, (#1377, #1378, #1379, #1380), .UNSPECIFIED., .U., .U., (2, 1, 1, 2), (0.0, 0.3333333333333333, 0.6666666666666666, 1.0), .UNSPECIFIED.);
#1377 = CARTESIAN_POINT('', (102.21032899465327, -104.45383816377017, 13.0));
#1378 = CARTESIAN_POINT('', (102.40096745345178, -104.52578442897772, 13.0));
#1379 = CARTESIAN_POINT('', (102.59448754005483, -104.58957520520389, 13.0));
#1380 = CARTESIAN_POINT('', (102.79054101057686, -104.64509567764348, 13.0));
#1381 = PLANE('', #1382);
#1382 = AXIS2_PLACEMENT_3D('', #1383, #1384, #1385);
#1383 = CARTESIAN_POINT('', (143.0, -77.0, 13.0));
#1384 = DIRECTION('', (0.0, 0.0, 1.0));
#1385 = DIRECTION('', (-1.0, 0.0, 0.0));
#1386 = CYLINDRICAL_SURFACE('', #1387, 4.800138920691241);
#1387 = AXIS2_PLACEMENT_3D('', #1388, #1389, #1390);
#1388 = CARTESIAN_POINT('', (104.00013901868104, -99.99986088091627, 14.0000003));
#1389 = DIRECTION('', (0.0, 0.0, 1.0));
#1390 = DIRECTION('', (0.7071047347992748, 0.7071088275678978, 0.0));
#1391 = SURFACE_CURVE('', #1392, (#662, #732), .CURVE_3D.);
#1392 = INTERSECTION_CURVE('', #1393, (#1398, #1403), .CURVE_3D.);
#1393 = B_SPLINE_CURVE_WITH_KNOTS('', 1, (#1394, #1395, #1396, #1397), .UNSPECIFIED., .U., .U., (2, 1, 1, 2), (0.0, 0.3333333333333333, 0.6666666666666666, 1.0), .UNSPECIFIED.);
#1394 = CARTESIAN_POINT('', (101.65910931494015, -104.19043525492967, 13.0));
#1395 = CARTESIAN_POINT('', (101.83906520938135, -104.2860122604984, 13.0));
#1396 = CARTESIAN_POINT('', (102.02291567327444, -104.37386608213792, 13.0));
#1397 = CARTESIAN_POINT('', (102.21032899057866, -104.45383817331899, 13.0));
#1398 = PLANE('', #1399);
#1399 = AXIS2_PLACEMENT_3D('', #1400, #1401, #1402);
#1400 = CARTESIAN_POINT('', (143.0, -77.0, 13.0));
#1401 = DIRECTION('', (0.0, 0.0, 1.0));
#1402 = DIRECTION('', (-1.0, 0.0, 0.0));
#1403 = CYLINDRICAL_SURFACE('', #1404, 4.800138920691241);
#1404 = AXIS2_PLACEMENT_3D('', #1405, #1406, #1407);
#1405 = CARTESIAN_POINT('', (104.00013901868104, -99.99986088091627, 14.0000003));
#1406 = DIRECTION('', (0.0, 0.0, 1.0));
#1407 = DIRECTION('', (0.7071047347992748, 0.7071088275678978, 0.0));
#1408 = SURFACE_CURVE('', #1409, (#662, #732), .CURVE_3D.);
#1409 = INTERSECTION_CURVE('', #1410, (#1413, #1418), .CURVE_3D.);
#1410 = B_SPLINE_CURVE_WITH_KNOTS('', 1, (#1411, #1412), .UNSPECIFIED., .U., .U., (2, 2), (0.0, 1.0), .UNSPECIFIED.);
#1411 = CARTESIAN_POINT('', (101.65910931494015, -104.19043525492967, 13.0));
#1412 = CARTESIAN_POINT('', (101.48337098723131, -104.08730656669137, 13.0));
#1413 = PLANE('', #1414);
#1414 = AXIS2_PLACEMENT_3D('', #1415, #1416, #1417);
#1415 = CARTESIAN_POINT('', (143.0, -77.0, 13.0));
#1416 = DIRECTION('', (0.0, 0.0, 1.0));
#1417 = DIRECTION('', (-1.0, 0.0, 0.0));
#1418 = CYLINDRICAL_SURFACE('', #1419, 4.800138920691241);
#1419 = AXIS2_PLACEMENT_3D('', #1420, #1421, #1422);
#1420 = CARTESIAN_POINT('', (104.00013901868104, -99.99986088091627, 14.0000003));
#1421 = DIRECTION('', (0.0, 0.0, 1.0));
#1422 = DIRECTION('', (0.7071047347992748, 0.7071088275678978, 0.0));
#1423 = SURFACE_CURVE('', #1424, (#662, #732), .CURVE_3D.);
#1424 = INTERSECTION_CURVE('', #1425, (#1428, #1433), .CURVE_3D.);
#1425 = B_SPLINE_CURVE_WITH_KNOTS('', 1, (#1426, #1427), .UNSPECIFIED., .U., .U., (2, 2), (0.0, 1.0), .UNSPECIFIED.);
#1426 = CARTESIAN_POINT('', (101.48337098160158, -104.08730657541426, 13.0));
#1427 = CARTESIAN_POINT('', (101.31216816662702, -103.97681276103711, 13.0));
#1428 = PLANE('', #1429);
#1429 = AXIS2_PLACEMENT_3D('', #1430, #1431, #1432);
#1430 = CARTESIAN_POINT('', (143.0, -77.0, 13.0));
#1431 = DIRECTION('', (0.0, 0.0, 1.0));
#1432 = DIRECTION('', (-1.0, 0.0, 0.0));
#1433 = CYLINDRICAL_SURFACE('', #1434, 4.800138920691241);
#1434 = AXIS2_PLACEMENT_3D('', #1435, #1436, #1437);
#1435 = CARTESIAN_POINT('', (104.00013901868104, -99.99986088091627, 14.0000003));
#1436 = DIRECTION('', (0.0, 0.0, 1.0));
#1437 = DIRECTION('', (0.7071047347992748, 0.7071088275678978, 0.0));
#1438 = SURFACE_CURVE('', #1439, (#662, #732), .CURVE_3D.);
#1439 = INTERSECTION_CURVE('', #1440, (#1443, #1448), .CURVE_3D.);
#1440 = B_SPLINE_CURVE_WITH_KNOTS('', 1, (#1441, #1442), .UNSPECIFIED., .U., .U., (2, 2), (0.0, 1.0), .UNSPECIFIED.);
#1441 = CARTESIAN_POINT('', (101.14580931686902, -103.85915299363444, 13.0));
#1442 = CARTESIAN_POINT('', (101.31216816063215, -103.97681276951323, 13.0));
#1443 = PLANE('', #1444);
#1444 = AXIS2_PLACEMENT_3D('', #1445, #1446, #1447);
#1445 = CARTESIAN_POINT('', (143.0, -77.0, 13.0));
#1446 = DIRECTION('', (0.0, 0.0, 1.0));
#1447 = DIRECTION('', (-1.0, 0.0, 0.0));
#1448 = CYLINDRICAL_SURFACE('', #1449, 4.800138920691241);
#1449 = AXIS2_PLACEMENT_3D('', #1450, #1451, #1452);
#1450 = CARTESIAN_POINT('', (104.00013901868104, -99.99986088091627, 14.0000003));
#1451 = DIRECTION('', (0.0, 0.0, 1.0));
#1452 = DIRECTION('', (0.7071047347992748, 0.7071088275678978, 0.0));
#1453 = SURFACE_CURVE('', #1454, (#662, #732), .CURVE_3D.);
#1454 = INTERSECTION_CURVE('', #1455, (#1462, #1467), .CURVE_3D.);
#1455 = B_SPLINE_CURVE_WITH_KNOTS('', 1, (#1456, #1457, #1458, #1459, #1460, #1461), .UNSPECIFIED., .U., .U., (2, 1, 1, 1, 1, 2), (0.0, 0.2, 0.4, 0.6, 0.8, 1.0), .UNSPECIFIED.);
#1456 = CARTESIAN_POINT('', (100.39682322977116, -103.17120899862293, 13.0));
#1457 = CARTESIAN_POINT('', (100.53466108529383, -103.32127569258031, 13.0));
#1458 = CARTESIAN_POINT('', (100.67874355978662, -103.4653573624569, 13.0));
#1459 = CARTESIAN_POINT('', (100.82881101646461, -103.60319438758656, 13.0));
#1460 = CARTESIAN_POINT('', (100.98459304156164, -103.73453839280587, 13.0));
#1461 = CARTESIAN_POINT('', (101.14580931686902, -103.85915299363444, 13.0));
#1462 = PLANE('', #1463);
#1463 = AXIS2_PLACEMENT_3D('', #1464, #1465, #1466);
#1464 = CARTESIAN_POINT('', (143.0, -77.0, 13.0));
#1465 = DIRECTION('', (0.0, 0.0, 1.0));
#1466 = DIRECTION('', (-1.0, 0.0, 0.0));
#1467 = CYLINDRICAL_SURFACE('', #1468, 4.800138920691241);
#1468 = AXIS2_PLACEMENT_3D('', #1469, #1470, #1471);
#1469 = CARTESIAN_POINT('', (104.00013901868104, -99.99986088091627, 14.0000003));
#1470 = DIRECTION('', (0.0, 0.0, 1.0));
#1471 = DIRECTION('', (0.7071047347992748, 0.7071088275678978, 0.0));
#1472 = SURFACE_CURVE('', #1473, (#662, #732), .CURVE_3D.);
#1473 = INTERSECTION_CURVE('', #1474, (#1482, #1487), .CURVE_3D.);
#1474 = B_SPLINE_CURVE_WITH_KNOTS('', 1, (#1475, #1476, #1477, #1478, #1479, #1480, #1481), .UNSPECIFIED., .U., .U., (2, 1, 1, 1, 1, 1, 2), (0.0, 0.16666666666666666, 0.3333333333333333, 0.5, 0.6666666666666666, 0.8333333333333334, 1.0), .UNSPECIFIED.);
#1475 = CARTESIAN_POINT('', (99.71399992755101, -102.16095906226342, 13.0));
#1476 = CARTESIAN_POINT('', (99.80957795639048, -102.34091441322798, 13.0));
#1477 = CARTESIAN_POINT('', (99.91270737872986, -102.51665174363427, 13.0));
#1478 = CARTESIAN_POINT('', (100.02320214068357, -102.68785394756628, 13.0));
#1479 = CARTESIAN_POINT('', (100.14086313642696, -102.8542125275406, 13.0));
#1480 = CARTESIAN_POINT('', (100.26547834695415, -103.0154277140326, 13.0));
#1481 = CARTESIAN_POINT('', (100.39682322183401, -103.17120900531502, 13.0));
#1482 = PLANE('', #1483);
#1483 = AXIS2_PLACEMENT_3D('', #1484, #1485, #1486);
#1484 = CARTESIAN_POINT('', (143.0, -77.0, 13.0));
#1485 = DIRECTION('', (0.0, 0.0, 1.0));
#1486 = DIRECTION('', (-1.0, 0.0, 0.0));
#1487 = CYLINDRICAL_SURFACE('', #1488, 4.800138920691241);
#1488 = AXIS2_PLACEMENT_3D('', #1489, #1490, #1491);
#1489 = CARTESIAN_POINT('', (104.00013901868104, -99.99986088091627, 14.0000003));
#1490 = DIRECTION('', (0.0, 0.0, 1.0));
#1491 = DIRECTION('', (0.7071047347992748, 0.7071088275678978, 0.0));
#1492 = SURFACE_CURVE('', #1493, (#662, #732), .CURVE_3D.);
#1493 = INTERSECTION_CURVE('', #1494, (#1497, #1502), .CURVE_3D.);
#1494 = B_SPLINE_CURVE_WITH_KNOTS('', 1, (#1495, #1496), .UNSPECIFIED., .U., .U., (2, 2), (0.0, 1.0), .UNSPECIFIED.);
#1495 = CARTESIAN_POINT('', (99.71399992755101, -102.16095906226342, 13.0));
#1496 = CARTESIAN_POINT('', (99.62614486855959, -101.97710864814024, 13.0));
#1497 = PLANE('', #1498);
#1498 = AXIS2_PLACEMENT_3D('', #1499, #1500, #1501);
#1499 = CARTESIAN_POINT('', (143.0, -77.0, 13.0));
#1500 = DIRECTION('', (0.0, 0.0, 1.0));
#1501 = DIRECTION('', (-1.0, 0.0, 0.0));
#1502 = CYLINDRICAL_SURFACE('', #1503, 4.800138920691241);
#1503 = AXIS2_PLACEMENT_3D('', #1504, #1505, #1506);
#1504 = CARTESIAN_POINT('', (104.00013901868104, -99.99986088091627, 14.0000003));
#1505 = DIRECTION('', (0.0, 0.0, 1.0));
#1506 = DIRECTION('', (0.7071047347992748, 0.7071088275678978, 0.0));
#1507 = SURFACE_CURVE('', #1508, (#662, #732), .CURVE_3D.);
#1508 = INTERSECTION_CURVE('', #1509, (#1516, #1521), .CURVE_3D.);
#1509 = B_SPLINE_CURVE_WITH_KNOTS('', 1, (#1510, #1511, #1512, #1513, #1514, #1515), .UNSPECIFIED., .U., .U., (2, 1, 1, 1, 1, 2), (0.0, 0.2, 0.4, 0.6, 0.8, 1.0), .UNSPECIFIED.);
#1510 = CARTESIAN_POINT('', (99.6261448590108, -101.97710865221492, 13.0));
#1511 = CARTESIAN_POINT('', (99.54617172108738, -101.7896957810959, 13.0));
#1512 = CARTESIAN_POINT('', (99.4742244010045, -101.59905772040688, 13.0));
#1513 = CARTESIAN_POINT('', (99.41043254409779, -101.40553799003608, 13.0));
#1514 = CARTESIAN_POINT('', (99.35491122324406, -101.20948577584632, 13.0));
#1515 = CARTESIAN_POINT('', (99.3077601256087, -101.01125293256491, 13.0));
#1516 = PLANE('', #1517);
#1517 = AXIS2_PLACEMENT_3D('', #1518, #1519, #1520);
#1518 = CARTESIAN_POINT('', (143.0, -77.0, 13.0));
#1519 = DIRECTION('', (0.0, 0.0, 1.0));
#1520 = DIRECTION('', (-1.0, 0.0, 0.0));
#1521 = CYLINDRICAL_SURFACE('', #1522, 4.800138920691241);
#1522 = AXIS2_PLACEMENT_3D('', #1523, #1524, #1525);
#1523 = CARTESIAN_POINT('', (104.00013901868104, -99.99986088091627, 14.0000003));
#1524 = DIRECTION('', (0.0, 0.0, 1.0));
#1525 = DIRECTION('', (0.7071047347992748, 0.7071088275678978, 0.0));
#1526 = SURFACE_CURVE('', #1527, (#662, #732), .CURVE_3D.);
#1527 = INTERSECTION_CURVE('', #1528, (#1545, #1550), .CURVE_3D.);
#1528 = B_SPLINE_CURVE_WITH_KNOTS('', 1, (#1529, #1530, #1531, #1532, #1533, #1534, #1535, #1536, #1537, #1538, #1539, #1540, #1541, #1542, #1543, #1544), .UNSPECIFIED., .U., .U., (2, 1, 1, 1, 1, 1, 1, 1, 1, 1, 1, 1, 1, 1, 1, 2), (0.0, 0.06666666666666667, 0.13333333333333333, 0.2, 0.26666666666666666, 0.3333333333333333, 0.4, 0.4666666666666667, 0.5333333333333333, 0.6, 0.6666666666666666, 0.7333333333333333, 0.8, 0.8666666666666667, 0.9333333333333333, 1.0), .UNSPECIFIED.);
#1529 = CARTESIAN_POINT('', (99.30776011541579, -101.01125293453649, 13.0));
#1530 = CARTESIAN_POINT('', (99.26906463670315, -100.81119857271138, 13.0));
#1531 = CARTESIAN_POINT('', (99.23889420534867, -100.60968174432656, 13.0));
#1532 = CARTESIAN_POINT('', (99.21730328996564, -100.407066050405, 13.0));
#1533 = CARTESIAN_POINT('', (99.21653042780875, -100.39788413057349, 13.0));
#1534 = CARTESIAN_POINT('', (99.2043307962627, -100.20371659390828, 13.0));
#1535 = CARTESIAN_POINT('', (99.20342248831815, -100.18109052881738, 13.0));
#1536 = CARTESIAN_POINT('', (99.20277274089781, -100.162987993081, 13.0));
#1537 = CARTESIAN_POINT('', (99.20229196416906, -100.14817574681128, 13.0));
#1538 = CARTESIAN_POINT('', (99.20192626202916, -100.13583146537499, 13.0));
#1539 = CARTESIAN_POINT('', (99.20164163319969, -100.12538577670772, 13.0));
#1540 = CARTESIAN_POINT('', (99.20141576711954, -100.11643194446965, 13.0));
#1541 = CARTESIAN_POINT('', (99.20123353198045, -100.10867166921267, 13.0));
#1542 = CARTESIAN_POINT('', (99.20108437109798, -100.10188120951031, 13.0));
#1543 = CARTESIAN_POINT('', (99.20000010003804, -100.00000110788496, 13.0));
#1544 = CARTESIAN_POINT('', (99.2000001, -99.9999998, 13.0));
#1545 = PLANE('', #1546);
#1546 = AXIS2_PLACEMENT_3D('', #1547, #1548, #1549);
#1547 = CARTESIAN_POINT('', (143.0, -77.0, 13.0));
#1548 = DIRECTION('', (0.0, 0.0, 1.0));
#1549 = DIRECTION('', (-1.0, 0.0, 0.0));
#1550 = CYLINDRICAL_SURFACE('', #1551, 4.800138920691241);
#1551 = AXIS2_PLACEMENT_3D('', #1552, #1553, #1554);
#1552 = CARTESIAN_POINT('', (104.00013901868104, -99.99986088091627, 14.0000003));
#1553 = DIRECTION('', (0.0, 0.0, 1.0));
#1554 = DIRECTION('', (0.7071047347992748, 0.7071088275678978, 0.0));
#1555 = SURFACE_CURVE('', #1556, (#662, #727), .CURVE_3D.);
#1556 = INTERSECTION_CURVE('', #1557, (#1562, #1567), .CURVE_3D.);
#1557 = B_SPLINE_CURVE_WITH_KNOTS('', 1, (#1558, #1559, #1560, #1561), .UNSPECIFIED., .U., .U., (2, 1, 1, 2), (0.0, 0.3333333333333333, 0.6666666666666666, 1.0), .UNSPECIFIED.);
#1558 = CARTESIAN_POINT('', (99.2000000996784, -84.0000275830361, 13.0));
#1559 = CARTESIAN_POINT('', (99.20000009991959, -96.0000055457611, 13.0));
#1560 = CARTESIAN_POINT('', (99.20000009998462, -99.2347825739184, 13.0));
#1561 = CARTESIAN_POINT('', (99.2000001, -99.9999998, 13.0));
#1562 = PLANE('', #1563);
#1563 = AXIS2_PLACEMENT_3D('', #1564, #1565, #1566);
#1564 = CARTESIAN_POINT('', (143.0, -77.0, 13.0));
#1565 = DIRECTION('', (0.0, 0.0, 1.0));
#1566 = DIRECTION('', (-1.0, 0.0, 0.0));
#1567 = PLANE('', #1568);
#1568 = AXIS2_PLACEMENT_3D('', #1569, #1570, #1571);
#1569 = CARTESIAN_POINT('', (99.2000000996784, -84.00002758303609, 10.0000003));
#1570 = DIRECTION('', (-0.9999999999999999, -2.0099512539E-11, 0.0));
#1571 = DIRECTION('', (2.0099512539E-11, -0.9999999999999999, 0.0));
#1572 = SURFACE_CURVE('', #1573, (#662, #672), .CURVE_3D.);
#1573 = INTERSECTION_CURVE('', #1574, (#1587, #1592), .CURVE_3D.);
#1574 = B_SPLINE_CURVE_WITH_KNOTS('', 1, (#1575, #1576, #1577, #1578, #1579, #1580, #1581, #1582, #1583, #1584, #1585, #1586), .UNSPECIFIED., .U., .U., (2, 1, 1, 1, 1, 1, 1, 1, 1, 1, 1, 2), (0.0, 0.09090909090909091, 0.18181818181818182, 0.2727272727272727, 0.36363636363636365, 0.45454545454545453, 0.5454545454545454, 0.6363636363636364, 0.7272727272727273, 0.8181818181818182, 0.9090909090909091, 1.0), .UNSPECIFIED.);
#1575 = CARTESIAN_POINT('', (99.2173009335244, -83.59296123248616, 13.0));
#1576 = CARTESIAN_POINT('', (99.20432961681826, -83.79631076406493, 13.0));
#1577 = CARTESIAN_POINT('', (99.2034214398345, -83.81893683441278, 13.0));
#1578 = CARTESIAN_POINT('', (99.20277179719254, -83.83703937390963, 13.0));
#1579 = CARTESIAN_POINT('', (99.20229110619778, -83.85185162296189, 13.0));
#1580 = CARTESIAN_POINT('', (99.20192547550721, -83.86419590651465, 13.0));
#1581 = CARTESIAN_POINT('', (99.20164090713789, -83.87464159682922, 13.0));
#1582 = CARTESIAN_POINT('', (99.201415092883, -83.88359543037441, 13.0));
#1583 = CARTESIAN_POINT('', (99.2012329026607, -83.89135570668607, 13.0));
#1584 = CARTESIAN_POINT('', (99.20108378108179, -83.89814616725167, 13.0));
#1585 = CARTESIAN_POINT('', (99.20000010108473, -83.99997793237952, 13.0));
#1586 = CARTESIAN_POINT('', (99.2000000996784, -84.0000275830361, 13.0));
#1587 = PLANE('', #1588);
#1588 = AXIS2_PLACEMENT_3D('', #1589, #1590, #1591);
#1589 = CARTESIAN_POINT('', (143.0, -77.0, 13.0));
#1590 = DIRECTION('', (0.0, 0.0, 1.0));
#1591 = DIRECTION('', (-1.0, 0.0, 0.0));
#1592 = CYLINDRICAL_SURFACE('', #1593, 4.800138920691331);
#1593 = AXIS2_PLACEMENT_3D('', #1594, #1595, #1596);
#1594 = CARTESIAN_POINT('', (104.00013901908319, -84.00013871868113, 14.0000003));
#1595 = DIRECTION('', (0.0, 0.0, 1.0));
#1596 = DIRECTION('', (0.7071088275678551, -0.7071047347993179, 0.0));
#1597 = SURFACE_CURVE('', #1598, (#662, #672), .CURVE_3D.);
#1598 = INTERSECTION_CURVE('', #1599, (#1602, #1607), .CURVE_3D.);
#1599 = B_SPLINE_CURVE_WITH_KNOTS('', 1, (#1600, #1601), .UNSPECIFIED., .U., .U., (2, 2), (0.0, 1.0), .UNSPECIFIED.);
#1600 = CARTESIAN_POINT('', (99.23889074856376, -83.39034492995792, 13.0));
#1601 = CARTESIAN_POINT('', (99.2173009335244, -83.59296123248616, 13.0));
#1602 = PLANE('', #1603);
#1603 = AXIS2_PLACEMENT_3D('', #1604, #1605, #1606);
#1604 = CARTESIAN_POINT('', (143.0, -77.0, 13.0));
#1605 = DIRECTION('', (0.0, 0.0, 1.0));
#1606 = DIRECTION('', (-1.0, 0.0, 0.0));
#1607 = CYLINDRICAL_SURFACE('', #1608, 4.800138920691331);
#1608 = AXIS2_PLACEMENT_3D('', #1609, #1610, #1611);
#1609 = CARTESIAN_POINT('', (104.00013901908319, -84.00013871868113, 14.0000003));
#1610 = DIRECTION('', (0.0, 0.0, 1.0));
#1611 = DIRECTION('', (0.7071088275678551, -0.7071047347993179, 0.0));
#1612 = SURFACE_CURVE('', #1613, (#662, #672), .CURVE_3D.);
#1613 = INTERSECTION_CURVE('', #1614, (#1618, #1623), .CURVE_3D.);
#1614 = B_SPLINE_CURVE_WITH_KNOTS('', 1, (#1615, #1616, #1617), .UNSPECIFIED., .U., .U., (2, 1, 2), (0.0, 0.5, 1.0), .UNSPECIFIED.);
#1615 = CARTESIAN_POINT('', (99.30775436496937, -82.9887733466356, 13.0));
#1616 = CARTESIAN_POINT('', (99.26905994112225, -83.18882841058934, 13.0));
#1617 = CARTESIAN_POINT('', (99.23889073829635, -83.39034492842077, 13.0));
#1618 = PLANE('', #1619);
#1619 = AXIS2_PLACEMENT_3D('', #1620, #1621, #1622);
#1620 = CARTESIAN_POINT('', (143.0, -77.0, 13.0));
#1621 = DIRECTION('', (0.0, 0.0, 1.0));
#1622 = DIRECTION('', (-1.0, 0.0, 0.0));
#1623 = CYLINDRICAL_SURFACE('', #1624, 4.800138920691331);
#1624 = AXIS2_PLACEMENT_3D('', #1625, #1626, #1627);
#1625 = CARTESIAN_POINT('', (104.00013901908319, -84.00013871868113, 14.0000003));
#1626 = DIRECTION('', (0.0, 0.0, 1.0));
#1627 = DIRECTION('', (0.7071088275678551, -0.7071047347993179, 0.0));
#1628 = SURFACE_CURVE('', #1629, (#662, #672), .CURVE_3D.);
#1629 = INTERSECTION_CURVE('', #1630, (#1636, #1641), .CURVE_3D.);
#1630 = B_SPLINE_CURVE_WITH_KNOTS('', 1, (#1631, #1632, #1633, #1634, #1635), .UNSPECIFIED., .U., .U., (2, 1, 1, 1, 2), (0.0, 0.25, 0.5, 0.75, 1.0), .UNSPECIFIED.);
#1631 = CARTESIAN_POINT('', (99.54616173622928, -82.21032869465314, 13.0));
#1632 = CARTESIAN_POINT('', (99.47421530821072, -82.40096761423419, 13.0));
#1633 = CARTESIAN_POINT('', (99.41042455168675, -82.59448770733177, 13.0));
#1634 = CARTESIAN_POINT('', (99.35490422235593, -82.79054071057679, 13.0));
#1635 = CARTESIAN_POINT('', (99.30775436496937, -82.9887733466356, 13.0));
#1636 = PLANE('', #1637);
#1637 = AXIS2_PLACEMENT_3D('', #1638, #1639, #1640);
#1638 = CARTESIAN_POINT('', (143.0, -77.0, 13.0));
#1639 = DIRECTION('', (0.0, 0.0, 1.0));
#1640 = DIRECTION('', (-1.0, 0.0, 0.0));
#1641 = CYLINDRICAL_SURFACE('', #1642, 4.800138920691331);
#1642 = AXIS2_PLACEMENT_3D('', #1643, #1644, #1645);
#1643 = CARTESIAN_POINT('', (104.00013901908319, -84.00013871868113, 14.0000003));
#1644 = DIRECTION('', (0.0, 0.0, 1.0));
#1645 = DIRECTION('', (0.7071088275678551, -0.7071047347993179, 0.0));
#1646 = SURFACE_CURVE('', #1647, (#662, #672), .CURVE_3D.);
#1647 = INTERSECTION_CURVE('', #1648, (#1652, #1657), .CURVE_3D.);
#1648 = B_SPLINE_CURVE_WITH_KNOTS('', 1, (#1649, #1650, #1651), .UNSPECIFIED., .U., .U., (2, 1, 2), (0.0, 0.5, 1.0), .UNSPECIFIED.);
#1649 = CARTESIAN_POINT('', (99.71398741948303, -81.83906534575259, 13.0));
#1650 = CARTESIAN_POINT('', (99.62613361656123, -82.02291581859008, 13.0));
#1651 = CARTESIAN_POINT('', (99.54616172668048, -82.21032869057852, 13.0));
#1652 = PLANE('', #1653);
#1653 = AXIS2_PLACEMENT_3D('', #1654, #1655, #1656);
#1654 = CARTESIAN_POINT('', (143.0, -77.0, 13.0));
#1655 = DIRECTION('', (0.0, 0.0, 1.0));
#1656 = DIRECTION('', (-1.0, 0.0, 0.0));
#1657 = CYLINDRICAL_SURFACE('', #1658, 4.800138920691331);
#1658 = AXIS2_PLACEMENT_3D('', #1659, #1660, #1661);
#1659 = CARTESIAN_POINT('', (104.00013901908319, -84.00013871868113, 14.0000003));
#1660 = DIRECTION('', (0.0, 0.0, 1.0));
#1661 = DIRECTION('', (0.7071088275678551, -0.7071047347993179, 0.0));
#1662 = SURFACE_CURVE('', #1663, (#662, #672), .CURVE_3D.);
#1663 = INTERSECTION_CURVE('', #1664, (#1667, #1672), .CURVE_3D.);
#1664 = B_SPLINE_CURVE_WITH_KNOTS('', 1, (#1665, #1666), .UNSPECIFIED., .U., .U., (2, 2), (0.0, 1.0), .UNSPECIFIED.);
#1665 = CARTESIAN_POINT('', (99.80956489257804, -81.659108593169, 13.0));
#1666 = CARTESIAN_POINT('', (99.71398741948303, -81.83906534575259, 13.0));
#1667 = PLANE('', #1668);
#1668 = AXIS2_PLACEMENT_3D('', #1669, #1670, #1671);
#1669 = CARTESIAN_POINT('', (143.0, -77.0, 13.0));
#1670 = DIRECTION('', (0.0, 0.0, 1.0));
#1671 = DIRECTION('', (-1.0, 0.0, 0.0));
#1672 = CYLINDRICAL_SURFACE('', #1673, 4.800138920691331);
#1673 = AXIS2_PLACEMENT_3D('', #1674, #1675, #1676);
#1674 = CARTESIAN_POINT('', (104.00013901908319, -84.00013871868113, 14.0000003));
#1675 = DIRECTION('', (0.0, 0.0, 1.0));
#1676 = DIRECTION('', (0.7071088275678551, -0.7071047347993179, 0.0));
#1677 = SURFACE_CURVE('', #1678, (#662, #672), .CURVE_3D.);
#1678 = INTERSECTION_CURVE('', #1679, (#1682, #1687), .CURVE_3D.);
#1679 = B_SPLINE_CURVE_WITH_KNOTS('', 1, (#1680, #1681), .UNSPECIFIED., .U., .U., (2, 2), (0.0, 1.0), .UNSPECIFIED.);
#1680 = CARTESIAN_POINT('', (99.91269306812305, -81.48337109811797, 13.0));
#1681 = CARTESIAN_POINT('', (99.80956488362409, -81.65910858791455, 13.0));
#1682 = PLANE('', #1683);
#1683 = AXIS2_PLACEMENT_3D('', #1684, #1685, #1686);
#1684 = CARTESIAN_POINT('', (143.0, -77.0, 13.0));
#1685 = DIRECTION('', (0.0, 0.0, 1.0));
#1686 = DIRECTION('', (-1.0, 0.0, 0.0));
#1687 = CYLINDRICAL_SURFACE('', #1688, 4.800138920691331);
#1688 = AXIS2_PLACEMENT_3D('', #1689, #1690, #1691);
#1689 = CARTESIAN_POINT('', (104.00013901908319, -84.00013871868113, 14.0000003));
#1690 = DIRECTION('', (0.0, 0.0, 1.0));
#1691 = DIRECTION('', (0.7071088275678551, -0.7071047347993179, 0.0));
#1692 = SURFACE_CURVE('', #1693, (#662, #672), .CURVE_3D.);
#1693 = INTERSECTION_CURVE('', #1694, (#1697, #1702), .CURVE_3D.);
#1694 = B_SPLINE_CURVE_WITH_KNOTS('', 1, (#1695, #1696), .UNSPECIFIED., .U., .U., (2, 2), (0.0, 1.0), .UNSPECIFIED.);
#1695 = CARTESIAN_POINT('', (99.91269306812305, -81.48337109811796, 13.0));
#1696 = CARTESIAN_POINT('', (100.02318713896241, -81.31216786662685, 13.0));
#1697 = PLANE('', #1698);
#1698 = AXIS2_PLACEMENT_3D('', #1699, #1700, #1701);
#1699 = CARTESIAN_POINT('', (143.0, -77.0, 13.0));
#1700 = DIRECTION('', (0.0, 0.0, 1.0));
#1701 = DIRECTION('', (-1.0, 0.0, 0.0));
#1702 = CYLINDRICAL_SURFACE('', #1703, 4.800138920691331);
#1703 = AXIS2_PLACEMENT_3D('', #1704, #1705, #1706);
#1704 = CARTESIAN_POINT('', (104.00013901908319, -84.00013871868113, 14.0000003));
#1705 = DIRECTION('', (0.0, 0.0, 1.0));
#1706 = DIRECTION('', (0.7071088275678551, -0.7071047347993179, 0.0));
#1707 = SURFACE_CURVE('', #1708, (#662, #672), .CURVE_3D.);
#1708 = INTERSECTION_CURVE('', #1709, (#1712, #1717), .CURVE_3D.);
#1709 = B_SPLINE_CURVE_WITH_KNOTS('', 1, (#1710, #1711), .UNSPECIFIED., .U., .U., (2, 2), (0.0, 1.0), .UNSPECIFIED.);
#1710 = CARTESIAN_POINT('', (100.0231871304863, -81.312167860632, 13.0));
#1711 = CARTESIAN_POINT('', (100.14084720543941, -81.14580862995071, 13.0));
#1712 = PLANE('', #1713);
#1713 = AXIS2_PLACEMENT_3D('', #1714, #1715, #1716);
#1714 = CARTESIAN_POINT('', (143.0, -77.0, 13.0));
#1715 = DIRECTION('', (0.0, 0.0, 1.0));
#1716 = DIRECTION('', (-1.0, 0.0, 0.0));
#1717 = CYLINDRICAL_SURFACE('', #1718, 4.800138920691331);
#1718 = AXIS2_PLACEMENT_3D('', #1719, #1720, #1721);
#1719 = CARTESIAN_POINT('', (104.00013901908319, -84.00013871868113, 14.0000003));
#1720 = DIRECTION('', (0.0, 0.0, 1.0));
#1721 = DIRECTION('', (0.7071088275678551, -0.7071047347993179, 0.0));
#1722 = SURFACE_CURVE('', #1723, (#662, #672), .CURVE_3D.);
#1723 = INTERSECTION_CURVE('', #1724, (#1727, #1732), .CURVE_3D.);
#1724 = B_SPLINE_CURVE_WITH_KNOTS('', 1, (#1725, #1726), .UNSPECIFIED., .U., .U., (2, 2), (0.0, 1.0), .UNSPECIFIED.);
#1725 = CARTESIAN_POINT('', (100.14084719722537, -81.14580862360154, 13.0));
#1726 = CARTESIAN_POINT('', (100.26546151540774, -80.98459274791064, 13.0));
#1727 = PLANE('', #1728);
#1728 = AXIS2_PLACEMENT_3D('', #1729, #1730, #1731);
#1729 = CARTESIAN_POINT('', (143.0, -77.0, 13.0));
#1730 = DIRECTION('', (0.0, 0.0, 1.0));
#1731 = DIRECTION('', (-1.0, 0.0, 0.0));
#1732 = CYLINDRICAL_SURFACE('', #1733, 4.800138920691331);
#1733 = AXIS2_PLACEMENT_3D('', #1734, #1735, #1736);
#1734 = CARTESIAN_POINT('', (104.00013901908319, -84.00013871868113, 14.0000003));
#1735 = DIRECTION('', (0.0, 0.0, 1.0));
#1736 = DIRECTION('', (0.7071088275678551, -0.7071047347993179, 0.0));
#1737 = SURFACE_CURVE('', #1738, (#662, #672), .CURVE_3D.);
#1738 = INTERSECTION_CURVE('', #1739, (#1742, #1747), .CURVE_3D.);
#1739 = B_SPLINE_CURVE_WITH_KNOTS('', 1, (#1740, #1741), .UNSPECIFIED., .U., .U., (2, 2), (0.0, 1.0), .UNSPECIFIED.);
#1740 = CARTESIAN_POINT('', (100.3968051895414, -80.8288110833184, 13.0));
#1741 = CARTESIAN_POINT('', (100.26546150747055, -80.98459274121858, 13.0));
#1742 = PLANE('', #1743);
#1743 = AXIS2_PLACEMENT_3D('', #1744, #1745, #1746);
#1744 = CARTESIAN_POINT('', (143.0, -77.0, 13.0));
#1745 = DIRECTION('', (0.0, 0.0, 1.0));
#1746 = DIRECTION('', (-1.0, 0.0, 0.0));
#1747 = CYLINDRICAL_SURFACE('', #1748, 4.800138920691331);
#1748 = AXIS2_PLACEMENT_3D('', #1749, #1750, #1751);
#1749 = CARTESIAN_POINT('', (104.00013901908319, -84.00013871868113, 14.0000003));
#1750 = DIRECTION('', (0.0, 0.0, 1.0));
#1751 = DIRECTION('', (0.7071088275678551, -0.7071047347993179, 0.0));
#1752 = SURFACE_CURVE('', #1753, (#662, #672), .CURVE_3D.);
#1753 = INTERSECTION_CURVE('', #1754, (#1758, #1763), .CURVE_3D.);
#1754 = B_SPLINE_CURVE_WITH_KNOTS('', 1, (#1755, #1756, #1757), .UNSPECIFIED., .U., .U., (2, 1, 2), (0.0, 0.5, 1.0), .UNSPECIFIED.);
#1755 = CARTESIAN_POINT('', (100.67872421476041, -80.5346607926347, 13.0));
#1756 = CARTESIAN_POINT('', (100.53464219939276, -80.67874361260729, 13.0));
#1757 = CARTESIAN_POINT('', (100.3968051895414, -80.8288110833184, 13.0));
#1758 = PLANE('', #1759);
#1759 = AXIS2_PLACEMENT_3D('', #1760, #1761, #1762);
#1760 = CARTESIAN_POINT('', (143.0, -77.0, 13.0));
#1761 = DIRECTION('', (0.0, 0.0, 1.0));
#1762 = DIRECTION('', (-1.0, 0.0, 0.0));
#1763 = CYLINDRICAL_SURFACE('', #1764, 4.800138920691331);
#1764 = AXIS2_PLACEMENT_3D('', #1765, #1766, #1767);
#1765 = CARTESIAN_POINT('', (104.00013901908319, -84.00013871868113, 14.0000003));
#1766 = DIRECTION('', (0.0, 0.0, 1.0));
#1767 = DIRECTION('', (0.7071088275678551, -0.7071047347993179, 0.0));
#1768 = SURFACE_CURVE('', #1769, (#662, #672), .CURVE_3D.);
#1769 = INTERSECTION_CURVE('', #1770, (#1773, #1778), .CURVE_3D.);
#1770 = B_SPLINE_CURVE_WITH_KNOTS('', 1, (#1771, #1772), .UNSPECIFIED., .U., .U., (2, 2), (0.0, 1.0), .UNSPECIFIED.);
#1771 = CARTESIAN_POINT('', (100.6787242077375, -80.5346607849887, 13.0));
#1772 = CARTESIAN_POINT('', (100.82879052750164, -80.39682324499871, 13.0));
#1773 = PLANE('', #1774);
#1774 = AXIS2_PLACEMENT_3D('', #1775, #1776, #1777);
#1775 = CARTESIAN_POINT('', (143.0, -77.0, 13.0));
#1776 = DIRECTION('', (0.0, 0.0, 1.0));
#1777 = DIRECTION('', (-1.0, 0.0, 0.0));
#1778 = CYLINDRICAL_SURFACE('', #1779, 4.800138920691331);
#1779 = AXIS2_PLACEMENT_3D('', #1780, #1781, #1782);
#1780 = CARTESIAN_POINT('', (104.00013901908319, -84.00013871868113, 14.0000003));
#1781 = DIRECTION('', (0.0, 0.0, 1.0));
#1782 = DIRECTION('', (0.7071088275678551, -0.7071047347993179, 0.0));
#1783 = SURFACE_CURVE('', #1784, (#662, #672), .CURVE_3D.);
#1784 = INTERSECTION_CURVE('', #1785, (#1789, #1794), .CURVE_3D.);
#1785 = B_SPLINE_CURVE_WITH_KNOTS('', 1, (#1786, #1787, #1788), .UNSPECIFIED., .U., .U., (2, 1, 2), (0.0, 0.5, 1.0), .UNSPECIFIED.);
#1786 = CARTESIAN_POINT('', (100.82879052750164, -80.3968232449987, 13.0));
#1787 = CARTESIAN_POINT('', (100.98457180574275, -80.26547835396764, 13.0));
#1788 = CARTESIAN_POINT('', (101.14578737880832, -80.1408628446408, 13.0));
#1789 = PLANE('', #1790);
#1790 = AXIS2_PLACEMENT_3D('', #1791, #1792, #1793);
#1791 = CARTESIAN_POINT('', (143.0, -77.0, 13.0));
#1792 = DIRECTION('', (0.0, 0.0, 1.0));
#1793 = DIRECTION('', (-1.0, 0.0, 0.0));
#1794 = CYLINDRICAL_SURFACE('', #1795, 4.800138920691331);
#1795 = AXIS2_PLACEMENT_3D('', #1796, #1797, #1798);
#1796 = CARTESIAN_POINT('', (104.00013901908319, -84.00013871868113, 14.0000003));
#1797 = DIRECTION('', (0.0, 0.0, 1.0));
#1798 = DIRECTION('', (0.7071088275678551, -0.7071047347993179, 0.0));
#1799 = SURFACE_CURVE('', #1800, (#662, #672), .CURVE_3D.);
#1800 = INTERSECTION_CURVE('', #1801, (#1807, #1812), .CURVE_3D.);
#1801 = B_SPLINE_CURVE_WITH_KNOTS('', 1, (#1802, #1803, #1804, #1805, #1806), .UNSPECIFIED., .U., .U., (2, 1, 1, 1, 2), (0.0, 0.25, 0.5, 0.75, 1.0), .UNSPECIFIED.);
#1802 = CARTESIAN_POINT('', (101.83904083773635, -79.71399962755085, 13.0));
#1803 = CARTESIAN_POINT('', (101.65908506013243, -79.80957789473206, 13.0));
#1804 = CARTESIAN_POINT('', (101.48334774022567, -79.91270733496317, 13.0));
#1805 = CARTESIAN_POINT('', (101.31214554754305, -80.02320211434692, 13.0));
#1806 = CARTESIAN_POINT('', (101.14578737281343, -80.14086283616473, 13.0));
#1807 = PLANE('', #1808);
#1808 = AXIS2_PLACEMENT_3D('', #1809, #1810, #1811);
#1809 = CARTESIAN_POINT('', (143.0, -77.0, 13.0));
#1810 = DIRECTION('', (0.0, 0.0, 1.0));
#1811 = DIRECTION('', (-1.0, 0.0, 0.0));
#1812 = CYLINDRICAL_SURFACE('', #1813, 4.800138920691331);
#1813 = AXIS2_PLACEMENT_3D('', #1814, #1815, #1816);
#1814 = CARTESIAN_POINT('', (104.00013901908319, -84.00013871868113, 14.0000003));
#1815 = DIRECTION('', (0.0, 0.0, 1.0));
#1816 = DIRECTION('', (0.7071088275678551, -0.7071047347993179, 0.0));
#1817 = SURFACE_CURVE('', #1818, (#662, #672), .CURVE_3D.);
#1818 = INTERSECTION_CURVE('', #1819, (#1822, #1827), .CURVE_3D.);
#1819 = B_SPLINE_CURVE_WITH_KNOTS('', 1, (#1820, #1821), .UNSPECIFIED., .U., .U., (2, 2), (0.0, 1.0), .UNSPECIFIED.);
#1820 = CARTESIAN_POINT('', (102.02289125185955, -79.62614456855943, 13.0));
#1821 = CARTESIAN_POINT('', (101.83904083773635, -79.71399962755085, 13.0));
#1822 = PLANE('', #1823);
#1823 = AXIS2_PLACEMENT_3D('', #1824, #1825, #1826);
#1824 = CARTESIAN_POINT('', (143.0, -77.0, 13.0));
#1825 = DIRECTION('', (0.0, 0.0, 1.0));
#1826 = DIRECTION('', (-1.0, 0.0, 0.0));
#1827 = CYLINDRICAL_SURFACE('', #1828, 4.800138920691331);
#1828 = AXIS2_PLACEMENT_3D('', #1829, #1830, #1831);
#1829 = CARTESIAN_POINT('', (104.00013901908319, -84.00013871868113, 14.0000003));
#1830 = DIRECTION('', (0.0, 0.0, 1.0));
#1831 = DIRECTION('', (0.7071088275678551, -0.7071047347993179, 0.0));
#1832 = SURFACE_CURVE('', #1833, (#662, #672), .CURVE_3D.);
#1833 = INTERSECTION_CURVE('', #1834, (#1854, #1859), .CURVE_3D.);
#1834 = B_SPLINE_CURVE_WITH_KNOTS('', 1, (#1835, #1836, #1837, #1838, #1839, #1840, #1841, #1842, #1843, #1844, #1845, #1846, #1847, #1848, #1849, #1850, #1851, #1852, #1853), .UNSPECIFIED., .U., .U., (2, 1, 1, 1, 1, 1, 1, 1, 1, 1, 1, 1, 1, 1, 1, 1, 1, 1, 2), (0.0, 0.05555555555555555, 0.1111111111111111, 0.16666666666666666, 0.2222222222222222, 0.2777777777777778, 0.3333333333333333, 0.3888888888888889, 0.4444444444444444, 0.5, 0.5555555555555556, 0.6111111111111112, 0.6666666666666666, 0.7222222222222222, 0.7777777777777778, 0.8333333333333334, 0.8888888888888888, 0.9444444444444444, 1.0), .UNSPECIFIED.);
#1835 = CARTESIAN_POINT('', (104.0000001, -79.1999998, 13.0));
#1836 = CARTESIAN_POINT('', (103.89811869048967, -79.20108407109798, 13.0));
#1837 = CARTESIAN_POINT('', (103.89132823078732, -79.20123323198042, 13.0));
#1838 = CARTESIAN_POINT('', (103.88356795553031, -79.20141546711953, 13.0));
#1839 = CARTESIAN_POINT('', (103.87461412329229, -79.20164133319967, 13.0));
#1840 = CARTESIAN_POINT('', (103.864168434625, -79.20192596202915, 13.0));
#1841 = CARTESIAN_POINT('', (103.8518241531887, -79.20229166416902, 13.0));
#1842 = CARTESIAN_POINT('', (103.83701190691897, -79.2027724408978, 13.0));
#1843 = CARTESIAN_POINT('', (103.81890937118258, -79.20342218831814, 13.0));
#1844 = CARTESIAN_POINT('', (103.7962833060917, -79.20433049626267, 13.0));
#1845 = CARTESIAN_POINT('', (103.59293384959494, -79.2173029899656, 13.0));
#1846 = CARTESIAN_POINT('', (103.39031815567337, -79.2388939053486, 13.0));
#1847 = CARTESIAN_POINT('', (103.18880132728854, -79.26906433670307, 13.0));
#1848 = CARTESIAN_POINT('', (102.98874648730337, -79.307759918478, 13.0));
#1849 = CARTESIAN_POINT('', (102.79051412415356, -79.35491092324395, 13.0));
#1850 = CARTESIAN_POINT('', (102.5944614422662, -79.41043238733818, 13.0));
#1851 = CARTESIAN_POINT('', (102.40094171839587, -79.47422426396481, 13.0));
#1852 = CARTESIAN_POINT('', (102.21030366503832, -79.54617160347397, 13.0));
#1853 = CARTESIAN_POINT('', (102.02289124778488, -79.62614455901064, 13.0));
#1854 = PLANE('', #1855);
#1855 = AXIS2_PLACEMENT_3D('', #1856, #1857, #1858);
#1856 = CARTESIAN_POINT('', (143.0, -77.0, 13.0));
#1857 = DIRECTION('', (0.0, 0.0, 1.0));
#1858 = DIRECTION('', (-1.0, 0.0, 0.0));
#1859 = CYLINDRICAL_SURFACE('', #1860, 4.800138920691331);
#1860 = AXIS2_PLACEMENT_3D('', #1861, #1862, #1863);
#1861 = CARTESIAN_POINT('', (104.00013901908319, -84.00013871868113, 14.0000003));
#1862 = DIRECTION('', (0.0, 0.0, 1.0));
#1863 = DIRECTION('', (0.7071088275678551, -0.7071047347993179, 0.0));
#1864 = SURFACE_CURVE('', #1865, (#662, #667), .CURVE_3D.);
#1865 = INTERSECTION_CURVE('', #1866, (#1871, #1876), .CURVE_3D.);
#1866 = B_SPLINE_CURVE_WITH_KNOTS('', 1, (#1867, #1868, #1869, #1870), .UNSPECIFIED., .U., .U., (2, 1, 1, 2), (0.0, 0.3333333333333333, 0.6666666666666666, 1.0), .UNSPECIFIED.);
#1867 = CARTESIAN_POINT('', (135.9999723169638, -79.19999979967899, 13.0));
#1868 = CARTESIAN_POINT('', (116.25714174217208, -79.19999979987705, 13.0));
#1869 = CARTESIAN_POINT('', (111.99999555423886, -79.19999979991975, 13.0));
#1870 = CARTESIAN_POINT('', (104.0000001, -79.1999998, 13.0));
#1871 = PLANE('', #1872);
#1872 = AXIS2_PLACEMENT_3D('', #1873, #1874, #1875);
#1873 = CARTESIAN_POINT('', (143.0, -77.0, 13.0));
#1874 = DIRECTION('', (0.0, 0.0, 1.0));
#1875 = DIRECTION('', (-1.0, 0.0, 0.0));
#1876 = PLANE('', #1877);
#1877 = AXIS2_PLACEMENT_3D('', #1878, #1879, #1880);
#1878 = CARTESIAN_POINT('', (135.9999723169638, -79.19999979967899, 10.0000003));
#1879 = DIRECTION('', (-1.0031539871E-11, 1.0, 0.0));
#1880 = DIRECTION('', (-1.0, -1.0031539871E-11, 0.0));
#1881 = SURFACE_CURVE('', #1882, (#667, #752), .CURVE_3D.);
#1882 = LINE('', #1883, #1884);
#1883 = CARTESIAN_POINT('', (135.9999723169638, -79.19999979967899, 10.0000003));
#1884 = VECTOR('', #1885, 2.9999997);
#1885 = DIRECTION('', (0.0, 0.0, 1.0));
#1886 = SURFACE_CURVE('', #1887, (#667, #677), .CURVE_3D.);
#1887 = LINE('', #1888, #1889);
#1888 = CARTESIAN_POINT('', (135.9999723169638, -79.19999979967899, 10.0000003));
#1889 = VECTOR('', #1890, 31.999972216963812);
#1890 = DIRECTION('', (-1.0, -1.0031539871E-11, 0.0));
#1891 = SURFACE_CURVE('', #1892, (#667, #672), .CURVE_3D.);
#1892 = LINE('', #1893, #1894);
#1893 = CARTESIAN_POINT('', (104.0000001, -79.1999998, 10.0000003));
#1894 = VECTOR('', #1895, 2.9999997);
#1895 = DIRECTION('', (0.0, 0.0, 1.0));
#1896 = SURFACE_CURVE('', #1897, (#672, #677), .CURVE_3D.);
#1897 = (
    BOUNDED_CURVE()
    B_SPLINE_CURVE(2, (#1898, #1899, #1900, #1901, #1902, #1903), .UNSPECIFIED., .U., .U.)
    B_SPLINE_CURVE_WITH_KNOTS((3, 1, 1, 1, 3), (0.0, 0.25, 0.5, 0.75, 1.0), .UNSPECIFIED.)
    CURVE()
    GEOMETRIC_REPRESENTATION_ITEM()
    RATIONAL_B_SPLINE_CURVE((1.0, 0.9267812996709628, 0.8535625993419257, 0.8535625993419257, 0.9267812996709628, 1.0))
    REPRESENTATION_ITEM('')
);
#1898 = CARTESIAN_POINT('', (104.0000001, -79.1999998, 10.0000003));
#1899 = CARTESIAN_POINT('', (103.0844328641285, -79.20002629710002, 10.0000003));
#1900 = CARTESIAN_POINT('', (101.30885455612841, -79.90299755010726, 10.000000300000002));
#1901 = CARTESIAN_POINT('', (99.90298227329227, -81.30887797022432, 10.000000300000002));
#1902 = CARTESIAN_POINT('', (99.20002129743061, -83.08446034702656, 10.0000003));
#1903 = CARTESIAN_POINT('', (99.2000000996784, -84.0000275830361, 10.0000003));
#1904 = SURFACE_CURVE('', #1905, (#672, #727), .CURVE_3D.);
#1905 = LINE('', #1906, #1907);
#1906 = CARTESIAN_POINT('', (99.2000000996784, -84.00002758303609, 10.0000003));
#1907 = VECTOR('', #1908, 2.9999997);
#1908 = DIRECTION('', (0.0, 0.0, 1.0));
#1909 = SURFACE_CURVE('', #1910, (#677, #727), .CURVE_3D.);
#1910 = LINE('', #1911, #1912);
#1911 = CARTESIAN_POINT('', (99.2000000996784, -84.00002758303609, 10.0000003));
#1912 = VECTOR('', #1913, 15.999972216963911);
#1913 = DIRECTION('', (2.0099512539E-11, -1.0, 0.0));
#1914 = SURFACE_CURVE('', #1915, (#677, #732), .CURVE_3D.);
#1915 = (
    BOUNDED_CURVE()
    B_SPLINE_CURVE(2, (#1916, #1917, #1918, #1919, #1920, #1921), .UNSPECIFIED., .U., .U.)
    B_SPLINE_CURVE_WITH_KNOTS((3, 1, 1, 1, 3), (0.0, 0.25, 0.5, 0.75, 1.0), .UNSPECIFIED.)
    CURVE()
    GEOMETRIC_REPRESENTATION_ITEM()
    RATIONAL_B_SPLINE_CURVE((1.0, 0.9267812996709718, 0.8535625993419436, 0.8535625993419436, 0.9267812996709718, 1.0))
    REPRESENTATION_ITEM('')
);
#1916 = CARTESIAN_POINT('', (99.2000001, -99.9999998, 10.0000003));
#1917 = CARTESIAN_POINT('', (99.20002659710013, -100.91556703587142, 10.000000300000002));
#1918 = CARTESIAN_POINT('', (99.90299785010748, -102.69114534387133, 10.0000003));
#1919 = CARTESIAN_POINT('', (101.30887827022448, -104.09701762670728, 10.0000003));
#1920 = CARTESIAN_POINT('', (103.08446064702665, -104.7999786025688, 10.000000300000002));
#1921 = CARTESIAN_POINT('', (104.00002788303608, -104.79999980032099, 10.0000003));
#1922 = SURFACE_CURVE('', #1923, (#677, #737), .CURVE_3D.);
#1923 = LINE('', #1924, #1925);
#1924 = CARTESIAN_POINT('', (104.00002788303608, -104.799999800321, 10.0000003));
#1925 = VECTOR('', #1926, 31.99997221696391);
#1926 = DIRECTION('', (1.0, 1.0031539871E-11, 0.0));
#1927 = SURFACE_CURVE('', #1928, (#677, #742), .CURVE_3D.);
#1928 = (
    BOUNDED_CURVE()
    B_SPLINE_CURVE(2, (#1929, #1930, #1931, #1932, #1933, #1934), .UNSPECIFIED., .U., .U.)
    B_SPLINE_CURVE_WITH_KNOTS((3, 1, 1, 1, 3), (0.0, 0.25, 0.5, 0.75, 1.0), .UNSPECIFIED.)
    CURVE()
    GEOMETRIC_REPRESENTATION_ITEM()
    RATIONAL_B_SPLINE_CURVE((1.0, 0.9267812996709477, 0.8535625993418953, 0.8535625993418952, 0.9267812996709476, 1.0))
    REPRESENTATION_ITEM('')
);
#1929 = CARTESIAN_POINT('', (136.0000001, -104.7999998, 10.0000003));
#1930 = CARTESIAN_POINT('', (136.9155673358715, -104.79997330290004, 10.0000003));
#1931 = CARTESIAN_POINT('', (138.69114564387158, -104.09700204989286, 10.0000003));
#1932 = CARTESIAN_POINT('', (140.0970179267077, -102.69112162977581, 10.000000300000002));
#1933 = CARTESIAN_POINT('', (140.79997890256922, -100.91553925297356, 10.0000003));
#1934 = CARTESIAN_POINT('', (140.8000001003213, -99.99997201696404, 10.0000003));
#1935 = SURFACE_CURVE('', #1936, (#677, #747), .CURVE_3D.);
#1936 = LINE('', #1937, #1938);
#1937 = CARTESIAN_POINT('', (140.8000001003213, -99.99997201696402, 10.0000003));
#1938 = VECTOR('', #1939, 15.999972216964025);
#1939 = DIRECTION('', (-2.0081748940E-11, 1.0, 0.0));
#1940 = SURFACE_CURVE('', #1941, (#677, #752), .CURVE_3D.);
#1941 = (
    BOUNDED_CURVE()
    B_SPLINE_CURVE(2, (#1942, #1943, #1944, #1945, #1946, #1947), .UNSPECIFIED., .U., .U.)
    B_SPLINE_CURVE_WITH_KNOTS((3, 1, 1, 1, 3), (0.0, 0.25, 0.5, 0.75, 1.0), .UNSPECIFIED.)
    CURVE()
    GEOMETRIC_REPRESENTATION_ITEM()
    RATIONAL_B_SPLINE_CURVE((1.0, 0.9267812996709884, 0.8535625993419769, 0.8535625993419769, 0.9267812996709884, 1.0))
    REPRESENTATION_ITEM('')
);
#1942 = CARTESIAN_POINT('', (140.8000001, -83.9999998, 10.0000003));
#1943 = CARTESIAN_POINT('', (140.7999736028998, -83.08443256412856, 10.0000003));
#1944 = CARTESIAN_POINT('', (140.09700234989234, -81.30885425612875, 10.000000300000002));
#1945 = CARTESIAN_POINT('', (138.69112192977533, -79.90298197329285, 10.000000300000002));
#1946 = CARTESIAN_POINT('', (136.91553955297329, -79.20002099743125, 10.0000003));
#1947 = CARTESIAN_POINT('', (135.9999723169638, -79.19999979967899, 10.0000003));
#1948 = SURFACE_CURVE('', #1949, (#677, #687), .CURVE_3D.);
#1949 = INTERSECTION_CURVE('', #1950, (#1955, #1960), .CURVE_3D.);
#1950 = B_SPLINE_CURVE_WITH_KNOTS('', 1, (#1951, #1952, #1953, #1954), .UNSPECIFIED., .U., .U., (2, 1, 1, 2), (0.0, 0.3333333333333333, 0.6666666666666666, 1.0), .UNSPECIFIED.);
#1951 = CARTESIAN_POINT('', (104.0, -80.4, 10.0000003));
#1952 = CARTESIAN_POINT('', (115.99997796272494, -80.39999999975902, 10.0000003));
#1953 = CARTESIAN_POINT('', (126.80003098145448, -80.39999999954212, 10.0000003));
#1954 = CARTESIAN_POINT('', (135.99994443392762, -80.39999999935735, 10.0000003));
#1955 = PLANE('', #1956);
#1956 = AXIS2_PLACEMENT_3D('', #1957, #1958, #1959);
#1957 = CARTESIAN_POINT('', (140.8000001003213, -79.19999979967899, 10.0000003));
#1958 = DIRECTION('', (0.0, 0.0, 1.0));
#1959 = DIRECTION('', (-1.0, 0.0, 0.0));
#1960 = PLANE('', #1961);
#1961 = AXIS2_PLACEMENT_3D('', #1962, #1963, #1964);
#1962 = CARTESIAN_POINT('', (135.99994443392762, -80.39999999935736, 5.0));
#1963 = DIRECTION('', (-2.0082637120E-11, 0.9999999999999999, 0.0));
#1964 = DIRECTION('', (-0.9999999999999999, -2.0082637120E-11, 0.0));
#1965 = SURFACE_CURVE('', #1966, (#677, #697), .CURVE_3D.);
#1966 = INTERSECTION_CURVE('', #1967, (#1986, #1991), .CURVE_3D.);
#1967 = B_SPLINE_CURVE_WITH_KNOTS('', 1, (#1968, #1969, #1970, #1971, #1972, #1973, #1974, #1975, #1976, #1977, #1978, #1979, #1980, #1981, #1982, #1983, #1984, #1985), .UNSPECIFIED., .U., .U., (2, 1, 1, 1, 1, 1, 1, 1, 1, 1, 1, 1, 1, 1, 1, 1, 1, 2), (0.0, 0.058823529411764705, 0.11764705882352941, 0.17647058823529413, 0.23529411764705882, 0.29411764705882354, 0.35294117647058826, 0.4117647058823529, 0.47058823529411764, 0.5294117647058824, 0.5882352941176471, 0.6470588235294118, 0.7058823529411765, 0.7647058823529411, 0.8235294117647058, 0.8823529411764706, 0.9411764705882353, 1.0), .UNSPECIFIED.);
#1968 = CARTESIAN_POINT('', (137.70586580998383, -80.82987897494431, 10.0000003));
#1969 = CARTESIAN_POINT('', (137.70237006045446, -80.82800029922427, 10.0000003));
#1970 = CARTESIAN_POINT('', (137.56192052386896, -80.75653435848284, 10.0000003));
#1971 = CARTESIAN_POINT('', (137.5521118744449, -80.75182893959453, 10.0000003));
#1972 = CARTESIAN_POINT('', (137.41482970516245, -80.68972141654186, 10.0000003));
#1973 = CARTESIAN_POINT('', (137.26488955191627, -80.62957469091955, 10.0000003));
#1974 = CARTESIAN_POINT('', (137.1124019999121, -80.57621529959683, 10.0000003));
#1975 = CARTESIAN_POINT('', (136.9576741146503, -80.52975069284082, 10.0000003));
#1976 = CARTESIAN_POINT('', (136.8010174730099, -80.49027443683148, 10.0000003));
#1977 = CARTESIAN_POINT('', (136.6427475358231, -80.45786602524649, 10.0000003));
#1978 = CARTESIAN_POINT('', (136.48318301262944, -80.43259071918413, 10.0000003));
#1979 = CARTESIAN_POINT('', (136.3226452198874, -80.41449941574655, 10.0000003));
#1980 = CARTESIAN_POINT('', (136.16145761151162, -80.40362855352642, 10.0000003));
#1981 = CARTESIAN_POINT('', (136.14903930309063, -80.40309206002127, 10.0000003));
#1982 = CARTESIAN_POINT('', (136.13839427144995, -80.40266636138668, 10.0000003));
#1983 = CARTESIAN_POINT('', (136.1291680045502, -80.40232291937451, 10.0000003));
#1984 = CARTESIAN_POINT('', (136.12109458474256, -80.40204182675649, 10.0000003));
#1985 = CARTESIAN_POINT('', (135.99994443392762, -80.39999999935735, 10.0000003));
#1986 = PLANE('', #1987);
#1987 = AXIS2_PLACEMENT_3D('', #1988, #1989, #1990);
#1988 = CARTESIAN_POINT('', (140.8000001003213, -79.19999979967899, 10.0000003));
#1989 = DIRECTION('', (0.0, 0.0, 1.0));
#1990 = DIRECTION('', (-1.0, 0.0, 0.0));
#1991 = CYLINDRICAL_SURFACE('', #1992, 3.6001389218356925);
#1992 = AXIS2_PLACEMENT_3D('', #1993, #1994, #1995);
#1993 = CARTESIAN_POINT('', (135.9998610808446, -84.0001389202281, 13.0));
#1994 = DIRECTION('', (0.0, 0.0, 1.0));
#1995 = DIRECTION('', (-0.7071013241670318, -0.7071122381639495, 0.0));
#1996 = SURFACE_CURVE('', #1997, (#677, #697), .CURVE_3D.);
#1997 = INTERSECTION_CURVE('', #1998, (#2004, #2009), .CURVE_3D.);
#1998 = B_SPLINE_CURVE_WITH_KNOTS('', 1, (#1999, #2000, #2001, #2002, #2003), .UNSPECIFIED., .U., .U., (2, 1, 1, 1, 2), (0.0, 0.25, 0.5, 0.75, 1.0), .UNSPECIFIED.);
#1999 = CARTESIAN_POINT('', (138.11596499332794, -81.08756197049973, 10.0000003));
#2000 = CARTESIAN_POINT('', (137.98316724686254, -80.99555959720274, 10.0000003));
#2001 = CARTESIAN_POINT('', (137.92493066105163, -80.95791812484231, 10.0000003));
#2002 = CARTESIAN_POINT('', (137.84637569964113, -80.90960757123858, 10.0000003));
#2003 = CARTESIAN_POINT('', (137.70586580800855, -80.82987897882094, 10.0000003));
#2004 = PLANE('', #2005);
#2005 = AXIS2_PLACEMENT_3D('', #2006, #2007, #2008);
#2006 = CARTESIAN_POINT('', (140.8000001003213, -79.19999979967899, 10.0000003));
#2007 = DIRECTION('', (0.0, 0.0, 1.0));
#2008 = DIRECTION('', (-1.0, 0.0, 0.0));
#2009 = CYLINDRICAL_SURFACE('', #2010, 3.6001389218356925);
#2010 = AXIS2_PLACEMENT_3D('', #2011, #2012, #2013);
#2011 = CARTESIAN_POINT('', (135.9998610808446, -84.0001389202281, 13.0));
#2012 = DIRECTION('', (0.0, 0.0, 1.0));
#2013 = DIRECTION('', (-0.7071013241670318, -0.7071122381639495, 0.0));
#2014 = SURFACE_CURVE('', #2015, (#677, #697), .CURVE_3D.);
#2015 = INTERSECTION_CURVE('', #2016, (#2020, #2025), .CURVE_3D.);
#2016 = B_SPLINE_CURVE_WITH_KNOTS('', 1, (#2017, #2018, #2019), .UNSPECIFIED., .U., .U., (2, 1, 2), (0.0, 0.5, 1.0), .UNSPECIFIED.);
#2017 = CARTESIAN_POINT('', (138.1159649908502, -81.08756197407617, 10.0000003));
#2018 = CARTESIAN_POINT('', (138.24450152322098, -81.18542942527758, 10.0000003));
#2019 = CARTESIAN_POINT('', (138.36851800096363, -81.28896488463235, 10.0000003));
#2020 = PLANE('', #2021);
#2021 = AXIS2_PLACEMENT_3D('', #2022, #2023, #2024);
#2022 = CARTESIAN_POINT('', (140.8000001003213, -79.19999979967899, 10.0000003));
#2023 = DIRECTION('', (0.0, 0.0, 1.0));
#2024 = DIRECTION('', (-1.0, 0.0, 0.0));
#2025 = CYLINDRICAL_SURFACE('', #2026, 3.6001389218356925);
#2026 = AXIS2_PLACEMENT_3D('', #2027, #2028, #2029);
#2027 = CARTESIAN_POINT('', (135.9998610808446, -84.0001389202281, 13.0));
#2028 = DIRECTION('', (0.0, 0.0, 1.0));
#2029 = DIRECTION('', (-0.7071013241670318, -0.7071122381639495, 0.0));
#2030 = SURFACE_CURVE('', #2031, (#677, #697), .CURVE_3D.);
#2031 = INTERSECTION_CURVE('', #2032, (#2036, #2041), .CURVE_3D.);
#2032 = B_SPLINE_CURVE_WITH_KNOTS('', 1, (#2033, #2034, #2035), .UNSPECIFIED., .U., .U., (2, 1, 2), (0.0, 0.5, 1.0), .UNSPECIFIED.);
#2033 = CARTESIAN_POINT('', (138.36851799817526, -81.28896488797228, 10.0000003));
#2034 = CARTESIAN_POINT('', (138.48776469410228, -81.39795985881523, 10.0000003));
#2035 = CARTESIAN_POINT('', (138.60200160797302, -81.51219500333767, 10.0000003));
#2036 = PLANE('', #2037);
#2037 = AXIS2_PLACEMENT_3D('', #2038, #2039, #2040);
#2038 = CARTESIAN_POINT('', (140.8000001003213, -79.19999979967899, 10.0000003));
#2039 = DIRECTION('', (0.0, 0.0, 1.0));
#2040 = DIRECTION('', (-1.0, 0.0, 0.0));
#2041 = CYLINDRICAL_SURFACE('', #2042, 3.6001389218356925);
#2042 = AXIS2_PLACEMENT_3D('', #2043, #2044, #2045);
#2043 = CARTESIAN_POINT('', (135.9998610808446, -84.0001389202281, 13.0));
#2044 = DIRECTION('', (0.0, 0.0, 1.0));
#2045 = DIRECTION('', (-0.7071013241670318, -0.7071122381639495, 0.0));
#2046 = SURFACE_CURVE('', #2047, (#677, #697), .CURVE_3D.);
#2047 = INTERSECTION_CURVE('', #2048, (#2058, #2063), .CURVE_3D.);
#2048 = B_SPLINE_CURVE_WITH_KNOTS('', 1, (#2049, #2050, #2051, #2052, #2053, #2054, #2055, #2056, #2057), .UNSPECIFIED., .U., .U., (2, 1, 1, 1, 1, 1, 1, 1, 2), (0.0, 0.125, 0.25, 0.375, 0.5, 0.625, 0.75, 0.875, 1.0), .UNSPECIFIED.);
#2049 = CARTESIAN_POINT('', (138.60200160797302, -81.51219500333767, 10.0000003));
#2050 = CARTESIAN_POINT('', (138.71099830151417, -81.63143986226056, 10.0000003));
#2051 = CARTESIAN_POINT('', (138.81453568849113, -81.75545473095201, 10.0000003));
#2052 = CARTESIAN_POINT('', (138.856800772591, -81.80950069034157, 10.0000003));
#2053 = CARTESIAN_POINT('', (138.91240514090077, -81.88398973958233, 10.0000003));
#2054 = CARTESIAN_POINT('', (139.00440957818154, -82.01678605609457, 10.0000003));
#2055 = CARTESIAN_POINT('', (139.09036373020342, -82.15357626739922, 10.0000003));
#2056 = CARTESIAN_POINT('', (139.09290098772885, -82.15782939386247, 10.0000003));
#2057 = CARTESIAN_POINT('', (139.17009451025558, -82.29408491769439, 10.0000003));
#2058 = PLANE('', #2059);
#2059 = AXIS2_PLACEMENT_3D('', #2060, #2061, #2062);
#2060 = CARTESIAN_POINT('', (140.8000001003213, -79.19999979967899, 10.0000003));
#2061 = DIRECTION('', (0.0, 0.0, 1.0));
#2062 = DIRECTION('', (-1.0, 0.0, 0.0));
#2063 = CYLINDRICAL_SURFACE('', #2064, 3.6001389218356925);
#2064 = AXIS2_PLACEMENT_3D('', #2065, #2066, #2067);
#2065 = CARTESIAN_POINT('', (135.9998610808446, -84.0001389202281, 13.0));
#2066 = DIRECTION('', (0.0, 0.0, 1.0));
#2067 = DIRECTION('', (-0.7071013241670318, -0.7071122381639495, 0.0));
#2068 = SURFACE_CURVE('', #2069, (#677, #697), .CURVE_3D.);
#2069 = INTERSECTION_CURVE('', #2070, (#2075, #2080), .CURVE_3D.);
#2070 = B_SPLINE_CURVE_WITH_KNOTS('', 1, (#2071, #2072, #2073, #2074), .UNSPECIFIED., .U., .U., (2, 1, 1, 2), (0.0, 0.3333333333333333, 0.6666666666666666, 1.0), .UNSPECIFIED.);
#2071 = CARTESIAN_POINT('', (139.3102566682716, -82.58511902239621, 10.0000003));
#2072 = CARTESIAN_POINT('', (139.24816130129597, -82.44786770219571, 10.0000003));
#2073 = CARTESIAN_POINT('', (139.24344144810993, -82.43802923854528, 10.0000003));
#2074 = CARTESIAN_POINT('', (139.1700945064715, -82.29408491984165, 10.0000003));
#2075 = PLANE('', #2076);
#2076 = AXIS2_PLACEMENT_3D('', #2077, #2078, #2079);
#2077 = CARTESIAN_POINT('', (140.8000001003213, -79.19999979967899, 10.0000003));
#2078 = DIRECTION('', (0.0, 0.0, 1.0));
#2079 = DIRECTION('', (-1.0, 0.0, 0.0));
#2080 = CYLINDRICAL_SURFACE('', #2081, 3.6001389218356925);
#2081 = AXIS2_PLACEMENT_3D('', #2082, #2083, #2084);
#2082 = CARTESIAN_POINT('', (135.9998610808446, -84.0001389202281, 13.0));
#2083 = DIRECTION('', (0.0, 0.0, 1.0));
#2084 = DIRECTION('', (-0.7071013241670318, -0.7071122381639495, 0.0));
#2085 = SURFACE_CURVE('', #2086, (#677, #697), .CURVE_3D.);
#2086 = INTERSECTION_CURVE('', #2087, (#2102, #2107), .CURVE_3D.);
#2087 = B_SPLINE_CURVE_WITH_KNOTS('', 1, (#2088, #2089, #2090, #2091, #2092, #2093, #2094, #2095, #2096, #2097, #2098, #2099, #2100, #2101), .UNSPECIFIED., .U., .U., (2, 1, 1, 1, 1, 1, 1, 1, 1, 1, 1, 1, 1, 2), (0.0, 0.07692307692307693, 0.15384615384615385, 0.23076923076923078, 0.3076923076923077, 0.38461538461538464, 0.46153846153846156, 0.5384615384615384, 0.6153846153846154, 0.6923076923076923, 0.7692307692307693, 0.8461538461538461, 0.9230769230769231, 1.0), .UNSPECIFIED.);
#2088 = CARTESIAN_POINT('', (139.6, -84.0000006014338, 10.0000003));
#2089 = CARTESIAN_POINT('', (139.59795630268215, -83.87884988071454, 10.0000003));
#2090 = CARTESIAN_POINT('', (139.59767508545315, -83.87077646524642, 10.0000003));
#2091 = CARTESIAN_POINT('', (139.59733150103614, -83.86155020364873, 10.0000003));
#2092 = CARTESIAN_POINT('', (139.5969056380985, -83.85090517857985, 10.0000003));
#2093 = CARTESIAN_POINT('', (139.59636895291953, -83.83848687842473, 10.0000003));
#2094 = CARTESIAN_POINT('', (139.5854955854264, -83.67729924474085, 10.0000003));
#2095 = CARTESIAN_POINT('', (139.56740179548768, -83.51676173222674, 10.0000003));
#2096 = CARTESIAN_POINT('', (139.54212401799964, -83.35719760053094, 10.0000003));
#2097 = CARTESIAN_POINT('', (139.5097131550411, -83.1989281653236, 10.0000003));
#2098 = CARTESIAN_POINT('', (139.47023447264675, -83.04227213513333, 10.0000003));
#2099 = CARTESIAN_POINT('', (139.4237674693803, -82.88754496956115, 10.0000003));
#2100 = CARTESIAN_POINT('', (139.37040571624752, -82.73505824403671, 10.0000003));
#2101 = CARTESIAN_POINT('', (139.3102566682716, -82.58511902239621, 10.0000003));
#2102 = PLANE('', #2103);
#2103 = AXIS2_PLACEMENT_3D('', #2104, #2105, #2106);
#2104 = CARTESIAN_POINT('', (140.8000001003213, -79.19999979967899, 10.0000003));
#2105 = DIRECTION('', (0.0, 0.0, 1.0));
#2106 = DIRECTION('', (-1.0, 0.0, 0.0));
#2107 = CYLINDRICAL_SURFACE('', #2108, 3.6001389218356925);
#2108 = AXIS2_PLACEMENT_3D('', #2109, #2110, #2111);
#2109 = CARTESIAN_POINT('', (135.9998610808446, -84.0001389202281, 13.0));
#2110 = DIRECTION('', (0.0, 0.0, 1.0));
#2111 = DIRECTION('', (-0.7071013241670318, -0.7071122381639495, 0.0));
#2112 = SURFACE_CURVE('', #2113, (#677, #702), .CURVE_3D.);
#2113 = INTERSECTION_CURVE('', #2114, (#2119, #2124), .CURVE_3D.);
#2114 = B_SPLINE_CURVE_WITH_KNOTS('', 1, (#2115, #2116, #2117, #2118), .UNSPECIFIED., .U., .U., (2, 1, 1, 2), (0.0, 0.3333333333333333, 0.6666666666666666, 1.0), .UNSPECIFIED.);
#2115 = CARTESIAN_POINT('', (139.60000000064295, -99.99994443392804, 10.0000003));
#2116 = CARTESIAN_POINT('', (139.6000000006244, -99.53843511995532, 10.0000003));
#2117 = CARTESIAN_POINT('', (139.6000000002411, -89.9999785627251, 10.0000003));
#2118 = CARTESIAN_POINT('', (139.6, -84.0000006014338, 10.0000003));
#2119 = PLANE('', #2120);
#2120 = AXIS2_PLACEMENT_3D('', #2121, #2122, #2123);
#2121 = CARTESIAN_POINT('', (140.8000001003213, -79.19999979967899, 10.0000003));
#2122 = DIRECTION('', (0.0, 0.0, 1.0));
#2123 = DIRECTION('', (-1.0, 0.0, 0.0));
#2124 = PLANE('', #2125);
#2125 = AXIS2_PLACEMENT_3D('', #2126, #2127, #2128);
#2126 = CARTESIAN_POINT('', (139.60000000064295, -99.99994443392805, 5.0));
#2127 = DIRECTION('', (1.0, 4.0184883978E-11, -0.0));
#2128 = DIRECTION('', (-4.0184883978E-11, 1.0, 0.0));
#2129 = SURFACE_CURVE('', #2130, (#677, #707), .CURVE_3D.);
#2130 = INTERSECTION_CURVE('', #2131, (#2151, #2156), .CURVE_3D.);
#2131 = B_SPLINE_CURVE_WITH_KNOTS('', 1, (#2132, #2133, #2134, #2135, #2136, #2137, #2138, #2139, #2140, #2141, #2142, #2143, #2144, #2145, #2146, #2147, #2148, #2149, #2150), .UNSPECIFIED., .U., .U., (2, 1, 1, 1, 1, 1, 1, 1, 1, 1, 1, 1, 1, 1, 1, 1, 1, 1, 2), (0.0, 0.05555555555555555, 0.1111111111111111, 0.16666666666666666, 0.2222222222222222, 0.2777777777777778, 0.3333333333333333, 0.3888888888888889, 0.4444444444444444, 0.5, 0.5555555555555556, 0.6111111111111112, 0.6666666666666666, 0.7222222222222222, 0.7777777777777778, 0.8333333333333334, 0.8888888888888888, 0.9444444444444444, 1.0), .UNSPECIFIED.);
#2132 = CARTESIAN_POINT('', (139.60000000064295, -99.99994443392804, 10.0000003));
#2133 = CARTESIAN_POINT('', (139.59999999987343, -99.99997283270719, 10.0000003));
#2134 = CARTESIAN_POINT('', (139.59795817324382, -100.12109458474299, 10.0000003));
#2135 = CARTESIAN_POINT('', (139.59767708062577, -100.12916800455064, 10.0000003));
#2136 = CARTESIAN_POINT('', (139.5973336386136, -100.13839427145038, 10.0000003));
#2137 = CARTESIAN_POINT('', (139.59690793997902, -100.14903930309106, 10.0000003));
#2138 = CARTESIAN_POINT('', (139.59657083978675, -100.15695709840247, 10.0000003));
#2139 = CARTESIAN_POINT('', (139.59637144647314, -100.16145761152826, 10.0000003));
#2140 = CARTESIAN_POINT('', (139.58550056686772, -100.32264541302038, 10.0000003));
#2141 = CARTESIAN_POINT('', (139.56740925478314, -100.483183204788, 10.0000003));
#2142 = CARTESIAN_POINT('', (139.5421339401262, -100.64274772662029, 10.0000003));
#2143 = CARTESIAN_POINT('', (139.50972552001636, -100.80101766206147, 10.0000003));
#2144 = CARTESIAN_POINT('', (139.47024925556906, -100.9576743015756, 10.0000003));
#2145 = CARTESIAN_POINT('', (139.423784640479, -101.11240218433466, 10.0000003));
#2146 = CARTESIAN_POINT('', (139.37042524094286, -101.26488973346478, 10.0000003));
#2147 = CARTESIAN_POINT('', (139.3102785072444, -101.4148298834713, 10.0000003));
#2148 = CARTESIAN_POINT('', (139.24817140754408, -101.55211114800812, 10.0000003));
#2149 = CARTESIAN_POINT('', (139.24346555738066, -101.5619206985791, 10.0000003));
#2150 = CARTESIAN_POINT('', (139.17012093316592, -101.70586598074343, 10.0000003));
#2151 = PLANE('', #2152);
#2152 = AXIS2_PLACEMENT_3D('', #2153, #2154, #2155);
#2153 = CARTESIAN_POINT('', (140.8000001003213, -79.19999979967899, 10.0000003));
#2154 = DIRECTION('', (0.0, 0.0, 1.0));
#2155 = DIRECTION('', (-1.0, 0.0, 0.0));
#2156 = CYLINDRICAL_SURFACE('', #2157, 3.6001389218346875);
#2157 = AXIS2_PLACEMENT_3D('', #2158, #2159, #2160);
#2158 = CARTESIAN_POINT('', (135.99986107977318, -99.9998610808456, 13.0));
#2159 = DIRECTION('', (0.0, 0.0, 1.0));
#2160 = DIRECTION('', (-0.7071122381638865, 0.7071013241670949, 0.0));
#2161 = SURFACE_CURVE('', #2162, (#677, #707), .CURVE_3D.);
#2162 = INTERSECTION_CURVE('', #2163, (#2169, #2174), .CURVE_3D.);
#2163 = B_SPLINE_CURVE_WITH_KNOTS('', 1, (#2164, #2165, #2166, #2167, #2168), .UNSPECIFIED., .U., .U., (2, 1, 1, 1, 2), (0.0, 0.25, 0.5, 0.75, 1.0), .UNSPECIFIED.);
#2164 = CARTESIAN_POINT('', (138.91243791552137, -102.11596515020803, 10.0000003));
#2165 = CARTESIAN_POINT('', (139.00444029597122, -101.98316740869812, 10.0000003));
#2166 = CARTESIAN_POINT('', (139.09039232930337, -101.84637586610633, 10.0000003));
#2167 = CARTESIAN_POINT('', (139.09291341303452, -101.84214974449625, 10.0000003));
#2168 = CARTESIAN_POINT('', (139.17012093316592, -101.70586598074343, 10.0000003));
#2169 = PLANE('', #2170);
#2170 = AXIS2_PLACEMENT_3D('', #2171, #2172, #2173);
#2171 = CARTESIAN_POINT('', (140.8000001003213, -79.19999979967899, 10.0000003));
#2172 = DIRECTION('', (0.0, 0.0, 1.0));
#2173 = DIRECTION('', (-1.0, 0.0, 0.0));
#2174 = CYLINDRICAL_SURFACE('', #2175, 3.6001389218346875);
#2175 = AXIS2_PLACEMENT_3D('', #2176, #2177, #2178);
#2176 = CARTESIAN_POINT('', (135.99986107977318, -99.9998610808456, 13.0));
#2177 = DIRECTION('', (0.0, 0.0, 1.0));
#2178 = DIRECTION('', (-0.7071122381638865, 0.7071013241670949, 0.0));
#2179 = SURFACE_CURVE('', #2180, (#677, #707), .CURVE_3D.);
#2180 = INTERSECTION_CURVE('', #2181, (#2186, #2191), .CURVE_3D.);
#2181 = B_SPLINE_CURVE_WITH_KNOTS('', 1, (#2182, #2183, #2184, #2185), .UNSPECIFIED., .U., .U., (2, 1, 1, 2), (0.0, 0.3333333333333333, 0.6666666666666666, 1.0), .UNSPECIFIED.);
#2182 = CARTESIAN_POINT('', (138.91243791552137, -102.11596515020803, 10.0000003));
#2183 = CARTESIAN_POINT('', (138.85681485605886, -102.19048094213514, 10.0000003));
#2184 = CARTESIAN_POINT('', (138.8145704539419, -102.244501674677, 10.0000003));
#2185 = CARTESIAN_POINT('', (138.711035115368, -102.36851800096417, 10.0000003));
#2186 = PLANE('', #2187);
#2187 = AXIS2_PLACEMENT_3D('', #2188, #2189, #2190);
#2188 = CARTESIAN_POINT('', (140.8000001003213, -79.19999979967899, 10.0000003));
#2189 = DIRECTION('', (0.0, 0.0, 1.0));
#2190 = DIRECTION('', (-1.0, 0.0, 0.0));
#2191 = CYLINDRICAL_SURFACE('', #2192, 3.6001389218346875);
#2192 = AXIS2_PLACEMENT_3D('', #2193, #2194, #2195);
#2193 = CARTESIAN_POINT('', (135.99986107977318, -99.9998610808456, 13.0));
#2194 = DIRECTION('', (0.0, 0.0, 1.0));
#2195 = DIRECTION('', (-0.7071122381638865, 0.7071013241670949, 0.0));
#2196 = SURFACE_CURVE('', #2197, (#677, #707), .CURVE_3D.);
#2197 = INTERSECTION_CURVE('', #2198, (#2202, #2207), .CURVE_3D.);
#2198 = B_SPLINE_CURVE_WITH_KNOTS('', 1, (#2199, #2200, #2201), .UNSPECIFIED., .U., .U., (2, 1, 2), (0.0, 0.5, 1.0), .UNSPECIFIED.);
#2199 = CARTESIAN_POINT('', (138.71103511202804, -102.36851799817582, 10.0000003));
#2200 = CARTESIAN_POINT('', (138.60204000731457, -102.48776483412236, 10.0000003));
#2201 = CARTESIAN_POINT('', (138.48780513682124, -102.60200147396591, 10.0000003));
#2202 = PLANE('', #2203);
#2203 = AXIS2_PLACEMENT_3D('', #2204, #2205, #2206);
#2204 = CARTESIAN_POINT('', (140.8000001003213, -79.19999979967899, 10.0000003));
#2205 = DIRECTION('', (0.0, 0.0, 1.0));
#2206 = DIRECTION('', (-1.0, 0.0, 0.0));
#2207 = CYLINDRICAL_SURFACE('', #2208, 3.6001389218346875);
#2208 = AXIS2_PLACEMENT_3D('', #2209, #2210, #2211);
#2209 = CARTESIAN_POINT('', (135.99986107977318, -99.9998610808456, 13.0));
#2210 = DIRECTION('', (0.0, 0.0, 1.0));
#2211 = DIRECTION('', (-0.7071122381638865, 0.7071013241670949, 0.0));
#2212 = SURFACE_CURVE('', #2213, (#677, #707), .CURVE_3D.);
#2213 = INTERSECTION_CURVE('', #2214, (#2223, #2228), .CURVE_3D.);
#2214 = B_SPLINE_CURVE_WITH_KNOTS('', 1, (#2215, #2216, #2217, #2218, #2219, #2220, #2221, #2222), .UNSPECIFIED., .U., .U., (2, 1, 1, 1, 1, 1, 1, 2), (0.0, 0.14285714285714285, 0.2857142857142857, 0.42857142857142855, 0.5714285714285714, 0.7142857142857143, 0.8571428571428571, 1.0), .UNSPECIFIED.);
#2215 = CARTESIAN_POINT('', (138.48780513374467, -102.60200147088942, 10.0000003));
#2216 = CARTESIAN_POINT('', (138.36855999185732, -102.710998428971, 10.0000003));
#2217 = CARTESIAN_POINT('', (138.24454511759467, -102.81453580927487, 10.0000003));
#2218 = CARTESIAN_POINT('', (138.1160101036981, -102.91240525476823, 10.0000003));
#2219 = CARTESIAN_POINT('', (137.98321378223523, -103.00440968490338, 10.0000003));
#2220 = CARTESIAN_POINT('', (137.92494739069278, -103.0420712892334, 10.0000003));
#2221 = CARTESIAN_POINT('', (137.84642356630548, -103.09036382956477, 10.0000003));
#2222 = CARTESIAN_POINT('', (137.70591491154818, -103.17009460214888, 10.0000003));
#2223 = PLANE('', #2224);
#2224 = AXIS2_PLACEMENT_3D('', #2225, #2226, #2227);
#2225 = CARTESIAN_POINT('', (140.8000001003213, -79.19999979967899, 10.0000003));
#2226 = DIRECTION('', (0.0, 0.0, 1.0));
#2227 = DIRECTION('', (-1.0, 0.0, 0.0));
#2228 = CYLINDRICAL_SURFACE('', #2229, 3.6001389218346875);
#2229 = AXIS2_PLACEMENT_3D('', #2230, #2231, #2232);
#2230 = CARTESIAN_POINT('', (135.99986107977318, -99.9998610808456, 13.0));
#2231 = DIRECTION('', (0.0, 0.0, 1.0));
#2232 = DIRECTION('', (-0.7071122381638865, 0.7071013241670949, 0.0));
#2233 = SURFACE_CURVE('', #2234, (#677, #707), .CURVE_3D.);
#2234 = INTERSECTION_CURVE('', #2235, (#2241, #2246), .CURVE_3D.);
#2235 = B_SPLINE_CURVE_WITH_KNOTS('', 1, (#2236, #2237, #2238, #2239, #2240), .UNSPECIFIED., .U., .U., (2, 1, 1, 1, 2), (0.0, 0.25, 0.5, 0.75, 1.0), .UNSPECIFIED.);
#2236 = CARTESIAN_POINT('', (137.70591491154818, -103.17009460214886, 10.0000003));
#2237 = CARTESIAN_POINT('', (137.70238970819648, -103.17198915611434, 10.0000003));
#2238 = CARTESIAN_POINT('', (137.5619707614549, -103.24344144811035, 10.0000003));
#2239 = CARTESIAN_POINT('', (137.55213157133923, -103.24816164845357, 10.0000003));
#2240 = CARTESIAN_POINT('', (137.41488097760393, -103.31025666827199, 10.0000003));
#2241 = PLANE('', #2242);
#2242 = AXIS2_PLACEMENT_3D('', #2243, #2244, #2245);
#2243 = CARTESIAN_POINT('', (140.8000001003213, -79.19999979967899, 10.0000003));
#2244 = DIRECTION('', (0.0, 0.0, 1.0));
#2245 = DIRECTION('', (-1.0, 0.0, 0.0));
#2246 = CYLINDRICAL_SURFACE('', #2247, 3.6001389218346875);
#2247 = AXIS2_PLACEMENT_3D('', #2248, #2249, #2250);
#2248 = CARTESIAN_POINT('', (135.99986107977318, -99.9998610808456, 13.0));
#2249 = DIRECTION('', (0.0, 0.0, 1.0));
#2250 = DIRECTION('', (-0.7071122381638865, 0.7071013241670949, 0.0));
#2251 = SURFACE_CURVE('', #2252, (#677, #707), .CURVE_3D.);
#2252 = INTERSECTION_CURVE('', #2253, (#2268, #2273), .CURVE_3D.);
#2253 = B_SPLINE_CURVE_WITH_KNOTS('', 1, (#2254, #2255, #2256, #2257, #2258, #2259, #2260, #2261, #2262, #2263, #2264, #2265, #2266, #2267), .UNSPECIFIED., .U., .U., (2, 1, 1, 1, 1, 1, 1, 1, 1, 1, 1, 1, 1, 2), (0.0, 0.07692307692307693, 0.15384615384615385, 0.23076923076923078, 0.3076923076923077, 0.38461538461538464, 0.46153846153846156, 0.5384615384615384, 0.6153846153846154, 0.6923076923076923, 0.7692307692307693, 0.8461538461538461, 0.9230769230769231, 1.0), .UNSPECIFIED.);
#2254 = CARTESIAN_POINT('', (136.0, -103.6, 10.0000003));
#2255 = CARTESIAN_POINT('', (136.12115011928546, -103.59795630268218, 10.0000003));
#2256 = CARTESIAN_POINT('', (136.12922353475358, -103.5976750854532, 10.0000003));
#2257 = CARTESIAN_POINT('', (136.1384497963513, -103.5973315010362, 10.0000003));
#2258 = CARTESIAN_POINT('', (136.14909482142016, -103.59690563809855, 10.0000003));
#2259 = CARTESIAN_POINT('', (136.16151312157527, -103.5963689529196, 10.0000003));
#2260 = CARTESIAN_POINT('', (136.32270075525918, -103.5854955854265, 10.0000003));
#2261 = CARTESIAN_POINT('', (136.4832382677733, -103.56740179548785, 10.0000003));
#2262 = CARTESIAN_POINT('', (136.6428023994691, -103.54212401799987, 10.0000003));
#2263 = CARTESIAN_POINT('', (136.80107183467646, -103.50971315504137, 10.0000003));
#2264 = CARTESIAN_POINT('', (136.95772786486677, -103.47023447264706, 10.0000003));
#2265 = CARTESIAN_POINT('', (137.11245503043895, -103.42376746938064, 10.0000003));
#2266 = CARTESIAN_POINT('', (137.2649417559634, -103.37040571624789, 10.0000003));
#2267 = CARTESIAN_POINT('', (137.41488097760393, -103.31025666827199, 10.0000003));
#2268 = PLANE('', #2269);
#2269 = AXIS2_PLACEMENT_3D('', #2270, #2271, #2272);
#2270 = CARTESIAN_POINT('', (140.8000001003213, -79.19999979967899, 10.0000003));
#2271 = DIRECTION('', (0.0, 0.0, 1.0));
#2272 = DIRECTION('', (-1.0, 0.0, 0.0));
#2273 = CYLINDRICAL_SURFACE('', #2274, 3.6001389218346875);
#2274 = AXIS2_PLACEMENT_3D('', #2275, #2276, #2277);
#2275 = CARTESIAN_POINT('', (135.99986107977318, -99.9998610808456, 13.0));
#2276 = DIRECTION('', (0.0, 0.0, 1.0));
#2277 = DIRECTION('', (-0.7071122381638865, 0.7071013241670949, 0.0));
#2278 = SURFACE_CURVE('', #2279, (#677, #712), .CURVE_3D.);
#2279 = INTERSECTION_CURVE('', #2280, (#2285, #2290), .CURVE_3D.);
#2280 = B_SPLINE_CURVE_WITH_KNOTS('', 1, (#2281, #2282, #2283, #2284), .UNSPECIFIED., .U., .U., (2, 1, 1, 2), (0.0, 0.3333333333333333, 0.6666666666666666, 1.0), .UNSPECIFIED.);
#2281 = CARTESIAN_POINT('', (136.0, -103.6, 10.0000003));
#2282 = CARTESIAN_POINT('', (124.00002203727497, -103.60000000024098, 10.0000003));
#2283 = CARTESIAN_POINT('', (113.19996615189893, -103.60000000045788, 10.0000003));
#2284 = CARTESIAN_POINT('', (104.00005556607215, -103.60000000064265, 10.0000003));
#2285 = PLANE('', #2286);
#2286 = AXIS2_PLACEMENT_3D('', #2287, #2288, #2289);
#2287 = CARTESIAN_POINT('', (140.8000001003213, -79.19999979967899, 10.0000003));
#2288 = DIRECTION('', (0.0, 0.0, 1.0));
#2289 = DIRECTION('', (-1.0, 0.0, 0.0));
#2290 = PLANE('', #2291);
#2291 = AXIS2_PLACEMENT_3D('', #2292, #2293, #2294);
#2292 = CARTESIAN_POINT('', (104.00005556607216, -103.60000000064264, 5.0));
#2293 = DIRECTION('', (2.0082637120E-11, -0.9999999999999999, 0.0));
#2294 = DIRECTION('', (0.9999999999999999, 2.0082637120E-11, 0.0));
#2295 = SURFACE_CURVE('', #2296, (#677, #717), .CURVE_3D.);
#2296 = INTERSECTION_CURVE('', #2297, (#2316, #2321), .CURVE_3D.);
#2297 = B_SPLINE_CURVE_WITH_KNOTS('', 1, (#2298, #2299, #2300, #2301, #2302, #2303, #2304, #2305, #2306, #2307, #2308, #2309, #2310, #2311, #2312, #2313, #2314, #2315), .UNSPECIFIED., .U., .U., (2, 1, 1, 1, 1, 1, 1, 1, 1, 1, 1, 1, 1, 1, 1, 1, 1, 2), (0.0, 0.058823529411764705, 0.11764705882352941, 0.17647058823529413, 0.23529411764705882, 0.29411764705882354, 0.35294117647058826, 0.4117647058823529, 0.47058823529411764, 0.5294117647058824, 0.5882352941176471, 0.6470588235294118, 0.7058823529411765, 0.7647058823529411, 0.8235294117647058, 0.8823529411764706, 0.9411764705882353, 1.0), .UNSPECIFIED.);
#2298 = CARTESIAN_POINT('', (104.00005556607215, -103.60000000064265, 10.0000003));
#2299 = CARTESIAN_POINT('', (103.87890541525721, -103.59795817324351, 10.0000003));
#2300 = CARTESIAN_POINT('', (103.87083199544956, -103.59767708062549, 10.0000003));
#2301 = CARTESIAN_POINT('', (103.86160572854982, -103.59733363861332, 10.0000003));
#2302 = CARTESIAN_POINT('', (103.85096069690914, -103.59690793997873, 10.0000003));
#2303 = CARTESIAN_POINT('', (103.83854238847194, -103.59637144647286, 10.0000003));
#2304 = CARTESIAN_POINT('', (103.67735458697985, -103.58550056686741, 10.0000003));
#2305 = CARTESIAN_POINT('', (103.51681679521222, -103.56740925478282, 10.0000003));
#2306 = CARTESIAN_POINT('', (103.35725227337994, -103.54213394012588, 10.0000003));
#2307 = CARTESIAN_POINT('', (103.19898233793876, -103.50972552001602, 10.0000003));
#2308 = CARTESIAN_POINT('', (103.04232569842466, -103.47024925556873, 10.0000003));
#2309 = CARTESIAN_POINT('', (102.88759781566561, -103.42378464047867, 10.0000003));
#2310 = CARTESIAN_POINT('', (102.73511026653549, -103.37042524094254, 10.0000003));
#2311 = CARTESIAN_POINT('', (102.58517011652899, -103.31027850724405, 10.0000003));
#2312 = CARTESIAN_POINT('', (102.44788921521825, -103.24817158111632, 10.0000003));
#2313 = CARTESIAN_POINT('', (102.4380793014212, -103.24346555738035, 10.0000003));
#2314 = CARTESIAN_POINT('', (102.29763124840133, -103.17200040324764, 10.0000003));
#2315 = CARTESIAN_POINT('', (102.29413419001594, -103.17012102505578, 10.0000003));
#2316 = PLANE('', #2317);
#2317 = AXIS2_PLACEMENT_3D('', #2318, #2319, #2320);
#2318 = CARTESIAN_POINT('', (140.8000001003213, -79.19999979967899, 10.0000003));
#2319 = DIRECTION('', (0.0, 0.0, 1.0));
#2320 = DIRECTION('', (-1.0, 0.0, 0.0));
#2321 = CYLINDRICAL_SURFACE('', #2322, 3.60013892183517);
#2322 = AXIS2_PLACEMENT_3D('', #2323, #2324, #2325);
#2323 = CARTESIAN_POINT('', (104.00013891915488, -99.99986107977242, 13.0));
#2324 = DIRECTION('', (0.0, 0.0, 1.0));
#2325 = DIRECTION('', (0.7071013241670516, 0.70711223816393, 0.0));
#2326 = SURFACE_CURVE('', #2327, (#677, #717), .CURVE_3D.);
#2327 = INTERSECTION_CURVE('', #2328, (#2334, #2339), .CURVE_3D.);
#2328 = B_SPLINE_CURVE_WITH_KNOTS('', 1, (#2329, #2330, #2331, #2332, #2333), .UNSPECIFIED., .U., .U., (2, 1, 1, 1, 2), (0.0, 0.25, 0.5, 0.75, 1.0), .UNSPECIFIED.);
#2329 = CARTESIAN_POINT('', (101.88403484979229, -102.91243791552105, 10.0000003));
#2330 = CARTESIAN_POINT('', (102.01683259130219, -103.00444029597091, 10.0000003));
#2331 = CARTESIAN_POINT('', (102.07507137605049, -103.04208316420322, 10.0000003));
#2332 = CARTESIAN_POINT('', (102.15362413389397, -103.09039232930304, 10.0000003));
#2333 = CARTESIAN_POINT('', (102.2941341919912, -103.17012102117914, 10.0000003));
#2334 = PLANE('', #2335);
#2335 = AXIS2_PLACEMENT_3D('', #2336, #2337, #2338);
#2336 = CARTESIAN_POINT('', (140.8000001003213, -79.19999979967899, 10.0000003));
#2337 = DIRECTION('', (0.0, 0.0, 1.0));
#2338 = DIRECTION('', (-1.0, 0.0, 0.0));
#2339 = CYLINDRICAL_SURFACE('', #2340, 3.60013892183517);
#2340 = AXIS2_PLACEMENT_3D('', #2341, #2342, #2343);
#2341 = CARTESIAN_POINT('', (104.00013891915488, -99.99986107977242, 13.0));
#2342 = DIRECTION('', (0.0, 0.0, 1.0));
#2343 = DIRECTION('', (0.7071013241670516, 0.70711223816393, 0.0));
#2344 = SURFACE_CURVE('', #2345, (#677, #717), .CURVE_3D.);
#2345 = INTERSECTION_CURVE('', #2346, (#2350, #2355), .CURVE_3D.);
#2346 = B_SPLINE_CURVE_WITH_KNOTS('', 1, (#2347, #2348, #2349), .UNSPECIFIED., .U., .U., (2, 1, 2), (0.0, 0.5, 1.0), .UNSPECIFIED.);
#2347 = CARTESIAN_POINT('', (101.88403484979227, -102.91243791552105, 10.0000003));
#2348 = CARTESIAN_POINT('', (101.75549832532332, -102.81457045394163, 10.0000003));
#2349 = CARTESIAN_POINT('', (101.63148199903614, -102.71103511536771, 10.0000003));
#2350 = PLANE('', #2351);
#2351 = AXIS2_PLACEMENT_3D('', #2352, #2353, #2354);
#2352 = CARTESIAN_POINT('', (140.8000001003213, -79.19999979967899, 10.0000003));
#2353 = DIRECTION('', (0.0, 0.0, 1.0));
#2354 = DIRECTION('', (-1.0, 0.0, 0.0));
#2355 = CYLINDRICAL_SURFACE('', #2356, 3.60013892183517);
#2356 = AXIS2_PLACEMENT_3D('', #2357, #2358, #2359);
#2357 = CARTESIAN_POINT('', (104.00013891915488, -99.99986107977242, 13.0));
#2358 = DIRECTION('', (0.0, 0.0, 1.0));
#2359 = DIRECTION('', (0.7071013241670516, 0.70711223816393, 0.0));
#2360 = SURFACE_CURVE('', #2361, (#677, #717), .CURVE_3D.);
#2361 = INTERSECTION_CURVE('', #2362, (#2366, #2371), .CURVE_3D.);
#2362 = B_SPLINE_CURVE_WITH_KNOTS('', 1, (#2363, #2364, #2365), .UNSPECIFIED., .U., .U., (2, 1, 2), (0.0, 0.5, 1.0), .UNSPECIFIED.);
#2363 = CARTESIAN_POINT('', (101.39799839202676, -102.4878049966624, 10.0000003));
#2364 = CARTESIAN_POINT('', (101.51223516587795, -102.60204000731432, 10.0000003));
#2365 = CARTESIAN_POINT('', (101.6314820018245, -102.71103511202779, 10.0000003));
#2366 = PLANE('', #2367);
#2367 = AXIS2_PLACEMENT_3D('', #2368, #2369, #2370);
#2368 = CARTESIAN_POINT('', (140.8000001003213, -79.19999979967899, 10.0000003));
#2369 = DIRECTION('', (0.0, 0.0, 1.0));
#2370 = DIRECTION('', (-1.0, 0.0, 0.0));
#2371 = CYLINDRICAL_SURFACE('', #2372, 3.60013892183517);
#2372 = AXIS2_PLACEMENT_3D('', #2373, #2374, #2375);
#2373 = CARTESIAN_POINT('', (104.00013891915488, -99.99986107977242, 13.0));
#2374 = DIRECTION('', (0.0, 0.0, 1.0));
#2375 = DIRECTION('', (0.7071013241670516, 0.70711223816393, 0.0));
#2376 = SURFACE_CURVE('', #2377, (#677, #717), .CURVE_3D.);
#2377 = INTERSECTION_CURVE('', #2378, (#2388, #2393), .CURVE_3D.);
#2378 = B_SPLINE_CURVE_WITH_KNOTS('', 1, (#2379, #2380, #2381, #2382, #2383, #2384, #2385, #2386, #2387), .UNSPECIFIED., .U., .U., (2, 1, 1, 1, 1, 1, 1, 1, 2), (0.0, 0.125, 0.25, 0.375, 0.5, 0.625, 0.75, 0.875, 1.0), .UNSPECIFIED.);
#2379 = CARTESIAN_POINT('', (101.39799839202676, -102.4878049966624, 10.0000003));
#2380 = CARTESIAN_POINT('', (101.2890015710293, -102.3685599918571, 10.0000003));
#2381 = CARTESIAN_POINT('', (101.18546419072544, -102.24454511759447, 10.0000003));
#2382 = CARTESIAN_POINT('', (101.14319776215979, -102.19049739874005, 10.0000003));
#2383 = CARTESIAN_POINT('', (101.08759474523207, -102.1160101036979, 10.0000003));
#2384 = CARTESIAN_POINT('', (100.99559031509688, -101.98321378223503, 10.0000003));
#2385 = CARTESIAN_POINT('', (100.90963617043552, -101.8464235663053, 10.0000003));
#2386 = CARTESIAN_POINT('', (100.90709825137355, -101.84216932867199, 10.0000003));
#2387 = CARTESIAN_POINT('', (100.82990548974422, -101.70591508230565, 10.0000003));
#2388 = PLANE('', #2389);
#2389 = AXIS2_PLACEMENT_3D('', #2390, #2391, #2392);
#2390 = CARTESIAN_POINT('', (140.8000001003213, -79.19999979967899, 10.0000003));
#2391 = DIRECTION('', (0.0, 0.0, 1.0));
#2392 = DIRECTION('', (-1.0, 0.0, 0.0));
#2393 = CYLINDRICAL_SURFACE('', #2394, 3.60013892183517);
#2394 = AXIS2_PLACEMENT_3D('', #2395, #2396, #2397);
#2395 = CARTESIAN_POINT('', (104.00013891915488, -99.99986107977242, 13.0));
#2396 = DIRECTION('', (0.0, 0.0, 1.0));
#2397 = DIRECTION('', (0.7071013241670516, 0.70711223816393, 0.0));
#2398 = SURFACE_CURVE('', #2399, (#677, #717), .CURVE_3D.);
#2399 = INTERSECTION_CURVE('', #2400, (#2405, #2410), .CURVE_3D.);
#2400 = B_SPLINE_CURVE_WITH_KNOTS('', 1, (#2401, #2402, #2403, #2404), .UNSPECIFIED., .U., .U., (2, 1, 1, 2), (0.0, 0.3333333333333333, 0.6666666666666666, 1.0), .UNSPECIFIED.);
#2401 = CARTESIAN_POINT('', (100.82990549352832, -101.70591508015839, 10.0000003));
#2402 = CARTESIAN_POINT('', (100.7565585518899, -101.56197076145476, 10.0000003));
#2403 = CARTESIAN_POINT('', (100.7518381779673, -101.5521312081047, 10.0000003));
#2404 = CARTESIAN_POINT('', (100.68974333172824, -101.41488097760381, 10.0000003));
#2405 = PLANE('', #2406);
#2406 = AXIS2_PLACEMENT_3D('', #2407, #2408, #2409);
#2407 = CARTESIAN_POINT('', (140.8000001003213, -79.19999979967899, 10.0000003));
#2408 = DIRECTION('', (0.0, 0.0, 1.0));
#2409 = DIRECTION('', (-1.0, 0.0, 0.0));
#2410 = CYLINDRICAL_SURFACE('', #2411, 3.60013892183517);
#2411 = AXIS2_PLACEMENT_3D('', #2412, #2413, #2414);
#2412 = CARTESIAN_POINT('', (104.00013891915488, -99.99986107977242, 13.0));
#2413 = DIRECTION('', (0.0, 0.0, 1.0));
#2414 = DIRECTION('', (0.7071013241670516, 0.70711223816393, 0.0));
#2415 = SURFACE_CURVE('', #2416, (#677, #717), .CURVE_3D.);
#2416 = INTERSECTION_CURVE('', #2417, (#2432, #2437), .CURVE_3D.);
#2417 = B_SPLINE_CURVE_WITH_KNOTS('', 1, (#2418, #2419, #2420, #2421, #2422, #2423, #2424, #2425, #2426, #2427, #2428, #2429, #2430, #2431), .UNSPECIFIED., .U., .U., (2, 1, 1, 1, 1, 1, 1, 1, 1, 1, 1, 1, 1, 2), (0.0, 0.07692307692307693, 0.15384615384615385, 0.23076923076923078, 0.3076923076923077, 0.38461538461538464, 0.46153846153846156, 0.5384615384615384, 0.6153846153846154, 0.6923076923076923, 0.7692307692307693, 0.8461538461538461, 0.9230769230769231, 1.0), .UNSPECIFIED.);
#2418 = CARTESIAN_POINT('', (100.68974333172824, -101.41488097760381, 10.0000003));
#2419 = CARTESIAN_POINT('', (100.62959435182452, -101.26494193732748, 10.0000003));
#2420 = CARTESIAN_POINT('', (100.57623259048665, -101.11245521467436, 10.0000003));
#2421 = CARTESIAN_POINT('', (100.52976557889455, -100.95772805160249, 10.0000003));
#2422 = CARTESIAN_POINT('', (100.49028688807078, -100.80107202353652, 10.0000003));
#2423 = CARTESIAN_POINT('', (100.45787601659602, -100.64280259007315, 10.0000003));
#2424 = CARTESIAN_POINT('', (100.43259823052207, -100.48323845973752, 10.0000003));
#2425 = CARTESIAN_POINT('', (100.4145044319451, -100.322700948197, 10.0000003));
#2426 = CARTESIAN_POINT('', (100.4036310470797, -100.16151312155901, 10.0000003));
#2427 = CARTESIAN_POINT('', (100.40309436190148, -100.14909482142016, 10.0000003));
#2428 = CARTESIAN_POINT('', (100.40266849896383, -100.1384497963513, 10.0000003));
#2429 = CARTESIAN_POINT('', (100.40232491454682, -100.12922353475358, 10.0000003));
#2430 = CARTESIAN_POINT('', (100.40204369731785, -100.12115011928546, 10.0000003));
#2431 = CARTESIAN_POINT('', (100.4, -100.0, 10.0000003));
#2432 = PLANE('', #2433);
#2433 = AXIS2_PLACEMENT_3D('', #2434, #2435, #2436);
#2434 = CARTESIAN_POINT('', (140.8000001003213, -79.19999979967899, 10.0000003));
#2435 = DIRECTION('', (0.0, 0.0, 1.0));
#2436 = DIRECTION('', (-1.0, 0.0, 0.0));
#2437 = CYLINDRICAL_SURFACE('', #2438, 3.60013892183517);
#2438 = AXIS2_PLACEMENT_3D('', #2439, #2440, #2441);
#2439 = CARTESIAN_POINT('', (104.00013891915488, -99.99986107977242, 13.0));
#2440 = DIRECTION('', (0.0, 0.0, 1.0));
#2441 = DIRECTION('', (0.7071013241670516, 0.70711223816393, 0.0));
#2442 = SURFACE_CURVE('', #2443, (#677, #722), .CURVE_3D.);
#2443 = INTERSECTION_CURVE('', #2444, (#2450, #2455), .CURVE_3D.);
#2444 = B_SPLINE_CURVE_WITH_KNOTS('', 1, (#2445, #2446, #2447, #2448, #2449), .UNSPECIFIED., .U., .U., (2, 1, 1, 1, 2), (0.0, 0.25, 0.5, 0.75, 1.0), .UNSPECIFIED.);
#2445 = CARTESIAN_POINT('', (100.4, -100.0, 10.0000003));
#2446 = CARTESIAN_POINT('', (100.4, -99.99999899856634, 10.0000003));
#2447 = CARTESIAN_POINT('', (100.39999999975879, -94.000021437275, 10.0000003));
#2448 = CARTESIAN_POINT('', (100.39999999937534, -84.46156440312198, 10.0000003));
#2449 = CARTESIAN_POINT('', (100.39999999935677, -84.00005556607219, 10.0000003));
#2450 = PLANE('', #2451);
#2451 = AXIS2_PLACEMENT_3D('', #2452, #2453, #2454);
#2452 = CARTESIAN_POINT('', (140.8000001003213, -79.19999979967899, 10.0000003));
#2453 = DIRECTION('', (0.0, 0.0, 1.0));
#2454 = DIRECTION('', (-1.0, 0.0, 0.0));
#2455 = PLANE('', #2456);
#2456 = AXIS2_PLACEMENT_3D('', #2457, #2458, #2459);
#2457 = CARTESIAN_POINT('', (100.39999999935678, -84.00005556607219, 5.0));
#2458 = DIRECTION('', (-1.0, -4.0201759427E-11, 0.0));
#2459 = DIRECTION('', (4.0201759427E-11, -1.0, 0.0));
#2460 = SURFACE_CURVE('', #2461, (#677, #682), .CURVE_3D.);
#2461 = INTERSECTION_CURVE('', #2462, (#2482, #2487), .CURVE_3D.);
#2462 = B_SPLINE_CURVE_WITH_KNOTS('', 1, (#2463, #2464, #2465, #2466, #2467, #2468, #2469, #2470, #2471, #2472, #2473, #2474, #2475, #2476, #2477, #2478, #2479, #2480, #2481), .UNSPECIFIED., .U., .U., (2, 1, 1, 1, 1, 1, 1, 1, 1, 1, 1, 1, 1, 1, 1, 1, 1, 1, 2), (0.0, 0.05555555555555555, 0.1111111111111111, 0.16666666666666666, 0.2222222222222222, 0.2777777777777778, 0.3333333333333333, 0.3888888888888889, 0.4444444444444444, 0.5, 0.5555555555555556, 0.6111111111111112, 0.6666666666666666, 0.7222222222222222, 0.7777777777777778, 0.8333333333333334, 0.8888888888888888, 0.9444444444444444, 1.0), .UNSPECIFIED.);
#2463 = CARTESIAN_POINT('', (100.39999999935677, -84.00005556607219, 10.0000003));
#2464 = CARTESIAN_POINT('', (100.40000000013873, -84.00002676709143, 10.0000003));
#2465 = CARTESIAN_POINT('', (100.40204182675592, -83.87890541525722, 10.0000003));
#2466 = CARTESIAN_POINT('', (100.40232291937394, -83.87083199544958, 10.0000003));
#2467 = CARTESIAN_POINT('', (100.40266636138611, -83.86160572854985, 10.0000003));
#2468 = CARTESIAN_POINT('', (100.4030920600207, -83.85096069690914, 10.0000003));
#2469 = CARTESIAN_POINT('', (100.40342917658486, -83.84304252676435, 10.0000003));
#2470 = CARTESIAN_POINT('', (100.40362855352657, -83.83854238847194, 10.0000003));
#2471 = CARTESIAN_POINT('', (100.41449941576349, -83.67735477991793, 10.0000003));
#2472 = CARTESIAN_POINT('', (100.43259071920974, -83.51681698717684, 10.0000003));
#2473 = CARTESIAN_POINT('', (100.45786602528074, -83.35725246398454, 10.0000003));
#2474 = CARTESIAN_POINT('', (100.49027443687433, -83.19898252679951, 10.0000003));
#2475 = CARTESIAN_POINT('', (100.52975069289218, -83.0423258851612, 10.0000003));
#2476 = CARTESIAN_POINT('', (100.57621529965657, -82.88759799990194, 10.0000003));
#2477 = CARTESIAN_POINT('', (100.62957469098757, -82.73511044790062, 10.0000003));
#2478 = CARTESIAN_POINT('', (100.689721416618, -82.5851702946577, 10.0000003));
#2479 = CARTESIAN_POINT('', (100.75182876602626, -82.44788848877042, 10.0000003));
#2480 = CARTESIAN_POINT('', (100.75653435856697, -82.43807947595478, 10.0000003));
#2481 = CARTESIAN_POINT('', (100.82987906683393, -82.29413401925675, 10.0000003));
#2482 = PLANE('', #2483);
#2483 = AXIS2_PLACEMENT_3D('', #2484, #2485, #2486);
#2484 = CARTESIAN_POINT('', (140.8000001003213, -79.19999979967899, 10.0000003));
#2485 = DIRECTION('', (0.0, 0.0, 1.0));
#2486 = DIRECTION('', (-1.0, 0.0, 0.0));
#2487 = CYLINDRICAL_SURFACE('', #2488, 3.60013892183522);
#2488 = AXIS2_PLACEMENT_3D('', #2489, #2490, #2491);
#2489 = CARTESIAN_POINT('', (104.00013892022706, -84.00013891915494, 13.0));
#2490 = DIRECTION('', (0.0, 0.0, 1.0));
#2491 = DIRECTION('', (0.7071122381638766, -0.7071013241671048, 0.0));
#2492 = SURFACE_CURVE('', #2493, (#677, #682), .CURVE_3D.);
#2493 = INTERSECTION_CURVE('', #2494, (#2500, #2505), .CURVE_3D.);
#2494 = B_SPLINE_CURVE_WITH_KNOTS('', 1, (#2495, #2496, #2497, #2498, #2499), .UNSPECIFIED., .U., .U., (2, 1, 1, 1, 2), (0.0, 0.25, 0.5, 0.75, 1.0), .UNSPECIFIED.);
#2495 = CARTESIAN_POINT('', (101.08756197049922, -81.88403500667167, 10.0000003));
#2496 = CARTESIAN_POINT('', (100.99555959720222, -82.01683275313708, 10.0000003));
#2497 = CARTESIAN_POINT('', (100.90960757123804, -82.1536243003585, 10.0000003));
#2498 = CARTESIAN_POINT('', (100.90708685555575, -82.15784980456257, 10.0000003));
#2499 = CARTESIAN_POINT('', (100.82987906683393, -82.29413401925675, 10.0000003));
#2500 = PLANE('', #2501);
#2501 = AXIS2_PLACEMENT_3D('', #2502, #2503, #2504);
#2502 = CARTESIAN_POINT('', (140.8000001003213, -79.19999979967899, 10.0000003));
#2503 = DIRECTION('', (0.0, 0.0, 1.0));
#2504 = DIRECTION('', (-1.0, 0.0, 0.0));
#2505 = CYLINDRICAL_SURFACE('', #2506, 3.60013892183522);
#2506 = AXIS2_PLACEMENT_3D('', #2507, #2508, #2509);
#2507 = CARTESIAN_POINT('', (104.00013892022706, -84.00013891915494, 13.0));
#2508 = DIRECTION('', (0.0, 0.0, 1.0));
#2509 = DIRECTION('', (0.7071122381638766, -0.7071013241671048, 0.0));
#2510 = SURFACE_CURVE('', #2511, (#677, #682), .CURVE_3D.);
#2511 = INTERSECTION_CURVE('', #2512, (#2517, #2522), .CURVE_3D.);
#2512 = B_SPLINE_CURVE_WITH_KNOTS('', 1, (#2513, #2514, #2515, #2516), .UNSPECIFIED., .U., .U., (2, 1, 1, 2), (0.0, 0.3333333333333333, 0.6666666666666666, 1.0), .UNSPECIFIED.);
#2513 = CARTESIAN_POINT('', (101.28896501221438, -81.63148185300456, 10.0000003));
#2514 = CARTESIAN_POINT('', (101.18542942515536, -81.75549847693127, 10.0000003));
#2515 = CARTESIAN_POINT('', (101.14318569008492, -81.80951834559745, 10.0000003));
#2516 = CARTESIAN_POINT('', (101.08756197407565, -81.88403500914941, 10.0000003));
#2517 = PLANE('', #2518);
#2518 = AXIS2_PLACEMENT_3D('', #2519, #2520, #2521);
#2519 = CARTESIAN_POINT('', (140.8000001003213, -79.19999979967899, 10.0000003));
#2520 = DIRECTION('', (0.0, 0.0, 1.0));
#2521 = DIRECTION('', (-1.0, 0.0, 0.0));
#2522 = CYLINDRICAL_SURFACE('', #2523, 3.60013892183522);
#2523 = AXIS2_PLACEMENT_3D('', #2524, #2525, #2526);
#2524 = CARTESIAN_POINT('', (104.00013892022706, -84.00013891915494, 13.0));
#2525 = DIRECTION('', (0.0, 0.0, 1.0));
#2526 = DIRECTION('', (0.7071122381638766, -0.7071013241671048, 0.0));
#2527 = SURFACE_CURVE('', #2528, (#677, #682), .CURVE_3D.);
#2528 = INTERSECTION_CURVE('', #2529, (#2533, #2538), .CURVE_3D.);
#2529 = B_SPLINE_CURVE_WITH_KNOTS('', 1, (#2530, #2531, #2532), .UNSPECIFIED., .U., .U., (2, 1, 2), (0.0, 0.5, 1.0), .UNSPECIFIED.);
#2530 = CARTESIAN_POINT('', (101.51219500333724, -81.39799839202658, 10.0000003));
#2531 = CARTESIAN_POINT('', (101.39795985867987, -81.51223530603842, 10.0000003));
#2532 = CARTESIAN_POINT('', (101.28896501221438, -81.63148185300456, 10.0000003));
#2533 = PLANE('', #2534);
#2534 = AXIS2_PLACEMENT_3D('', #2535, #2536, #2537);
#2535 = CARTESIAN_POINT('', (140.8000001003213, -79.19999979967899, 10.0000003));
#2536 = DIRECTION('', (0.0, 0.0, 1.0));
#2537 = DIRECTION('', (-1.0, 0.0, 0.0));
#2538 = CYLINDRICAL_SURFACE('', #2539, 3.60013892183522);
#2539 = AXIS2_PLACEMENT_3D('', #2540, #2541, #2542);
#2540 = CARTESIAN_POINT('', (104.00013892022706, -84.00013891915494, 13.0));
#2541 = DIRECTION('', (0.0, 0.0, 1.0));
#2542 = DIRECTION('', (0.7071122381638766, -0.7071013241671048, 0.0));
#2543 = SURFACE_CURVE('', #2544, (#677, #682), .CURVE_3D.);
#2544 = INTERSECTION_CURVE('', #2545, (#2554, #2559), .CURVE_3D.);
#2545 = B_SPLINE_CURVE_WITH_KNOTS('', 1, (#2546, #2547, #2548, #2549, #2550, #2551, #2552, #2553), .UNSPECIFIED., .U., .U., (2, 1, 1, 1, 1, 1, 1, 2), (0.0, 0.14285714285714285, 0.2857142857142857, 0.42857142857142855, 0.5714285714285714, 0.7142857142857143, 0.8571428571428571, 1.0), .UNSPECIFIED.);
#2546 = CARTESIAN_POINT('', (102.29408508845177, -80.82990539785123, 10.0000003));
#2547 = CARTESIAN_POINT('', (102.1535762672313, -80.90963626989637, 10.0000003));
#2548 = CARTESIAN_POINT('', (102.07505184981153, -80.95792919136957, 10.0000003));
#2549 = CARTESIAN_POINT('', (102.01678605593132, -80.99559042192566, 10.0000003));
#2550 = CARTESIAN_POINT('', (101.88398973942404, -81.0875948592136, 10.0000003));
#2551 = CARTESIAN_POINT('', (101.75545473079896, -81.18546431163023, 10.0000003));
#2552 = CARTESIAN_POINT('', (101.63143986211314, -81.28900169861389, 10.0000003));
#2553 = CARTESIAN_POINT('', (101.51219500333724, -81.39799839202658, 10.0000003));
#2554 = PLANE('', #2555);
#2555 = AXIS2_PLACEMENT_3D('', #2556, #2557, #2558);
#2556 = CARTESIAN_POINT('', (140.8000001003213, -79.19999979967899, 10.0000003));
#2557 = DIRECTION('', (0.0, 0.0, 1.0));
#2558 = DIRECTION('', (-1.0, 0.0, 0.0));
#2559 = CYLINDRICAL_SURFACE('', #2560, 3.60013892183522);
#2560 = AXIS2_PLACEMENT_3D('', #2561, #2562, #2563);
#2561 = CARTESIAN_POINT('', (104.00013892022706, -84.00013891915494, 13.0));
#2562 = DIRECTION('', (0.0, 0.0, 1.0));
#2563 = DIRECTION('', (0.7071122381638766, -0.7071013241671048, 0.0));
#2564 = SURFACE_CURVE('', #2565, (#677, #682), .CURVE_3D.);
#2565 = INTERSECTION_CURVE('', #2566, (#2572, #2577), .CURVE_3D.);
#2566 = B_SPLINE_CURVE_WITH_KNOTS('', 1, (#2567, #2568, #2569, #2570, #2571), .UNSPECIFIED., .U., .U., (2, 1, 1, 1, 2), (0.0, 0.25, 0.5, 0.75, 1.0), .UNSPECIFIED.);
#2567 = CARTESIAN_POINT('', (102.29408508845177, -80.82990539785123, 10.0000003));
#2568 = CARTESIAN_POINT('', (102.29760982975387, -80.82801109187474, 10.0000003));
#2569 = CARTESIAN_POINT('', (102.43802906401262, -80.75655863594464, 10.0000003));
#2570 = CARTESIAN_POINT('', (102.4478680654309, -80.75183852512373, 10.0000003));
#2571 = CARTESIAN_POINT('', (102.58511884408887, -80.68974340794503, 10.0000003));
#2572 = PLANE('', #2573);
#2573 = AXIS2_PLACEMENT_3D('', #2574, #2575, #2576);
#2574 = CARTESIAN_POINT('', (140.8000001003213, -79.19999979967899, 10.0000003));
#2575 = DIRECTION('', (0.0, 0.0, 1.0));
#2576 = DIRECTION('', (-1.0, 0.0, 0.0));
#2577 = CYLINDRICAL_SURFACE('', #2578, 3.60013892183522);
#2578 = AXIS2_PLACEMENT_3D('', #2579, #2580, #2581);
#2579 = CARTESIAN_POINT('', (104.00013892022706, -84.00013891915494, 13.0));
#2580 = DIRECTION('', (0.0, 0.0, 1.0));
#2581 = DIRECTION('', (0.7071122381638766, -0.7071013241671048, 0.0));
#2582 = SURFACE_CURVE('', #2583, (#677, #682), .CURVE_3D.);
#2583 = INTERSECTION_CURVE('', #2584, (#2599, #2604), .CURVE_3D.);
#2584 = B_SPLINE_CURVE_WITH_KNOTS('', 1, (#2585, #2586, #2587, #2588, #2589, #2590, #2591, #2592, #2593, #2594, #2595, #2596, #2597, #2598), .UNSPECIFIED., .U., .U., (2, 1, 1, 1, 1, 1, 1, 1, 1, 1, 1, 1, 1, 2), (0.0, 0.07692307692307693, 0.15384615384615385, 0.23076923076923078, 0.3076923076923077, 0.38461538461538464, 0.46153846153846156, 0.5384615384615384, 0.6153846153846154, 0.6923076923076923, 0.7692307692307693, 0.8461538461538461, 0.9230769230769231, 1.0), .UNSPECIFIED.);
#2585 = CARTESIAN_POINT('', (104.0, -80.4, 10.0000003));
#2586 = CARTESIAN_POINT('', (103.87884988071451, -80.40204369731784, 10.0000003));
#2587 = CARTESIAN_POINT('', (103.87077646524641, -80.40232491454682, 10.0000003));
#2588 = CARTESIAN_POINT('', (103.8615502036487, -80.40266849896382, 10.0000003));
#2589 = CARTESIAN_POINT('', (103.85090517857984, -80.40309436190147, 10.0000003));
#2590 = CARTESIAN_POINT('', (103.8384868784247, -80.40363104708041, 10.0000003));
#2591 = CARTESIAN_POINT('', (103.67729905160851, -80.41450443196257, 10.0000003));
#2592 = CARTESIAN_POINT('', (103.51676154006896, -80.43259823054824, 10.0000003));
#2593 = CARTESIAN_POINT('', (103.35719740973465, -80.45787601663082, 10.0000003));
#2594 = CARTESIAN_POINT('', (103.19892797627304, -80.49028688811414, 10.0000003));
#2595 = CARTESIAN_POINT('', (103.04227194820919, -80.5297655789464, 10.0000003));
#2596 = CARTESIAN_POINT('', (102.88754478513982, -80.57623259054688, 10.0000003));
#2597 = CARTESIAN_POINT('', (102.73505806248957, -80.62959435189299, 10.0000003));
#2598 = CARTESIAN_POINT('', (102.58511884588827, -80.68974341190636, 10.0000003));
#2599 = PLANE('', #2600);
#2600 = AXIS2_PLACEMENT_3D('', #2601, #2602, #2603);
#2601 = CARTESIAN_POINT('', (140.8000001003213, -79.19999979967899, 10.0000003));
#2602 = DIRECTION('', (0.0, 0.0, 1.0));
#2603 = DIRECTION('', (-1.0, 0.0, 0.0));
#2604 = CYLINDRICAL_SURFACE('', #2605, 3.60013892183522);
#2605 = AXIS2_PLACEMENT_3D('', #2606, #2607, #2608);
#2606 = CARTESIAN_POINT('', (104.00013892022706, -84.00013891915494, 13.0));
#2607 = DIRECTION('', (0.0, 0.0, 1.0));
#2608 = DIRECTION('', (0.7071122381638766, -0.7071013241671048, 0.0));
#2609 = SURFACE_CURVE('', #2610, (#682, #722), .CURVE_3D.);
#2610 = LINE('', #2611, #2612);
#2611 = CARTESIAN_POINT('', (100.39999999935678, -84.00005556607219, 10.0000003));
#2612 = VECTOR('', #2613, 2.9999997);
#2613 = DIRECTION('', (0.0, 0.0, 1.0));
#2614 = SURFACE_CURVE('', #2615, (#682, #692), .CURVE_3D.);
#2615 = (
    BOUNDED_CURVE()
    B_SPLINE_CURVE(2, (#2616, #2617, #2618, #2619, #2620, #2621), .UNSPECIFIED., .U., .U.)
    B_SPLINE_CURVE_WITH_KNOTS((3, 1, 1, 1, 3), (0.0, 0.25, 0.5, 0.75, 1.0), .UNSPECIFIED.)
    CURVE()
    GEOMETRIC_REPRESENTATION_ITEM()
    RATIONAL_B_SPLINE_CURVE((1.0, 0.9267821523269818, 0.8535643046539636, 0.8535643046539636, 0.9267821523269818, 1.0))
    REPRESENTATION_ITEM('')
);
#2616 = CARTESIAN_POINT('', (104.0, -80.4, 13.0));
#2617 = CARTESIAN_POINT('', (103.31332189289002, -80.400026497166, 13.0));
#2618 = CARTESIAN_POINT('', (101.98163768234751, -80.92726673023488, 13.0));
#2619 = CARTESIAN_POINT('', (100.92723557666704, -81.98168511044457, 13.0));
#2620 = CARTESIAN_POINT('', (100.40001589783691, -83.31337745863502, 13.0));
#2621 = CARTESIAN_POINT('', (100.39999999935677, -84.00005556607219, 13.0));
#2622 = SURFACE_CURVE('', #2623, (#682, #687), .CURVE_3D.);
#2623 = LINE('', #2624, #2625);
#2624 = CARTESIAN_POINT('', (104.0, -80.4, 10.0000003));
#2625 = VECTOR('', #2626, 2.9999997);
#2626 = DIRECTION('', (0.0, 0.0, 1.0));
#2627 = SURFACE_CURVE('', #2628, (#687, #692), .CURVE_3D.);
#2628 = LINE('', #2629, #2630);
#2629 = CARTESIAN_POINT('', (135.99994443392762, -80.39999999935736, 13.0));
#2630 = VECTOR('', #2631, 31.999944433927624);
#2631 = DIRECTION('', (-1.0, -2.0082637120E-11, 0.0));
#2632 = SURFACE_CURVE('', #2633, (#687, #697), .CURVE_3D.);
#2633 = LINE('', #2634, #2635);
#2634 = CARTESIAN_POINT('', (135.99994443392762, -80.39999999935736, 10.0000003));
#2635 = VECTOR('', #2636, 2.9999997);
#2636 = DIRECTION('', (0.0, 0.0, 1.0));
#2637 = SURFACE_CURVE('', #2638, (#692, #722), .CURVE_3D.);
#2638 = LINE('', #2639, #2640);
#2639 = CARTESIAN_POINT('', (100.39999999935678, -84.00005556607219, 13.0));
#2640 = VECTOR('', #2641, 15.999944433927809);
#2641 = DIRECTION('', (4.0201759427E-11, -1.0, 0.0));
#2642 = SURFACE_CURVE('', #2643, (#692, #717), .CURVE_3D.);
#2643 = (
    BOUNDED_CURVE()
    B_SPLINE_CURVE(2, (#2644, #2645, #2646, #2647, #2648, #2649), .UNSPECIFIED., .U., .U.)
    B_SPLINE_CURVE_WITH_KNOTS((3, 1, 1, 1, 3), (0.0, 0.25, 0.5, 0.75, 1.0), .UNSPECIFIED.)
    CURVE()
    GEOMETRIC_REPRESENTATION_ITEM()
    RATIONAL_B_SPLINE_CURVE((1.0, 0.9267821523269945, 0.8535643046539889, 0.8535643046539889, 0.9267821523269945, 1.0))
    REPRESENTATION_ITEM('')
);
#2644 = CARTESIAN_POINT('', (100.4, -100.0, 13.0));
#2645 = CARTESIAN_POINT('', (100.40002649716611, -100.68667810710991, 12.999999999999998));
#2646 = CARTESIAN_POINT('', (100.92726673023508, -102.01836231765223, 13.0));
#2647 = CARTESIAN_POINT('', (101.98168511044472, -103.07276442333247, 13.0));
#2648 = CARTESIAN_POINT('', (103.31337745863506, -103.59998410216252, 12.999999999999998));
#2649 = CARTESIAN_POINT('', (104.00005556607215, -103.60000000064265, 13.0));
#2650 = SURFACE_CURVE('', #2651, (#692, #712), .CURVE_3D.);
#2651 = LINE('', #2652, #2653);
#2652 = CARTESIAN_POINT('', (104.00005556607216, -103.60000000064264, 13.0));
#2653 = VECTOR('', #2654, 31.999944433927837);
#2654 = DIRECTION('', (1.0, 2.0082637120E-11, 0.0));
#2655 = SURFACE_CURVE('', #2656, (#692, #707), .CURVE_3D.);
#2656 = (
    BOUNDED_CURVE()
    B_SPLINE_CURVE(2, (#2657, #2658, #2659, #2660, #2661, #2662), .UNSPECIFIED., .U., .U.)
    B_SPLINE_CURVE_WITH_KNOTS((3, 1, 1, 1, 3), (0.0, 0.25, 0.5, 0.75, 1.0), .UNSPECIFIED.)
    CURVE()
    GEOMETRIC_REPRESENTATION_ITEM()
    RATIONAL_B_SPLINE_CURVE((1.0, 0.9267821523269658, 0.8535643046539316, 0.8535643046539316, 0.9267821523269658, 1.0))
    REPRESENTATION_ITEM('')
);
#2657 = CARTESIAN_POINT('', (136.0, -103.6, 13.0));
#2658 = CARTESIAN_POINT('', (136.68667810710994, -103.59997350283405, 13.0));
#2659 = CARTESIAN_POINT('', (138.01836231765242, -103.07273326976525, 13.0));
#2660 = CARTESIAN_POINT('', (139.07276442333284, -102.0183148895556, 13.0));
#2661 = CARTESIAN_POINT('', (139.5999841021629, -100.68662254136517, 13.0));
#2662 = CARTESIAN_POINT('', (139.60000000064295, -99.99994443392804, 13.0));
#2663 = SURFACE_CURVE('', #2664, (#692, #702), .CURVE_3D.);
#2664 = LINE('', #2665, #2666);
#2665 = CARTESIAN_POINT('', (139.60000000064295, -99.99994443392805, 13.0));
#2666 = VECTOR('', #2667, 15.99994443392805);
#2667 = DIRECTION('', (-4.0184883978E-11, 1.0, 0.0));
#2668 = SURFACE_CURVE('', #2669, (#692, #697), .CURVE_3D.);
#2669 = (
    BOUNDED_CURVE()
    B_SPLINE_CURVE(2, (#2670, #2671, #2672, #2673, #2674, #2675), .UNSPECIFIED., .U., .U.)
    B_SPLINE_CURVE_WITH_KNOTS((3, 1, 1, 1, 3), (0.0, 0.25, 0.5, 0.75, 1.0), .UNSPECIFIED.)
    CURVE()
    GEOMETRIC_REPRESENTATION_ITEM()
    RATIONAL_B_SPLINE_CURVE((1.0, 0.9267821523270119, 0.8535643046540238, 0.8535643046540238, 0.9267821523270119, 1.0))
    REPRESENTATION_ITEM('')
);
#2670 = CARTESIAN_POINT('', (139.6, -84.0, 13.0));
#2671 = CARTESIAN_POINT('', (139.5999735028338, -83.31332189289007, 13.0));
#2672 = CARTESIAN_POINT('', (139.0727332697647, -81.98163768234781, 13.0));
#2673 = CARTESIAN_POINT('', (138.01831488955503, -80.92723557666761, 13.0));
#2674 = CARTESIAN_POINT('', (136.68662254136473, -80.40001589783752, 13.0));
#2675 = CARTESIAN_POINT('', (135.99994443392762, -80.39999999935735, 13.0));
#2676 = SURFACE_CURVE('', #2677, (#697, #702), .CURVE_3D.);
#2677 = LINE('', #2678, #2679);
#2678 = CARTESIAN_POINT('', (139.6, -84.0, 10.0000003));
#2679 = VECTOR('', #2680, 2.9999997);
#2680 = DIRECTION('', (0.0, 0.0, 1.0));
#2681 = SURFACE_CURVE('', #2682, (#702, #707), .CURVE_3D.);
#2682 = LINE('', #2683, #2684);
#2683 = CARTESIAN_POINT('', (139.60000000064295, -99.99994443392805, 10.0000003));
#2684 = VECTOR('', #2685, 2.9999997);
#2685 = DIRECTION('', (0.0, 0.0, 1.0));
#2686 = SURFACE_CURVE('', #2687, (#707, #712), .CURVE_3D.);
#2687 = LINE('', #2688, #2689);
#2688 = CARTESIAN_POINT('', (136.0, -103.6, 10.0000003));
#2689 = VECTOR('', #2690, 2.9999997);
#2690 = DIRECTION('', (0.0, 0.0, 1.0));
#2691 = SURFACE_CURVE('', #2692, (#712, #717), .CURVE_3D.);
#2692 = LINE('', #2693, #2694);
#2693 = CARTESIAN_POINT('', (104.00005556607216, -103.60000000064264, 10.0000003));
#2694 = VECTOR('', #2695, 2.9999997);
#2695 = DIRECTION('', (0.0, 0.0, 1.0));
#2696 = SURFACE_CURVE('', #2697, (#717, #722), .CURVE_3D.);
#2697 = LINE('', #2698, #2699);
#2698 = CARTESIAN_POINT('', (100.4, -100.0, 10.0000003));
#2699 = VECTOR('', #2700, 2.9999997);
#2700 = DIRECTION('', (0.0, 0.0, 1.0));
#2701 = SURFACE_CURVE('', #2702, (#727, #732), .CURVE_3D.);
#2702 = LINE('', #2703, #2704);
#2703 = CARTESIAN_POINT('', (99.2000001, -99.9999998, 10.0000003));
#2704 = VECTOR('', #2705, 2.9999997);
#2705 = DIRECTION('', (0.0, 0.0, 1.0));
#2706 = SURFACE_CURVE('', #2707, (#732, #737), .CURVE_3D.);
#2707 = LINE('', #2708, #2709);
#2708 = CARTESIAN_POINT('', (104.00002788303608, -104.799999800321, 10.0000003));
#2709 = VECTOR('', #2710, 2.9999997);
#2710 = DIRECTION('', (0.0, 0.0, 1.0));
#2711 = SURFACE_CURVE('', #2712, (#737, #742), .CURVE_3D.);
#2712 = LINE('', #2713, #2714);
#2713 = CARTESIAN_POINT('', (136.0000001, -104.7999998, 10.0000003));
#2714 = VECTOR('', #2715, 2.9999997);
#2715 = DIRECTION('', (0.0, 0.0, 1.0));
#2716 = SURFACE_CURVE('', #2717, (#742, #747), .CURVE_3D.);
#2717 = LINE('', #2718, #2719);
#2718 = CARTESIAN_POINT('', (140.8000001003213, -99.99997201696402, 10.0000003));
#2719 = VECTOR('', #2720, 2.9999997);
#2720 = DIRECTION('', (0.0, 0.0, 1.0));
#2721 = SURFACE_CURVE('', #2722, (#747, #752), .CURVE_3D.);
#2722 = LINE('', #2723, #2724);
#2723 = CARTESIAN_POINT('', (140.8000001, -83.9999998, 10.0000003));
#2724 = VECTOR('', #2725, 2.9999997);
#2725 = DIRECTION('', (0.0, 0.0, 1.0));
#2726 = SURFACE_CURVE('', #2727, (#757, #792), .CURVE_3D.);
#2727 = LINE('', #2728, #2729);
#2728 = CARTESIAN_POINT('', (104.0, -77.0, 13.0));
#2729 = VECTOR('', #2730, 2.0);
#2730 = DIRECTION('', (0.0, 0.0, 1.0));
#2731 = SURFACE_CURVE('', #2732, (#757, #797), .CURVE_3D.);
#2732 = LINE('', #2733, #2734);
#2733 = CARTESIAN_POINT('', (136.00002315253016, -77.00000000026863, 15.0));
#2734 = VECTOR('', #2735, 32.00002315253016);
#2735 = DIRECTION('', (-1.0, 8.3946122602E-12, 0.0));
#2736 = SURFACE_CURVE('', #2737, (#757, #762), .CURVE_3D.);
#2737 = LINE('', #2738, #2739);
#2738 = CARTESIAN_POINT('', (136.00002315253016, -77.00000000026863, 13.0));
#2739 = VECTOR('', #2740, 2.0);
#2740 = DIRECTION('', (0.0, 0.0, 1.0));
#2741 = SURFACE_CURVE('', #2742, (#762, #797), .CURVE_3D.);
#2742 = (
    BOUNDED_CURVE()
    B_SPLINE_CURVE(2, (#2743, #2744, #2745, #2746, #2747, #2748), .UNSPECIFIED., .U., .U.)
    B_SPLINE_CURVE_WITH_KNOTS((3, 1, 1, 1, 3), (0.0, 0.25, 0.5, 0.75, 1.0), .UNSPECIFIED.)
    CURVE()
    GEOMETRIC_REPRESENTATION_ITEM()
    RATIONAL_B_SPLINE_CURVE((1.0, 0.9267804957375175, 0.8535609914750351, 0.8535609914750351, 0.9267804957375175, 1.0))
    REPRESENTATION_ITEM('')
);
#2743 = CARTESIAN_POINT('', (143.0, -84.0, 15.0));
#2744 = CARTESIAN_POINT('', (142.999973502962, -82.66480269482568, 15.0));
#2745 = CARTESIAN_POINT('', (141.9748287134144, -80.07541854159567, 15.0));
#2746 = CARTESIAN_POINT('', (139.9246012201883, -78.02518426728953, 15.0));
#2747 = CARTESIAN_POINT('', (137.33522045760955, -77.00003091343352, 15.0));
#2748 = CARTESIAN_POINT('', (136.00002315253016, -77.00000000026861, 15.0));
#2749 = SURFACE_CURVE('', #2750, (#762, #767), .CURVE_3D.);
#2750 = LINE('', #2751, #2752);
#2751 = CARTESIAN_POINT('', (143.0, -84.0, 13.0));
#2752 = VECTOR('', #2753, 2.0);
#2753 = DIRECTION('', (0.0, 0.0, 1.0));
#2754 = SURFACE_CURVE('', #2755, (#767, #797), .CURVE_3D.);
#2755 = LINE('', #2756, #2757);
#2756 = CARTESIAN_POINT('', (142.99999999973167, -100.00002315252998, 15.0));
#2757 = VECTOR('', #2758, 16.000023152529977);
#2758 = DIRECTION('', (1.6770560653E-11, 1.0, 0.0));
#2759 = SURFACE_CURVE('', #2760, (#767, #772), .CURVE_3D.);
#2760 = LINE('', #2761, #2762);
#2761 = CARTESIAN_POINT('', (142.99999999973167, -100.00002315252998, 13.0));
#2762 = VECTOR('', #2763, 2.0);
#2763 = DIRECTION('', (0.0, 0.0, 1.0));
#2764 = SURFACE_CURVE('', #2765, (#772, #797), .CURVE_3D.);
#2765 = (
    BOUNDED_CURVE()
    B_SPLINE_CURVE(2, (#2766, #2767, #2768, #2769, #2770, #2771), .UNSPECIFIED., .U., .U.)
    B_SPLINE_CURVE_WITH_KNOTS((3, 1, 1, 1, 3), (0.0, 0.25, 0.5, 0.75, 1.0), .UNSPECIFIED.)
    CURVE()
    GEOMETRIC_REPRESENTATION_ITEM()
    RATIONAL_B_SPLINE_CURVE((1.0, 0.9267804957374844, 0.8535609914749689, 0.8535609914749688, 0.9267804957374843, 1.0))
    REPRESENTATION_ITEM('')
);
#2766 = CARTESIAN_POINT('', (136.0, -107.0, 15.0));
#2767 = CARTESIAN_POINT('', (137.3351973051744, -106.99997350296228, 15.0));
#2768 = CARTESIAN_POINT('', (139.92458145840476, -105.97482871341488, 15.0));
#2769 = CARTESIAN_POINT('', (141.97481573271114, -103.92460122018855, 14.999999999999998));
#2770 = CARTESIAN_POINT('', (142.999969086567, -101.33522045760945, 14.999999999999998));
#2771 = CARTESIAN_POINT('', (142.99999999973167, -100.00002315252999, 15.0));
#2772 = SURFACE_CURVE('', #2773, (#772, #777), .CURVE_3D.);
#2773 = LINE('', #2774, #2775);
#2774 = CARTESIAN_POINT('', (136.0, -107.0, 13.0));
#2775 = VECTOR('', #2776, 2.0);
#2776 = DIRECTION('', (0.0, 0.0, 1.0));
#2777 = SURFACE_CURVE('', #2778, (#777, #797), .CURVE_3D.);
#2778 = LINE('', #2779, #2780);
#2779 = CARTESIAN_POINT('', (103.99997684746992, -106.99999999973137, 15.0));
#2780 = VECTOR('', #2781, 32.000023152530076);
#2781 = DIRECTION('', (1.0, -8.3946122602E-12, 0.0));
#2782 = SURFACE_CURVE('', #2783, (#777, #782), .CURVE_3D.);
#2783 = LINE('', #2784, #2785);
#2784 = CARTESIAN_POINT('', (103.99997684746992, -106.99999999973137, 13.0));
#2785 = VECTOR('', #2786, 2.0);
#2786 = DIRECTION('', (0.0, 0.0, 1.0));
#2787 = SURFACE_CURVE('', #2788, (#782, #797), .CURVE_3D.);
#2788 = (
    BOUNDED_CURVE()
    B_SPLINE_CURVE(2, (#2789, #2790, #2791, #2792, #2793, #2794), .UNSPECIFIED., .U., .U.)
    B_SPLINE_CURVE_WITH_KNOTS((3, 1, 1, 1, 3), (0.0, 0.25, 0.5, 0.75, 1.0), .UNSPECIFIED.)
    CURVE()
    GEOMETRIC_REPRESENTATION_ITEM()
    RATIONAL_B_SPLINE_CURVE((1.0, 0.9267804957375042, 0.8535609914750084, 0.8535609914750084, 0.9267804957375042, 1.0))
    REPRESENTATION_ITEM('')
);
#2789 = CARTESIAN_POINT('', (97.0, -100.0, 15.0));
#2790 = CARTESIAN_POINT('', (97.0000264970379, -101.33519730517435, 15.0));
#2791 = CARTESIAN_POINT('', (98.02517128658543, -103.92458145840446, 15.0));
#2792 = CARTESIAN_POINT('', (100.07539877981164, -105.97481573271065, 15.0));
#2793 = CARTESIAN_POINT('', (102.66477954239052, -106.9999690865666, 15.0));
#2794 = CARTESIAN_POINT('', (103.99997684746992, -106.99999999973139, 15.0));
#2795 = SURFACE_CURVE('', #2796, (#782, #787), .CURVE_3D.);
#2796 = LINE('', #2797, #2798);
#2797 = CARTESIAN_POINT('', (97.0, -100.0, 13.0));
#2798 = VECTOR('', #2799, 2.0);
#2799 = DIRECTION('', (0.0, 0.0, 1.0));
#2800 = SURFACE_CURVE('', #2801, (#787, #797), .CURVE_3D.);
#2801 = LINE('', #2802, #2803);
#2802 = CARTESIAN_POINT('', (97.00000000026805, -83.99997684746992, 15.0));
#2803 = VECTOR('', #2804, 16.000023152530076);
#2804 = DIRECTION('', (-1.6752797111E-11, -1.0, 0.0));
#2805 = SURFACE_CURVE('', #2806, (#787, #792), .CURVE_3D.);
#2806 = LINE('', #2807, #2808);
#2807 = CARTESIAN_POINT('', (97.00000000026805, -83.99997684746992, 13.0));
#2808 = VECTOR('', #2809, 2.0);
#2809 = DIRECTION('', (0.0, 0.0, 1.0));
#2810 = SURFACE_CURVE('', #2811, (#792, #797), .CURVE_3D.);
#2811 = (
    BOUNDED_CURVE()
    B_SPLINE_CURVE(2, (#2812, #2813, #2814, #2815, #2816, #2817), .UNSPECIFIED., .U., .U.)
    B_SPLINE_CURVE_WITH_KNOTS((3, 1, 1, 1, 3), (0.0, 0.25, 0.5, 0.75, 1.0), .UNSPECIFIED.)
    CURVE()
    GEOMETRIC_REPRESENTATION_ITEM()
    RATIONAL_B_SPLINE_CURVE((1.0, 0.9267804957374981, 0.8535609914749962, 0.8535609914749961, 0.9267804957374981, 1.0))
    REPRESENTATION_ITEM('')
);
#2812 = CARTESIAN_POINT('', (104.0, -77.0, 15.0));
#2813 = CARTESIAN_POINT('', (102.66480269482557, -77.00002649703778, 15.0));
#2814 = CARTESIAN_POINT('', (100.07541854159528, -78.02517128658522, 15.0));
#2815 = CARTESIAN_POINT('', (98.02518426728888, -80.07539877981145, 15.0));
#2816 = CARTESIAN_POINT('', (97.00003091343282, -82.66477954239046, 15.0));
#2817 = CARTESIAN_POINT('', (97.00000000026805, -83.99997684746992, 15.0));
#2818 = CARTESIAN_POINT('', (104.0, -77.0, 13.0));
#2819 = CARTESIAN_POINT('', (97.00000000026805, -83.99997684746992, 13.0));
#2820 = CARTESIAN_POINT('', (97.0, -100.0, 13.0));
#2821 = CARTESIAN_POINT('', (103.99997684746992, -106.99999999973137, 13.0));
#2822 = CARTESIAN_POINT('', (136.0, -107.0, 13.0));
#2823 = CARTESIAN_POINT('', (142.99999999973167, -100.00002315252998, 13.0));
#2824 = CARTESIAN_POINT('', (143.0, -84.0, 13.0));
#2825 = CARTESIAN_POINT('', (136.00002315253016, -77.00000000026863, 13.0));
#2826 = CARTESIAN_POINT('', (135.9999723169638, -79.19999979967899, 13.0));
#2827 = CARTESIAN_POINT('', (136.40703866751372, -79.21730063352503, 13.0));
#2828 = CARTESIAN_POINT('', (137.01122702912255, -79.30775417812967, 13.0));
#2829 = CARTESIAN_POINT('', (137.78967120534656, -79.54616143622991, 13.0));
#2830 = CARTESIAN_POINT('', (138.34089088505968, -79.80956434507043, 13.0));
#2831 = CARTESIAN_POINT('', (138.51662880188172, -79.91269276812363, 13.0));
#2832 = CARTESIAN_POINT('', (138.8541908831308, -80.14084660636567, 13.0));
#2833 = CARTESIAN_POINT('', (139.015407152089, -80.26546121540828, 13.0));
#2834 = CARTESIAN_POINT('', (139.17118881668125, -80.39680488954191, 13.0));
#2835 = CARTESIAN_POINT('', (139.46533910736494, -80.67872391476087, 13.0));
#2836 = CARTESIAN_POINT('', (139.85913677297242, -81.14578667954815, 13.0));
#2837 = CARTESIAN_POINT('', (140.19042223465544, -81.65908519202661, 13.0));
#2838 = CARTESIAN_POINT('', (140.64508908991826, -82.79051429991138, 13.0));
#2839 = CARTESIAN_POINT('', (140.8000001, -83.9999998, 13.0));
#2840 = CARTESIAN_POINT('', (140.8000001003213, -99.99997201696404, 13.0));
#2841 = CARTESIAN_POINT('', (140.79567058318148, -100.20368883593518, 13.0));
#2842 = CARTESIAN_POINT('', (140.64509584439512, -101.20945935995054, 13.0));
#2843 = CARTESIAN_POINT('', (140.19043555493008, -102.34089058506012, 13.0));
#2844 = CARTESIAN_POINT('', (140.0873068666918, -102.51662891276898, 13.0));
#2845 = CARTESIAN_POINT('', (139.85915329363482, -102.85419058313128, 13.0));
#2846 = CARTESIAN_POINT('', (139.60319467964973, -103.17118887684367, 13.0));
#2847 = CARTESIAN_POINT('', (138.85421282119165, -103.85913675535934, 13.0));
#2848 = CARTESIAN_POINT('', (138.34091513986755, -104.19042170526807, 13.0));
#2849 = CARTESIAN_POINT('', (138.16095936226364, -104.28599997244928, 13.0));
#2850 = CARTESIAN_POINT('', (137.97710894814045, -104.37385503144068, 13.0));
#2851 = CARTESIAN_POINT('', (136.0000001, -104.7999998, 13.0));
#2852 = CARTESIAN_POINT('', (104.00002788303608, -104.79999980032099, 13.0));
#2853 = CARTESIAN_POINT('', (103.79631106406492, -104.79567028318111, 13.0));
#2854 = CARTESIAN_POINT('', (102.79054101057686, -104.64509567764348, 13.0));
#2855 = CARTESIAN_POINT('', (102.21032899465327, -104.45383816377017, 13.0));
#2856 = CARTESIAN_POINT('', (101.65910931494015, -104.19043525492967, 13.0));
#2857 = CARTESIAN_POINT('', (101.48337098723131, -104.08730656669137, 13.0));
#2858 = CARTESIAN_POINT('', (101.31216816662702, -103.97681276103711, 13.0));
#2859 = CARTESIAN_POINT('', (101.14580931686902, -103.85915299363444, 13.0));
#2860 = CARTESIAN_POINT('', (100.39682322977116, -103.17120899862293, 13.0));
#2861 = CARTESIAN_POINT('', (99.71399992755101, -102.16095906226342, 13.0));
#2862 = CARTESIAN_POINT('', (99.62614486855959, -101.97710864814024, 13.0));
#2863 = CARTESIAN_POINT('', (99.3077601256087, -101.01125293256491, 13.0));
#2864 = CARTESIAN_POINT('', (99.2000001, -99.9999998, 13.0));
#2865 = CARTESIAN_POINT('', (99.2000000996784, -84.0000275830361, 13.0));
#2866 = CARTESIAN_POINT('', (99.2173009335244, -83.59296123248616, 13.0));
#2867 = CARTESIAN_POINT('', (99.23889074856376, -83.39034492995792, 13.0));
#2868 = CARTESIAN_POINT('', (99.30775436496937, -82.9887733466356, 13.0));
#2869 = CARTESIAN_POINT('', (99.54616173622928, -82.21032869465314, 13.0));
#2870 = CARTESIAN_POINT('', (99.71398741948303, -81.83906534575259, 13.0));
#2871 = CARTESIAN_POINT('', (99.80956489257804, -81.659108593169, 13.0));
#2872 = CARTESIAN_POINT('', (99.91269306812305, -81.48337109811796, 13.0));
#2873 = CARTESIAN_POINT('', (100.02318713896241, -81.31216786662685, 13.0));
#2874 = CARTESIAN_POINT('', (100.14084720543941, -81.14580862995071, 13.0));
#2875 = CARTESIAN_POINT('', (100.26546151540774, -80.98459274791064, 13.0));
#2876 = CARTESIAN_POINT('', (100.3968051895414, -80.8288110833184, 13.0));
#2877 = CARTESIAN_POINT('', (100.67872421476041, -80.5346607926347, 13.0));
#2878 = CARTESIAN_POINT('', (100.82879052750164, -80.3968232449987, 13.0));
#2879 = CARTESIAN_POINT('', (101.14578737880832, -80.1408628446408, 13.0));
#2880 = CARTESIAN_POINT('', (101.83904083773635, -79.71399962755085, 13.0));
#2881 = CARTESIAN_POINT('', (102.02289125185955, -79.62614456855943, 13.0));
#2882 = CARTESIAN_POINT('', (104.0000001, -79.1999998, 13.0));
#2883 = CARTESIAN_POINT('', (135.9999723169638, -79.19999979967899, 10.0000003));
#2884 = CARTESIAN_POINT('', (104.0000001, -79.1999998, 10.0000003));
#2885 = CARTESIAN_POINT('', (99.2000000996784, -84.00002758303609, 10.0000003));
#2886 = CARTESIAN_POINT('', (99.2000001, -99.9999998, 10.0000003));
#2887 = CARTESIAN_POINT('', (104.00002788303608, -104.799999800321, 10.0000003));
#2888 = CARTESIAN_POINT('', (136.0000001, -104.7999998, 10.0000003));
#2889 = CARTESIAN_POINT('', (140.8000001003213, -99.99997201696402, 10.0000003));
#2890 = CARTESIAN_POINT('', (140.8000001, -83.9999998, 10.0000003));
#2891 = CARTESIAN_POINT('', (104.0, -80.4, 10.0000003));
#2892 = CARTESIAN_POINT('', (135.99994443392762, -80.39999999935735, 10.0000003));
#2893 = CARTESIAN_POINT('', (137.70586580800855, -80.82987897882094, 10.0000003));
#2894 = CARTESIAN_POINT('', (138.1159649908502, -81.08756197407617, 10.0000003));
#2895 = CARTESIAN_POINT('', (138.36851799817526, -81.28896488797228, 10.0000003));
#2896 = CARTESIAN_POINT('', (138.60200160797302, -81.51219500333767, 10.0000003));
#2897 = CARTESIAN_POINT('', (139.1700945064715, -82.29408491984165, 10.0000003));
#2898 = CARTESIAN_POINT('', (139.3102566682716, -82.58511902239621, 10.0000003));
#2899 = CARTESIAN_POINT('', (139.6, -84.0000006014338, 10.0000003));
#2900 = CARTESIAN_POINT('', (139.60000000064295, -99.99994443392804, 10.0000003));
#2901 = CARTESIAN_POINT('', (139.17012093316592, -101.70586598074343, 10.0000003));
#2902 = CARTESIAN_POINT('', (138.91243791552137, -102.11596515020803, 10.0000003));
#2903 = CARTESIAN_POINT('', (138.71103511202804, -102.36851799817582, 10.0000003));
#2904 = CARTESIAN_POINT('', (138.48780513374467, -102.60200147088942, 10.0000003));
#2905 = CARTESIAN_POINT('', (137.70591491154818, -103.17009460214888, 10.0000003));
#2906 = CARTESIAN_POINT('', (137.41488097760393, -103.31025666827199, 10.0000003));
#2907 = CARTESIAN_POINT('', (136.0, -103.6, 10.0000003));
#2908 = CARTESIAN_POINT('', (104.00005556607215, -103.60000000064265, 10.0000003));
#2909 = CARTESIAN_POINT('', (102.2941341919912, -103.17012102117914, 10.0000003));
#2910 = CARTESIAN_POINT('', (101.88403484979229, -102.91243791552105, 10.0000003));
#2911 = CARTESIAN_POINT('', (101.6314820018245, -102.71103511202779, 10.0000003));
#2912 = CARTESIAN_POINT('', (101.39799839202676, -102.4878049966624, 10.0000003));
#2913 = CARTESIAN_POINT('', (100.82990549352832, -101.70591508015839, 10.0000003));
#2914 = CARTESIAN_POINT('', (100.68974333172824, -101.41488097760381, 10.0000003));
#2915 = CARTESIAN_POINT('', (100.4, -100.0, 10.0000003));
#2916 = CARTESIAN_POINT('', (100.39999999935677, -84.00005556607219, 10.0000003));
#2917 = CARTESIAN_POINT('', (100.82987906683393, -82.29413401925675, 10.0000003));
#2918 = CARTESIAN_POINT('', (101.08756197407565, -81.88403500914941, 10.0000003));
#2919 = CARTESIAN_POINT('', (101.28896501221438, -81.63148185300456, 10.0000003));
#2920 = CARTESIAN_POINT('', (101.51219500333724, -81.39799839202658, 10.0000003));
#2921 = CARTESIAN_POINT('', (102.29408508845177, -80.82990539785123, 10.0000003));
#2922 = CARTESIAN_POINT('', (102.58511884588827, -80.68974341190636, 10.0000003));
#2923 = CARTESIAN_POINT('', (100.39999999935678, -84.00005556607219, 13.0));
#2924 = CARTESIAN_POINT('', (104.0, -80.4, 13.0));
#2925 = CARTESIAN_POINT('', (135.99994443392762, -80.39999999935736, 13.0));
#2926 = CARTESIAN_POINT('', (100.4, -100.0, 13.0));
#2927 = CARTESIAN_POINT('', (104.00005556607216, -103.60000000064264, 13.0));
#2928 = CARTESIAN_POINT('', (136.0, -103.6, 13.0));
#2929 = CARTESIAN_POINT('', (139.60000000064295, -99.99994443392805, 13.0));
#2930 = CARTESIAN_POINT('', (139.6, -84.0, 13.0));
#2931 = CARTESIAN_POINT('', (104.0, -77.0, 15.0));
#2932 = CARTESIAN_POINT('', (136.00002315253016, -77.00000000026863, 15.0));
#2933 = CARTESIAN_POINT('', (143.0, -84.0, 15.0));
#2934 = CARTESIAN_POINT('', (142.99999999973167, -100.00002315252998, 15.0));
#2935 = CARTESIAN_POINT('', (136.0, -107.0, 15.0));
#2936 = CARTESIAN_POINT('', (103.99997684746992, -106.99999999973137, 15.0));
#2937 = CARTESIAN_POINT('', (97.0, -100.0, 15.0));
#2938 = CARTESIAN_POINT('', (97.00000000026805, -83.99997684746992, 15.0));
ENDSEC;
END-ISO-10303-21;
