ISO-10303-21;
HEADER;
FILE_DESCRIPTION(('Shape Data from monstertruck'), '2;1');
FILE_NAME('', '2026-09-01 00:23:45.891537771', (''), (''), 'monstertruck', 'KiCase', '');
FILE_SCHEMA(('AUTOMOTIVE_DESIGN'));
ENDSEC;
DATA;
#1 = APPLICATION_PROTOCOL_DEFINITION('international standard', 'automotive_design', 2000, #2);
#2 = APPLICATION_CONTEXT('core data for automotive mechanical design processes');
#3 = SHAPE_DEFINITION_REPRESENTATION(#4, #10);
#4 = PRODUCT_DEFINITION_SHAPE('','', #5);
#5 = PRODUCT_DEFINITION('design','', #6, #9);
#6 = PRODUCT_DEFINITION_FORMATION('','', #7);
#7 = PRODUCT('','','', (#8));
#8 = PRODUCT_CONTEXT('', #2, 'mechanical');
#9 = PRODUCT_DEFINITION_CONTEXT('part definition', #2, 'design');
#10 = ADVANCED_BREP_SHAPE_REPRESENTATION('', (#16), #11);
#11 = (
    GEOMETRIC_REPRESENTATION_CONTEXT(3) 
    GLOBAL_UNCERTAINTY_ASSIGNED_CONTEXT((#15))
    GLOBAL_UNIT_ASSIGNED_CONTEXT((#12, #13, #14))
    REPRESENTATION_CONTEXT('Context #1', '3D Context with UNIT and UNCERTAINTY')
);
#12 = ( LENGTH_UNIT() NAMED_UNIT(*) SI_UNIT(.MILLI.,.METRE.) );
#13 = ( NAMED_UNIT(*) PLANE_ANGLE_UNIT() SI_UNIT($,.RADIAN.) );
#14 = ( NAMED_UNIT(*) SI_UNIT($,.STERADIAN.) SOLID_ANGLE_UNIT() );
#15 = UNCERTAINTY_MEASURE_WITH_UNIT(LENGTH_MEASURE(1.0E-6), #12, 'distance_accuracy_value','confusion accuracy');
#16 = MANIFOLD_SOLID_BREP('', #17);
#17 = CLOSED_SHELL('', (#18, #30, #37, #44, #51, #58, #65, #72, #87, #94, #101, #108, #115, #122, #129, #144, #156, #163, #181, #188, #195, #205, #217, #228, #235, #281, #288));
#18 = ADVANCED_FACE('', (#19), #461, .F.);
#19 = FACE_BOUND('', #20, .F.);
#20 = EDGE_LOOP('', (#21, #22, #23, #24, #25, #26, #27, #28, #29));
#21 = ORIENTED_EDGE('', *, *, #295, .T.);
#22 = ORIENTED_EDGE('', *, *, #296, .T.);
#23 = ORIENTED_EDGE('', *, *, #297, .T.);
#24 = ORIENTED_EDGE('', *, *, #298, .T.);
#25 = ORIENTED_EDGE('', *, *, #299, .T.);
#26 = ORIENTED_EDGE('', *, *, #300, .T.);
#27 = ORIENTED_EDGE('', *, *, #301, .T.);
#28 = ORIENTED_EDGE('', *, *, #302, .T.);
#29 = ORIENTED_EDGE('', *, *, #303, .T.);
#30 = ADVANCED_FACE('', (#31), #466, .T.);
#31 = FACE_BOUND('', #32, .T.);
#32 = EDGE_LOOP('', (#33, #34, #35, #36));
#33 = ORIENTED_EDGE('', *, *, #303, .T.);
#34 = ORIENTED_EDGE('', *, *, #304, .T.);
#35 = ORIENTED_EDGE('', *, *, #305, .F.);
#36 = ORIENTED_EDGE('', *, *, #306, .F.);
#37 = ADVANCED_FACE('', (#38), #471, .T.);
#38 = FACE_BOUND('', #39, .T.);
#39 = EDGE_LOOP('', (#40, #41, #42, #43));
#40 = ORIENTED_EDGE('', *, *, #302, .T.);
#41 = ORIENTED_EDGE('', *, *, #306, .T.);
#42 = ORIENTED_EDGE('', *, *, #307, .F.);
#43 = ORIENTED_EDGE('', *, *, #308, .F.);
#44 = ADVANCED_FACE('', (#45), #476, .T.);
#45 = FACE_BOUND('', #46, .T.);
#46 = EDGE_LOOP('', (#47, #48, #49, #50));
#47 = ORIENTED_EDGE('', *, *, #301, .T.);
#48 = ORIENTED_EDGE('', *, *, #308, .T.);
#49 = ORIENTED_EDGE('', *, *, #309, .F.);
#50 = ORIENTED_EDGE('', *, *, #310, .F.);
#51 = ADVANCED_FACE('', (#52), #481, .T.);
#52 = FACE_BOUND('', #53, .T.);
#53 = EDGE_LOOP('', (#54, #55, #56, #57));
#54 = ORIENTED_EDGE('', *, *, #300, .T.);
#55 = ORIENTED_EDGE('', *, *, #310, .T.);
#56 = ORIENTED_EDGE('', *, *, #311, .F.);
#57 = ORIENTED_EDGE('', *, *, #312, .F.);
#58 = ADVANCED_FACE('', (#59), #486, .T.);
#59 = FACE_BOUND('', #60, .T.);
#60 = EDGE_LOOP('', (#61, #62, #63, #64));
#61 = ORIENTED_EDGE('', *, *, #299, .T.);
#62 = ORIENTED_EDGE('', *, *, #312, .T.);
#63 = ORIENTED_EDGE('', *, *, #313, .F.);
#64 = ORIENTED_EDGE('', *, *, #314, .F.);
#65 = ADVANCED_FACE('', (#66), #491, .T.);
#66 = FACE_BOUND('', #67, .T.);
#67 = EDGE_LOOP('', (#68, #69, #70, #71));
#68 = ORIENTED_EDGE('', *, *, #298, .T.);
#69 = ORIENTED_EDGE('', *, *, #314, .T.);
#70 = ORIENTED_EDGE('', *, *, #315, .F.);
#71 = ORIENTED_EDGE('', *, *, #316, .F.);
#72 = ADVANCED_FACE('', (#73, #79), #496, .T.);
#73 = FACE_BOUND('', #74, .T.);
#74 = EDGE_LOOP('', (#75, #76, #77, #78));
#75 = ORIENTED_EDGE('', *, *, #297, .T.);
#76 = ORIENTED_EDGE('', *, *, #316, .T.);
#77 = ORIENTED_EDGE('', *, *, #317, .F.);
#78 = ORIENTED_EDGE('', *, *, #318, .F.);
#79 = FACE_BOUND('', #80, .T.);
#80 = EDGE_LOOP('', (#81, #82, #83, #84, #85, #86));
#81 = ORIENTED_EDGE('', *, *, #319, .T.);
#82 = ORIENTED_EDGE('', *, *, #320, .F.);
#83 = ORIENTED_EDGE('', *, *, #321, .T.);
#84 = ORIENTED_EDGE('', *, *, #322, .T.);
#85 = ORIENTED_EDGE('', *, *, #323, .T.);
#86 = ORIENTED_EDGE('', *, *, #324, .F.);
#87 = ADVANCED_FACE('', (#88), #501, .T.);
#88 = FACE_BOUND('', #89, .T.);
#89 = EDGE_LOOP('', (#90, #91, #92, #93));
#90 = ORIENTED_EDGE('', *, *, #324, .T.);
#91 = ORIENTED_EDGE('', *, *, #325, .T.);
#92 = ORIENTED_EDGE('', *, *, #326, .T.);
#93 = ORIENTED_EDGE('', *, *, #327, .F.);
#94 = ADVANCED_FACE('', (#95), #506, .T.);
#95 = FACE_BOUND('', #96, .T.);
#96 = EDGE_LOOP('', (#97, #98, #99, #100));
#97 = ORIENTED_EDGE('', *, *, #328, .T.);
#98 = ORIENTED_EDGE('', *, *, #329, .T.);
#99 = ORIENTED_EDGE('', *, *, #325, .F.);
#100 = ORIENTED_EDGE('', *, *, #323, .F.);
#101 = ADVANCED_FACE('', (#102), #511, .T.);
#102 = FACE_BOUND('', #103, .T.);
#103 = EDGE_LOOP('', (#104, #105, #106, #107));
#104 = ORIENTED_EDGE('', *, *, #330, .T.);
#105 = ORIENTED_EDGE('', *, *, #331, .F.);
#106 = ORIENTED_EDGE('', *, *, #328, .F.);
#107 = ORIENTED_EDGE('', *, *, #322, .F.);
#108 = ADVANCED_FACE('', (#109), #516, .T.);
#109 = FACE_BOUND('', #110, .T.);
#110 = EDGE_LOOP('', (#111, #112, #113, #114));
#111 = ORIENTED_EDGE('', *, *, #332, .T.);
#112 = ORIENTED_EDGE('', *, *, #333, .F.);
#113 = ORIENTED_EDGE('', *, *, #330, .F.);
#114 = ORIENTED_EDGE('', *, *, #321, .F.);
#115 = ADVANCED_FACE('', (#116), #521, .T.);
#116 = FACE_BOUND('', #117, .T.);
#117 = EDGE_LOOP('', (#118, #119, #120, #121));
#118 = ORIENTED_EDGE('', *, *, #320, .T.);
#119 = ORIENTED_EDGE('', *, *, #334, .T.);
#120 = ORIENTED_EDGE('', *, *, #335, .F.);
#121 = ORIENTED_EDGE('', *, *, #332, .F.);
#122 = ADVANCED_FACE('', (#123), #526, .T.);
#123 = FACE_BOUND('', #124, .T.);
#124 = EDGE_LOOP('', (#125, #126, #127, #128));
#125 = ORIENTED_EDGE('', *, *, #327, .T.);
#126 = ORIENTED_EDGE('', *, *, #336, .T.);
#127 = ORIENTED_EDGE('', *, *, #334, .F.);
#128 = ORIENTED_EDGE('', *, *, #319, .F.);
#129 = ADVANCED_FACE('', (#130, #136), #531, .F.);
#130 = FACE_BOUND('', #131, .F.);
#131 = EDGE_LOOP('', (#132, #133, #134, #135));
#132 = ORIENTED_EDGE('', *, *, #337, .T.);
#133 = ORIENTED_EDGE('', *, *, #338, .F.);
#134 = ORIENTED_EDGE('', *, *, #339, .T.);
#135 = ORIENTED_EDGE('', *, *, #340, .T.);
#136 = FACE_BOUND('', #137, .F.);
#137 = EDGE_LOOP('', (#138, #139, #140, #141, #142, #143));
#138 = ORIENTED_EDGE('', *, *, #326, .T.);
#139 = ORIENTED_EDGE('', *, *, #336, .T.);
#140 = ORIENTED_EDGE('', *, *, #335, .F.);
#141 = ORIENTED_EDGE('', *, *, #333, .F.);
#142 = ORIENTED_EDGE('', *, *, #331, .F.);
#143 = ORIENTED_EDGE('', *, *, #329, .T.);
#144 = ADVANCED_FACE('', (#145), #536, .F.);
#145 = FACE_BOUND('', #146, .F.);
#146 = EDGE_LOOP('', (#147, #148, #149, #150, #151, #152, #153, #154, #155));
#147 = ORIENTED_EDGE('', *, *, #341, .T.);
#148 = ORIENTED_EDGE('', *, *, #340, .F.);
#149 = ORIENTED_EDGE('', *, *, #342, .T.);
#150 = ORIENTED_EDGE('', *, *, #343, .T.);
#151 = ORIENTED_EDGE('', *, *, #344, .F.);
#152 = ORIENTED_EDGE('', *, *, #345, .F.);
#153 = ORIENTED_EDGE('', *, *, #346, .T.);
#154 = ORIENTED_EDGE('', *, *, #347, .T.);
#155 = ORIENTED_EDGE('', *, *, #348, .F.);
#156 = ADVANCED_FACE('', (#157), #541, .F.);
#157 = FACE_BOUND('', #158, .F.);
#158 = EDGE_LOOP('', (#159, #160, #161, #162));
#159 = ORIENTED_EDGE('', *, *, #349, .T.);
#160 = ORIENTED_EDGE('', *, *, #343, .F.);
#161 = ORIENTED_EDGE('', *, *, #350, .T.);
#162 = ORIENTED_EDGE('', *, *, #351, .T.);
#163 = ADVANCED_FACE('', (#164), #546, .F.);
#164 = FACE_BOUND('', #165, .F.);
#165 = EDGE_LOOP('', (#166, #167, #168, #169, #170, #171, #172, #173, #174, #175, #176, #177, #178, #179, #180));
#166 = ORIENTED_EDGE('', *, *, #352, .T.);
#167 = ORIENTED_EDGE('', *, *, #353, .F.);
#168 = ORIENTED_EDGE('', *, *, #354, .T.);
#169 = ORIENTED_EDGE('', *, *, #355, .F.);
#170 = ORIENTED_EDGE('', *, *, #356, .F.);
#171 = ORIENTED_EDGE('', *, *, #357, .T.);
#172 = ORIENTED_EDGE('', *, *, #351, .F.);
#173 = ORIENTED_EDGE('', *, *, #358, .T.);
#174 = ORIENTED_EDGE('', *, *, #359, .T.);
#175 = ORIENTED_EDGE('', *, *, #360, .T.);
#176 = ORIENTED_EDGE('', *, *, #361, .T.);
#177 = ORIENTED_EDGE('', *, *, #362, .T.);
#178 = ORIENTED_EDGE('', *, *, #363, .F.);
#179 = ORIENTED_EDGE('', *, *, #364, .F.);
#180 = ORIENTED_EDGE('', *, *, #365, .F.);
#181 = ADVANCED_FACE('', (#182), #551, .F.);
#182 = FACE_BOUND('', #183, .F.);
#183 = EDGE_LOOP('', (#184, #185, #186, #187));
#184 = ORIENTED_EDGE('', *, *, #359, .F.);
#185 = ORIENTED_EDGE('', *, *, #366, .T.);
#186 = ORIENTED_EDGE('', *, *, #367, .T.);
#187 = ORIENTED_EDGE('', *, *, #368, .F.);
#188 = ADVANCED_FACE('', (#189), #556, .F.);
#189 = FACE_BOUND('', #190, .F.);
#190 = EDGE_LOOP('', (#191, #192, #193, #194));
#191 = ORIENTED_EDGE('', *, *, #367, .F.);
#192 = ORIENTED_EDGE('', *, *, #369, .T.);
#193 = ORIENTED_EDGE('', *, *, #370, .T.);
#194 = ORIENTED_EDGE('', *, *, #371, .F.);
#195 = ADVANCED_FACE('', (#196), #561, .F.);
#196 = FACE_BOUND('', #197, .F.);
#197 = EDGE_LOOP('', (#198, #199, #200, #201, #202, #203, #204));
#198 = ORIENTED_EDGE('', *, *, #372, .T.);
#199 = ORIENTED_EDGE('', *, *, #373, .T.);
#200 = ORIENTED_EDGE('', *, *, #374, .F.);
#201 = ORIENTED_EDGE('', *, *, #370, .F.);
#202 = ORIENTED_EDGE('', *, *, #375, .T.);
#203 = ORIENTED_EDGE('', *, *, #376, .T.);
#204 = ORIENTED_EDGE('', *, *, #377, .T.);
#205 = ADVANCED_FACE('', (#206), #566, .T.);
#206 = FACE_BOUND('', #207, .T.);
#207 = EDGE_LOOP('', (#208, #209, #210, #211, #212, #213, #214, #215, #216));
#208 = ORIENTED_EDGE('', *, *, #378, .T.);
#209 = ORIENTED_EDGE('', *, *, #379, .T.);
#210 = ORIENTED_EDGE('', *, *, #339, .T.);
#211 = ORIENTED_EDGE('', *, *, #342, .T.);
#212 = ORIENTED_EDGE('', *, *, #350, .T.);
#213 = ORIENTED_EDGE('', *, *, #358, .T.);
#214 = ORIENTED_EDGE('', *, *, #366, .T.);
#215 = ORIENTED_EDGE('', *, *, #369, .T.);
#216 = ORIENTED_EDGE('', *, *, #375, .T.);
#217 = ADVANCED_FACE('', (#218), #571, .F.);
#218 = FACE_BOUND('', #219, .F.);
#219 = EDGE_LOOP('', (#220, #221, #222, #223, #224, #225, #226, #227));
#220 = ORIENTED_EDGE('', *, *, #380, .T.);
#221 = ORIENTED_EDGE('', *, *, #381, .F.);
#222 = ORIENTED_EDGE('', *, *, #382, .F.);
#223 = ORIENTED_EDGE('', *, *, #383, .F.);
#224 = ORIENTED_EDGE('', *, *, #384, .F.);
#225 = ORIENTED_EDGE('', *, *, #379, .T.);
#226 = ORIENTED_EDGE('', *, *, #338, .T.);
#227 = ORIENTED_EDGE('', *, *, #385, .T.);
#228 = ADVANCED_FACE('', (#229), #576, .F.);
#229 = FACE_BOUND('', #230, .F.);
#230 = EDGE_LOOP('', (#231, #232, #233, #234));
#231 = ORIENTED_EDGE('', *, *, #376, .F.);
#232 = ORIENTED_EDGE('', *, *, #378, .T.);
#233 = ORIENTED_EDGE('', *, *, #384, .T.);
#234 = ORIENTED_EDGE('', *, *, #386, .F.);
#235 = ADVANCED_FACE('', (#236, #247), #581, .T.);
#236 = FACE_BOUND('', #237, .T.);
#237 = EDGE_LOOP('', (#238, #239, #240, #241, #242, #243, #244, #245, #246));
#238 = ORIENTED_EDGE('', *, *, #387, .T.);
#239 = ORIENTED_EDGE('', *, *, #388, .T.);
#240 = ORIENTED_EDGE('', *, *, #317, .T.);
#241 = ORIENTED_EDGE('', *, *, #315, .T.);
#242 = ORIENTED_EDGE('', *, *, #313, .T.);
#243 = ORIENTED_EDGE('', *, *, #311, .T.);
#244 = ORIENTED_EDGE('', *, *, #309, .T.);
#245 = ORIENTED_EDGE('', *, *, #307, .T.);
#246 = ORIENTED_EDGE('', *, *, #305, .T.);
#247 = FACE_BOUND('', #248, .T.);
#248 = EDGE_LOOP('', (#249, #250, #251, #252, #253, #254, #255, #256, #257, #258, #259, #260, #261, #262, #263, #264, #265, #266, #267, #268, #269, #270, #271, #272, #273, #274, #275, #276, #277, #278, #279, #280));
#249 = ORIENTED_EDGE('', *, *, #372, .T.);
#250 = ORIENTED_EDGE('', *, *, #373, .T.);
#251 = ORIENTED_EDGE('', *, *, #374, .F.);
#252 = ORIENTED_EDGE('', *, *, #371, .F.);
#253 = ORIENTED_EDGE('', *, *, #368, .F.);
#254 = ORIENTED_EDGE('', *, *, #360, .T.);
#255 = ORIENTED_EDGE('', *, *, #361, .T.);
#256 = ORIENTED_EDGE('', *, *, #362, .T.);
#257 = ORIENTED_EDGE('', *, *, #363, .F.);
#258 = ORIENTED_EDGE('', *, *, #364, .F.);
#259 = ORIENTED_EDGE('', *, *, #365, .F.);
#260 = ORIENTED_EDGE('', *, *, #352, .T.);
#261 = ORIENTED_EDGE('', *, *, #353, .F.);
#262 = ORIENTED_EDGE('', *, *, #354, .T.);
#263 = ORIENTED_EDGE('', *, *, #355, .F.);
#264 = ORIENTED_EDGE('', *, *, #356, .F.);
#265 = ORIENTED_EDGE('', *, *, #357, .T.);
#266 = ORIENTED_EDGE('', *, *, #349, .T.);
#267 = ORIENTED_EDGE('', *, *, #344, .F.);
#268 = ORIENTED_EDGE('', *, *, #345, .F.);
#269 = ORIENTED_EDGE('', *, *, #346, .T.);
#270 = ORIENTED_EDGE('', *, *, #347, .T.);
#271 = ORIENTED_EDGE('', *, *, #348, .F.);
#272 = ORIENTED_EDGE('', *, *, #341, .T.);
#273 = ORIENTED_EDGE('', *, *, #337, .T.);
#274 = ORIENTED_EDGE('', *, *, #385, .T.);
#275 = ORIENTED_EDGE('', *, *, #380, .T.);
#276 = ORIENTED_EDGE('', *, *, #381, .F.);
#277 = ORIENTED_EDGE('', *, *, #382, .F.);
#278 = ORIENTED_EDGE('', *, *, #383, .F.);
#279 = ORIENTED_EDGE('', *, *, #386, .F.);
#280 = ORIENTED_EDGE('', *, *, #377, .T.);
#281 = ADVANCED_FACE('', (#282), #586, .T.);
#282 = FACE_BOUND('', #283, .T.);
#283 = EDGE_LOOP('', (#284, #285, #286, #287));
#284 = ORIENTED_EDGE('', *, *, #296, .T.);
#285 = ORIENTED_EDGE('', *, *, #318, .T.);
#286 = ORIENTED_EDGE('', *, *, #388, .F.);
#287 = ORIENTED_EDGE('', *, *, #389, .F.);
#288 = ADVANCED_FACE('', (#289), #591, .T.);
#289 = FACE_BOUND('', #290, .T.);
#290 = EDGE_LOOP('', (#291, #292, #293, #294));
#291 = ORIENTED_EDGE('', *, *, #295, .T.);
#292 = ORIENTED_EDGE('', *, *, #389, .T.);
#293 = ORIENTED_EDGE('', *, *, #387, .F.);
#294 = ORIENTED_EDGE('', *, *, #304, .F.);
#295 = EDGE_CURVE('', #390, #391, #596, .T.);
#296 = EDGE_CURVE('', #391, #392, #601, .T.);
#297 = EDGE_CURVE('', #392, #393, #609, .T.);
#298 = EDGE_CURVE('', #393, #394, #614, .T.);
#299 = EDGE_CURVE('', #394, #395, #622, .T.);
#300 = EDGE_CURVE('', #395, #396, #627, .T.);
#301 = EDGE_CURVE('', #396, #397, #635, .T.);
#302 = EDGE_CURVE('', #397, #398, #640, .T.);
#303 = EDGE_CURVE('', #398, #390, #645, .T.);
#304 = EDGE_CURVE('', #390, #399, #653, .T.);
#305 = EDGE_CURVE('', #400, #399, #658, .T.);
#306 = EDGE_CURVE('', #398, #400, #666, .T.);
#307 = EDGE_CURVE('', #401, #400, #671, .T.);
#308 = EDGE_CURVE('', #397, #401, #676, .T.);
#309 = EDGE_CURVE('', #402, #401, #681, .T.);
#310 = EDGE_CURVE('', #396, #402, #686, .T.);
#311 = EDGE_CURVE('', #403, #402, #691, .T.);
#312 = EDGE_CURVE('', #395, #403, #699, .T.);
#313 = EDGE_CURVE('', #404, #403, #704, .T.);
#314 = EDGE_CURVE('', #394, #404, #709, .T.);
#315 = EDGE_CURVE('', #405, #404, #714, .T.);
#316 = EDGE_CURVE('', #393, #405, #722, .T.);
#317 = EDGE_CURVE('', #406, #405, #727, .T.);
#318 = EDGE_CURVE('', #392, #406, #732, .T.);
#319 = EDGE_CURVE('', #407, #408, #737, .T.);
#320 = EDGE_CURVE('', #409, #408, #753, .T.);
#321 = EDGE_CURVE('', #409, #410, #835, .T.);
#322 = EDGE_CURVE('', #410, #411, #918, .T.);
#323 = EDGE_CURVE('', #411, #412, #935, .T.);
#324 = EDGE_CURVE('', #407, #412, #1017, .T.);
#325 = EDGE_CURVE('', #412, #413, #1099, .T.);
#326 = EDGE_CURVE('', #413, #414, #1104, .T.);
#327 = EDGE_CURVE('', #407, #414, #1187, .T.);
#328 = EDGE_CURVE('', #411, #415, #1192, .T.);
#329 = EDGE_CURVE('', #415, #413, #1197, .T.);
#330 = EDGE_CURVE('', #410, #416, #1279, .T.);
#331 = EDGE_CURVE('', #415, #416, #1284, .T.);
#332 = EDGE_CURVE('', #409, #417, #1300, .T.);
#333 = EDGE_CURVE('', #416, #417, #1305, .T.);
#334 = EDGE_CURVE('', #408, #418, #1387, .T.);
#335 = EDGE_CURVE('', #417, #418, #1392, .T.);
#336 = EDGE_CURVE('', #414, #418, #1474, .T.);
#337 = EDGE_CURVE('', #419, #420, #1491, .T.);
#338 = EDGE_CURVE('', #421, #420, #1509, .T.);
#339 = EDGE_CURVE('', #421, #422, #1514, .T.);
#340 = EDGE_CURVE('', #422, #419, #1519, .T.);
#341 = EDGE_CURVE('', #423, #419, #1524, .T.);
#342 = EDGE_CURVE('', #422, #424, #1549, .T.);
#343 = EDGE_CURVE('', #424, #425, #1557, .T.);
#344 = EDGE_CURVE('', #426, #425, #1562, .T.);
#345 = EDGE_CURVE('', #427, #426, #1587, .T.);
#346 = EDGE_CURVE('', #427, #428, #1612, .T.);
#347 = EDGE_CURVE('', #428, #429, #1645, .T.);
#348 = EDGE_CURVE('', #423, #429, #1667, .T.);
#349 = EDGE_CURVE('', #430, #425, #1711, .T.);
#350 = EDGE_CURVE('', #424, #431, #1728, .T.);
#351 = EDGE_CURVE('', #431, #430, #1733, .T.);
#352 = EDGE_CURVE('', #432, #433, #1738, .T.);
#353 = EDGE_CURVE('', #434, #433, #1770, .T.);
#354 = EDGE_CURVE('', #434, #435, #1790, .T.);
#355 = EDGE_CURVE('', #436, #435, #1811, .T.);
#356 = EDGE_CURVE('', #437, #436, #1883, .T.);
#357 = EDGE_CURVE('', #437, #430, #1942, .T.);
#358 = EDGE_CURVE('', #431, #438, #1967, .T.);
#359 = EDGE_CURVE('', #438, #439, #1975, .T.);
#360 = EDGE_CURVE('', #439, #440, #1980, .T.);
#361 = EDGE_CURVE('', #440, #441, #2003, .T.);
#362 = EDGE_CURVE('', #441, #442, #2051, .T.);
#363 = EDGE_CURVE('', #443, #442, #2068, .T.);
#364 = EDGE_CURVE('', #444, #443, #2083, .T.);
#365 = EDGE_CURVE('', #432, #444, #2101, .T.);
#366 = EDGE_CURVE('', #438, #445, #2122, .T.);
#367 = EDGE_CURVE('', #445, #446, #2127, .T.);
#368 = EDGE_CURVE('', #439, #446, #2132, .T.);
#369 = EDGE_CURVE('', #445, #447, #2148, .T.);
#370 = EDGE_CURVE('', #447, #448, #2153, .T.);
#371 = EDGE_CURVE('', #446, #448, #2158, .T.);
#372 = EDGE_CURVE('', #449, #450, #2179, .T.);
#373 = EDGE_CURVE('', #450, #451, #2197, .T.);
#374 = EDGE_CURVE('', #448, #451, #2226, .T.);
#375 = EDGE_CURVE('', #447, #452, #2275, .T.);
#376 = EDGE_CURVE('', #452, #453, #2283, .T.);
#377 = EDGE_CURVE('', #453, #449, #2288, .T.);
#378 = EDGE_CURVE('', #452, #454, #2339, .T.);
#379 = EDGE_CURVE('', #454, #421, #2344, .T.);
#380 = EDGE_CURVE('', #455, #456, #2352, .T.);
#381 = EDGE_CURVE('', #457, #456, #2377, .T.);
#382 = EDGE_CURVE('', #458, #457, #2417, .T.);
#383 = EDGE_CURVE('', #459, #458, #2444, .T.);
#384 = EDGE_CURVE('', #454, #459, #2471, .T.);
#385 = EDGE_CURVE('', #420, #455, #2476, .T.);
#386 = EDGE_CURVE('', #453, #459, #2517, .T.);
#387 = EDGE_CURVE('', #399, #460, #2534, .T.);
#388 = EDGE_CURVE('', #460, #406, #2539, .T.);
#389 = EDGE_CURVE('', #391, #460, #2547, .T.);
#390 = VERTEX_POINT('', #2552);
#391 = VERTEX_POINT('', #2553);
#392 = VERTEX_POINT('', #2554);
#393 = VERTEX_POINT('', #2555);
#394 = VERTEX_POINT('', #2556);
#395 = VERTEX_POINT('', #2557);
#396 = VERTEX_POINT('', #2558);
#397 = VERTEX_POINT('', #2559);
#398 = VERTEX_POINT('', #2560);
#399 = VERTEX_POINT('', #2561);
#400 = VERTEX_POINT('', #2562);
#401 = VERTEX_POINT('', #2563);
#402 = VERTEX_POINT('', #2564);
#403 = VERTEX_POINT('', #2565);
#404 = VERTEX_POINT('', #2566);
#405 = VERTEX_POINT('', #2567);
#406 = VERTEX_POINT('', #2568);
#407 = VERTEX_POINT('', #2569);
#408 = VERTEX_POINT('', #2570);
#409 = VERTEX_POINT('', #2571);
#410 = VERTEX_POINT('', #2572);
#411 = VERTEX_POINT('', #2573);
#412 = VERTEX_POINT('', #2574);
#413 = VERTEX_POINT('', #2575);
#414 = VERTEX_POINT('', #2576);
#415 = VERTEX_POINT('', #2577);
#416 = VERTEX_POINT('', #2578);
#417 = VERTEX_POINT('', #2579);
#418 = VERTEX_POINT('', #2580);
#419 = VERTEX_POINT('', #2581);
#420 = VERTEX_POINT('', #2582);
#421 = VERTEX_POINT('', #2583);
#422 = VERTEX_POINT('', #2584);
#423 = VERTEX_POINT('', #2585);
#424 = VERTEX_POINT('', #2586);
#425 = VERTEX_POINT('', #2587);
#426 = VERTEX_POINT('', #2588);
#427 = VERTEX_POINT('', #2589);
#428 = VERTEX_POINT('', #2590);
#429 = VERTEX_POINT('', #2591);
#430 = VERTEX_POINT('', #2592);
#431 = VERTEX_POINT('', #2593);
#432 = VERTEX_POINT('', #2594);
#433 = VERTEX_POINT('', #2595);
#434 = VERTEX_POINT('', #2596);
#435 = VERTEX_POINT('', #2597);
#436 = VERTEX_POINT('', #2598);
#437 = VERTEX_POINT('', #2599);
#438 = VERTEX_POINT('', #2600);
#439 = VERTEX_POINT('', #2601);
#440 = VERTEX_POINT('', #2602);
#441 = VERTEX_POINT('', #2603);
#442 = VERTEX_POINT('', #2604);
#443 = VERTEX_POINT('', #2605);
#444 = VERTEX_POINT('', #2606);
#445 = VERTEX_POINT('', #2607);
#446 = VERTEX_POINT('', #2608);
#447 = VERTEX_POINT('', #2609);
#448 = VERTEX_POINT('', #2610);
#449 = VERTEX_POINT('', #2611);
#450 = VERTEX_POINT('', #2612);
#451 = VERTEX_POINT('', #2613);
#452 = VERTEX_POINT('', #2614);
#453 = VERTEX_POINT('', #2615);
#454 = VERTEX_POINT('', #2616);
#455 = VERTEX_POINT('', #2617);
#456 = VERTEX_POINT('', #2618);
#457 = VERTEX_POINT('', #2619);
#458 = VERTEX_POINT('', #2620);
#459 = VERTEX_POINT('', #2621);
#460 = VERTEX_POINT('', #2622);
#461 = PLANE('', #462);
#462 = AXIS2_PLACEMENT_3D('', #463, #464, #465);
#463 = CARTESIAN_POINT('', (155.75000000000009, -65.76040913868061, 0.0));
#464 = DIRECTION('', (0.0, 0.0, 0.9999999999999999));
#465 = DIRECTION('', (-1.0, 0.0, 0.0));
#466 = CYLINDRICAL_SURFACE('', #467, 9.249998771175639);
#467 = AXIS2_PLACEMENT_3D('', #468, #469, #470);
#468 = CARTESIAN_POINT('', (103.4999987711756, -83.49999877117556, 13.0));
#469 = DIRECTION('', (0.0, 0.0, 1.0));
#470 = DIRECTION('', (0.7071067853307959, -0.7071067770422991, 0.0));
#471 = PLANE('', #472);
#472 = AXIS2_PLACEMENT_3D('', #473, #474, #475);
#473 = CARTESIAN_POINT('', (138.0, -74.25, 0.0));
#474 = DIRECTION('', (0.0, 1.0, -0.0));
#475 = DIRECTION('', (-1.0, 0.0, 0.0));
#476 = PLANE('', #477);
#477 = AXIS2_PLACEMENT_3D('', #478, #479, #480);
#478 = CARTESIAN_POINT('', (137.25000056252816, -74.9990814186381, 0.0));
#479 = DIRECTION('', (0.7066736251095612, -0.7075396720852559, 0.0));
#480 = DIRECTION('', (0.7075396720852558, 0.7066736251095611, 0.0));
#481 = CYLINDRICAL_SURFACE('', #482, 9.250003187660097);
#482 = AXIS2_PLACEMENT_3D('', #483, #484, #485);
#483 = CARTESIAN_POINT('', (146.49999681234027, -75.01041059267232, 13.0));
#484 = DIRECTION('', (0.0, 0.0, 1.0));
#485 = DIRECTION('', (-6.1224754514E-4, -0.9999998125764542, 0.0));
#486 = PLANE('', #487);
#487 = AXIS2_PLACEMENT_3D('', #488, #489, #490);
#488 = CARTESIAN_POINT('', (155.75000000000009, -106.49999989157442, 0.0));
#489 = DIRECTION('', (1.0, 2.7077241453E-15, -0.0));
#490 = DIRECTION('', (-2.7077241453E-15, 1.0, 0.0));
#491 = CYLINDRICAL_SURFACE('', #492, 9.249998771177005);
#492 = AXIS2_PLACEMENT_3D('', #493, #494, #495);
#493 = CARTESIAN_POINT('', (146.50000122882315, -106.50000122882307, 13.0));
#494 = DIRECTION('', (0.0, 0.0, 1.0));
#495 = DIRECTION('', (-0.7071067853307866, 0.7071067770423083, 0.0));
#496 = PLANE('', #497);
#497 = AXIS2_PLACEMENT_3D('', #498, #499, #500);
#498 = CARTESIAN_POINT('', (103.50000010842572, -115.7499999999998, 0.0));
#499 = DIRECTION('', (-4.6267899189E-15, -1.0, 0.0));
#500 = DIRECTION('', (1.0, -4.6267899189E-15, 0.0));
#501 = CYLINDRICAL_SURFACE('', #502, 1.2999999999999956);
#502 = AXIS2_PLACEMENT_3D('', #503, #504, #505);
#503 = CARTESIAN_POINT('', (122.0000001, -109.24999979999997, 8.000000300000007));
#504 = DIRECTION('', (0.0, -1.0, 0.0));
#505 = DIRECTION('', (0.7071067811865512, 0.0, -0.7071067811865437));
#506 = CYLINDRICAL_SURFACE('', #507, 1.3000000000000063);
#507 = AXIS2_PLACEMENT_3D('', #508, #509, #510);
#508 = CARTESIAN_POINT('', (122.00000010000001, -109.24999980000003, 8.000000300000012));
#509 = DIRECTION('', (0.0, -1.0, 0.0));
#510 = DIRECTION('', (0.7071067811865455, 0.0, 0.7071067811865496));
#511 = PLANE('', #512);
#512 = AXIS2_PLACEMENT_3D('', #513, #514, #515);
#513 = CARTESIAN_POINT('', (122.0000001, -120.7499998, 6.7000003));
#514 = DIRECTION('', (0.0, 0.0, 1.0));
#515 = DIRECTION('', (1.0, 0.0, 0.0));
#516 = CYLINDRICAL_SURFACE('', #517, 1.2999999999999565);
#517 = AXIS2_PLACEMENT_3D('', #518, #519, #520);
#518 = CARTESIAN_POINT('', (128.00000010000005, -109.2499998, 8.00000029999996));
#519 = DIRECTION('', (0.0, -1.0, 0.0));
#520 = DIRECTION('', (-0.7071067811865397, 0.0, 0.7071067811865553));
#521 = CYLINDRICAL_SURFACE('', #522, 1.3000000000000276);
#522 = AXIS2_PLACEMENT_3D('', #523, #524, #525);
#523 = CARTESIAN_POINT('', (128.0000001, -109.2499998, 8.000000299999988));
#524 = DIRECTION('', (0.0, -1.0, 0.0));
#525 = DIRECTION('', (-0.7071067811865448, 0.0, -0.7071067811865503));
#526 = PLANE('', #527);
#527 = AXIS2_PLACEMENT_3D('', #528, #529, #530);
#528 = CARTESIAN_POINT('', (128.0000001, -120.7499998, 9.3000003));
#529 = DIRECTION('', (0.0, 0.0, -1.0));
#530 = DIRECTION('', (-1.0, 0.0, 0.0));
#531 = PLANE('', #532);
#532 = AXIS2_PLACEMENT_3D('', #533, #534, #535);
#533 = CARTESIAN_POINT('', (103.49999999157427, -114.24999979999981, 2.0000003));
#534 = DIRECTION('', (-4.2963049031E-15, -1.0, 0.0));
#535 = DIRECTION('', (1.0, -4.2963049031E-15, 0.0));
#536 = CYLINDRICAL_SURFACE('', #537, 7.749998771177022);
#537 = AXIS2_PLACEMENT_3D('', #538, #539, #540);
#538 = CARTESIAN_POINT('', (146.50000132882315, -106.50000102882306, 18.0000003));
#539 = DIRECTION('', (0.0, 0.0, 1.0));
#540 = DIRECTION('', (-0.7071067762401911, 0.707106786132904, 0.0));
#541 = PLANE('', #542);
#542 = AXIS2_PLACEMENT_3D('', #543, #544, #545);
#543 = CARTESIAN_POINT('', (154.2500001000001, -106.49999990842558, 2.0000003));
#544 = DIRECTION('', (1.0, 3.6102988356E-15, -0.0));
#545 = DIRECTION('', (-3.6102988356E-15, 1.0, 0.0));
#546 = CYLINDRICAL_SURFACE('', #547, 7.750003187660169);
#547 = AXIS2_PLACEMENT_3D('', #548, #549, #550);
#548 = CARTESIAN_POINT('', (146.49999691234026, -75.01041039267236, 18.0000003));
#549 = DIRECTION('', (0.0, 0.0, 1.0));
#550 = DIRECTION('', (-6.1222042040E-4, -0.9999998125930608, 0.0));
#551 = PLANE('', #552);
#552 = AXIS2_PLACEMENT_3D('', #553, #554, #555);
#553 = CARTESIAN_POINT('', (138.7499995374721, -75.0009183813619, 2.0000003));
#554 = DIRECTION('', (-0.7066736251094404, 0.7075396720853764, 0.0));
#555 = DIRECTION('', (-0.7075396720853764, -0.7066736251094404, 0.0));
#556 = PLANE('', #557);
#557 = AXIS2_PLACEMENT_3D('', #558, #559, #560);
#558 = CARTESIAN_POINT('', (138.0000001, -75.7499998, 2.0000003));
#559 = DIRECTION('', (0.0, 1.0, -0.0));
#560 = DIRECTION('', (-1.0, 0.0, 0.0));
#561 = CYLINDRICAL_SURFACE('', #562, 7.749998771175666);
#562 = AXIS2_PLACEMENT_3D('', #563, #564, #565);
#563 = CARTESIAN_POINT('', (103.49999887117562, -83.49999857117557, 18.0000003));
#564 = DIRECTION('', (0.0, 0.0, 1.0));
#565 = DIRECTION('', (0.7071067762401919, -0.707106786132903, 0.0));
#566 = PLANE('', #567);
#567 = AXIS2_PLACEMENT_3D('', #568, #569, #570);
#568 = CARTESIAN_POINT('', (154.2500001000001, -67.26040865741655, 2.0000003));
#569 = DIRECTION('', (0.0, 0.0, 1.0));
#570 = DIRECTION('', (-1.0, 0.0, 0.0));
#571 = CYLINDRICAL_SURFACE('', #572, 7.749998771175425);
#572 = AXIS2_PLACEMENT_3D('', #573, #574, #575);
#573 = CARTESIAN_POINT('', (103.49999887117532, -106.50000102882449, 18.0000003));
#574 = DIRECTION('', (0.0, 0.0, 1.0));
#575 = DIRECTION('', (0.7071067861328995, 0.7071067762401956, 0.0));
#576 = PLANE('', #577);
#577 = AXIS2_PLACEMENT_3D('', #578, #579, #580);
#578 = CARTESIAN_POINT('', (95.75000010000002, -83.4999996915743, 2.0000003));
#579 = DIRECTION('', (-1.0, 1.2357264911E-15, 0.0));
#580 = DIRECTION('', (-1.2357264911E-15, -1.0, 0.0));
#581 = PLANE('', #582);
#582 = AXIS2_PLACEMENT_3D('', #583, #584, #585);
#583 = CARTESIAN_POINT('', (155.75000000000009, -65.76040913868061, 13.0));
#584 = DIRECTION('', (0.0, 0.0, 0.9999999999999999));
#585 = DIRECTION('', (-1.0, 0.0, 0.0));
#586 = CYLINDRICAL_SURFACE('', #587, 9.249998771175337);
#587 = AXIS2_PLACEMENT_3D('', #588, #589, #590);
#588 = CARTESIAN_POINT('', (103.49999877117526, -106.50000122882459, 13.0));
#589 = DIRECTION('', (0.0, 0.0, 1.0));
#590 = DIRECTION('', (0.7071067770422945, 0.7071067853308004, 0.0));
#591 = PLANE('', #592);
#592 = AXIS2_PLACEMENT_3D('', #593, #594, #595);
#593 = CARTESIAN_POINT('', (94.25000000000006, -83.5000001084257, 0.0));
#594 = DIRECTION('', (-1.0, 2.4714530056E-15, 0.0));
#595 = DIRECTION('', (-2.4714530056E-15, -1.0, 0.0));
#596 = SURFACE_CURVE('', #597, (#461, #591), .CURVE_3D.);
#597 = LINE('', #598, #599);
#598 = CARTESIAN_POINT('', (94.25000000000006, -83.5000001084257, 0.0));
#599 = VECTOR('', #600, 22.999999891574305);
#600 = DIRECTION('', (-2.4714530056E-15, -1.0, 0.0));
#601 = SURFACE_CURVE('', #602, (#461, #586), .CURVE_3D.);
#602 = (
    BOUNDED_CURVE()
    B_SPLINE_CURVE(2, (#603, #604, #605, #606, #607, #608), .UNSPECIFIED., .U., .U.)
    B_SPLINE_CURVE_WITH_KNOTS((3, 1, 1, 1, 3), (0.0, 0.25, 0.5, 0.75, 1.0), .UNSPECIFIED.)
    CURVE()
    GEOMETRIC_REPRESENTATION_ITEM()
    RATIONAL_B_SPLINE_CURVE((1.0, 0.9267766707765097, 0.8535533415530194, 0.8535533415530194, 0.9267766707765097, 1.0))
    REPRESENTATION_ITEM('')
);
#603 = CARTESIAN_POINT('', (94.25, -106.5, 0.0));
#604 = CARTESIAN_POINT('', (94.24999976560959, -108.26437807795418, 0.0));
#605 = CARTESIAN_POINT('', (95.6046307217242, -111.68610690938274, 0.0));
#606 = CARTESIAN_POINT('', (98.31389318316438, -114.39536933906571, 0.0));
#607 = CARTESIAN_POINT('', (101.73562203047153, -115.75000025507178, 0.0));
#608 = CARTESIAN_POINT('', (103.50000010842571, -115.74999999999983, 0.0));
#609 = SURFACE_CURVE('', #610, (#461, #496), .CURVE_3D.);
#610 = LINE('', #611, #612);
#611 = CARTESIAN_POINT('', (103.50000010842572, -115.7499999999998, 0.0));
#612 = VECTOR('', #613, 42.99999989157428);
#613 = DIRECTION('', (1.0, -4.6267899189E-15, 0.0));
#614 = SURFACE_CURVE('', #615, (#461, #491), .CURVE_3D.);
#615 = (
    BOUNDED_CURVE()
    B_SPLINE_CURVE(2, (#616, #617, #618, #619, #620, #621), .UNSPECIFIED., .U., .U.)
    B_SPLINE_CURVE_WITH_KNOTS((3, 1, 1, 1, 3), (0.0, 0.25, 0.5, 0.75, 1.0), .UNSPECIFIED.)
    CURVE()
    GEOMETRIC_REPRESENTATION_ITEM()
    RATIONAL_B_SPLINE_CURVE((1.0, 0.9267766707765404, 0.8535533415530807, 0.8535533415530807, 0.9267766707765404, 1.0))
    REPRESENTATION_ITEM('')
);
#616 = CARTESIAN_POINT('', (146.5, -115.75, 0.0));
#617 = CARTESIAN_POINT('', (148.26437807795412, -115.75000023439016, 0.0));
#618 = CARTESIAN_POINT('', (151.68610690938243, -114.39536927827534, 0.0));
#619 = CARTESIAN_POINT('', (154.3953693390653, -111.68610681683538, 0.0));
#620 = CARTESIAN_POINT('', (155.7500002550717, -108.26437796952854, 0.0));
#621 = CARTESIAN_POINT('', (155.75000000000009, -106.49999989157439, 0.0));
#622 = SURFACE_CURVE('', #623, (#461, #486), .CURVE_3D.);
#623 = LINE('', #624, #625);
#624 = CARTESIAN_POINT('', (155.75000000000009, -106.49999989157442, 0.0));
#625 = VECTOR('', #626, 31.48959189157442);
#626 = DIRECTION('', (-2.7077241453E-15, 1.0, 0.0));
#627 = SURFACE_CURVE('', #628, (#461, #481), .CURVE_3D.);
#628 = (
    BOUNDED_CURVE()
    B_SPLINE_CURVE(2, (#629, #630, #631, #632, #633, #634), .UNSPECIFIED., .U., .U.)
    B_SPLINE_CURVE_WITH_KNOTS((3, 1, 1, 1, 3), (0.0, 0.25, 0.5, 0.75, 1.0), .UNSPECIFIED.)
    CURVE()
    GEOMETRIC_REPRESENTATION_ITEM()
    RATIONAL_B_SPLINE_CURVE((1.0, 0.7501531319584501, 0.5003062639169003, 0.5003062639169001, 0.75015313195845, 1.0))
    REPRESENTATION_ITEM('')
);
#629 = CARTESIAN_POINT('', (155.75, -75.010408, 0.0));
#630 = CARTESIAN_POINT('', (155.74999913595246, -71.92770359661561, 0.0));
#631 = CARTESIAN_POINT('', (151.12782875649947, -65.76323905062127, 0.0));
#632 = CARTESIAN_POINT('', (141.88349145166782, -65.75757922673996, 0.0));
#633 = CARTESIAN_POINT('', (137.25377618227378, -71.91637932739708, 0.0));
#634 = CARTESIAN_POINT('', (137.2500005625282, -74.9990814186381, 0.0));
#635 = SURFACE_CURVE('', #636, (#461, #476), .CURVE_3D.);
#636 = LINE('', #637, #638);
#637 = CARTESIAN_POINT('', (137.25000056252816, -74.9990814186381, 0.0));
#638 = VECTOR('', #639, 1.060010437664152);
#639 = DIRECTION('', (0.7075396720852559, 0.7066736251095611, 0.0));
#640 = SURFACE_CURVE('', #641, (#461, #471), .CURVE_3D.);
#641 = LINE('', #642, #643);
#642 = CARTESIAN_POINT('', (138.0, -74.25, 0.0));
#643 = VECTOR('', #644, 34.5);
#644 = DIRECTION('', (-1.0, 0.0, 0.0));
#645 = SURFACE_CURVE('', #646, (#461, #466), .CURVE_3D.);
#646 = (
    BOUNDED_CURVE()
    B_SPLINE_CURVE(2, (#647, #648, #649, #650, #651, #652), .UNSPECIFIED., .U., .U.)
    B_SPLINE_CURVE_WITH_KNOTS((3, 1, 1, 1, 3), (0.0, 0.25, 0.5, 0.75, 1.0), .UNSPECIFIED.)
    CURVE()
    GEOMETRIC_REPRESENTATION_ITEM()
    RATIONAL_B_SPLINE_CURVE((1.0, 0.9267766707765147, 0.8535533415530294, 0.8535533415530293, 0.9267766707765146, 1.0))
    REPRESENTATION_ITEM('')
);
#647 = CARTESIAN_POINT('', (103.5, -74.25, 0.0));
#648 = CARTESIAN_POINT('', (101.73562192204581, -74.24999976560962, 0.0));
#649 = CARTESIAN_POINT('', (98.31389309061728, -75.60463072172425, 0.0));
#650 = CARTESIAN_POINT('', (95.6046306609343, -78.3138931831644, 0.0));
#651 = CARTESIAN_POINT('', (94.24999974492816, -81.73562203047153, 0.0));
#652 = CARTESIAN_POINT('', (94.25000000000006, -83.50000010842571, 0.0));
#653 = SURFACE_CURVE('', #654, (#466, #591), .CURVE_3D.);
#654 = LINE('', #655, #656);
#655 = CARTESIAN_POINT('', (94.25000000000006, -83.5000001084257, 0.0));
#656 = VECTOR('', #657, 13.0);
#657 = DIRECTION('', (0.0, 0.0, 1.0));
#658 = SURFACE_CURVE('', #659, (#466, #581), .CURVE_3D.);
#659 = (
    BOUNDED_CURVE()
    B_SPLINE_CURVE(2, (#660, #661, #662, #663, #664, #665), .UNSPECIFIED., .U., .U.)
    B_SPLINE_CURVE_WITH_KNOTS((3, 1, 1, 1, 3), (0.0, 0.25, 0.5, 0.75, 1.0), .UNSPECIFIED.)
    CURVE()
    GEOMETRIC_REPRESENTATION_ITEM()
    RATIONAL_B_SPLINE_CURVE((1.0, 0.9267766707765147, 0.8535533415530294, 0.8535533415530293, 0.9267766707765146, 1.0))
    REPRESENTATION_ITEM('')
);
#660 = CARTESIAN_POINT('', (103.5, -74.25, 13.0));
#661 = CARTESIAN_POINT('', (101.73562192204581, -74.24999976560962, 13.0));
#662 = CARTESIAN_POINT('', (98.31389309061728, -75.60463072172425, 13.0));
#663 = CARTESIAN_POINT('', (95.6046306609343, -78.3138931831644, 13.0));
#664 = CARTESIAN_POINT('', (94.24999974492816, -81.73562203047153, 13.000000000000002));
#665 = CARTESIAN_POINT('', (94.25000000000006, -83.50000010842571, 13.0));
#666 = SURFACE_CURVE('', #667, (#466, #471), .CURVE_3D.);
#667 = LINE('', #668, #669);
#668 = CARTESIAN_POINT('', (103.5, -74.25, 0.0));
#669 = VECTOR('', #670, 13.0);
#670 = DIRECTION('', (0.0, 0.0, 1.0));
#671 = SURFACE_CURVE('', #672, (#471, #581), .CURVE_3D.);
#672 = LINE('', #673, #674);
#673 = CARTESIAN_POINT('', (138.0, -74.25, 13.0));
#674 = VECTOR('', #675, 34.5);
#675 = DIRECTION('', (-1.0, 0.0, 0.0));
#676 = SURFACE_CURVE('', #677, (#471, #476), .CURVE_3D.);
#677 = LINE('', #678, #679);
#678 = CARTESIAN_POINT('', (138.0, -74.25, 0.0));
#679 = VECTOR('', #680, 13.0);
#680 = DIRECTION('', (0.0, 0.0, 1.0));
#681 = SURFACE_CURVE('', #682, (#476, #581), .CURVE_3D.);
#682 = LINE('', #683, #684);
#683 = CARTESIAN_POINT('', (137.25000056252816, -74.9990814186381, 13.0));
#684 = VECTOR('', #685, 1.060010437664152);
#685 = DIRECTION('', (0.7075396720852559, 0.7066736251095611, 0.0));
#686 = SURFACE_CURVE('', #687, (#476, #481), .CURVE_3D.);
#687 = LINE('', #688, #689);
#688 = CARTESIAN_POINT('', (137.25000056252816, -74.9990814186381, 0.0));
#689 = VECTOR('', #690, 13.0);
#690 = DIRECTION('', (0.0, 0.0, 1.0));
#691 = SURFACE_CURVE('', #692, (#481, #581), .CURVE_3D.);
#692 = (
    BOUNDED_CURVE()
    B_SPLINE_CURVE(2, (#693, #694, #695, #696, #697, #698), .UNSPECIFIED., .U., .U.)
    B_SPLINE_CURVE_WITH_KNOTS((3, 1, 1, 1, 3), (0.0, 0.25, 0.5, 0.75, 1.0), .UNSPECIFIED.)
    CURVE()
    GEOMETRIC_REPRESENTATION_ITEM()
    RATIONAL_B_SPLINE_CURVE((1.0, 0.7501531319584501, 0.5003062639169003, 0.5003062639169001, 0.75015313195845, 1.0))
    REPRESENTATION_ITEM('')
);
#693 = CARTESIAN_POINT('', (155.75, -75.010408, 13.0));
#694 = CARTESIAN_POINT('', (155.74999913595246, -71.92770359661561, 13.000000000000002));
#695 = CARTESIAN_POINT('', (151.12782875649947, -65.76323905062127, 13.0));
#696 = CARTESIAN_POINT('', (141.88349145166782, -65.75757922673996, 13.0));
#697 = CARTESIAN_POINT('', (137.25377618227378, -71.91637932739708, 13.0));
#698 = CARTESIAN_POINT('', (137.2500005625282, -74.9990814186381, 13.0));
#699 = SURFACE_CURVE('', #700, (#481, #486), .CURVE_3D.);
#700 = LINE('', #701, #702);
#701 = CARTESIAN_POINT('', (155.75, -75.010408, 0.0));
#702 = VECTOR('', #703, 13.0);
#703 = DIRECTION('', (0.0, 0.0, 1.0));
#704 = SURFACE_CURVE('', #705, (#486, #581), .CURVE_3D.);
#705 = LINE('', #706, #707);
#706 = CARTESIAN_POINT('', (155.75000000000009, -106.49999989157442, 13.0));
#707 = VECTOR('', #708, 31.48959189157442);
#708 = DIRECTION('', (-2.7077241453E-15, 1.0, 0.0));
#709 = SURFACE_CURVE('', #710, (#486, #491), .CURVE_3D.);
#710 = LINE('', #711, #712);
#711 = CARTESIAN_POINT('', (155.75000000000009, -106.49999989157442, 0.0));
#712 = VECTOR('', #713, 13.0);
#713 = DIRECTION('', (0.0, 0.0, 1.0));
#714 = SURFACE_CURVE('', #715, (#491, #581), .CURVE_3D.);
#715 = (
    BOUNDED_CURVE()
    B_SPLINE_CURVE(2, (#716, #717, #718, #719, #720, #721), .UNSPECIFIED., .U., .U.)
    B_SPLINE_CURVE_WITH_KNOTS((3, 1, 1, 1, 3), (0.0, 0.25, 0.5, 0.75, 1.0), .UNSPECIFIED.)
    CURVE()
    GEOMETRIC_REPRESENTATION_ITEM()
    RATIONAL_B_SPLINE_CURVE((1.0, 0.9267766707765404, 0.8535533415530807, 0.8535533415530807, 0.9267766707765404, 1.0))
    REPRESENTATION_ITEM('')
);
#716 = CARTESIAN_POINT('', (146.5, -115.75, 13.0));
#717 = CARTESIAN_POINT('', (148.26437807795412, -115.75000023439016, 13.0));
#718 = CARTESIAN_POINT('', (151.68610690938243, -114.39536927827534, 13.0));
#719 = CARTESIAN_POINT('', (154.3953693390653, -111.68610681683538, 13.0));
#720 = CARTESIAN_POINT('', (155.7500002550717, -108.26437796952854, 13.0));
#721 = CARTESIAN_POINT('', (155.75000000000009, -106.49999989157439, 13.0));
#722 = SURFACE_CURVE('', #723, (#491, #496), .CURVE_3D.);
#723 = LINE('', #724, #725);
#724 = CARTESIAN_POINT('', (146.5, -115.75, 0.0));
#725 = VECTOR('', #726, 13.0);
#726 = DIRECTION('', (0.0, 0.0, 1.0));
#727 = SURFACE_CURVE('', #728, (#496, #581), .CURVE_3D.);
#728 = LINE('', #729, #730);
#729 = CARTESIAN_POINT('', (103.50000010842572, -115.7499999999998, 13.0));
#730 = VECTOR('', #731, 42.99999989157428);
#731 = DIRECTION('', (1.0, -4.6267899189E-15, 0.0));
#732 = SURFACE_CURVE('', #733, (#496, #586), .CURVE_3D.);
#733 = LINE('', #734, #735);
#734 = CARTESIAN_POINT('', (103.50000010842572, -115.7499999999998, 0.0));
#735 = VECTOR('', #736, 13.0);
#736 = DIRECTION('', (0.0, 0.0, 1.0));
#737 = SURFACE_CURVE('', #738, (#496, #526), .CURVE_3D.);
#738 = INTERSECTION_CURVE('', #739, (#743, #748), .CURVE_3D.);
#739 = B_SPLINE_CURVE_WITH_KNOTS('', 1, (#740, #741, #742), .UNSPECIFIED., .U., .U., (2, 1, 2), (0.0, 0.5, 1.0), .UNSPECIFIED.);
#740 = CARTESIAN_POINT('', (122.0000001, -115.74999999999989, 9.3000003));
#741 = CARTESIAN_POINT('', (124.60869564782614, -115.7499999999999, 9.3000003));
#742 = CARTESIAN_POINT('', (128.0000001, -115.74999999999991, 9.3000003));
#743 = PLANE('', #744);
#744 = AXIS2_PLACEMENT_3D('', #745, #746, #747);
#745 = CARTESIAN_POINT('', (103.50000010842572, -115.7499999999998, 0.0));
#746 = DIRECTION('', (-4.6267899189E-15, -1.0, 0.0));
#747 = DIRECTION('', (1.0, -4.6267899189E-15, 0.0));
#748 = PLANE('', #749);
#749 = AXIS2_PLACEMENT_3D('', #750, #751, #752);
#750 = CARTESIAN_POINT('', (128.0000001, -120.7499998, 9.3000003));
#751 = DIRECTION('', (0.0, 0.0, -1.0));
#752 = DIRECTION('', (-1.0, 0.0, 0.0));
#753 = SURFACE_CURVE('', #754, (#496, #521), .CURVE_3D.);
#754 = INTERSECTION_CURVE('', #755, (#825, #830), .CURVE_3D.);
#755 = B_SPLINE_CURVE_WITH_KNOTS('', 1, (#756, #757, #758, #759, #760, #761, #762, #763, #764, #765, #766, #767, #768, #769, #770, #771, #772, #773, #774, #775, #776, #777, #778, #779, #780, #781, #782, #783, #784, #785, #786, #787, #788, #789, #790, #791, #792, #793, #794, #795, #796, #797, #798, #799, #800, #801, #802, #803, #804, #805, #806, #807, #808, #809, #810, #811, #812, #813, #814, #815, #816, #817, #818, #819, #820, #821, #822, #823, #824), .UNSPECIFIED., .U., .U., (2, 1, 1, 1, 1, 1, 1, 1, 1, 1, 1, 1, 1, 1, 1, 1, 1, 1, 1, 1, 1, 1, 1, 1, 1, 1, 1, 1, 1, 1, 1, 1, 1, 1, 1, 1, 1, 1, 1, 1, 1, 1, 1, 1, 1, 1, 1, 1, 1, 1, 1, 1, 1, 1, 1, 1, 1, 1, 1, 1, 1, 1, 1, 1, 1, 1, 1, 1, 2), (0.0, 0.014705882352941176, 0.029411764705882353, 0.04411764705882353, 0.058823529411764705, 0.07352941176470588, 0.08823529411764706, 0.10294117647058823, 0.11764705882352941, 0.1323529411764706, 0.14705882352941177, 0.16176470588235295, 0.17647058823529413, 0.19117647058823528, 0.20588235294117646, 0.22058823529411764, 0.23529411764705882, 0.25, 0.2647058823529412, 0.27941176470588236, 0.29411764705882354, 0.3088235294117647, 0.3235294117647059, 0.3382352941176471, 0.35294117647058826, 0.36764705882352944, 0.38235294117647056, 0.39705882352941174, 0.4117647058823529, 0.4264705882352941, 0.4411764705882353, 0.45588235294117646, 0.47058823529411764, 0.4852941176470588, 0.5, 0.5147058823529411, 0.5294117647058824, 0.5441176470588235, 0.5588235294117647, 0.5735294117647058, 0.5882352941176471, 0.6029411764705882, 0.6176470588235294, 0.6323529411764706, 0.6470588235294118, 0.6617647058823529, 0.6764705882352942, 0.6911764705882353, 0.7058823529411765, 0.7205882352941176, 0.7352941176470589, 0.75, 0.7647058823529411, 0.7794117647058824, 0.7941176470588235, 0.8088235294117647, 0.8235294117647058, 0.8382352941176471, 0.8529411764705882, 0.8676470588235294, 0.8823529411764706, 0.8970588235294118, 0.9117647058823529, 0.9264705882352942, 0.9411764705882353, 0.9558823529411765, 0.9705882352941176, 0.9852941176470589, 1.0), .UNSPECIFIED.);
#756 = CARTESIAN_POINT('', (129.3000001, -115.74999999999991, 8.0000003));
#757 = CARTESIAN_POINT('', (129.29881603734543, -115.74999999999991, 8.055472463267385));
#758 = CARTESIAN_POINT('', (129.2986529093719, -115.74999999999991, 8.059168540725343));
#759 = CARTESIAN_POINT('', (129.2984535850038, -115.74999999999991, 8.063392312758108));
#760 = CARTESIAN_POINT('', (129.29843419306673, -115.74999999999991, 8.063788276625644));
#761 = CARTESIAN_POINT('', (129.29427243729972, -115.74999999999991, 8.121898277426853));
#762 = CARTESIAN_POINT('', (129.29374024467387, -115.74999999999991, 8.12742258242843));
#763 = CARTESIAN_POINT('', (129.28673217932945, -115.74999999999991, 8.185258379512149));
#764 = CARTESIAN_POINT('', (129.2859295629542, -115.74999999999991, 8.190749916791972));
#765 = CARTESIAN_POINT('', (129.27609207107565, -115.74999999999991, 8.248172178657214));
#766 = CARTESIAN_POINT('', (129.2750209645242, -115.74999999999991, 8.25361771862097));
#767 = CARTESIAN_POINT('', (129.2623777454911, -115.74999999999991, 8.310488110009297));
#768 = CARTESIAN_POINT('', (129.2610407291529, -115.74999999999991, 8.315874533874245));
#769 = CARTESIAN_POINT('', (129.24562224158734, -115.74999999999991, 8.372056049031556));
#770 = CARTESIAN_POINT('', (129.24402253645187, -115.74999999999991, 8.377370380430804));
#771 = CARTESIAN_POINT('', (129.22586592484083, -115.74999999999991, 8.43272767316616));
#772 = CARTESIAN_POINT('', (129.22400738473792, -115.74999999999991, 8.43795710940989));
#773 = CARTESIAN_POINT('', (129.20315638994916, -115.74999999999991, 8.49235681915635));
#774 = CARTESIAN_POINT('', (129.2010434922647, -115.74999999999991, 8.49748876207462));
#775 = CARTESIAN_POINT('', (129.17754834617097, -115.74999999999991, 8.550799835166577));
#776 = CARTESIAN_POINT('', (129.17518618106047, -115.74999999999991, 8.555821921459373));
#777 = CARTESIAN_POINT('', (129.14910348552667, -115.74999999999991, 8.607915926852234));
#778 = CARTESIAN_POINT('', (129.14649774365287, -115.74999999999991, 8.6128160578738));
#779 = CARTESIAN_POINT('', (129.11789033417708, -115.74999999999991, 8.663567496545694));
#780 = CARTESIAN_POINT('', (129.11504729300034, -115.74999999999991, 8.668333867451194));
#781 = CARTESIAN_POINT('', (129.08398408733774, -115.74999999999991, 8.71762047474104));
#782 = CARTESIAN_POINT('', (129.08091059599332, -115.74999999999991, 8.722241602925486));
#783 = CARTESIAN_POINT('', (129.04746642812714, -115.74999999999991, 8.769944643079334));
#784 = CARTESIAN_POINT('', (129.04416989092485, -115.74999999999991, 8.774409395840166));
#785 = CARTESIAN_POINT('', (129.00842533078486, -115.74999999999991, 8.820413948055995));
#786 = CARTESIAN_POINT('', (129.00491368937156, -115.74999999999991, 8.824711569412742));
#787 = CARTESIAN_POINT('', (128.96695484873396, -115.74999999999991, 8.868906804694744));
#788 = CARTESIAN_POINT('', (128.96323656296144, -115.74999999999991, 8.87302694130113));
#789 = CARTESIAN_POINT('', (128.92315488799818, -115.74999999999991, 8.915306389456452));
#790 = CARTESIAN_POINT('', (128.9192389155425, -115.74999999999991, 8.91923911554252));
#791 = CARTESIAN_POINT('', (128.87713096651927, -115.74999999999991, 8.959500921677321));
#792 = CARTESIAN_POINT('', (128.87302674130112, -115.74999999999991, 8.963236762961454));
#793 = CARTESIAN_POINT('', (128.82899395995534, -115.74999999999991, 9.001383932858245));
#794 = CARTESIAN_POINT('', (128.82471136941274, -115.74999999999991, 9.004913889371565));
#795 = CARTESIAN_POINT('', (128.77885983457145, -115.74999999999991, 9.040854523156778));
#796 = CARTESIAN_POINT('', (128.77440919584015, -115.74999999999991, 9.044170090924851));
#797 = CARTESIAN_POINT('', (128.72684936786698, -115.74999999999991, 9.077817604463625));
#798 = CARTESIAN_POINT('', (128.72224140292548, -115.74999999999991, 9.080910795993319));
#799 = CARTESIAN_POINT('', (128.6730878576117, -115.74999999999991, 9.112184129478402));
#800 = CARTESIAN_POINT('', (128.66833366745118, -115.74999999999991, 9.115047493000365));
#801 = CARTESIAN_POINT('', (128.61770481999284, -115.74999999999991, 9.143871306232164));
#802 = CARTESIAN_POINT('', (128.61281585787378, -115.74999999999991, 9.146497943652871));
#803 = CARTESIAN_POINT('', (128.560833677599, -115.74999999999991, 9.172802797540633));
#804 = CARTESIAN_POINT('', (128.55582172145935, -115.74999999999991, 9.175186381060488));
#805 = CARTESIAN_POINT('', (128.50261143799344, -115.74999999999991, 9.198908904907178));
#806 = CARTESIAN_POINT('', (128.4974885620746, -115.74999999999991, 9.201043692264683));
#807 = CARTESIAN_POINT('', (128.44317836365116, -115.74999999999991, 9.222126736432491));
#808 = CARTESIAN_POINT('', (128.43795690940988, -115.74999999999991, 9.224007584737938));
#809 = CARTESIAN_POINT('', (128.38267763405383, -115.74999999999991, 9.242400358326822));
#810 = CARTESIAN_POINT('', (128.3773701804308, -115.74999999999991, 9.24402273645188));
#811 = CARTESIAN_POINT('', (128.32125500075844, -115.74999999999991, 9.259680929659243));
#812 = CARTESIAN_POINT('', (128.31587433387423, -115.74999999999991, 9.26104092915292));
#813 = CARTESIAN_POINT('', (128.25905843626848, -115.74999999999991, 9.273926820019833));
#814 = CARTESIAN_POINT('', (128.25361751862096, -115.74999999999991, 9.275021164524212));
#815 = CARTESIAN_POINT('', (128.19623777755564, -115.74999999999991, 9.285103709810901));
#816 = CARTESIAN_POINT('', (128.19074971679197, -115.74999999999991, 9.285929762954227));
#817 = CARTESIAN_POINT('', (128.13294436508917, -115.74999999999991, 9.293184672925968));
#818 = CARTESIAN_POINT('', (128.12742238242842, -115.74999999999991, 9.293740444673869));
#819 = CARTESIAN_POINT('', (128.06933067824355, -115.74999999999991, 9.298150241617087));
#820 = CARTESIAN_POINT('', (128.06378807662563, -115.74999999999991, 9.298434393066739));
#821 = CARTESIAN_POINT('', (128.0633921127581, -115.74999999999991, 9.29845378500381));
#822 = CARTESIAN_POINT('', (128.05916834072536, -115.74999999999991, 9.29865310937189));
#823 = CARTESIAN_POINT('', (128.05547226326738, -115.74999999999991, 9.298816237345424));
#824 = CARTESIAN_POINT('', (128.0000001, -115.74999999999991, 9.3000003));
#825 = PLANE('', #826);
#826 = AXIS2_PLACEMENT_3D('', #827, #828, #829);
#827 = CARTESIAN_POINT('', (103.50000010842572, -115.7499999999998, 0.0));
#828 = DIRECTION('', (-4.6267899189E-15, -1.0, 0.0));
#829 = DIRECTION('', (1.0, -4.6267899189E-15, 0.0));
#830 = CYLINDRICAL_SURFACE('', #831, 1.3000000000000276);
#831 = AXIS2_PLACEMENT_3D('', #832, #833, #834);
#832 = CARTESIAN_POINT('', (128.0000001, -109.2499998, 8.000000299999988));
#833 = DIRECTION('', (0.0, -1.0, 0.0));
#834 = DIRECTION('', (-0.7071067811865448, 0.0, -0.7071067811865503));
#835 = SURFACE_CURVE('', #836, (#496, #516), .CURVE_3D.);
#836 = INTERSECTION_CURVE('', #837, (#908, #913), .CURVE_3D.);
#837 = B_SPLINE_CURVE_WITH_KNOTS('', 1, (#838, #839, #840, #841, #842, #843, #844, #845, #846, #847, #848, #849, #850, #851, #852, #853, #854, #855, #856, #857, #858, #859, #860, #861, #862, #863, #864, #865, #866, #867, #868, #869, #870, #871, #872, #873, #874, #875, #876, #877, #878, #879, #880, #881, #882, #883, #884, #885, #886, #887, #888, #889, #890, #891, #892, #893, #894, #895, #896, #897, #898, #899, #900, #901, #902, #903, #904, #905, #906, #907), .UNSPECIFIED., .U., .U., (2, 1, 1, 1, 1, 1, 1, 1, 1, 1, 1, 1, 1, 1, 1, 1, 1, 1, 1, 1, 1, 1, 1, 1, 1, 1, 1, 1, 1, 1, 1, 1, 1, 1, 1, 1, 1, 1, 1, 1, 1, 1, 1, 1, 1, 1, 1, 1, 1, 1, 1, 1, 1, 1, 1, 1, 1, 1, 1, 1, 1, 1, 1, 1, 1, 1, 1, 1, 1, 2), (0.0, 0.014492753623188406, 0.028985507246376812, 0.043478260869565216, 0.057971014492753624, 0.07246376811594203, 0.08695652173913043, 0.10144927536231885, 0.11594202898550725, 0.13043478260869565, 0.14492753623188406, 0.15942028985507245, 0.17391304347826086, 0.18840579710144928, 0.2028985507246377, 0.21739130434782608, 0.2318840579710145, 0.2463768115942029, 0.2608695652173913, 0.2753623188405797, 0.2898550724637681, 0.30434782608695654, 0.3188405797101449, 0.3333333333333333, 0.34782608695652173, 0.36231884057971014, 0.37681159420289856, 0.391304347826087, 0.4057971014492754, 0.42028985507246375, 0.43478260869565216, 0.4492753623188406, 0.463768115942029, 0.4782608695652174, 0.4927536231884058, 0.5072463768115942, 0.5217391304347826, 0.5362318840579711, 0.5507246376811594, 0.5652173913043478, 0.5797101449275363, 0.5942028985507246, 0.6086956521739131, 0.6231884057971014, 0.6376811594202898, 0.6521739130434783, 0.6666666666666666, 0.6811594202898551, 0.6956521739130435, 0.7101449275362319, 0.7246376811594203, 0.7391304347826086, 0.7536231884057971, 0.7681159420289855, 0.782608695652174, 0.7971014492753623, 0.8115942028985508, 0.8260869565217391, 0.8405797101449275, 0.855072463768116, 0.8695652173913043, 0.8840579710144928, 0.8985507246376812, 0.9130434782608695, 0.927536231884058, 0.9420289855072463, 0.9565217391304348, 0.9710144927536232, 0.9855072463768116, 1.0), .UNSPECIFIED.);
#838 = CARTESIAN_POINT('', (129.3000001, -115.74999999999991, 8.0000003));
#839 = CARTESIAN_POINT('', (129.29881603734543, -115.74999999999991, 7.9445281367326155));
#840 = CARTESIAN_POINT('', (129.2986529093719, -115.74999999999991, 7.940832059274657));
#841 = CARTESIAN_POINT('', (129.2984535850038, -115.74999999999991, 7.93660828724189));
#842 = CARTESIAN_POINT('', (129.29843419306673, -115.74999999999991, 7.936212323374355));
#843 = CARTESIAN_POINT('', (129.29815004161708, -115.74999999999991, 7.930669721756422));
#844 = CARTESIAN_POINT('', (129.29374024467387, -115.74999999999991, 7.872578017571569));
#845 = CARTESIAN_POINT('', (129.29318447292596, -115.74999999999991, 7.867056034910813));
#846 = CARTESIAN_POINT('', (129.28592956295424, -115.74999999999991, 7.809250683208027));
#847 = CARTESIAN_POINT('', (129.28510350981088, -115.74999999999991, 7.803762622444349));
#848 = CARTESIAN_POINT('', (129.28372709896752, -115.74999999999991, 7.794951544524958));
#849 = CARTESIAN_POINT('', (129.2750209645242, -115.74999999999991, 7.746382881379029));
#850 = CARTESIAN_POINT('', (129.27392662001984, -115.74999999999991, 7.740941963731495));
#851 = CARTESIAN_POINT('', (129.2610407291529, -115.74999999999991, 7.684126066125751));
#852 = CARTESIAN_POINT('', (129.25968072965924, -115.74999999999991, 7.678745399241549));
#853 = CARTESIAN_POINT('', (129.2440225364519, -115.74999999999991, 7.622630219569192));
#854 = CARTESIAN_POINT('', (129.24240015832683, -115.74999999999991, 7.617322765946151));
#855 = CARTESIAN_POINT('', (129.22400738473794, -115.74999999999991, 7.562043490590106));
#856 = CARTESIAN_POINT('', (129.2221265364325, -115.74999999999991, 7.556822036348872));
#857 = CARTESIAN_POINT('', (129.2010434922647, -115.74999999999991, 7.502511837925374));
#858 = CARTESIAN_POINT('', (129.19890870490718, -115.74999999999991, 7.497388962006548));
#859 = CARTESIAN_POINT('', (129.1751861810605, -115.74999999999991, 7.444178678540624));
#860 = CARTESIAN_POINT('', (129.17280259754065, -115.74999999999991, 7.439166722401028));
#861 = CARTESIAN_POINT('', (129.14649774365287, -115.74999999999991, 7.387184542126192));
#862 = CARTESIAN_POINT('', (129.14387110623215, -115.74999999999991, 7.382295580007135));
#863 = CARTESIAN_POINT('', (129.11504729300037, -115.74999999999991, 7.3316667325488));
#864 = CARTESIAN_POINT('', (129.11218392947842, -115.74999999999991, 7.326912542388264));
#865 = CARTESIAN_POINT('', (129.08091059599332, -115.74999999999991, 7.2777589970745025));
#866 = CARTESIAN_POINT('', (129.07781740446364, -115.74999999999991, 7.273151032133));
#867 = CARTESIAN_POINT('', (129.04416989092485, -115.74999999999991, 7.225591204159823));
#868 = CARTESIAN_POINT('', (129.0408543231568, -115.74999999999991, 7.221140565428506));
#869 = CARTESIAN_POINT('', (129.00491368937156, -115.74999999999991, 7.175289030587245));
#870 = CARTESIAN_POINT('', (129.00138373285824, -115.74999999999991, 7.17100644004464));
#871 = CARTESIAN_POINT('', (128.96323656296147, -115.74999999999991, 7.126973658698862));
#872 = CARTESIAN_POINT('', (128.95950072167733, -115.74999999999991, 7.122869433480718));
#873 = CARTESIAN_POINT('', (128.91923891554254, -115.74999999999991, 7.080761484457492));
#874 = CARTESIAN_POINT('', (128.9153061894565, -115.74999999999991, 7.07684551200181));
#875 = CARTESIAN_POINT('', (128.87302674130115, -115.74999999999991, 7.036763837038539));
#876 = CARTESIAN_POINT('', (128.86890660469476, -115.74999999999991, 7.0330455512660235));
#877 = CARTESIAN_POINT('', (128.82471136941274, -115.74999999999991, 6.9950867106284225));
#878 = CARTESIAN_POINT('', (128.820413748056, -115.74999999999991, 6.9915750692151395));
#879 = CARTESIAN_POINT('', (128.77440919584018, -115.74999999999991, 6.955830509075147));
#880 = CARTESIAN_POINT('', (128.76994444307934, -115.74999999999991, 6.952533971872865));
#881 = CARTESIAN_POINT('', (128.7222414029255, -115.74999999999991, 6.91908980400668));
#882 = CARTESIAN_POINT('', (128.71762027474102, -115.74999999999991, 6.916016312662226));
#883 = CARTESIAN_POINT('', (128.6683336674512, -115.74999999999991, 6.884953106999635));
#884 = CARTESIAN_POINT('', (128.6635672965457, -115.74999999999991, 6.8821100658229035));
#885 = CARTESIAN_POINT('', (128.6128158578738, -115.74999999999991, 6.853502656347127));
#886 = CARTESIAN_POINT('', (128.60791572685224, -115.74999999999991, 6.850896914473314));
#887 = CARTESIAN_POINT('', (128.55582172145938, -115.74999999999991, 6.824814218939514));
#888 = CARTESIAN_POINT('', (128.55079963516658, -115.74999999999991, 6.822452053829032));
#889 = CARTESIAN_POINT('', (128.4974885620746, -115.74999999999991, 6.798956907735311));
#890 = CARTESIAN_POINT('', (128.49235661915634, -115.74999999999991, 6.796844010050813));
#891 = CARTESIAN_POINT('', (128.43795690940988, -115.74999999999991, 6.775993015262058));
#892 = CARTESIAN_POINT('', (128.43272747316612, -115.74999999999991, 6.774134475159139));
#893 = CARTESIAN_POINT('', (128.3773701804308, -115.74999999999991, 6.755977863548119));
#894 = CARTESIAN_POINT('', (128.37205584903157, -115.74999999999991, 6.7543781584126785));
#895 = CARTESIAN_POINT('', (128.31587433387423, -115.74999999999991, 6.738959670847082));
#896 = CARTESIAN_POINT('', (128.31048791000927, -115.74999999999991, 6.737622654508897));
#897 = CARTESIAN_POINT('', (128.25361751862096, -115.74999999999991, 6.724979435475792));
#898 = CARTESIAN_POINT('', (128.2481719786572, -115.74999999999991, 6.723908328924338));
#899 = CARTESIAN_POINT('', (128.19074971679197, -115.74999999999991, 6.714070837045781));
#900 = CARTESIAN_POINT('', (128.18525817951212, -115.74999999999991, 6.713268220670551));
#901 = CARTESIAN_POINT('', (128.12742238242842, -115.74999999999991, 6.706260155326142));
#902 = CARTESIAN_POINT('', (128.1218980774268, -115.74999999999991, 6.705727962700291));
#903 = CARTESIAN_POINT('', (128.06378807662563, -115.74999999999991, 6.7015662069332755));
#904 = CARTESIAN_POINT('', (128.0633921127581, -115.74999999999991, 6.701546814996204));
#905 = CARTESIAN_POINT('', (128.05916834072536, -115.74999999999991, 6.701347490628125));
#906 = CARTESIAN_POINT('', (128.05547226326738, -115.74999999999991, 6.70118436265459));
#907 = CARTESIAN_POINT('', (128.0000001, -115.74999999999991, 6.7000003));
#908 = PLANE('', #909);
#909 = AXIS2_PLACEMENT_3D('', #910, #911, #912);
#910 = CARTESIAN_POINT('', (103.50000010842572, -115.7499999999998, 0.0));
#911 = DIRECTION('', (-4.6267899189E-15, -1.0, 0.0));
#912 = DIRECTION('', (1.0, -4.6267899189E-15, 0.0));
#913 = CYLINDRICAL_SURFACE('', #914, 1.2999999999999565);
#914 = AXIS2_PLACEMENT_3D('', #915, #916, #917);
#915 = CARTESIAN_POINT('', (128.00000010000005, -109.2499998, 8.00000029999996));
#916 = DIRECTION('', (0.0, -1.0, 0.0));
#917 = DIRECTION('', (-0.7071067811865397, 0.0, 0.7071067811865553));
#918 = SURFACE_CURVE('', #919, (#496, #511), .CURVE_3D.);
#919 = INTERSECTION_CURVE('', #920, (#925, #930), .CURVE_3D.);
#920 = B_SPLINE_CURVE_WITH_KNOTS('', 1, (#921, #922, #923, #924), .UNSPECIFIED., .U., .U., (2, 1, 1, 2), (0.0, 0.3333333333333333, 0.6666666666666666, 1.0), .UNSPECIFIED.);
#921 = CARTESIAN_POINT('', (128.0000001, -115.74999999999991, 6.7000003));
#922 = CARTESIAN_POINT('', (125.66153950639092, -115.7499999999999, 6.7000003));
#923 = CARTESIAN_POINT('', (125.39130455217386, -115.7499999999999, 6.7000003));
#924 = CARTESIAN_POINT('', (122.0000001, -115.74999999999989, 6.7000003));
#925 = PLANE('', #926);
#926 = AXIS2_PLACEMENT_3D('', #927, #928, #929);
#927 = CARTESIAN_POINT('', (103.50000010842572, -115.7499999999998, 0.0));
#928 = DIRECTION('', (-4.6267899189E-15, -1.0, 0.0));
#929 = DIRECTION('', (1.0, -4.6267899189E-15, 0.0));
#930 = PLANE('', #931);
#931 = AXIS2_PLACEMENT_3D('', #932, #933, #934);
#932 = CARTESIAN_POINT('', (122.0000001, -120.7499998, 6.7000003));
#933 = DIRECTION('', (0.0, 0.0, 1.0));
#934 = DIRECTION('', (1.0, 0.0, 0.0));
#935 = SURFACE_CURVE('', #936, (#496, #506), .CURVE_3D.);
#936 = INTERSECTION_CURVE('', #937, (#1007, #1012), .CURVE_3D.);
#937 = B_SPLINE_CURVE_WITH_KNOTS('', 1, (#938, #939, #940, #941, #942, #943, #944, #945, #946, #947, #948, #949, #950, #951, #952, #953, #954, #955, #956, #957, #958, #959, #960, #961, #962, #963, #964, #965, #966, #967, #968, #969, #970, #971, #972, #973, #974, #975, #976, #977, #978, #979, #980, #981, #982, #983, #984, #985, #986, #987, #988, #989, #990, #991, #992, #993, #994, #995, #996, #997, #998, #999, #1000, #1001, #1002, #1003, #1004, #1005, #1006), .UNSPECIFIED., .U., .U., (2, 1, 1, 1, 1, 1, 1, 1, 1, 1, 1, 1, 1, 1, 1, 1, 1, 1, 1, 1, 1, 1, 1, 1, 1, 1, 1, 1, 1, 1, 1, 1, 1, 1, 1, 1, 1, 1, 1, 1, 1, 1, 1, 1, 1, 1, 1, 1, 1, 1, 1, 1, 1, 1, 1, 1, 1, 1, 1, 1, 1, 1, 1, 1, 1, 1, 1, 1, 2), (0.0, 0.014705882352941176, 0.029411764705882353, 0.04411764705882353, 0.058823529411764705, 0.07352941176470588, 0.08823529411764706, 0.10294117647058823, 0.11764705882352941, 0.1323529411764706, 0.14705882352941177, 0.16176470588235295, 0.17647058823529413, 0.19117647058823528, 0.20588235294117646, 0.22058823529411764, 0.23529411764705882, 0.25, 0.2647058823529412, 0.27941176470588236, 0.29411764705882354, 0.3088235294117647, 0.3235294117647059, 0.3382352941176471, 0.35294117647058826, 0.36764705882352944, 0.38235294117647056, 0.39705882352941174, 0.4117647058823529, 0.4264705882352941, 0.4411764705882353, 0.45588235294117646, 0.47058823529411764, 0.4852941176470588, 0.5, 0.5147058823529411, 0.5294117647058824, 0.5441176470588235, 0.5588235294117647, 0.5735294117647058, 0.5882352941176471, 0.6029411764705882, 0.6176470588235294, 0.6323529411764706, 0.6470588235294118, 0.6617647058823529, 0.6764705882352942, 0.6911764705882353, 0.7058823529411765, 0.7205882352941176, 0.7352941176470589, 0.75, 0.7647058823529411, 0.7794117647058824, 0.7941176470588235, 0.8088235294117647, 0.8235294117647058, 0.8382352941176471, 0.8529411764705882, 0.8676470588235294, 0.8823529411764706, 0.8970588235294118, 0.9117647058823529, 0.9264705882352942, 0.9411764705882353, 0.9558823529411765, 0.9705882352941176, 0.9852941176470589, 1.0), .UNSPECIFIED.);
#938 = CARTESIAN_POINT('', (122.0000001, -115.74999999999989, 6.7000003));
#939 = CARTESIAN_POINT('', (121.94452793673261, -115.74999999999989, 6.701184362654597));
#940 = CARTESIAN_POINT('', (121.94083185927465, -115.74999999999989, 6.70134749062813));
#941 = CARTESIAN_POINT('', (121.93660808724186, -115.74999999999989, 6.701546814996211));
#942 = CARTESIAN_POINT('', (121.93621212337435, -115.74999999999989, 6.701566206933283));
#943 = CARTESIAN_POINT('', (121.93066952175644, -115.74999999999989, 6.7018503583829325));
#944 = CARTESIAN_POINT('', (121.87257781757157, -115.74999999999989, 6.706260155326151));
#945 = CARTESIAN_POINT('', (121.86705583491084, -115.74999999999989, 6.706815927074049));
#946 = CARTESIAN_POINT('', (121.80925048320802, -115.74999999999989, 6.714070837045794));
#947 = CARTESIAN_POINT('', (121.80376242244435, -115.74999999999989, 6.71489689018912));
#948 = CARTESIAN_POINT('', (121.74638268137903, -115.74999999999989, 6.724979435475808));
#949 = CARTESIAN_POINT('', (121.74094176373151, -115.74999999999989, 6.726073779980188));
#950 = CARTESIAN_POINT('', (121.68412586612575, -115.74999999999989, 6.738959670847102));
#951 = CARTESIAN_POINT('', (121.67874519924158, -115.74999999999989, 6.740319670340769));
#952 = CARTESIAN_POINT('', (121.6226300195692, -115.74999999999989, 6.755977863548137));
#953 = CARTESIAN_POINT('', (121.61732256594615, -115.74999999999989, 6.757600241673192));
#954 = CARTESIAN_POINT('', (121.56204329059011, -115.74999999999989, 6.775993015262083));
#955 = CARTESIAN_POINT('', (121.55682183634889, -115.74999999999989, 6.7778738635675175));
#956 = CARTESIAN_POINT('', (121.50251163792538, -115.74999999999989, 6.798956907735337));
#957 = CARTESIAN_POINT('', (121.49738876200657, -115.74999999999989, 6.801091695092841));
#958 = CARTESIAN_POINT('', (121.44417847854064, -115.74999999999989, 6.824814218939531));
#959 = CARTESIAN_POINT('', (121.43916652240102, -115.74999999999989, 6.827197802459377));
#960 = CARTESIAN_POINT('', (121.3871843421262, -115.74999999999989, 6.853502656347148));
#961 = CARTESIAN_POINT('', (121.38229538000715, -115.74999999999989, 6.856129293767848));
#962 = CARTESIAN_POINT('', (121.33166653254881, -115.74999999999989, 6.8849531069996575));
#963 = CARTESIAN_POINT('', (121.32691234238828, -115.74999999999989, 6.887816470521621));
#964 = CARTESIAN_POINT('', (121.27775879707451, -115.74999999999989, 6.919089804006703));
#965 = CARTESIAN_POINT('', (121.27315083213301, -115.74999999999989, 6.922182995536387));
#966 = CARTESIAN_POINT('', (121.22559100415984, -115.74999999999989, 6.955830509075171));
#967 = CARTESIAN_POINT('', (121.22114036542854, -115.74999999999989, 6.959146076843249));
#968 = CARTESIAN_POINT('', (121.17528883058726, -115.74999999999989, 6.995086710628451));
#969 = CARTESIAN_POINT('', (121.17100624004468, -115.74999999999989, 6.998616667141764));
#970 = CARTESIAN_POINT('', (121.12697345869888, -115.74999999999989, 7.036763837038561));
#971 = CARTESIAN_POINT('', (121.12286923348074, -115.74999999999989, 7.04049967832268));
#972 = CARTESIAN_POINT('', (121.08076128445748, -115.74999999999989, 7.0807614844574935));
#973 = CARTESIAN_POINT('', (121.07684531200185, -115.74999999999989, 7.084694210543544));
#974 = CARTESIAN_POINT('', (121.03676363703856, -115.74999999999989, 7.126973658698883));
#975 = CARTESIAN_POINT('', (121.03304535126604, -115.74999999999989, 7.131093795305267));
#976 = CARTESIAN_POINT('', (120.99508651062844, -115.74999999999989, 7.175289030587271));
#977 = CARTESIAN_POINT('', (120.99157486921516, -115.74999999999989, 7.17958665194401));
#978 = CARTESIAN_POINT('', (120.95583030907517, -115.74999999999989, 7.225591204159844));
#979 = CARTESIAN_POINT('', (120.95253377187288, -115.74999999999989, 7.230055956920664));
#980 = CARTESIAN_POINT('', (120.9190896040067, -115.74999999999989, 7.277758997074525));
#981 = CARTESIAN_POINT('', (120.91601611266226, -115.74999999999989, 7.282380125258965));
#982 = CARTESIAN_POINT('', (120.88495290699964, -115.74999999999989, 7.33166673254882));
#983 = CARTESIAN_POINT('', (120.88210986582293, -115.74999999999989, 7.336433103454317));
#984 = CARTESIAN_POINT('', (120.85350245634714, -115.74999999999989, 7.38718454212621));
#985 = CARTESIAN_POINT('', (120.85089671447334, -115.74999999999989, 7.392084673147766));
#986 = CARTESIAN_POINT('', (120.82481401893953, -115.74999999999989, 7.444178678540638));
#987 = CARTESIAN_POINT('', (120.82245185382905, -115.74999999999989, 7.449200764833419));
#988 = CARTESIAN_POINT('', (120.79895670773533, -115.74999999999989, 7.502511837925389));
#989 = CARTESIAN_POINT('', (120.79684381005086, -115.74999999999989, 7.507643780843646));
#990 = CARTESIAN_POINT('', (120.77599281526207, -115.74999999999989, 7.562043490590119));
#991 = CARTESIAN_POINT('', (120.77413427515916, -115.74999999999989, 7.567272926833846));
#992 = CARTESIAN_POINT('', (120.75597766354814, -115.74999999999989, 7.622630219569202));
#993 = CARTESIAN_POINT('', (120.75437795841268, -115.74999999999989, 7.627944550968443));
#994 = CARTESIAN_POINT('', (120.73895947084709, -115.74999999999989, 7.68412606612576));
#995 = CARTESIAN_POINT('', (120.73762245450891, -115.74999999999989, 7.689512489990699));
#996 = CARTESIAN_POINT('', (120.7249792354758, -115.74999999999989, 7.746382881379034));
#997 = CARTESIAN_POINT('', (120.72390812892434, -115.74999999999989, 7.751828421342781));
#998 = CARTESIAN_POINT('', (120.7140706370458, -115.74999999999989, 7.809250683208031));
#999 = CARTESIAN_POINT('', (120.71326802067057, -115.74999999999989, 7.81474222048784));
#1000 = CARTESIAN_POINT('', (120.70625995532615, -115.74999999999989, 7.8725780175715725));
#1001 = CARTESIAN_POINT('', (120.70572776270029, -115.74999999999989, 7.878102322573138));
#1002 = CARTESIAN_POINT('', (120.70156600693328, -115.74999999999989, 7.936212323374357));
#1003 = CARTESIAN_POINT('', (120.7015466149962, -115.74999999999989, 7.936608287241892));
#1004 = CARTESIAN_POINT('', (120.70134729062812, -115.74999999999989, 7.940832059274658));
#1005 = CARTESIAN_POINT('', (120.70118416265458, -115.74999999999989, 7.944528136732616));
#1006 = CARTESIAN_POINT('', (120.7000001, -115.74999999999989, 8.0000003));
#1007 = PLANE('', #1008);
#1008 = AXIS2_PLACEMENT_3D('', #1009, #1010, #1011);
#1009 = CARTESIAN_POINT('', (103.50000010842572, -115.7499999999998, 0.0));
#1010 = DIRECTION('', (-4.6267899189E-15, -1.0, 0.0));
#1011 = DIRECTION('', (1.0, -4.6267899189E-15, 0.0));
#1012 = CYLINDRICAL_SURFACE('', #1013, 1.3000000000000063);
#1013 = AXIS2_PLACEMENT_3D('', #1014, #1015, #1016);
#1014 = CARTESIAN_POINT('', (122.00000010000001, -109.24999980000003, 8.000000300000012));
#1015 = DIRECTION('', (0.0, -1.0, 0.0));
#1016 = DIRECTION('', (0.7071067811865455, 0.0, 0.7071067811865496));
#1017 = SURFACE_CURVE('', #1018, (#496, #501), .CURVE_3D.);
#1018 = INTERSECTION_CURVE('', #1019, (#1089, #1094), .CURVE_3D.);
#1019 = B_SPLINE_CURVE_WITH_KNOTS('', 1, (#1020, #1021, #1022, #1023, #1024, #1025, #1026, #1027, #1028, #1029, #1030, #1031, #1032, #1033, #1034, #1035, #1036, #1037, #1038, #1039, #1040, #1041, #1042, #1043, #1044, #1045, #1046, #1047, #1048, #1049, #1050, #1051, #1052, #1053, #1054, #1055, #1056, #1057, #1058, #1059, #1060, #1061, #1062, #1063, #1064, #1065, #1066, #1067, #1068, #1069, #1070, #1071, #1072, #1073, #1074, #1075, #1076, #1077, #1078, #1079, #1080, #1081, #1082, #1083, #1084, #1085, #1086, #1087, #1088), .UNSPECIFIED., .U., .U., (2, 1, 1, 1, 1, 1, 1, 1, 1, 1, 1, 1, 1, 1, 1, 1, 1, 1, 1, 1, 1, 1, 1, 1, 1, 1, 1, 1, 1, 1, 1, 1, 1, 1, 1, 1, 1, 1, 1, 1, 1, 1, 1, 1, 1, 1, 1, 1, 1, 1, 1, 1, 1, 1, 1, 1, 1, 1, 1, 1, 1, 1, 1, 1, 1, 1, 1, 1, 2), (0.0, 0.014705882352941176, 0.029411764705882353, 0.04411764705882353, 0.058823529411764705, 0.07352941176470588, 0.08823529411764706, 0.10294117647058823, 0.11764705882352941, 0.1323529411764706, 0.14705882352941177, 0.16176470588235295, 0.17647058823529413, 0.19117647058823528, 0.20588235294117646, 0.22058823529411764, 0.23529411764705882, 0.25, 0.2647058823529412, 0.27941176470588236, 0.29411764705882354, 0.3088235294117647, 0.3235294117647059, 0.3382352941176471, 0.35294117647058826, 0.36764705882352944, 0.38235294117647056, 0.39705882352941174, 0.4117647058823529, 0.4264705882352941, 0.4411764705882353, 0.45588235294117646, 0.47058823529411764, 0.4852941176470588, 0.5, 0.5147058823529411, 0.5294117647058824, 0.5441176470588235, 0.5588235294117647, 0.5735294117647058, 0.5882352941176471, 0.6029411764705882, 0.6176470588235294, 0.6323529411764706, 0.6470588235294118, 0.6617647058823529, 0.6764705882352942, 0.6911764705882353, 0.7058823529411765, 0.7205882352941176, 0.7352941176470589, 0.75, 0.7647058823529411, 0.7794117647058824, 0.7941176470588235, 0.8088235294117647, 0.8235294117647058, 0.8382352941176471, 0.8529411764705882, 0.8676470588235294, 0.8823529411764706, 0.8970588235294118, 0.9117647058823529, 0.9264705882352942, 0.9411764705882353, 0.9558823529411765, 0.9705882352941176, 0.9852941176470589, 1.0), .UNSPECIFIED.);
#1020 = CARTESIAN_POINT('', (122.0000001, -115.74999999999989, 9.3000003));
#1021 = CARTESIAN_POINT('', (121.94452793673261, -115.74999999999989, 9.298816237345413));
#1022 = CARTESIAN_POINT('', (121.94083185927465, -115.74999999999989, 9.29865310937188));
#1023 = CARTESIAN_POINT('', (121.93660808724186, -115.74999999999989, 9.298453785003797));
#1024 = CARTESIAN_POINT('', (121.93621212337435, -115.74999999999989, 9.298434393066726));
#1025 = CARTESIAN_POINT('', (121.87810212257315, -115.74999999999989, 9.29427263729971));
#1026 = CARTESIAN_POINT('', (121.87257781757157, -115.74999999999989, 9.293740444673858));
#1027 = CARTESIAN_POINT('', (121.81474202048784, -115.74999999999989, 9.286732379329443));
#1028 = CARTESIAN_POINT('', (121.80925048320802, -115.74999999999989, 9.285929762954217));
#1029 = CARTESIAN_POINT('', (121.75182822134278, -115.74999999999989, 9.27609227107566));
#1030 = CARTESIAN_POINT('', (121.74638268137903, -115.74999999999989, 9.275021164524203));
#1031 = CARTESIAN_POINT('', (121.68951228999069, -115.74999999999989, 9.262377945491096));
#1032 = CARTESIAN_POINT('', (121.68412586612575, -115.74999999999989, 9.26104092915291));
#1033 = CARTESIAN_POINT('', (121.62794435096842, -115.74999999999989, 9.245622441587313));
#1034 = CARTESIAN_POINT('', (121.62263001956919, -115.74999999999989, 9.244022736451871));
#1035 = CARTESIAN_POINT('', (121.56727272683386, -115.74999999999989, 9.225866124840852));
#1036 = CARTESIAN_POINT('', (121.56204329059011, -115.74999999999989, 9.22400758473793));
#1037 = CARTESIAN_POINT('', (121.50764358084365, -115.74999999999989, 9.203156589949169));
#1038 = CARTESIAN_POINT('', (121.50251163792538, -115.74999999999989, 9.201043692264676));
#1039 = CARTESIAN_POINT('', (121.4492005648334, -115.74999999999989, 9.17754854617095));
#1040 = CARTESIAN_POINT('', (121.44417847854062, -115.74999999999989, 9.175186381060476));
#1041 = CARTESIAN_POINT('', (121.39208447314776, -115.74999999999989, 9.149103685526672));
#1042 = CARTESIAN_POINT('', (121.38718434212619, -115.74999999999989, 9.14649794365286));
#1043 = CARTESIAN_POINT('', (121.33643290345432, -115.74999999999989, 9.117890534177096));
#1044 = CARTESIAN_POINT('', (121.33166653254881, -115.74999999999989, 9.115047493000358));
#1045 = CARTESIAN_POINT('', (121.28237992525897, -115.74999999999989, 9.083984287337753));
#1046 = CARTESIAN_POINT('', (121.27775879707451, -115.74999999999989, 9.080910795993312));
#1047 = CARTESIAN_POINT('', (121.23005575692066, -115.74999999999989, 9.047466628127136));
#1048 = CARTESIAN_POINT('', (121.22559100415982, -115.74999999999989, 9.044170090924837));
#1049 = CARTESIAN_POINT('', (121.179586451944, -115.74999999999989, 9.00842553078484));
#1050 = CARTESIAN_POINT('', (121.17528883058725, -115.74999999999989, 9.004913889371558));
#1051 = CARTESIAN_POINT('', (121.13109359530526, -115.74999999999989, 8.966955048733976));
#1052 = CARTESIAN_POINT('', (121.12697345869887, -115.74999999999989, 8.96323676296145));
#1053 = CARTESIAN_POINT('', (121.08469401054354, -115.74999999999989, 8.923155087998165));
#1054 = CARTESIAN_POINT('', (121.08076128445748, -115.74999999999989, 8.919239115542513));
#1055 = CARTESIAN_POINT('', (121.04049947832269, -115.74999999999989, 8.877131166519266));
#1056 = CARTESIAN_POINT('', (121.03676363703855, -115.74999999999989, 8.873026941301124));
#1057 = CARTESIAN_POINT('', (120.99861646714176, -115.74999999999989, 8.828994159955336));
#1058 = CARTESIAN_POINT('', (120.99508651062844, -115.74999999999989, 8.824711569412738));
#1059 = CARTESIAN_POINT('', (120.95914587684325, -115.74999999999989, 8.778860034571483));
#1060 = CARTESIAN_POINT('', (120.95583030907515, -115.74999999999989, 8.774409395840165));
#1061 = CARTESIAN_POINT('', (120.92218279553637, -115.74999999999989, 8.726849567866985));
#1062 = CARTESIAN_POINT('', (120.91908960400669, -115.74999999999989, 8.722241602925482));
#1063 = CARTESIAN_POINT('', (120.88781627052161, -115.74999999999989, 8.673088057611732));
#1064 = CARTESIAN_POINT('', (120.88495290699964, -115.74999999999989, 8.668333867451189));
#1065 = CARTESIAN_POINT('', (120.85612909376785, -115.74999999999989, 8.61770501999285));
#1066 = CARTESIAN_POINT('', (120.85350245634713, -115.74999999999989, 8.612816057873795));
#1067 = CARTESIAN_POINT('', (120.82719760245936, -115.74999999999989, 8.560833877598974));
#1068 = CARTESIAN_POINT('', (120.82481401893952, -115.74999999999989, 8.555821921459366));
#1069 = CARTESIAN_POINT('', (120.80109149509283, -115.74999999999989, 8.502611637993436));
#1070 = CARTESIAN_POINT('', (120.79895670773533, -115.74999999999989, 8.497488762074616));
#1071 = CARTESIAN_POINT('', (120.7778736635675, -115.74999999999989, 8.44317856365113));
#1072 = CARTESIAN_POINT('', (120.77599281526207, -115.74999999999989, 8.437957109409885));
#1073 = CARTESIAN_POINT('', (120.75760004167319, -115.74999999999989, 8.382677834053844));
#1074 = CARTESIAN_POINT('', (120.75597766354812, -115.74999999999989, 8.3773703804308));
#1075 = CARTESIAN_POINT('', (120.74031947034078, -115.74999999999989, 8.321255200758436));
#1076 = CARTESIAN_POINT('', (120.73895947084709, -115.74999999999989, 8.315874533874242));
#1077 = CARTESIAN_POINT('', (120.72607357998018, -115.74999999999989, 8.259058636268495));
#1078 = CARTESIAN_POINT('', (120.7249792354758, -115.74999999999989, 8.253617718620966));
#1079 = CARTESIAN_POINT('', (120.71489669018911, -115.74999999999989, 8.196237977555645));
#1080 = CARTESIAN_POINT('', (120.71407063704578, -115.74999999999989, 8.190749916791969));
#1081 = CARTESIAN_POINT('', (120.70681572707403, -115.74999999999989, 8.132944565089183));
#1082 = CARTESIAN_POINT('', (120.70625995532615, -115.74999999999989, 8.127422582428427));
#1083 = CARTESIAN_POINT('', (120.70185015838292, -115.74999999999989, 8.069330878243576));
#1084 = CARTESIAN_POINT('', (120.70156600693328, -115.74999999999989, 8.063788276625642));
#1085 = CARTESIAN_POINT('', (120.7015466149962, -115.74999999999989, 8.063392312758106));
#1086 = CARTESIAN_POINT('', (120.70134729062812, -115.74999999999989, 8.059168540725342));
#1087 = CARTESIAN_POINT('', (120.70118416265458, -115.74999999999989, 8.055472463267382));
#1088 = CARTESIAN_POINT('', (120.7000001, -115.74999999999989, 8.0000003));
#1089 = PLANE('', #1090);
#1090 = AXIS2_PLACEMENT_3D('', #1091, #1092, #1093);
#1091 = CARTESIAN_POINT('', (103.50000010842572, -115.7499999999998, 0.0));
#1092 = DIRECTION('', (-4.6267899189E-15, -1.0, 0.0));
#1093 = DIRECTION('', (1.0, -4.6267899189E-15, 0.0));
#1094 = CYLINDRICAL_SURFACE('', #1095, 1.2999999999999956);
#1095 = AXIS2_PLACEMENT_3D('', #1096, #1097, #1098);
#1096 = CARTESIAN_POINT('', (122.0000001, -109.24999979999997, 8.000000300000007));
#1097 = DIRECTION('', (0.0, -1.0, 0.0));
#1098 = DIRECTION('', (0.7071067811865512, 0.0, -0.7071067811865437));
#1099 = SURFACE_CURVE('', #1100, (#501, #506), .CURVE_3D.);
#1100 = LINE('', #1101, #1102);
#1101 = CARTESIAN_POINT('', (120.7000001, -115.74999999999989, 8.0000003));
#1102 = VECTOR('', #1103, 1.5000002000000023);
#1103 = DIRECTION('', (0.0, 1.0, 0.0));
#1104 = SURFACE_CURVE('', #1105, (#501, #531), .CURVE_3D.);
#1105 = INTERSECTION_CURVE('', #1106, (#1177, #1182), .CURVE_3D.);
#1106 = B_SPLINE_CURVE_WITH_KNOTS('', 1, (#1107, #1108, #1109, #1110, #1111, #1112, #1113, #1114, #1115, #1116, #1117, #1118, #1119, #1120, #1121, #1122, #1123, #1124, #1125, #1126, #1127, #1128, #1129, #1130, #1131, #1132, #1133, #1134, #1135, #1136, #1137, #1138, #1139, #1140, #1141, #1142, #1143, #1144, #1145, #1146, #1147, #1148, #1149, #1150, #1151, #1152, #1153, #1154, #1155, #1156, #1157, #1158, #1159, #1160, #1161, #1162, #1163, #1164, #1165, #1166, #1167, #1168, #1169, #1170, #1171, #1172, #1173, #1174, #1175, #1176), .UNSPECIFIED., .U., .U., (2, 1, 1, 1, 1, 1, 1, 1, 1, 1, 1, 1, 1, 1, 1, 1, 1, 1, 1, 1, 1, 1, 1, 1, 1, 1, 1, 1, 1, 1, 1, 1, 1, 1, 1, 1, 1, 1, 1, 1, 1, 1, 1, 1, 1, 1, 1, 1, 1, 1, 1, 1, 1, 1, 1, 1, 1, 1, 1, 1, 1, 1, 1, 1, 1, 1, 1, 1, 1, 2), (0.0, 0.014492753623188406, 0.028985507246376812, 0.043478260869565216, 0.057971014492753624, 0.07246376811594203, 0.08695652173913043, 0.10144927536231885, 0.11594202898550725, 0.13043478260869565, 0.14492753623188406, 0.15942028985507245, 0.17391304347826086, 0.18840579710144928, 0.2028985507246377, 0.21739130434782608, 0.2318840579710145, 0.2463768115942029, 0.2608695652173913, 0.2753623188405797, 0.2898550724637681, 0.30434782608695654, 0.3188405797101449, 0.3333333333333333, 0.34782608695652173, 0.36231884057971014, 0.37681159420289856, 0.391304347826087, 0.4057971014492754, 0.42028985507246375, 0.43478260869565216, 0.4492753623188406, 0.463768115942029, 0.4782608695652174, 0.4927536231884058, 0.5072463768115942, 0.5217391304347826, 0.5362318840579711, 0.5507246376811594, 0.5652173913043478, 0.5797101449275363, 0.5942028985507246, 0.6086956521739131, 0.6231884057971014, 0.6376811594202898, 0.6521739130434783, 0.6666666666666666, 0.6811594202898551, 0.6956521739130435, 0.7101449275362319, 0.7246376811594203, 0.7391304347826086, 0.7536231884057971, 0.7681159420289855, 0.782608695652174, 0.7971014492753623, 0.8115942028985508, 0.8260869565217391, 0.8405797101449275, 0.855072463768116, 0.8695652173913043, 0.8840579710144928, 0.8985507246376812, 0.9130434782608695, 0.927536231884058, 0.9420289855072463, 0.9565217391304348, 0.9710144927536232, 0.9855072463768116, 1.0), .UNSPECIFIED.);
#1107 = CARTESIAN_POINT('', (120.7000001, -114.24999979999988, 8.0000003));
#1108 = CARTESIAN_POINT('', (120.70118416274931, -114.24999979999988, 8.055472465485106));
#1109 = CARTESIAN_POINT('', (120.7013472907359, -114.24999979999988, 8.059168543090745));
#1110 = CARTESIAN_POINT('', (120.70154661511992, -114.24999979999988, 8.063392315292266));
#1111 = CARTESIAN_POINT('', (120.70156600693328, -114.24999979999988, 8.063788276625642));
#1112 = CARTESIAN_POINT('', (120.70572776603066, -114.24999979999988, 8.121898312787723));
#1113 = CARTESIAN_POINT('', (120.70625995532615, -114.24999979999988, 8.127422582428427));
#1114 = CARTESIAN_POINT('', (120.71326802573199, -114.24999979999988, 8.185258414667011));
#1115 = CARTESIAN_POINT('', (120.71407063704578, -114.24999979999988, 8.190749916791969));
#1116 = CARTESIAN_POINT('', (120.72390813570465, -114.24999979999988, 8.248172213521375));
#1117 = CARTESIAN_POINT('', (120.7249792354758, -114.24999979999988, 8.253617718620966));
#1118 = CARTESIAN_POINT('', (120.73762246299177, -114.24999979999988, 8.31048814449877));
#1119 = CARTESIAN_POINT('', (120.73895947084709, -114.24999979999988, 8.315874533874242));
#1120 = CARTESIAN_POINT('', (120.75437796857763, -114.24999979999988, 8.372056083063246));
#1121 = CARTESIAN_POINT('', (120.75597766354812, -114.24999979999988, 8.3773703804308));
#1122 = CARTESIAN_POINT('', (120.77212506715088, -114.24999979999988, 8.426993161422516));
#1123 = CARTESIAN_POINT('', (120.77413428698172, -114.24999979999988, 8.432727706658083));
#1124 = CARTESIAN_POINT('', (120.77599281526207, -114.24999979999988, 8.437957109409885));
#1125 = CARTESIAN_POINT('', (120.79684382350254, -114.24999979999988, 8.49235685202784));
#1126 = CARTESIAN_POINT('', (120.79895670773533, -114.24999979999988, 8.497488762074614));
#1127 = CARTESIAN_POINT('', (120.82245186887747, -114.24999979999988, 8.550799867338421));
#1128 = CARTESIAN_POINT('', (120.82481401893952, -114.24999979999988, 8.555821921459366));
#1129 = CARTESIAN_POINT('', (120.8508967310822, -114.24999979999988, 8.607915958246934));
#1130 = CARTESIAN_POINT('', (120.85350245634713, -114.24999979999988, 8.612816057873797));
#1131 = CARTESIAN_POINT('', (120.88210988395224, -114.24999979999988, 8.663567527087611));
#1132 = CARTESIAN_POINT('', (120.88495290699964, -114.24999979999988, 8.668333867451189));
#1133 = CARTESIAN_POINT('', (120.91601613226838, -114.24999979999988, 8.71762050435661));
#1134 = CARTESIAN_POINT('', (120.91908960400669, -114.24999979999988, 8.722241602925482));
#1135 = CARTESIAN_POINT('', (120.95253379290855, -114.24999979999988, 8.769944671697207));
#1136 = CARTESIAN_POINT('', (120.95583030907515, -114.24999979999988, 8.774409395840165));
#1137 = CARTESIAN_POINT('', (120.99157489162971, -114.24999979999988, 8.82041397560722));
#1138 = CARTESIAN_POINT('', (120.99508651062844, -114.24999979999988, 8.82471156941274));
#1139 = CARTESIAN_POINT('', (121.03304537500546, -114.24999979999988, 8.868906831112946));
#1140 = CARTESIAN_POINT('', (121.03676363703855, -114.24999979999988, 8.873026941301125));
#1141 = CARTESIAN_POINT('', (121.07684533700895, -114.24999979999988, 8.915306414678));
#1142 = CARTESIAN_POINT('', (121.08076128445748, -114.24999979999988, 8.919239115542512));
#1143 = CARTESIAN_POINT('', (121.12286925969528, -114.24999979999988, 8.959500945641448));
#1144 = CARTESIAN_POINT('', (121.12697345869887, -114.24999979999988, 8.96323676296145));
#1145 = CARTESIAN_POINT('', (121.17100626740351, -114.24999979999988, 9.001383955507215));
#1146 = CARTESIAN_POINT('', (121.17528883058725, -114.24999979999988, 9.004913889371558));
#1147 = CARTESIAN_POINT('', (121.22114039386572, -114.24999979999988, 9.040854544436007));
#1148 = CARTESIAN_POINT('', (121.22559100415982, -114.24999979999988, 9.044170090924837));
#1149 = CARTESIAN_POINT('', (121.2731508615801, -114.24999979999988, 9.07781762432191));
#1150 = CARTESIAN_POINT('', (121.27775879707451, -114.24999979999988, 9.080910795993312));
#1151 = CARTESIAN_POINT('', (121.32691237277429, -114.24999979999988, 9.11218414786785));
#1152 = CARTESIAN_POINT('', (121.33166653254881, -114.24999979999988, 9.115047493000358));
#1153 = CARTESIAN_POINT('', (121.3822954112589, -114.24999979999988, 9.143871323108488));
#1154 = CARTESIAN_POINT('', (121.38718434212619, -114.24999979999988, 9.14649794365286));
#1155 = CARTESIAN_POINT('', (121.4391665544432, -114.24999979999988, 9.172802812863189));
#1156 = CARTESIAN_POINT('', (121.44417847854062, -114.24999979999988, 9.175186381060476));
#1157 = CARTESIAN_POINT('', (121.49738879476199, -114.24999979999988, 9.198908918639034));
#1158 = CARTESIAN_POINT('', (121.50251163792538, -114.24999979999988, 9.201043692264676));
#1159 = CARTESIAN_POINT('', (121.55682186973863, -114.24999979999988, 9.222126748540585));
#1160 = CARTESIAN_POINT('', (121.56204329059011, -114.24999979999988, 9.224007584737931));
#1161 = CARTESIAN_POINT('', (121.6173225998898, -114.24999979999988, 9.242400368781961));
#1162 = CARTESIAN_POINT('', (121.62263001956919, -114.24999979999988, 9.244022736451871));
#1163 = CARTESIAN_POINT('', (121.67874523365735, -114.24999979999988, 9.259680938436258));
#1164 = CARTESIAN_POINT('', (121.68412586612575, -114.24999979999988, 9.26104092915291));
#1165 = CARTESIAN_POINT('', (121.74094179853651, -114.2499997999999, 9.273926827097565));
#1166 = CARTESIAN_POINT('', (121.74638268137903, -114.2499997999999, 9.275021164524203));
#1167 = CARTESIAN_POINT('', (121.8037624575547, -114.2499997999999, 9.285103715172305));
#1168 = CARTESIAN_POINT('', (121.80925048320802, -114.2499997999999, 9.285929762954217));
#1169 = CARTESIAN_POINT('', (121.86705587024196, -114.2499997999999, 9.293184676558134));
#1170 = CARTESIAN_POINT('', (121.87257781757157, -114.2499997999999, 9.293740444673858));
#1171 = CARTESIAN_POINT('', (121.93066955722323, -114.2499997999999, 9.298150243511259));
#1172 = CARTESIAN_POINT('', (121.93621212337435, -114.2499997999999, 9.298434393066726));
#1173 = CARTESIAN_POINT('', (121.93660808470773, -114.2499997999999, 9.298453784880078));
#1174 = CARTESIAN_POINT('', (121.94083185690923, -114.2499997999999, 9.298653109264109));
#1175 = CARTESIAN_POINT('', (121.94452793451487, -114.2499997999999, 9.298816237250694));
#1176 = CARTESIAN_POINT('', (122.0000001, -114.2499997999999, 9.3000003));
#1177 = PLANE('', #1178);
#1178 = AXIS2_PLACEMENT_3D('', #1179, #1180, #1181);
#1179 = CARTESIAN_POINT('', (103.49999999157427, -114.24999979999981, 2.0000003));
#1180 = DIRECTION('', (-4.2963049031E-15, -1.0, 0.0));
#1181 = DIRECTION('', (1.0, -4.2963049031E-15, 0.0));
#1182 = CYLINDRICAL_SURFACE('', #1183, 1.2999999999999956);
#1183 = AXIS2_PLACEMENT_3D('', #1184, #1185, #1186);
#1184 = CARTESIAN_POINT('', (122.0000001, -109.24999979999997, 8.000000300000007));
#1185 = DIRECTION('', (0.0, -1.0, 0.0));
#1186 = DIRECTION('', (0.7071067811865512, 0.0, -0.7071067811865437));
#1187 = SURFACE_CURVE('', #1188, (#501, #526), .CURVE_3D.);
#1188 = LINE('', #1189, #1190);
#1189 = CARTESIAN_POINT('', (122.0000001, -115.74999999999989, 9.3000003));
#1190 = VECTOR('', #1191, 1.5000001999999881);
#1191 = DIRECTION('', (0.0, 1.0, 0.0));
#1192 = SURFACE_CURVE('', #1193, (#506, #511), .CURVE_3D.);
#1193 = LINE('', #1194, #1195);
#1194 = CARTESIAN_POINT('', (122.0000001, -115.74999999999989, 6.7000003));
#1195 = VECTOR('', #1196, 1.5000001999999881);
#1196 = DIRECTION('', (0.0, 1.0, 0.0));
#1197 = SURFACE_CURVE('', #1198, (#506, #531), .CURVE_3D.);
#1198 = INTERSECTION_CURVE('', #1199, (#1269, #1274), .CURVE_3D.);
#1199 = B_SPLINE_CURVE_WITH_KNOTS('', 1, (#1200, #1201, #1202, #1203, #1204, #1205, #1206, #1207, #1208, #1209, #1210, #1211, #1212, #1213, #1214, #1215, #1216, #1217, #1218, #1219, #1220, #1221, #1222, #1223, #1224, #1225, #1226, #1227, #1228, #1229, #1230, #1231, #1232, #1233, #1234, #1235, #1236, #1237, #1238, #1239, #1240, #1241, #1242, #1243, #1244, #1245, #1246, #1247, #1248, #1249, #1250, #1251, #1252, #1253, #1254, #1255, #1256, #1257, #1258, #1259, #1260, #1261, #1262, #1263, #1264, #1265, #1266, #1267, #1268), .UNSPECIFIED., .U., .U., (2, 1, 1, 1, 1, 1, 1, 1, 1, 1, 1, 1, 1, 1, 1, 1, 1, 1, 1, 1, 1, 1, 1, 1, 1, 1, 1, 1, 1, 1, 1, 1, 1, 1, 1, 1, 1, 1, 1, 1, 1, 1, 1, 1, 1, 1, 1, 1, 1, 1, 1, 1, 1, 1, 1, 1, 1, 1, 1, 1, 1, 1, 1, 1, 1, 1, 1, 1, 2), (0.0, 0.014705882352941176, 0.029411764705882353, 0.04411764705882353, 0.058823529411764705, 0.07352941176470588, 0.08823529411764706, 0.10294117647058823, 0.11764705882352941, 0.1323529411764706, 0.14705882352941177, 0.16176470588235295, 0.17647058823529413, 0.19117647058823528, 0.20588235294117646, 0.22058823529411764, 0.23529411764705882, 0.25, 0.2647058823529412, 0.27941176470588236, 0.29411764705882354, 0.3088235294117647, 0.3235294117647059, 0.3382352941176471, 0.35294117647058826, 0.36764705882352944, 0.38235294117647056, 0.39705882352941174, 0.4117647058823529, 0.4264705882352941, 0.4411764705882353, 0.45588235294117646, 0.47058823529411764, 0.4852941176470588, 0.5, 0.5147058823529411, 0.5294117647058824, 0.5441176470588235, 0.5588235294117647, 0.5735294117647058, 0.5882352941176471, 0.6029411764705882, 0.6176470588235294, 0.6323529411764706, 0.6470588235294118, 0.6617647058823529, 0.6764705882352942, 0.6911764705882353, 0.7058823529411765, 0.7205882352941176, 0.7352941176470589, 0.75, 0.7647058823529411, 0.7794117647058824, 0.7941176470588235, 0.8088235294117647, 0.8235294117647058, 0.8382352941176471, 0.8529411764705882, 0.8676470588235294, 0.8823529411764706, 0.8970588235294118, 0.9117647058823529, 0.9264705882352942, 0.9411764705882353, 0.9558823529411765, 0.9705882352941176, 0.9852941176470589, 1.0), .UNSPECIFIED.);
#1200 = CARTESIAN_POINT('', (122.0000001, -114.2499997999999, 6.7000003));
#1201 = CARTESIAN_POINT('', (121.94452793451487, -114.2499997999999, 6.7011843627493155));
#1202 = CARTESIAN_POINT('', (121.94083185690923, -114.2499997999999, 6.701347490735902));
#1203 = CARTESIAN_POINT('', (121.93660808470773, -114.2499997999999, 6.701546815119931));
#1204 = CARTESIAN_POINT('', (121.93621212337435, -114.2499997999999, 6.701566206933283));
#1205 = CARTESIAN_POINT('', (121.87810208721228, -114.2499997999999, 6.705727966030681));
#1206 = CARTESIAN_POINT('', (121.87257781757157, -114.2499997999999, 6.706260155326151));
#1207 = CARTESIAN_POINT('', (121.81474198533297, -114.2499997999999, 6.713268225732014));
#1208 = CARTESIAN_POINT('', (121.80925048320802, -114.2499997999999, 6.714070837045794));
#1209 = CARTESIAN_POINT('', (121.75182818647863, -114.2499997999999, 6.723908335704669));
#1210 = CARTESIAN_POINT('', (121.74638268137903, -114.2499997999999, 6.724979435475809));
#1211 = CARTESIAN_POINT('', (121.68951225550123, -114.24999979999988, 6.737622662991766));
#1212 = CARTESIAN_POINT('', (121.68412586612575, -114.24999979999988, 6.738959670847102));
#1213 = CARTESIAN_POINT('', (121.62794431693678, -114.24999979999988, 6.754378168577638));
#1214 = CARTESIAN_POINT('', (121.6226300195692, -114.24999979999988, 6.755977863548137));
#1215 = CARTESIAN_POINT('', (121.56727269334192, -114.24999979999988, 6.774134486981724));
#1216 = CARTESIAN_POINT('', (121.56204329059011, -114.24999979999988, 6.775993015262083));
#1217 = CARTESIAN_POINT('', (121.50764354797215, -114.24999979999988, 6.796844023502539));
#1218 = CARTESIAN_POINT('', (121.50251163792538, -114.24999979999988, 6.798956907735337));
#1219 = CARTESIAN_POINT('', (121.44920053266159, -114.24999979999988, 6.822452068877471));
#1220 = CARTESIAN_POINT('', (121.44417847854064, -114.24999979999988, 6.824814218939532));
#1221 = CARTESIAN_POINT('', (121.39208444175307, -114.24999979999988, 6.850896931082228));
#1222 = CARTESIAN_POINT('', (121.3871843421262, -114.24999979999988, 6.853502656347148));
#1223 = CARTESIAN_POINT('', (121.33643287291238, -114.24999979999988, 6.8821100839522735));
#1224 = CARTESIAN_POINT('', (121.33166653254881, -114.24999979999988, 6.8849531069996575));
#1225 = CARTESIAN_POINT('', (121.2823798956434, -114.24999979999988, 6.91601633226839));
#1226 = CARTESIAN_POINT('', (121.27775879707451, -114.24999979999988, 6.919089804006703));
#1227 = CARTESIAN_POINT('', (121.2300557283028, -114.24999979999988, 6.952533992908552));
#1228 = CARTESIAN_POINT('', (121.22559100415984, -114.24999979999988, 6.955830509075171));
#1229 = CARTESIAN_POINT('', (121.17958642439278, -114.24999979999988, 6.991575091629725));
#1230 = CARTESIAN_POINT('', (121.17528883058726, -114.24999979999988, 6.995086710628451));
#1231 = CARTESIAN_POINT('', (121.13109356888705, -114.24999979999988, 7.0330455750054695));
#1232 = CARTESIAN_POINT('', (121.12697345869888, -114.24999979999988, 7.03676383703856));
#1233 = CARTESIAN_POINT('', (121.08469398532202, -114.24999979999988, 7.076845537008956));
#1234 = CARTESIAN_POINT('', (121.0807612844575, -114.24999979999988, 7.0807614844574935));
#1235 = CARTESIAN_POINT('', (121.04049945435855, -114.24999979999988, 7.122869459695293));
#1236 = CARTESIAN_POINT('', (121.03676363703856, -114.24999979999988, 7.126973658698884));
#1237 = CARTESIAN_POINT('', (120.99861644449278, -114.24999979999988, 7.171006467403526));
#1238 = CARTESIAN_POINT('', (120.99508651062844, -114.24999979999988, 7.175289030587271));
#1239 = CARTESIAN_POINT('', (120.959145855564, -114.24999979999988, 7.22114059386575));
#1240 = CARTESIAN_POINT('', (120.95583030907517, -114.24999979999988, 7.225591204159844));
#1241 = CARTESIAN_POINT('', (120.9221827756781, -114.24999979999988, 7.273151061580118));
#1242 = CARTESIAN_POINT('', (120.9190896040067, -114.24999979999988, 7.277758997074525));
#1243 = CARTESIAN_POINT('', (120.88781625213215, -114.24999979999988, 7.326912572774303));
#1244 = CARTESIAN_POINT('', (120.88495290699964, -114.24999979999988, 7.331666732548819));
#1245 = CARTESIAN_POINT('', (120.85612907689153, -114.24999979999988, 7.382295611258899));
#1246 = CARTESIAN_POINT('', (120.85350245634714, -114.24999979999988, 7.38718454212621));
#1247 = CARTESIAN_POINT('', (120.82719758713682, -114.24999979999988, 7.439166754443214));
#1248 = CARTESIAN_POINT('', (120.82481401893953, -114.24999979999988, 7.444178678540638));
#1249 = CARTESIAN_POINT('', (120.80109148136097, -114.24999979999988, 7.497388994761995));
#1250 = CARTESIAN_POINT('', (120.79895670773533, -114.24999979999988, 7.502511837925389));
#1251 = CARTESIAN_POINT('', (120.77787365145943, -114.24999979999988, 7.556822069738645));
#1252 = CARTESIAN_POINT('', (120.77599281526207, -114.24999979999988, 7.562043490590119));
#1253 = CARTESIAN_POINT('', (120.75760003121805, -114.24999979999988, 7.617322799889816));
#1254 = CARTESIAN_POINT('', (120.75597766354814, -114.24999979999988, 7.622630219569202));
#1255 = CARTESIAN_POINT('', (120.74031946156376, -114.24999979999988, 7.678745433657348));
#1256 = CARTESIAN_POINT('', (120.73895947084709, -114.24999979999988, 7.68412606612576));
#1257 = CARTESIAN_POINT('', (120.72607357290244, -114.24999979999988, 7.740941998536505));
#1258 = CARTESIAN_POINT('', (120.7249792354758, -114.24999979999988, 7.746382881379035));
#1259 = CARTESIAN_POINT('', (120.7148966848277, -114.24999979999988, 7.803762657554712));
#1260 = CARTESIAN_POINT('', (120.7140706370458, -114.24999979999988, 7.809250683208031));
#1261 = CARTESIAN_POINT('', (120.70681572344188, -114.24999979999988, 7.867056070241956));
#1262 = CARTESIAN_POINT('', (120.70625995532615, -114.24999979999988, 7.8725780175715725));
#1263 = CARTESIAN_POINT('', (120.70185015648875, -114.24999979999988, 7.93066975722323));
#1264 = CARTESIAN_POINT('', (120.70156600693328, -114.24999979999988, 7.936212323374357));
#1265 = CARTESIAN_POINT('', (120.70154661511992, -114.24999979999988, 7.936608284707734));
#1266 = CARTESIAN_POINT('', (120.7013472907359, -114.24999979999988, 7.9408320569092545));
#1267 = CARTESIAN_POINT('', (120.70118416274931, -114.24999979999988, 7.944528134514896));
#1268 = CARTESIAN_POINT('', (120.7000001, -114.24999979999988, 8.0000003));
#1269 = PLANE('', #1270);
#1270 = AXIS2_PLACEMENT_3D('', #1271, #1272, #1273);
#1271 = CARTESIAN_POINT('', (103.49999999157427, -114.24999979999981, 2.0000003));
#1272 = DIRECTION('', (-4.2963049031E-15, -1.0, 0.0));
#1273 = DIRECTION('', (1.0, -4.2963049031E-15, 0.0));
#1274 = CYLINDRICAL_SURFACE('', #1275, 1.3000000000000063);
#1275 = AXIS2_PLACEMENT_3D('', #1276, #1277, #1278);
#1276 = CARTESIAN_POINT('', (122.00000010000001, -109.24999980000003, 8.000000300000012));
#1277 = DIRECTION('', (0.0, -1.0, 0.0));
#1278 = DIRECTION('', (0.7071067811865455, 0.0, 0.7071067811865496));
#1279 = SURFACE_CURVE('', #1280, (#511, #516), .CURVE_3D.);
#1280 = LINE('', #1281, #1282);
#1281 = CARTESIAN_POINT('', (128.0000001, -115.74999999999991, 6.7000003));
#1282 = VECTOR('', #1283, 1.5000002000000023);
#1283 = DIRECTION('', (0.0, 1.0, 0.0));
#1284 = SURFACE_CURVE('', #1285, (#511, #531), .CURVE_3D.);
#1285 = INTERSECTION_CURVE('', #1286, (#1290, #1295), .CURVE_3D.);
#1286 = B_SPLINE_CURVE_WITH_KNOTS('', 1, (#1287, #1288, #1289), .UNSPECIFIED., .U., .U., (2, 1, 2), (0.0, 0.5, 1.0), .UNSPECIFIED.);
#1287 = CARTESIAN_POINT('', (122.0000001, -114.2499997999999, 6.7000003));
#1288 = CARTESIAN_POINT('', (124.60869575217386, -114.2499997999999, 6.7000003));
#1289 = CARTESIAN_POINT('', (128.0000001, -114.24999979999991, 6.7000003));
#1290 = PLANE('', #1291);
#1291 = AXIS2_PLACEMENT_3D('', #1292, #1293, #1294);
#1292 = CARTESIAN_POINT('', (103.49999999157427, -114.24999979999981, 2.0000003));
#1293 = DIRECTION('', (-4.2963049031E-15, -1.0, 0.0));
#1294 = DIRECTION('', (1.0, -4.2963049031E-15, 0.0));
#1295 = PLANE('', #1296);
#1296 = AXIS2_PLACEMENT_3D('', #1297, #1298, #1299);
#1297 = CARTESIAN_POINT('', (122.0000001, -120.7499998, 6.7000003));
#1298 = DIRECTION('', (0.0, 0.0, 1.0));
#1299 = DIRECTION('', (1.0, 0.0, 0.0));
#1300 = SURFACE_CURVE('', #1301, (#516, #521), .CURVE_3D.);
#1301 = LINE('', #1302, #1303);
#1302 = CARTESIAN_POINT('', (129.3000001, -115.74999999999991, 8.0000003));
#1303 = VECTOR('', #1304, 1.5000001999999881);
#1304 = DIRECTION('', (0.0, 1.0, 0.0));
#1305 = SURFACE_CURVE('', #1306, (#516, #531), .CURVE_3D.);
#1306 = INTERSECTION_CURVE('', #1307, (#1377, #1382), .CURVE_3D.);
#1307 = B_SPLINE_CURVE_WITH_KNOTS('', 1, (#1308, #1309, #1310, #1311, #1312, #1313, #1314, #1315, #1316, #1317, #1318, #1319, #1320, #1321, #1322, #1323, #1324, #1325, #1326, #1327, #1328, #1329, #1330, #1331, #1332, #1333, #1334, #1335, #1336, #1337, #1338, #1339, #1340, #1341, #1342, #1343, #1344, #1345, #1346, #1347, #1348, #1349, #1350, #1351, #1352, #1353, #1354, #1355, #1356, #1357, #1358, #1359, #1360, #1361, #1362, #1363, #1364, #1365, #1366, #1367, #1368, #1369, #1370, #1371, #1372, #1373, #1374, #1375, #1376), .UNSPECIFIED., .U., .U., (2, 1, 1, 1, 1, 1, 1, 1, 1, 1, 1, 1, 1, 1, 1, 1, 1, 1, 1, 1, 1, 1, 1, 1, 1, 1, 1, 1, 1, 1, 1, 1, 1, 1, 1, 1, 1, 1, 1, 1, 1, 1, 1, 1, 1, 1, 1, 1, 1, 1, 1, 1, 1, 1, 1, 1, 1, 1, 1, 1, 1, 1, 1, 1, 1, 1, 1, 1, 2), (0.0, 0.014705882352941176, 0.029411764705882353, 0.04411764705882353, 0.058823529411764705, 0.07352941176470588, 0.08823529411764706, 0.10294117647058823, 0.11764705882352941, 0.1323529411764706, 0.14705882352941177, 0.16176470588235295, 0.17647058823529413, 0.19117647058823528, 0.20588235294117646, 0.22058823529411764, 0.23529411764705882, 0.25, 0.2647058823529412, 0.27941176470588236, 0.29411764705882354, 0.3088235294117647, 0.3235294117647059, 0.3382352941176471, 0.35294117647058826, 0.36764705882352944, 0.38235294117647056, 0.39705882352941174, 0.4117647058823529, 0.4264705882352941, 0.4411764705882353, 0.45588235294117646, 0.47058823529411764, 0.4852941176470588, 0.5, 0.5147058823529411, 0.5294117647058824, 0.5441176470588235, 0.5588235294117647, 0.5735294117647058, 0.5882352941176471, 0.6029411764705882, 0.6176470588235294, 0.6323529411764706, 0.6470588235294118, 0.6617647058823529, 0.6764705882352942, 0.6911764705882353, 0.7058823529411765, 0.7205882352941176, 0.7352941176470589, 0.75, 0.7647058823529411, 0.7794117647058824, 0.7941176470588235, 0.8088235294117647, 0.8235294117647058, 0.8382352941176471, 0.8529411764705882, 0.8676470588235294, 0.8823529411764706, 0.8970588235294118, 0.9117647058823529, 0.9264705882352942, 0.9411764705882353, 0.9558823529411765, 0.9705882352941176, 0.9852941176470589, 1.0), .UNSPECIFIED.);
#1308 = CARTESIAN_POINT('', (128.0000001, -114.24999979999991, 6.7000003));
#1309 = CARTESIAN_POINT('', (128.0554722654851, -114.24999979999991, 6.701184362749309));
#1310 = CARTESIAN_POINT('', (128.05916834309073, -114.24999979999991, 6.701347490735895));
#1311 = CARTESIAN_POINT('', (128.06339211529226, -114.24999979999991, 6.701546815119926));
#1312 = CARTESIAN_POINT('', (128.06378807662563, -114.24999979999991, 6.7015662069332755));
#1313 = CARTESIAN_POINT('', (128.06933064277678, -114.24999979999991, 6.701850356488745));
#1314 = CARTESIAN_POINT('', (128.12742238242842, -114.24999979999991, 6.706260155326142));
#1315 = CARTESIAN_POINT('', (128.132944329758, -114.24999979999991, 6.706815923441864));
#1316 = CARTESIAN_POINT('', (128.19074971679197, -114.24999979999991, 6.714070837045781));
#1317 = CARTESIAN_POINT('', (128.19623774244525, -114.24999979999991, 6.714896884827691));
#1318 = CARTESIAN_POINT('', (128.25361751862096, -114.24999979999991, 6.724979435475793));
#1319 = CARTESIAN_POINT('', (128.2590584014635, -114.24999979999991, 6.726073772902433));
#1320 = CARTESIAN_POINT('', (128.31587433387423, -114.24999979999993, 6.738959670847082));
#1321 = CARTESIAN_POINT('', (128.32125496634265, -114.24999979999993, 6.740319661563737));
#1322 = CARTESIAN_POINT('', (128.3773701804308, -114.24999979999993, 6.755977863548119));
#1323 = CARTESIAN_POINT('', (128.38267760011018, -114.24999979999993, 6.757600231218029));
#1324 = CARTESIAN_POINT('', (128.43795690940988, -114.24999979999993, 6.775993015262058));
#1325 = CARTESIAN_POINT('', (128.44317833026133, -114.24999979999993, 6.777873851459405));
#1326 = CARTESIAN_POINT('', (128.4974885620746, -114.24999979999993, 6.798956907735311));
#1327 = CARTESIAN_POINT('', (128.50261140523799, -114.24999979999993, 6.801091681360944));
#1328 = CARTESIAN_POINT('', (128.55582172145938, -114.24999979999993, 6.824814218939513));
#1329 = CARTESIAN_POINT('', (128.56083364555678, -114.24999979999993, 6.827197787136798));
#1330 = CARTESIAN_POINT('', (128.6128158578738, -114.24999979999993, 6.853502656347127));
#1331 = CARTESIAN_POINT('', (128.6177047887411, -114.24999979999993, 6.856129276891495));
#1332 = CARTESIAN_POINT('', (128.6683336674512, -114.24999979999993, 6.884953106999635));
#1333 = CARTESIAN_POINT('', (128.67308782722571, -114.24999979999993, 6.887816452132142));
#1334 = CARTESIAN_POINT('', (128.7222414029255, -114.24999979999993, 6.9190898040066795));
#1335 = CARTESIAN_POINT('', (128.72684933841992, -114.24999979999993, 6.9221829756780835));
#1336 = CARTESIAN_POINT('', (128.77440919584018, -114.24999979999993, 6.955830509075147));
#1337 = CARTESIAN_POINT('', (128.77885980613428, -114.24999979999993, 6.959146055563982));
#1338 = CARTESIAN_POINT('', (128.82471136941274, -114.24999979999993, 6.9950867106284225));
#1339 = CARTESIAN_POINT('', (128.82899393259646, -114.24999979999993, 6.998616644492748));
#1340 = CARTESIAN_POINT('', (128.87302674130115, -114.24999979999993, 7.036763837038539));
#1341 = CARTESIAN_POINT('', (128.8771309403047, -114.24999979999993, 7.040499654358546));
#1342 = CARTESIAN_POINT('', (128.91923891554254, -114.24999979999993, 7.080761484457491));
#1343 = CARTESIAN_POINT('', (128.92315486299105, -114.24999979999993, 7.084694185321987));
#1344 = CARTESIAN_POINT('', (128.96323656296147, -114.24999979999993, 7.126973658698862));
#1345 = CARTESIAN_POINT('', (128.96695482499456, -114.24999979999993, 7.131093768887036));
#1346 = CARTESIAN_POINT('', (129.00491368937156, -114.24999979999993, 7.175289030587244));
#1347 = CARTESIAN_POINT('', (129.0084253083703, -114.24999979999993, 7.179586624392751));
#1348 = CARTESIAN_POINT('', (129.04416989092485, -114.24999979999993, 7.225591204159822));
#1349 = CARTESIAN_POINT('', (129.04746640709146, -114.24999979999993, 7.230055928302764));
#1350 = CARTESIAN_POINT('', (129.08091059599332, -114.24999979999993, 7.277758997074503));
#1351 = CARTESIAN_POINT('', (129.08398406773162, -114.24999979999993, 7.282380095643377));
#1352 = CARTESIAN_POINT('', (129.11504729300037, -114.24999979999993, 7.3316667325488));
#1353 = CARTESIAN_POINT('', (129.11789031604775, -114.24999979999993, 7.336433072912379));
#1354 = CARTESIAN_POINT('', (129.14649774365287, -114.24999979999993, 7.387184542126192));
#1355 = CARTESIAN_POINT('', (129.1491034689178, -114.24999979999993, 7.392084641753044));
#1356 = CARTESIAN_POINT('', (129.1751861810605, -114.24999979999993, 7.444178678540624));
#1357 = CARTESIAN_POINT('', (129.17754833112255, -114.24999979999993, 7.449200732661559));
#1358 = CARTESIAN_POINT('', (129.2010434922647, -114.24999979999993, 7.502511837925374));
#1359 = CARTESIAN_POINT('', (129.20315637649747, -114.24999979999993, 7.507643747972143));
#1360 = CARTESIAN_POINT('', (129.22400738473794, -114.24999979999993, 7.562043490590106));
#1361 = CARTESIAN_POINT('', (129.2258659130183, -114.24999979999993, 7.567272893341906));
#1362 = CARTESIAN_POINT('', (129.2440225364519, -114.24999979999993, 7.622630219569192));
#1363 = CARTESIAN_POINT('', (129.24562223142237, -114.24999979999993, 7.62794451693674));
#1364 = CARTESIAN_POINT('', (129.2610407291529, -114.24999979999993, 7.684126066125751));
#1365 = CARTESIAN_POINT('', (129.26237773700825, -114.24999979999993, 7.689512455501221));
#1366 = CARTESIAN_POINT('', (129.2750209645242, -114.24999979999993, 7.746382881379029));
#1367 = CARTESIAN_POINT('', (129.27609206429537, -114.24999979999993, 7.751828386478612));
#1368 = CARTESIAN_POINT('', (129.28592956295424, -114.24999979999993, 7.809250683208027));
#1369 = CARTESIAN_POINT('', (129.28673217426802, -114.24999979999993, 7.814742185332982));
#1370 = CARTESIAN_POINT('', (129.29374024467387, -114.24999979999993, 7.87257801757157));
#1371 = CARTESIAN_POINT('', (129.29427243396935, -114.24999979999993, 7.878102287212269));
#1372 = CARTESIAN_POINT('', (129.29843419306673, -114.24999979999993, 7.936212323374356));
#1373 = CARTESIAN_POINT('', (129.29845358488006, -114.24999979999993, 7.936608284707731));
#1374 = CARTESIAN_POINT('', (129.29865290926412, -114.24999979999993, 7.940832056909251));
#1375 = CARTESIAN_POINT('', (129.2988160372507, -114.24999979999993, 7.944528134514892));
#1376 = CARTESIAN_POINT('', (129.3000001, -114.24999979999993, 8.0000003));
#1377 = PLANE('', #1378);
#1378 = AXIS2_PLACEMENT_3D('', #1379, #1380, #1381);
#1379 = CARTESIAN_POINT('', (103.49999999157427, -114.24999979999981, 2.0000003));
#1380 = DIRECTION('', (-4.2963049031E-15, -1.0, 0.0));
#1381 = DIRECTION('', (1.0, -4.2963049031E-15, 0.0));
#1382 = CYLINDRICAL_SURFACE('', #1383, 1.2999999999999565);
#1383 = AXIS2_PLACEMENT_3D('', #1384, #1385, #1386);
#1384 = CARTESIAN_POINT('', (128.00000010000005, -109.2499998, 8.00000029999996));
#1385 = DIRECTION('', (0.0, -1.0, 0.0));
#1386 = DIRECTION('', (-0.7071067811865397, 0.0, 0.7071067811865553));
#1387 = SURFACE_CURVE('', #1388, (#521, #526), .CURVE_3D.);
#1388 = LINE('', #1389, #1390);
#1389 = CARTESIAN_POINT('', (128.0000001, -115.74999999999991, 9.3000003));
#1390 = VECTOR('', #1391, 1.5000002000000023);
#1391 = DIRECTION('', (0.0, 1.0, 0.0));
#1392 = SURFACE_CURVE('', #1393, (#521, #531), .CURVE_3D.);
#1393 = INTERSECTION_CURVE('', #1394, (#1464, #1469), .CURVE_3D.);
#1394 = B_SPLINE_CURVE_WITH_KNOTS('', 1, (#1395, #1396, #1397, #1398, #1399, #1400, #1401, #1402, #1403, #1404, #1405, #1406, #1407, #1408, #1409, #1410, #1411, #1412, #1413, #1414, #1415, #1416, #1417, #1418, #1419, #1420, #1421, #1422, #1423, #1424, #1425, #1426, #1427, #1428, #1429, #1430, #1431, #1432, #1433, #1434, #1435, #1436, #1437, #1438, #1439, #1440, #1441, #1442, #1443, #1444, #1445, #1446, #1447, #1448, #1449, #1450, #1451, #1452, #1453, #1454, #1455, #1456, #1457, #1458, #1459, #1460, #1461, #1462, #1463), .UNSPECIFIED., .U., .U., (2, 1, 1, 1, 1, 1, 1, 1, 1, 1, 1, 1, 1, 1, 1, 1, 1, 1, 1, 1, 1, 1, 1, 1, 1, 1, 1, 1, 1, 1, 1, 1, 1, 1, 1, 1, 1, 1, 1, 1, 1, 1, 1, 1, 1, 1, 1, 1, 1, 1, 1, 1, 1, 1, 1, 1, 1, 1, 1, 1, 1, 1, 1, 1, 1, 1, 1, 1, 2), (0.0, 0.014705882352941176, 0.029411764705882353, 0.04411764705882353, 0.058823529411764705, 0.07352941176470588, 0.08823529411764706, 0.10294117647058823, 0.11764705882352941, 0.1323529411764706, 0.14705882352941177, 0.16176470588235295, 0.17647058823529413, 0.19117647058823528, 0.20588235294117646, 0.22058823529411764, 0.23529411764705882, 0.25, 0.2647058823529412, 0.27941176470588236, 0.29411764705882354, 0.3088235294117647, 0.3235294117647059, 0.3382352941176471, 0.35294117647058826, 0.36764705882352944, 0.38235294117647056, 0.39705882352941174, 0.4117647058823529, 0.4264705882352941, 0.4411764705882353, 0.45588235294117646, 0.47058823529411764, 0.4852941176470588, 0.5, 0.5147058823529411, 0.5294117647058824, 0.5441176470588235, 0.5588235294117647, 0.5735294117647058, 0.5882352941176471, 0.6029411764705882, 0.6176470588235294, 0.6323529411764706, 0.6470588235294118, 0.6617647058823529, 0.6764705882352942, 0.6911764705882353, 0.7058823529411765, 0.7205882352941176, 0.7352941176470589, 0.75, 0.7647058823529411, 0.7794117647058824, 0.7941176470588235, 0.8088235294117647, 0.8235294117647058, 0.8382352941176471, 0.8529411764705882, 0.8676470588235294, 0.8823529411764706, 0.8970588235294118, 0.9117647058823529, 0.9264705882352942, 0.9411764705882353, 0.9558823529411765, 0.9705882352941176, 0.9852941176470589, 1.0), .UNSPECIFIED.);
#1395 = CARTESIAN_POINT('', (129.3000001, -114.24999979999993, 8.0000003));
#1396 = CARTESIAN_POINT('', (129.2988160372507, -114.24999979999993, 8.055472465485106));
#1397 = CARTESIAN_POINT('', (129.29865290926412, -114.24999979999993, 8.059168543090749));
#1398 = CARTESIAN_POINT('', (129.29845358488006, -114.24999979999993, 8.063392315292269));
#1399 = CARTESIAN_POINT('', (129.29843419306673, -114.24999979999993, 8.063788276625644));
#1400 = CARTESIAN_POINT('', (129.29815004351127, -114.24999979999993, 8.069330842776761));
#1401 = CARTESIAN_POINT('', (129.29374024467387, -114.24999979999993, 8.12742258242843));
#1402 = CARTESIAN_POINT('', (129.29318447655814, -114.24999979999993, 8.132944529758035));
#1403 = CARTESIAN_POINT('', (129.2859295629542, -114.24999979999993, 8.190749916791972));
#1404 = CARTESIAN_POINT('', (129.2851035151723, -114.24999979999993, 8.19623794244528));
#1405 = CARTESIAN_POINT('', (129.2750209645242, -114.24999979999993, 8.25361771862097));
#1406 = CARTESIAN_POINT('', (129.27392662709758, -114.24999979999993, 8.259058601463492));
#1407 = CARTESIAN_POINT('', (129.2610407291529, -114.24999979999993, 8.315874533874245));
#1408 = CARTESIAN_POINT('', (129.25968073843626, -114.24999979999993, 8.321255166342652));
#1409 = CARTESIAN_POINT('', (129.24402253645187, -114.24999979999993, 8.377370380430804));
#1410 = CARTESIAN_POINT('', (129.24240016878196, -114.24999979999993, 8.38267780011018));
#1411 = CARTESIAN_POINT('', (129.22400738473792, -114.24999979999993, 8.43795710940989));
#1412 = CARTESIAN_POINT('', (129.2221265485406, -114.24999979999993, 8.443178530261356));
#1413 = CARTESIAN_POINT('', (129.2010434922647, -114.24999979999993, 8.497488762074617));
#1414 = CARTESIAN_POINT('', (129.19890871863902, -114.24999979999993, 8.502611605238005));
#1415 = CARTESIAN_POINT('', (129.17518618106047, -114.24999979999993, 8.555821921459373));
#1416 = CARTESIAN_POINT('', (129.17280261286317, -114.24999979999993, 8.560833845556783));
#1417 = CARTESIAN_POINT('', (129.14649774365287, -114.24999979999993, 8.6128160578738));
#1418 = CARTESIAN_POINT('', (129.1438711231085, -114.24999979999993, 8.6177049887411));
#1419 = CARTESIAN_POINT('', (129.11504729300034, -114.24999979999993, 8.668333867451192));
#1420 = CARTESIAN_POINT('', (129.11218394786783, -114.24999979999993, 8.673088027225713));
#1421 = CARTESIAN_POINT('', (129.08091059599332, -114.24999979999993, 8.722241602925488));
#1422 = CARTESIAN_POINT('', (129.0778174243219, -114.24999979999993, 8.726849538419899));
#1423 = CARTESIAN_POINT('', (129.04416989092485, -114.24999979999993, 8.774409395840166));
#1424 = CARTESIAN_POINT('', (129.040854344436, -114.24999979999993, 8.778860006134256));
#1425 = CARTESIAN_POINT('', (129.00491368937156, -114.24999979999993, 8.824711569412742));
#1426 = CARTESIAN_POINT('', (129.00138375550722, -114.24999979999993, 8.828994132596492));
#1427 = CARTESIAN_POINT('', (128.96323656296144, -114.24999979999993, 8.87302694130113));
#1428 = CARTESIAN_POINT('', (128.95950074564144, -114.24999979999993, 8.877131140304721));
#1429 = CARTESIAN_POINT('', (128.9192389155425, -114.24999979999993, 8.91923911554252));
#1430 = CARTESIAN_POINT('', (128.91530621467803, -114.24999979999993, 8.92315506299106));
#1431 = CARTESIAN_POINT('', (128.87302674130112, -114.24999979999993, 8.963236762961454));
#1432 = CARTESIAN_POINT('', (128.86890663111296, -114.24999979999993, 8.966955024994537));
#1433 = CARTESIAN_POINT('', (128.82471136941274, -114.24999979999993, 9.004913889371565));
#1434 = CARTESIAN_POINT('', (128.82041377560722, -114.24999979999993, 9.00842550837029));
#1435 = CARTESIAN_POINT('', (128.77440919584015, -114.24999979999993, 9.04417009092485));
#1436 = CARTESIAN_POINT('', (128.76994447169722, -114.24999979999993, 9.047466607091462));
#1437 = CARTESIAN_POINT('', (128.72224140292548, -114.24999979999993, 9.080910795993319));
#1438 = CARTESIAN_POINT('', (128.71762030435661, -114.24999979999993, 9.083984267731616));
#1439 = CARTESIAN_POINT('', (128.66833366745118, -114.24999979999993, 9.115047493000365));
#1440 = CARTESIAN_POINT('', (128.6635673270876, -114.24999979999993, 9.117890516047755));
#1441 = CARTESIAN_POINT('', (128.61281585787378, -114.24999979999993, 9.146497943652871));
#1442 = CARTESIAN_POINT('', (128.60791575824692, -114.24999979999993, 9.1491036689178));
#1443 = CARTESIAN_POINT('', (128.55582172145935, -114.24999979999993, 9.175186381060488));
#1444 = CARTESIAN_POINT('', (128.55079966733842, -114.24999979999993, 9.177548531122532));
#1445 = CARTESIAN_POINT('', (128.4974885620746, -114.24999979999993, 9.201043692264683));
#1446 = CARTESIAN_POINT('', (128.4923566520278, -114.24999979999993, 9.203156576497484));
#1447 = CARTESIAN_POINT('', (128.43795690940988, -114.24999979999993, 9.224007584737938));
#1448 = CARTESIAN_POINT('', (128.43272750665807, -114.24999979999993, 9.225866113018292));
#1449 = CARTESIAN_POINT('', (128.3773701804308, -114.24999979999993, 9.24402273645188));
#1450 = CARTESIAN_POINT('', (128.37205588306324, -114.24999979999993, 9.245622431422373));
#1451 = CARTESIAN_POINT('', (128.31587433387423, -114.24999979999993, 9.26104092915292));
#1452 = CARTESIAN_POINT('', (128.3104879444988, -114.24999979999993, 9.26237793700825));
#1453 = CARTESIAN_POINT('', (128.25361751862096, -114.24999979999991, 9.275021164524212));
#1454 = CARTESIAN_POINT('', (128.24817201352138, -114.24999979999991, 9.276092264295347));
#1455 = CARTESIAN_POINT('', (128.19074971679197, -114.24999979999991, 9.285929762954227));
#1456 = CARTESIAN_POINT('', (128.18525821466704, -114.24999979999991, 9.286732374268006));
#1457 = CARTESIAN_POINT('', (128.12742238242842, -114.24999979999991, 9.293740444673869));
#1458 = CARTESIAN_POINT('', (128.1218981127877, -114.24999979999991, 9.294272633969339));
#1459 = CARTESIAN_POINT('', (128.06378807662563, -114.24999979999991, 9.298434393066739));
#1460 = CARTESIAN_POINT('', (128.06339211529226, -114.24999979999991, 9.298453784880088));
#1461 = CARTESIAN_POINT('', (128.05916834309073, -114.24999979999991, 9.29865310926412));
#1462 = CARTESIAN_POINT('', (128.0554722654851, -114.24999979999991, 9.298816237250705));
#1463 = CARTESIAN_POINT('', (128.0000001, -114.24999979999991, 9.3000003));
#1464 = PLANE('', #1465);
#1465 = AXIS2_PLACEMENT_3D('', #1466, #1467, #1468);
#1466 = CARTESIAN_POINT('', (103.49999999157427, -114.24999979999981, 2.0000003));
#1467 = DIRECTION('', (-4.2963049031E-15, -1.0, 0.0));
#1468 = DIRECTION('', (1.0, -4.2963049031E-15, 0.0));
#1469 = CYLINDRICAL_SURFACE('', #1470, 1.3000000000000276);
#1470 = AXIS2_PLACEMENT_3D('', #1471, #1472, #1473);
#1471 = CARTESIAN_POINT('', (128.0000001, -109.2499998, 8.000000299999988));
#1472 = DIRECTION('', (0.0, -1.0, 0.0));
#1473 = DIRECTION('', (-0.7071067811865448, 0.0, -0.7071067811865503));
#1474 = SURFACE_CURVE('', #1475, (#526, #531), .CURVE_3D.);
#1475 = INTERSECTION_CURVE('', #1476, (#1481, #1486), .CURVE_3D.);
#1476 = B_SPLINE_CURVE_WITH_KNOTS('', 1, (#1477, #1478, #1479, #1480), .UNSPECIFIED., .U., .U., (2, 1, 1, 2), (0.0, 0.3333333333333333, 0.6666666666666666, 1.0), .UNSPECIFIED.);
#1477 = CARTESIAN_POINT('', (122.0000001, -114.2499997999999, 9.3000003));
#1478 = CARTESIAN_POINT('', (123.11875004104351, -114.2499997999999, 9.3000003));
#1479 = CARTESIAN_POINT('', (125.39130444782613, -114.24999979999991, 9.3000003));
#1480 = CARTESIAN_POINT('', (128.0000001, -114.24999979999991, 9.3000003));
#1481 = PLANE('', #1482);
#1482 = AXIS2_PLACEMENT_3D('', #1483, #1484, #1485);
#1483 = CARTESIAN_POINT('', (103.49999999157427, -114.24999979999981, 2.0000003));
#1484 = DIRECTION('', (-4.2963049031E-15, -1.0, 0.0));
#1485 = DIRECTION('', (1.0, -4.2963049031E-15, 0.0));
#1486 = PLANE('', #1487);
#1487 = AXIS2_PLACEMENT_3D('', #1488, #1489, #1490);
#1488 = CARTESIAN_POINT('', (128.0000001, -120.7499998, 9.3000003));
#1489 = DIRECTION('', (0.0, 0.0, -1.0));
#1490 = DIRECTION('', (-1.0, 0.0, 0.0));
#1491 = SURFACE_CURVE('', #1492, (#531, #581), .CURVE_3D.);
#1492 = INTERSECTION_CURVE('', #1493, (#1499, #1504), .CURVE_3D.);
#1493 = B_SPLINE_CURVE_WITH_KNOTS('', 1, (#1494, #1495, #1496, #1497, #1498), .UNSPECIFIED., .U., .U., (2, 1, 1, 1, 2), (0.0, 0.25, 0.5, 0.75, 1.0), .UNSPECIFIED.);
#1494 = CARTESIAN_POINT('', (146.5000001, -114.2499998, 13.0));
#1495 = CARTESIAN_POINT('', (146.15951685288994, -114.2499998, 13.0));
#1496 = CARTESIAN_POINT('', (133.06249925986697, -114.24999979999994, 13.0));
#1497 = CARTESIAN_POINT('', (104.74230357528077, -114.24999979999981, 13.0));
#1498 = CARTESIAN_POINT('', (103.49999999157427, -114.24999979999983, 13.0));
#1499 = PLANE('', #1500);
#1500 = AXIS2_PLACEMENT_3D('', #1501, #1502, #1503);
#1501 = CARTESIAN_POINT('', (155.75000000000009, -65.76040913868061, 13.0));
#1502 = DIRECTION('', (0.0, 0.0, 0.9999999999999999));
#1503 = DIRECTION('', (-1.0, 0.0, 0.0));
#1504 = PLANE('', #1505);
#1505 = AXIS2_PLACEMENT_3D('', #1506, #1507, #1508);
#1506 = CARTESIAN_POINT('', (103.49999999157427, -114.24999979999981, 2.0000003));
#1507 = DIRECTION('', (-4.2963049031E-15, -1.0, 0.0));
#1508 = DIRECTION('', (1.0, -4.2963049031E-15, 0.0));
#1509 = SURFACE_CURVE('', #1510, (#531, #571), .CURVE_3D.);
#1510 = LINE('', #1511, #1512);
#1511 = CARTESIAN_POINT('', (103.49999999157427, -114.24999979999981, 2.0000003));
#1512 = VECTOR('', #1513, 10.9999997);
#1513 = DIRECTION('', (0.0, 0.0, 1.0));
#1514 = SURFACE_CURVE('', #1515, (#531, #566), .CURVE_3D.);
#1515 = LINE('', #1516, #1517);
#1516 = CARTESIAN_POINT('', (103.49999999157427, -114.24999979999981, 2.0000003));
#1517 = VECTOR('', #1518, 43.00000010842572);
#1518 = DIRECTION('', (1.0, -4.2963049031E-15, 0.0));
#1519 = SURFACE_CURVE('', #1520, (#531, #536), .CURVE_3D.);
#1520 = LINE('', #1521, #1522);
#1521 = CARTESIAN_POINT('', (146.5000001, -114.2499998, 2.0000003));
#1522 = VECTOR('', #1523, 10.9999997);
#1523 = DIRECTION('', (0.0, 0.0, 1.0));
#1524 = SURFACE_CURVE('', #1525, (#536, #581), .CURVE_3D.);
#1525 = INTERSECTION_CURVE('', #1526, (#1539, #1544), .CURVE_3D.);
#1526 = B_SPLINE_CURVE_WITH_KNOTS('', 1, (#1527, #1528, #1529, #1530, #1531, #1532, #1533, #1534, #1535, #1536, #1537, #1538), .UNSPECIFIED., .U., .U., (2, 1, 1, 1, 1, 1, 1, 1, 1, 1, 1, 2), (0.0, 0.09090909090909091, 0.18181818181818182, 0.2727272727272727, 0.36363636363636365, 0.45454545454545453, 0.5454545454545454, 0.6363636363636364, 0.7272727272727273, 0.8181818181818182, 0.9090909090909091, 1.0), .UNSPECIFIED.);
#1527 = CARTESIAN_POINT('', (147.94081512327634, -114.11489016543949, 13.0));
#1528 = CARTESIAN_POINT('', (147.6550777146801, -114.16343886677028, 13.0));
#1529 = CARTESIAN_POINT('', (147.36772482668906, -114.20126955319596, 13.0));
#1530 = CARTESIAN_POINT('', (147.0791583484556, -114.22832931506038, 13.0));
#1531 = CARTESIAN_POINT('', (146.78978186644838, -114.24458030682513, 13.0));
#1532 = CARTESIAN_POINT('', (146.76344646159697, -114.24552087033553, 13.0));
#1533 = CARTESIAN_POINT('', (146.74149899641438, -114.24623623244253, 13.0));
#1534 = CARTESIAN_POINT('', (146.72292715557973, -114.24679294735361, 13.0));
#1535 = CARTESIAN_POINT('', (146.70700777189796, -114.24723468257139, 13.0));
#1536 = CARTESIAN_POINT('', (146.69321047772053, -114.24759105269679, 13.0));
#1537 = CARTESIAN_POINT('', (146.68113746828953, -114.24788271688624, 13.0));
#1538 = CARTESIAN_POINT('', (146.5000001, -114.2499998, 13.0));
#1539 = PLANE('', #1540);
#1540 = AXIS2_PLACEMENT_3D('', #1541, #1542, #1543);
#1541 = CARTESIAN_POINT('', (155.75000000000009, -65.76040913868061, 13.0));
#1542 = DIRECTION('', (0.0, 0.0, 0.9999999999999999));
#1543 = DIRECTION('', (-1.0, 0.0, 0.0));
#1544 = CYLINDRICAL_SURFACE('', #1545, 7.749998771177022);
#1545 = AXIS2_PLACEMENT_3D('', #1546, #1547, #1548);
#1546 = CARTESIAN_POINT('', (146.50000132882315, -106.50000102882306, 18.0000003));
#1547 = DIRECTION('', (0.0, 0.0, 1.0));
#1548 = DIRECTION('', (-0.7071067762401911, 0.707106786132904, 0.0));
#1549 = SURFACE_CURVE('', #1550, (#536, #566), .CURVE_3D.);
#1550 = (
    BOUNDED_CURVE()
    B_SPLINE_CURVE(2, (#1551, #1552, #1553, #1554, #1555, #1556), .UNSPECIFIED., .U., .U.)
    B_SPLINE_CURVE_WITH_KNOTS((3, 1, 1, 1, 3), (0.0, 0.25, 0.5, 0.75, 1.0), .UNSPECIFIED.)
    CURVE()
    GEOMETRIC_REPRESENTATION_ITEM()
    RATIONAL_B_SPLINE_CURVE((1.0, 0.926776668503891, 0.8535533370077819, 0.8535533370077818, 0.926776668503891, 1.0))
    REPRESENTATION_ITEM('')
);
#1551 = CARTESIAN_POINT('', (146.5000001, -114.2499998, 2.0000003));
#1552 = CARTESIAN_POINT('', (147.978262798582, -114.25000003439015, 2.0000003));
#1553 = CARTESIAN_POINT('', (150.84511668162136, -113.11503903071966, 2.0000003));
#1554 = CARTESIAN_POINT('', (153.1150392699298, -110.84511647416836, 2.0000003));
#1555 = CARTESIAN_POINT('', (154.25000031370877, -107.97826260700755, 2.0000003));
#1556 = CARTESIAN_POINT('', (154.25000010000008, -106.49999990842556, 2.0000003));
#1557 = SURFACE_CURVE('', #1558, (#536, #541), .CURVE_3D.);
#1558 = LINE('', #1559, #1560);
#1559 = CARTESIAN_POINT('', (154.2500001000001, -106.49999990842558, 2.0000003));
#1560 = VECTOR('', #1561, 10.9999997);
#1561 = DIRECTION('', (0.0, 0.0, 1.0));
#1562 = SURFACE_CURVE('', #1563, (#536, #581), .CURVE_3D.);
#1563 = INTERSECTION_CURVE('', #1564, (#1577, #1582), .CURVE_3D.);
#1564 = B_SPLINE_CURVE_WITH_KNOTS('', 1, (#1565, #1566, #1567, #1568, #1569, #1570, #1571, #1572, #1573, #1574, #1575, #1576), .UNSPECIFIED., .U., .U., (2, 1, 1, 1, 1, 1, 1, 1, 1, 1, 1, 2), (0.0, 0.09090909090909091, 0.18181818181818182, 0.2727272727272727, 0.36363636363636365, 0.45454545454545453, 0.5454545454545454, 0.6363636363636364, 0.7272727272727273, 0.8181818181818182, 0.9090909090909091, 1.0), .UNSPECIFIED.);
#1565 = CARTESIAN_POINT('', (154.114890445282, -107.94081492981168, 13.0));
#1566 = CARTESIAN_POINT('', (154.16343915061037, -107.65507752189463, 13.0));
#1567 = CARTESIAN_POINT('', (154.20126984105625, -107.36772463443288, 13.0));
#1568 = CARTESIAN_POINT('', (154.22832960695783, -107.079158156578, 13.0));
#1569 = CARTESIAN_POINT('', (154.24458060277107, -106.78978167479812, 13.0));
#1570 = CARTESIAN_POINT('', (154.2455211666499, -106.76344626995986, 13.000000000000002));
#1571 = CARTESIAN_POINT('', (154.24623652906396, -106.74149880478728, 13.0));
#1572 = CARTESIAN_POINT('', (154.24679324423488, -106.72292696396045, 13.0));
#1573 = CARTESIAN_POINT('', (154.24723497967537, -106.70700758028485, 13.0));
#1574 = CARTESIAN_POINT('', (154.2475913499938, -106.69321028611242, 13.0));
#1575 = CARTESIAN_POINT('', (154.24788301435214, -106.68113727668549, 13.0));
#1576 = CARTESIAN_POINT('', (154.25000010000008, -106.49999990842556, 13.0));
#1577 = PLANE('', #1578);
#1578 = AXIS2_PLACEMENT_3D('', #1579, #1580, #1581);
#1579 = CARTESIAN_POINT('', (155.75000000000009, -65.76040913868061, 13.0));
#1580 = DIRECTION('', (0.0, 0.0, 0.9999999999999999));
#1581 = DIRECTION('', (-1.0, 0.0, 0.0));
#1582 = CYLINDRICAL_SURFACE('', #1583, 7.749998771177022);
#1583 = AXIS2_PLACEMENT_3D('', #1584, #1585, #1586);
#1584 = CARTESIAN_POINT('', (146.50000132882315, -106.50000102882306, 18.0000003));
#1585 = DIRECTION('', (0.0, 0.0, 1.0));
#1586 = DIRECTION('', (-0.7071067762401911, 0.707106786132904, 0.0));
#1587 = SURFACE_CURVE('', #1588, (#536, #581), .CURVE_3D.);
#1588 = INTERSECTION_CURVE('', #1589, (#1602, #1607), .CURVE_3D.);
#1589 = B_SPLINE_CURVE_WITH_KNOTS('', 1, (#1590, #1591, #1592, #1593, #1594, #1595, #1596, #1597, #1598, #1599, #1600, #1601), .UNSPECIFIED., .U., .U., (2, 1, 1, 1, 1, 1, 1, 1, 1, 1, 1, 2), (0.0, 0.09090909090909091, 0.18181818181818182, 0.2727272727272727, 0.36363636363636365, 0.45454545454545453, 0.5454545454545454, 0.6363636363636364, 0.7272727272727273, 0.8181818181818182, 0.9090909090909091, 1.0), .UNSPECIFIED.);
#1590 = CARTESIAN_POINT('', (153.7142718753662, -109.33139315711, 12.999999999999998));
#1591 = CARTESIAN_POINT('', (153.7279293573918, -109.29634459982381, 13.0));
#1592 = CARTESIAN_POINT('', (153.81216247264402, -109.06803147257591, 13.0));
#1593 = CARTESIAN_POINT('', (153.81509618262734, -109.05966277075163, 13.0));
#1594 = CARTESIAN_POINT('', (153.88682382258924, -108.84464053178233, 13.0));
#1595 = CARTESIAN_POINT('', (153.90568959778457, -108.78435262527499, 13.0));
#1596 = CARTESIAN_POINT('', (153.9534596297858, -108.62330984033782, 13.0));
#1597 = CARTESIAN_POINT('', (153.98592548425458, -108.5058476062994, 13.0));
#1598 = CARTESIAN_POINT('', (154.01249146989633, -108.40393717100946, 13.0));
#1599 = CARTESIAN_POINT('', (154.05569162485165, -108.22453722842755, 13.0));
#1600 = CARTESIAN_POINT('', (154.06428011423077, -108.18646698160049, 13.0));
#1601 = CARTESIAN_POINT('', (154.114890445282, -107.94081492981168, 13.0));
#1602 = PLANE('', #1603);
#1603 = AXIS2_PLACEMENT_3D('', #1604, #1605, #1606);
#1604 = CARTESIAN_POINT('', (155.75000000000009, -65.76040913868061, 13.0));
#1605 = DIRECTION('', (0.0, 0.0, 0.9999999999999999));
#1606 = DIRECTION('', (-1.0, 0.0, 0.0));
#1607 = CYLINDRICAL_SURFACE('', #1608, 7.749998771177022);
#1608 = AXIS2_PLACEMENT_3D('', #1609, #1610, #1611);
#1609 = CARTESIAN_POINT('', (146.50000132882315, -106.50000102882306, 18.0000003));
#1610 = DIRECTION('', (0.0, 0.0, 1.0));
#1611 = DIRECTION('', (-0.7071067762401911, 0.707106786132904, 0.0));
#1612 = SURFACE_CURVE('', #1613, (#536, #581), .CURVE_3D.);
#1613 = INTERSECTION_CURVE('', #1614, (#1635, #1640), .CURVE_3D.);
#1614 = B_SPLINE_CURVE_WITH_KNOTS('', 1, (#1615, #1616, #1617, #1618, #1619, #1620, #1621, #1622, #1623, #1624, #1625, #1626, #1627, #1628, #1629, #1630, #1631, #1632, #1633, #1634), .UNSPECIFIED., .U., .U., (2, 1, 1, 1, 1, 1, 1, 1, 1, 1, 1, 1, 1, 1, 1, 1, 1, 1, 1, 2), (0.0, 0.05263157894736842, 0.10526315789473684, 0.15789473684210525, 0.21052631578947367, 0.2631578947368421, 0.3157894736842105, 0.3684210526315789, 0.42105263157894735, 0.47368421052631576, 0.5263157894736842, 0.5789473684210527, 0.631578947368421, 0.6842105263157895, 0.7368421052631579, 0.7894736842105263, 0.8421052631578947, 0.8947368421052632, 0.9473684210526315, 1.0), .UNSPECIFIED.);
#1615 = CARTESIAN_POINT('', (153.7142718783709, -109.33139315835459, 13.000000000000002));
#1616 = CARTESIAN_POINT('', (153.63414035871688, -109.52763067185946, 13.0));
#1617 = CARTESIAN_POINT('', (153.6033578875183, -109.59916326292564, 13.0));
#1618 = CARTESIAN_POINT('', (153.5302678072294, -109.76157031305462, 13.000000000000002));
#1619 = CARTESIAN_POINT('', (153.48250914283255, -109.86259906911016, 13.0));
#1620 = CARTESIAN_POINT('', (153.41541768268502, -109.9985003651079, 13.0));
#1621 = CARTESIAN_POINT('', (153.35189472581956, -110.12133197606362, 13.0));
#1622 = CARTESIAN_POINT('', (153.2884672372312, -110.23887941192498, 13.0));
#1623 = CARTESIAN_POINT('', (153.2116973126226, -110.37500012228047, 13.000000000000002));
#1624 = CARTESIAN_POINT('', (153.14797949909018, -110.48332466630197, 13.0));
#1625 = CARTESIAN_POINT('', (153.06211298207677, -110.62324872978385, 13.0));
#1626 = CARTESIAN_POINT('', (152.99207785921712, -110.73266251738475, 13.0));
#1627 = CARTESIAN_POINT('', (152.90335094147497, -110.86573060031476, 13.0));
#1628 = CARTESIAN_POINT('', (152.81825722220447, -110.98799873593005, 13.0));
#1629 = CARTESIAN_POINT('', (152.73563323397244, -111.10210660092041, 13.000000000000002));
#1630 = CARTESIAN_POINT('', (152.62309093893043, -111.2508172302606, 13.0));
#1631 = CARTESIAN_POINT('', (152.55919442803926, -111.33204613826247, 13.0));
#1632 = CARTESIAN_POINT('', (152.4017597926344, -111.52312037720387, 13.0));
#1633 = CARTESIAN_POINT('', (152.37428128939484, -111.55522762098202, 13.0));
#1634 = CARTESIAN_POINT('', (152.1811524358839, -111.77133890947422, 13.0));
#1635 = PLANE('', #1636);
#1636 = AXIS2_PLACEMENT_3D('', #1637, #1638, #1639);
#1637 = CARTESIAN_POINT('', (155.75000000000009, -65.76040913868061, 13.0));
#1638 = DIRECTION('', (0.0, 0.0, 0.9999999999999999));
#1639 = DIRECTION('', (-1.0, 0.0, 0.0));
#1640 = CYLINDRICAL_SURFACE('', #1641, 7.749998771177022);
#1641 = AXIS2_PLACEMENT_3D('', #1642, #1643, #1644);
#1642 = CARTESIAN_POINT('', (146.50000132882315, -106.50000102882306, 18.0000003));
#1643 = DIRECTION('', (0.0, 0.0, 1.0));
#1644 = DIRECTION('', (-0.7071067762401911, 0.707106786132904, 0.0));
#1645 = SURFACE_CURVE('', #1646, (#536, #581), .CURVE_3D.);
#1646 = INTERSECTION_CURVE('', #1647, (#1657, #1662), .CURVE_3D.);
#1647 = B_SPLINE_CURVE_WITH_KNOTS('', 1, (#1648, #1649, #1650, #1651, #1652, #1653, #1654, #1655, #1656), .UNSPECIFIED., .U., .U., (2, 1, 1, 1, 1, 1, 1, 1, 2), (0.0, 0.125, 0.25, 0.375, 0.5, 0.625, 0.75, 0.875, 1.0), .UNSPECIFIED.);
#1648 = CARTESIAN_POINT('', (152.1811524358839, -111.77133890947422, 13.0));
#1649 = CARTESIAN_POINT('', (152.14084346985527, -111.81445122552276, 13.0));
#1650 = CARTESIAN_POINT('', (151.98007797577557, -111.980077752444, 13.0));
#1651 = CARTESIAN_POINT('', (151.82021285664968, -112.13540964332716, 13.0));
#1652 = CARTESIAN_POINT('', (151.77133912999267, -112.18115220963199, 13.0));
#1653 = CARTESIAN_POINT('', (151.55522783879852, -112.37428106011946, 13.0));
#1654 = CARTESIAN_POINT('', (151.36844151682354, -112.5299903396849, 13.0));
#1655 = CARTESIAN_POINT('', (151.33204635349196, -112.55919419564145, 13.0));
#1656 = CARTESIAN_POINT('', (151.10210681368144, -112.73563299835772, 13.0));
#1657 = PLANE('', #1658);
#1658 = AXIS2_PLACEMENT_3D('', #1659, #1660, #1661);
#1659 = CARTESIAN_POINT('', (155.75000000000009, -65.76040913868061, 13.0));
#1660 = DIRECTION('', (0.0, 0.0, 0.9999999999999999));
#1661 = DIRECTION('', (-1.0, 0.0, 0.0));
#1662 = CYLINDRICAL_SURFACE('', #1663, 7.749998771177022);
#1663 = AXIS2_PLACEMENT_3D('', #1664, #1665, #1666);
#1664 = CARTESIAN_POINT('', (146.50000132882315, -106.50000102882306, 18.0000003));
#1665 = DIRECTION('', (0.0, 0.0, 1.0));
#1666 = DIRECTION('', (-0.7071067762401911, 0.707106786132904, 0.0));
#1667 = SURFACE_CURVE('', #1668, (#536, #581), .CURVE_3D.);
#1668 = INTERSECTION_CURVE('', #1669, (#1701, #1706), .CURVE_3D.);
#1669 = B_SPLINE_CURVE_WITH_KNOTS('', 1, (#1670, #1671, #1672, #1673, #1674, #1675, #1676, #1677, #1678, #1679, #1680, #1681, #1682, #1683, #1684, #1685, #1686, #1687, #1688, #1689, #1690, #1691, #1692, #1693, #1694, #1695, #1696, #1697, #1698, #1699, #1700), .UNSPECIFIED., .U., .U., (2, 1, 1, 1, 1, 1, 1, 1, 1, 1, 1, 1, 1, 1, 1, 1, 1, 1, 1, 1, 1, 1, 1, 1, 1, 1, 1, 1, 1, 1, 2), (0.0, 0.03333333333333333, 0.06666666666666667, 0.1, 0.13333333333333333, 0.16666666666666666, 0.2, 0.23333333333333334, 0.26666666666666666, 0.3, 0.3333333333333333, 0.36666666666666664, 0.4, 0.43333333333333335, 0.4666666666666667, 0.5, 0.5333333333333333, 0.5666666666666667, 0.6, 0.6333333333333333, 0.6666666666666666, 0.7, 0.7333333333333333, 0.7666666666666667, 0.8, 0.8333333333333334, 0.8666666666666667, 0.9, 0.9333333333333333, 0.9666666666666667, 1.0), .UNSPECIFIED.);
#1670 = CARTESIAN_POINT('', (147.94081512327634, -114.11489016543949, 13.0));
#1671 = CARTESIAN_POINT('', (148.18646736619147, -114.06427979537105, 13.0));
#1672 = CARTESIAN_POINT('', (148.22453742272043, -114.05569134897853, 13.0));
#1673 = CARTESIAN_POINT('', (148.23504027090976, -114.05328646118215, 13.0));
#1674 = CARTESIAN_POINT('', (148.28830866001212, -114.04085229658197, 13.0));
#1675 = CARTESIAN_POINT('', (148.34409834376348, -114.02740344617351, 13.0));
#1676 = CARTESIAN_POINT('', (148.40259238078733, -114.01283193615961, 13.0));
#1677 = CARTESIAN_POINT('', (148.4639919364581, -113.99701522424562, 13.0));
#1678 = CARTESIAN_POINT('', (148.50584780156834, -113.98592521231711, 13.0));
#1679 = CARTESIAN_POINT('', (148.53031594222026, -113.97932610023636, 13.000000000000002));
#1680 = CARTESIAN_POINT('', (148.60379661495233, -113.95899066196415, 13.0));
#1681 = CARTESIAN_POINT('', (148.68154382750566, -113.93662346644133, 13.0));
#1682 = CARTESIAN_POINT('', (148.7639391323872, -113.91195533081648, 13.0));
#1683 = CARTESIAN_POINT('', (148.78435282166646, -113.90568932974351, 13.0));
#1684 = CARTESIAN_POINT('', (148.85816199215822, -113.88251816318478, 13.0));
#1685 = CARTESIAN_POINT('', (148.9611014395496, -113.84884224347913, 13.0));
#1686 = CARTESIAN_POINT('', (149.05966296841055, -113.81509591843798, 13.000000000000002));
#1687 = CARTESIAN_POINT('', (149.07296373340307, -113.8104281995063, 13.0));
#1688 = CARTESIAN_POINT('', (149.20703543174994, -113.76184978233184, 13.000000000000002));
#1689 = CARTESIAN_POINT('', (149.33139319551734, -113.71427168152687, 13.0));
#1690 = CARTESIAN_POINT('', (149.3563262991925, -113.70443637219938, 13.0));
#1691 = CARTESIAN_POINT('', (149.54245548740673, -113.62783054741868, 13.0));
#1692 = CARTESIAN_POINT('', (149.59916346354686, -113.60335763087679, 13.0));
#1693 = CARTESIAN_POINT('', (149.78245806583612, -113.52053937875633, 13.0));
#1694 = CARTESIAN_POINT('', (149.8625992714221, -113.48250888987661, 13.0));
#1695 = CARTESIAN_POINT('', (150.1213321802029, -113.3518944764834, 13.0));
#1696 = CARTESIAN_POINT('', (150.14256435176983, -113.34063079347973, 13.0));
#1697 = CARTESIAN_POINT('', (150.37500032838116, -113.21169706683534, 13.0));
#1698 = CARTESIAN_POINT('', (150.6232489379773, -113.06211273976261, 13.0));
#1699 = CARTESIAN_POINT('', (150.86573081072936, -112.90335070255323, 13.0));
#1700 = CARTESIAN_POINT('', (151.10210681368144, -112.73563299835772, 13.0));
#1701 = PLANE('', #1702);
#1702 = AXIS2_PLACEMENT_3D('', #1703, #1704, #1705);
#1703 = CARTESIAN_POINT('', (155.75000000000009, -65.76040913868061, 13.0));
#1704 = DIRECTION('', (0.0, 0.0, 0.9999999999999999));
#1705 = DIRECTION('', (-1.0, 0.0, 0.0));
#1706 = CYLINDRICAL_SURFACE('', #1707, 7.749998771177022);
#1707 = AXIS2_PLACEMENT_3D('', #1708, #1709, #1710);
#1708 = CARTESIAN_POINT('', (146.50000132882315, -106.50000102882306, 18.0000003));
#1709 = DIRECTION('', (0.0, 0.0, 1.0));
#1710 = DIRECTION('', (-0.7071067762401911, 0.707106786132904, 0.0));
#1711 = SURFACE_CURVE('', #1712, (#541, #581), .CURVE_3D.);
#1712 = INTERSECTION_CURVE('', #1713, (#1718, #1723), .CURVE_3D.);
#1713 = B_SPLINE_CURVE_WITH_KNOTS('', 1, (#1714, #1715, #1716, #1717), .UNSPECIFIED., .U., .U., (2, 1, 1, 2), (0.0, 0.3333333333333333, 0.6666666666666666, 1.0), .UNSPECIFIED.);
#1714 = CARTESIAN_POINT('', (154.2500001, -75.0104078, 13.0));
#1715 = CARTESIAN_POINT('', (154.25000010000002, -84.85090592431284, 13.0));
#1716 = CARTESIAN_POINT('', (154.2500001000001, -103.94587145935381, 13.0));
#1717 = CARTESIAN_POINT('', (154.25000010000008, -106.49999990842556, 13.0));
#1718 = PLANE('', #1719);
#1719 = AXIS2_PLACEMENT_3D('', #1720, #1721, #1722);
#1720 = CARTESIAN_POINT('', (155.75000000000009, -65.76040913868061, 13.0));
#1721 = DIRECTION('', (0.0, 0.0, 0.9999999999999999));
#1722 = DIRECTION('', (-1.0, 0.0, 0.0));
#1723 = PLANE('', #1724);
#1724 = AXIS2_PLACEMENT_3D('', #1725, #1726, #1727);
#1725 = CARTESIAN_POINT('', (154.2500001000001, -106.49999990842558, 2.0000003));
#1726 = DIRECTION('', (1.0, 3.6102988356E-15, -0.0));
#1727 = DIRECTION('', (-3.6102988356E-15, 1.0, 0.0));
#1728 = SURFACE_CURVE('', #1729, (#541, #566), .CURVE_3D.);
#1729 = LINE('', #1730, #1731);
#1730 = CARTESIAN_POINT('', (154.2500001000001, -106.49999990842558, 2.0000003));
#1731 = VECTOR('', #1732, 31.489592108425583);
#1732 = DIRECTION('', (-3.6102988356E-15, 1.0, 0.0));
#1733 = SURFACE_CURVE('', #1734, (#541, #546), .CURVE_3D.);
#1734 = LINE('', #1735, #1736);
#1735 = CARTESIAN_POINT('', (154.2500001, -75.0104078, 2.0000003));
#1736 = VECTOR('', #1737, 10.9999997);
#1737 = DIRECTION('', (0.0, 0.0, 1.0));
#1738 = SURFACE_CURVE('', #1739, (#546, #581), .CURVE_3D.);
#1739 = INTERSECTION_CURVE('', #1740, (#1760, #1765), .CURVE_3D.);
#1740 = B_SPLINE_CURVE_WITH_KNOTS('', 1, (#1741, #1742, #1743, #1744, #1745, #1746, #1747, #1748, #1749, #1750, #1751, #1752, #1753, #1754, #1755, #1756, #1757, #1758, #1759), .UNSPECIFIED., .U., .U., (2, 1, 1, 1, 1, 1, 1, 1, 1, 1, 1, 1, 1, 1, 1, 1, 1, 1, 2), (0.0, 0.05555555555555555, 0.1111111111111111, 0.16666666666666666, 0.2222222222222222, 0.2777777777777778, 0.3333333333333333, 0.3888888888888889, 0.4444444444444444, 0.5, 0.5555555555555556, 0.6111111111111112, 0.6666666666666666, 0.7222222222222222, 0.7777777777777778, 0.8333333333333334, 0.8888888888888888, 0.9444444444444444, 1.0), .UNSPECIFIED.);
#1741 = CARTESIAN_POINT('', (141.2903949047394, -69.27258882598488, 13.0));
#1742 = CARTESIAN_POINT('', (141.29403465394705, -69.26928625423673, 13.0));
#1743 = CARTESIAN_POINT('', (141.3238347468265, -69.24240426879848, 13.0));
#1744 = CARTESIAN_POINT('', (141.50298872021787, -69.08652159082905, 13.0));
#1745 = CARTESIAN_POINT('', (141.5111664920062, -69.07963300299635, 13.0));
#1746 = CARTESIAN_POINT('', (141.53616196341588, -69.05869702519743, 13.000000000000002));
#1747 = CARTESIAN_POINT('', (141.72588832665167, -68.90545858116744, 13.0));
#1748 = CARTESIAN_POINT('', (141.739078828547, -68.89516645574284, 13.0));
#1749 = CARTESIAN_POINT('', (141.7631917328439, -68.87646988919181, 13.0));
#1750 = CARTESIAN_POINT('', (141.96398477079003, -68.72653075820674, 13.0));
#1751 = CARTESIAN_POINT('', (141.97380581696063, -68.71945310646791, 13.0));
#1752 = CARTESIAN_POINT('', (142.00665663531822, -68.6959474255124, 13.0));
#1753 = CARTESIAN_POINT('', (142.21501147526138, -68.55274446659934, 13.0));
#1754 = CARTESIAN_POINT('', (142.2192554173988, -68.5499304056877, 13.0));
#1755 = CARTESIAN_POINT('', (142.26875917703882, -68.51740056393317, 13.0));
#1756 = CARTESIAN_POINT('', (142.46235054806738, -68.39527915846266, 13.0));
#1757 = CARTESIAN_POINT('', (142.49516773496762, -68.37536007871033, 13.0));
#1758 = CARTESIAN_POINT('', (142.55234741238098, -68.34118158911389, 13.000000000000002));
#1759 = CARTESIAN_POINT('', (142.71546900236015, -68.24728257665844, 13.0));
#1760 = PLANE('', #1761);
#1761 = AXIS2_PLACEMENT_3D('', #1762, #1763, #1764);
#1762 = CARTESIAN_POINT('', (155.75000000000009, -65.76040913868061, 13.0));
#1763 = DIRECTION('', (0.0, 0.0, 0.9999999999999999));
#1764 = DIRECTION('', (-1.0, 0.0, 0.0));
#1765 = CYLINDRICAL_SURFACE('', #1766, 7.750003187660169);
#1766 = AXIS2_PLACEMENT_3D('', #1767, #1768, #1769);
#1767 = CARTESIAN_POINT('', (146.49999691234026, -75.01041039267236, 18.0000003));
#1768 = DIRECTION('', (0.0, 0.0, 1.0));
#1769 = DIRECTION('', (-6.1222042040E-4, -0.9999998125930608, 0.0));
#1770 = SURFACE_CURVE('', #1771, (#546, #581), .CURVE_3D.);
#1771 = INTERSECTION_CURVE('', #1772, (#1780, #1785), .CURVE_3D.);
#1772 = B_SPLINE_CURVE_WITH_KNOTS('', 1, (#1773, #1774, #1775, #1776, #1777, #1778, #1779), .UNSPECIFIED., .U., .U., (2, 1, 1, 1, 1, 1, 2), (0.0, 0.16666666666666666, 0.3333333333333333, 0.5, 0.6666666666666666, 0.8333333333333334, 1.0), .UNSPECIFIED.);
#1773 = CARTESIAN_POINT('', (143.2375869043635, -67.98052914555332, 13.0));
#1774 = CARTESIAN_POINT('', (143.20029307163207, -67.99795690103632, 13.0));
#1775 = CARTESIAN_POINT('', (143.12168854958742, -68.03548515903029, 13.0));
#1776 = CARTESIAN_POINT('', (142.97400452627716, -68.10896655082536, 13.0));
#1777 = CARTESIAN_POINT('', (142.86117450882267, -68.1677850979188, 13.0));
#1778 = CARTESIAN_POINT('', (142.79450534610945, -68.20365774097897, 13.0));
#1779 = CARTESIAN_POINT('', (142.71546900078997, -68.24728257372354, 13.0));
#1780 = PLANE('', #1781);
#1781 = AXIS2_PLACEMENT_3D('', #1782, #1783, #1784);
#1782 = CARTESIAN_POINT('', (155.75000000000009, -65.76040913868061, 13.0));
#1783 = DIRECTION('', (0.0, 0.0, 0.9999999999999999));
#1784 = DIRECTION('', (-1.0, 0.0, 0.0));
#1785 = CYLINDRICAL_SURFACE('', #1786, 7.750003187660169);
#1786 = AXIS2_PLACEMENT_3D('', #1787, #1788, #1789);
#1787 = CARTESIAN_POINT('', (146.49999691234026, -75.01041039267236, 18.0000003));
#1788 = DIRECTION('', (0.0, 0.0, 1.0));
#1789 = DIRECTION('', (-6.1222042040E-4, -0.9999998125930608, 0.0));
#1790 = SURFACE_CURVE('', #1791, (#546, #581), .CURVE_3D.);
#1791 = INTERSECTION_CURVE('', #1792, (#1801, #1806), .CURVE_3D.);
#1792 = B_SPLINE_CURVE_WITH_KNOTS('', 1, (#1793, #1794, #1795, #1796, #1797, #1798, #1799, #1800), .UNSPECIFIED., .U., .U., (2, 1, 1, 1, 1, 1, 1, 2), (0.0, 0.14285714285714285, 0.2857142857142857, 0.42857142857142855, 0.5714285714285714, 0.7142857142857143, 0.8571428571428571, 1.0), .UNSPECIFIED.);
#1793 = CARTESIAN_POINT('', (143.2375869043635, -67.98052914555332, 13.0));
#1794 = CARTESIAN_POINT('', (143.4827516556776, -67.87186849184349, 13.000000000000002));
#1795 = CARTESIAN_POINT('', (143.50583932848187, -67.86215397786978, 13.0));
#1796 = CARTESIAN_POINT('', (143.58364677029965, -67.83005864239142, 13.0));
#1797 = CARTESIAN_POINT('', (143.7783773507451, -67.75401070889768, 13.000000000000002));
#1798 = CARTESIAN_POINT('', (143.8975836478752, -67.71041076187242, 13.0));
#1799 = CARTESIAN_POINT('', (144.02483842138344, -67.66628758233026, 13.0));
#1800 = CARTESIAN_POINT('', (144.05481102805436, -67.65625406115149, 12.999999999999998));
#1801 = PLANE('', #1802);
#1802 = AXIS2_PLACEMENT_3D('', #1803, #1804, #1805);
#1803 = CARTESIAN_POINT('', (155.75000000000009, -65.76040913868061, 13.0));
#1804 = DIRECTION('', (0.0, 0.0, 0.9999999999999999));
#1805 = DIRECTION('', (-1.0, 0.0, 0.0));
#1806 = CYLINDRICAL_SURFACE('', #1807, 7.750003187660169);
#1807 = AXIS2_PLACEMENT_3D('', #1808, #1809, #1810);
#1808 = CARTESIAN_POINT('', (146.49999691234026, -75.01041039267236, 18.0000003));
#1809 = DIRECTION('', (0.0, 0.0, 1.0));
#1810 = DIRECTION('', (-6.1222042040E-4, -0.9999998125930608, 0.0));
#1811 = SURFACE_CURVE('', #1812, (#546, #581), .CURVE_3D.);
#1812 = INTERSECTION_CURVE('', #1813, (#1873, #1878), .CURVE_3D.);
#1813 = B_SPLINE_CURVE_WITH_KNOTS('', 1, (#1814, #1815, #1816, #1817, #1818, #1819, #1820, #1821, #1822, #1823, #1824, #1825, #1826, #1827, #1828, #1829, #1830, #1831, #1832, #1833, #1834, #1835, #1836, #1837, #1838, #1839, #1840, #1841, #1842, #1843, #1844, #1845, #1846, #1847, #1848, #1849, #1850, #1851, #1852, #1853, #1854, #1855, #1856, #1857, #1858, #1859, #1860, #1861, #1862, #1863, #1864, #1865, #1866, #1867, #1868, #1869, #1870, #1871, #1872), .UNSPECIFIED., .U., .U., (2, 1, 1, 1, 1, 1, 1, 1, 1, 1, 1, 1, 1, 1, 1, 1, 1, 1, 1, 1, 1, 1, 1, 1, 1, 1, 1, 1, 1, 1, 1, 1, 1, 1, 1, 1, 1, 1, 1, 1, 1, 1, 1, 1, 1, 1, 1, 1, 1, 1, 1, 1, 1, 1, 1, 1, 1, 1, 2), (0.0, 0.017241379310344827, 0.034482758620689655, 0.05172413793103448, 0.06896551724137931, 0.08620689655172414, 0.10344827586206896, 0.1206896551724138, 0.13793103448275862, 0.15517241379310345, 0.1724137931034483, 0.1896551724137931, 0.20689655172413793, 0.22413793103448276, 0.2413793103448276, 0.25862068965517243, 0.27586206896551724, 0.29310344827586204, 0.3103448275862069, 0.3275862068965517, 0.3448275862068966, 0.3620689655172414, 0.3793103448275862, 0.39655172413793105, 0.41379310344827586, 0.43103448275862066, 0.4482758620689655, 0.46551724137931033, 0.4827586206896552, 0.5, 0.5172413793103449, 0.5344827586206896, 0.5517241379310345, 0.5689655172413793, 0.5862068965517241, 0.603448275862069, 0.6206896551724138, 0.6379310344827587, 0.6551724137931034, 0.6724137931034483, 0.6896551724137931, 0.7068965517241379, 0.7241379310344828, 0.7413793103448276, 0.7586206896551724, 0.7758620689655172, 0.7931034482758621, 0.8103448275862069, 0.8275862068965517, 0.8448275862068966, 0.8620689655172413, 0.8793103448275862, 0.896551724137931, 0.9137931034482759, 0.9310344827586207, 0.9482758620689655, 0.9655172413793104, 0.9827586206896551, 1.0), .UNSPECIFIED.);
#1814 = CARTESIAN_POINT('', (152.13498489451675, -69.6897469143579, 13.0));
#1815 = CARTESIAN_POINT('', (151.92968884935993, -69.4804018142155, 13.0));
#1816 = CARTESIAN_POINT('', (151.71662076645978, -69.27897209383548, 13.000000000000002));
#1817 = CARTESIAN_POINT('', (151.712985251353, -69.27566523825963, 13.0));
#1818 = CARTESIAN_POINT('', (151.5348343387813, -69.11863973368949, 13.0));
#1819 = CARTESIAN_POINT('', (151.50425512327752, -69.09264483741336, 13.000000000000002));
#1820 = CARTESIAN_POINT('', (151.49608574653374, -69.08574620222323, 13.000000000000002));
#1821 = CARTESIAN_POINT('', (151.31596938698365, -68.93842895888815, 13.0));
#1822 = CARTESIAN_POINT('', (151.28157739426268, -68.91130902413934, 13.0));
#1823 = CARTESIAN_POINT('', (151.26839945756018, -68.90100071779514, 13.000000000000002));
#1824 = CARTESIAN_POINT('', (151.0825681140095, -68.76040314544657, 13.0));
#1825 = CARTESIAN_POINT('', (151.04370022378671, -68.73208978710485, 13.000000000000002));
#1826 = CARTESIAN_POINT('', (151.0338878036542, -68.72500008033765, 13.0));
#1827 = CARTESIAN_POINT('', (150.83305446011434, -68.58490172047985, 13.0));
#1828 = CARTESIAN_POINT('', (150.79288645857747, -68.5579962124953, 13.0));
#1829 = CARTESIAN_POINT('', (150.78864603260405, -68.55517700169388, 13.0));
#1830 = CARTESIAN_POINT('', (150.5654490269693, -68.41233123943381, 13.000000000000002));
#1831 = CARTESIAN_POINT('', (150.54574038526323, -68.40022815917501, 13.0));
#1832 = CARTESIAN_POINT('', (150.51294768087496, -68.3802689508885, 13.000000000000002));
#1833 = CARTESIAN_POINT('', (150.29280334204583, -68.25192174538391, 13.0));
#1834 = CARTESIAN_POINT('', (150.27617259222956, -68.2426155787499, 13.0));
#1835 = CARTESIAN_POINT('', (150.21382053917569, -68.208200202043, 13.0));
#1836 = CARTESIAN_POINT('', (150.03443737630042, -68.11328925298922, 13.0));
#1837 = CARTESIAN_POINT('', (149.95996582351154, -68.07563104921297, 13.0));
#1838 = CARTESIAN_POINT('', (149.88684350059614, -68.03962710839488, 13.0));
#1839 = CARTESIAN_POINT('', (149.77101230621776, -67.98452911686365, 13.0));
#1840 = CARTESIAN_POINT('', (149.6128009880545, -67.91301649103778, 13.0));
#1841 = CARTESIAN_POINT('', (149.5259810012093, -67.87556843908611, 13.0));
#1842 = CARTESIAN_POINT('', (149.50290519145642, -67.86582564085099, 13.0));
#1843 = CARTESIAN_POINT('', (149.23049979342963, -67.75734873395847, 13.0));
#1844 = CARTESIAN_POINT('', (149.22708868879496, -67.75606549795333, 13.0));
#1845 = CARTESIAN_POINT('', (149.11134704058952, -67.71360287729719, 13.0));
#1846 = CARTESIAN_POINT('', (148.9541860259991, -67.65925366715348, 13.0));
#1847 = CARTESIAN_POINT('', (148.77495004609892, -67.6018249914001, 13.0));
#1848 = CARTESIAN_POINT('', (148.67435939736296, -67.57168085111294, 13.0));
#1849 = CARTESIAN_POINT('', (148.62400988779024, -67.55714813451566, 13.0));
#1850 = CARTESIAN_POINT('', (148.39142044393574, -67.49475563524305, 13.000000000000002));
#1851 = CARTESIAN_POINT('', (148.22337207448868, -67.4544506614911, 13.0));
#1852 = CARTESIAN_POINT('', (148.10577415703102, -67.42858812825754, 13.000000000000002));
#1853 = CARTESIAN_POINT('', (147.98525565929833, -67.40406068579406, 13.0));
#1854 = CARTESIAN_POINT('', (147.81782940316776, -67.37327304057098, 13.0));
#1855 = CARTESIAN_POINT('', (147.52799833882966, -67.32888954873275, 13.0));
#1856 = CARTESIAN_POINT('', (147.421837846025, -67.31542769602345, 13.0));
#1857 = CARTESIAN_POINT('', (147.23669582051502, -67.29550118209593, 13.0));
#1858 = CARTESIAN_POINT('', (146.9443388109225, -67.27315573188297, 13.0));
#1859 = CARTESIAN_POINT('', (146.6513457821214, -67.26188518277863, 13.0));
#1860 = CARTESIAN_POINT('', (146.35813611656235, -67.26170566714796, 13.0));
#1861 = CARTESIAN_POINT('', (146.06512950678376, -67.27261744194492, 13.0));
#1862 = CARTESIAN_POINT('', (145.77274535467575, -67.29460488834442, 13.0));
#1863 = CARTESIAN_POINT('', (145.4814021711586, -67.3276365340989, 13.0));
#1864 = CARTESIAN_POINT('', (145.36826012118132, -67.34348654772124, 13.0));
#1865 = CARTESIAN_POINT('', (145.19151697713818, -67.37166509858666, 13.0));
#1866 = CARTESIAN_POINT('', (145.02405322149474, -67.40224769526662, 13.0));
#1867 = CARTESIAN_POINT('', (144.9035047065926, -67.42662756048828, 13.0));
#1868 = CARTESIAN_POINT('', (144.617777612647, -67.49244524799357, 13.000000000000002));
#1869 = CARTESIAN_POINT('', (144.5702098196027, -67.50451463097633, 13.0));
#1870 = CARTESIAN_POINT('', (144.38511202866684, -67.55455287407985, 13.000000000000002));
#1871 = CARTESIAN_POINT('', (144.3347446774855, -67.56902395141027, 13.000000000000002));
#1872 = CARTESIAN_POINT('', (144.05481102706412, -67.65625405797365, 13.000000000000002));
#1873 = PLANE('', #1874);
#1874 = AXIS2_PLACEMENT_3D('', #1875, #1876, #1877);
#1875 = CARTESIAN_POINT('', (155.75000000000009, -65.76040913868061, 13.0));
#1876 = DIRECTION('', (0.0, 0.0, 0.9999999999999999));
#1877 = DIRECTION('', (-1.0, 0.0, 0.0));
#1878 = CYLINDRICAL_SURFACE('', #1879, 7.750003187660169);
#1879 = AXIS2_PLACEMENT_3D('', #1880, #1881, #1882);
#1880 = CARTESIAN_POINT('', (146.49999691234026, -75.01041039267236, 18.0000003));
#1881 = DIRECTION('', (0.0, 0.0, 1.0));
#1882 = DIRECTION('', (-6.1222042040E-4, -0.9999998125930608, 0.0));
#1883 = SURFACE_CURVE('', #1884, (#546, #581), .CURVE_3D.);
#1884 = INTERSECTION_CURVE('', #1885, (#1932, #1937), .CURVE_3D.);
#1885 = B_SPLINE_CURVE_WITH_KNOTS('', 1, (#1886, #1887, #1888, #1889, #1890, #1891, #1892, #1893, #1894, #1895, #1896, #1897, #1898, #1899, #1900, #1901, #1902, #1903, #1904, #1905, #1906, #1907, #1908, #1909, #1910, #1911, #1912, #1913, #1914, #1915, #1916, #1917, #1918, #1919, #1920, #1921, #1922, #1923, #1924, #1925, #1926, #1927, #1928, #1929, #1930, #1931), .UNSPECIFIED., .U., .U., (2, 1, 1, 1, 1, 1, 1, 1, 1, 1, 1, 1, 1, 1, 1, 1, 1, 1, 1, 1, 1, 1, 1, 1, 1, 1, 1, 1, 1, 1, 1, 1, 1, 1, 1, 1, 1, 1, 1, 1, 1, 1, 1, 1, 1, 2), (0.0, 0.022222222222222223, 0.044444444444444446, 0.06666666666666667, 0.08888888888888889, 0.1111111111111111, 0.13333333333333333, 0.15555555555555556, 0.17777777777777778, 0.2, 0.2222222222222222, 0.24444444444444444, 0.26666666666666666, 0.28888888888888886, 0.3111111111111111, 0.3333333333333333, 0.35555555555555557, 0.37777777777777777, 0.4, 0.4222222222222222, 0.4444444444444444, 0.4666666666666667, 0.4888888888888889, 0.5111111111111111, 0.5333333333333333, 0.5555555555555556, 0.5777777777777777, 0.6, 0.6222222222222222, 0.6444444444444445, 0.6666666666666666, 0.6888888888888889, 0.7111111111111111, 0.7333333333333333, 0.7555555555555555, 0.7777777777777778, 0.8, 0.8222222222222222, 0.8444444444444444, 0.8666666666666667, 0.8888888888888888, 0.9111111111111111, 0.9333333333333333, 0.9555555555555556, 0.9777777777777777, 1.0), .UNSPECIFIED.);
#1886 = CARTESIAN_POINT('', (154.22782155517078, -74.42451309209765, 13.000000000000002));
#1887 = CARTESIAN_POINT('', (154.2259461238632, -74.40028074275236, 13.0));
#1888 = CARTESIAN_POINT('', (154.20012825974484, -74.1326139234039, 13.0));
#1889 = CARTESIAN_POINT('', (154.1981333151295, -74.11528731018927, 13.0));
#1890 = CARTESIAN_POINT('', (154.16141321051555, -73.84197138493731, 13.0));
#1891 = CARTESIAN_POINT('', (154.15841399543046, -73.82247218292613, 13.000000000000002));
#1892 = CARTESIAN_POINT('', (154.11173181319845, -73.55300131907626, 13.0));
#1893 = CARTESIAN_POINT('', (154.10575478524157, -73.52212393249656, 13.0));
#1894 = CARTESIAN_POINT('', (154.0742200238082, -73.36916279817362, 13.0));
#1895 = CARTESIAN_POINT('', (154.05115518042797, -73.26611734990873, 13.0));
#1896 = CARTESIAN_POINT('', (154.03907773894767, -73.2146348781318, 13.0));
#1897 = CARTESIAN_POINT('', (154.00013510684116, -73.05836621485989, 13.0));
#1898 = CARTESIAN_POINT('', (153.9797700199896, -72.98173011553926, 13.0));
#1899 = CARTESIAN_POINT('', (153.95726832081925, -72.90051642637344, 13.0));
#1900 = CARTESIAN_POINT('', (153.91037264292433, -72.74129582079337, 13.0));
#1901 = CARTESIAN_POINT('', (153.89767851070863, -72.70024668031242, 13.0));
#1902 = CARTESIAN_POINT('', (153.85918632885412, -72.58041439666468, 13.0));
#1903 = CARTESIAN_POINT('', (153.80499815619424, -72.42206995215169, 13.0));
#1904 = CARTESIAN_POINT('', (153.80378373052966, -72.41864506317475, 13.000000000000002));
#1905 = CARTESIAN_POINT('', (153.74368003998896, -72.2551238095815, 13.0));
#1906 = CARTESIAN_POINT('', (153.70186161664768, -72.14759810584776, 13.0));
#1907 = CARTESIAN_POINT('', (153.6790488019158, -72.09086190437407, 13.0));
#1908 = CARTESIAN_POINT('', (153.60960377424038, -71.92560250919477, 13.0));
#1909 = CARTESIAN_POINT('', (153.58841651897623, -71.87722401312169, 13.0));
#1910 = CARTESIAN_POINT('', (153.53512272797138, -71.75932531735009, 13.0));
#1911 = CARTESIAN_POINT('', (153.4648252454838, -71.61133468027879, 13.0));
#1912 = CARTESIAN_POINT('', (153.45573943031997, -71.5927803026374, 13.0));
#1913 = CARTESIAN_POINT('', (153.37089693647857, -71.42526293865618, 13.000000000000002));
#1914 = CARTESIAN_POINT('', (153.3312647014413, -71.35031069425796, 13.0));
#1915 = CARTESIAN_POINT('', (153.28073952796962, -71.25753429701838, 13.0));
#1916 = CARTESIAN_POINT('', (153.18792606186915, -71.09452567786973, 13.0));
#1917 = CARTESIAN_POINT('', (153.18529519396046, -71.0900358832015, 13.000000000000002));
#1918 = CARTESIAN_POINT('', (153.08381434078672, -70.92190241571699, 13.0));
#1919 = CARTESIAN_POINT('', (153.0350144978942, -70.84434575500248, 13.0));
#1920 = CARTESIAN_POINT('', (152.97670574294273, -70.75426282329241, 13.000000000000002));
#1921 = CARTESIAN_POINT('', (152.87274888307357, -70.60012902656231, 13.0));
#1922 = CARTESIAN_POINT('', (152.86393851079583, -70.58742534406662, 13.0));
#1923 = CARTESIAN_POINT('', (152.74477262900885, -70.42071261860822, 13.0));
#1924 = CARTESIAN_POINT('', (152.7013614801046, -70.36222505789708, 13.0));
#1925 = CARTESIAN_POINT('', (152.61953512574365, -70.25501330479017, 13.0));
#1926 = CARTESIAN_POINT('', (152.5210977190744, -70.13097451504385, 13.000000000000002));
#1927 = CARTESIAN_POINT('', (152.48829974398802, -70.09077843436262, 13.0));
#1928 = CARTESIAN_POINT('', (152.35070077344548, -69.92790965598857, 13.0));
#1929 = CARTESIAN_POINT('', (152.33221540858764, -69.90670812659404, 13.0));
#1930 = CARTESIAN_POINT('', (152.20633601663883, -69.76634294120916, 13.0));
#1931 = CARTESIAN_POINT('', (152.13498489451675, -69.6897469143579, 13.0));
#1932 = PLANE('', #1933);
#1933 = AXIS2_PLACEMENT_3D('', #1934, #1935, #1936);
#1934 = CARTESIAN_POINT('', (155.75000000000009, -65.76040913868061, 13.0));
#1935 = DIRECTION('', (0.0, 0.0, 0.9999999999999999));
#1936 = DIRECTION('', (-1.0, 0.0, 0.0));
#1937 = CYLINDRICAL_SURFACE('', #1938, 7.750003187660169);
#1938 = AXIS2_PLACEMENT_3D('', #1939, #1940, #1941);
#1939 = CARTESIAN_POINT('', (146.49999691234026, -75.01041039267236, 18.0000003));
#1940 = DIRECTION('', (0.0, 0.0, 1.0));
#1941 = DIRECTION('', (-6.1222042040E-4, -0.9999998125930608, 0.0));
#1942 = SURFACE_CURVE('', #1943, (#546, #581), .CURVE_3D.);
#1943 = INTERSECTION_CURVE('', #1944, (#1957, #1962), .CURVE_3D.);
#1944 = B_SPLINE_CURVE_WITH_KNOTS('', 1, (#1945, #1946, #1947, #1948, #1949, #1950, #1951, #1952, #1953, #1954, #1955, #1956), .UNSPECIFIED., .U., .U., (2, 1, 1, 1, 1, 1, 1, 1, 1, 1, 1, 2), (0.0, 0.09090909090909091, 0.18181818181818182, 0.2727272727272727, 0.36363636363636365, 0.45454545454545453, 0.5454545454545454, 0.6363636363636364, 0.7272727272727273, 0.8181818181818182, 0.9090909090909091, 1.0), .UNSPECIFIED.);
#1945 = CARTESIAN_POINT('', (154.22782155849399, -74.42451309190885, 13.0));
#1946 = CARTESIAN_POINT('', (154.24283588612772, -74.67725272017964, 13.0));
#1947 = CARTESIAN_POINT('', (154.24445342742175, -74.71725054761411, 13.0));
#1948 = CARTESIAN_POINT('', (154.2454160508572, -74.74389251815246, 13.0));
#1949 = CARTESIAN_POINT('', (154.24614819165762, -74.76609550022258, 13.0));
#1950 = CARTESIAN_POINT('', (154.246717964852, -74.78488357982276, 13.0));
#1951 = CARTESIAN_POINT('', (154.24717006196633, -74.80098833448439, 13.0));
#1952 = CARTESIAN_POINT('', (154.24753479205543, -74.81494630103094, 13.0));
#1953 = CARTESIAN_POINT('', (154.24783329872088, -74.82715991212939, 13.0));
#1954 = CARTESIAN_POINT('', (154.2497330860187, -74.94607807479971, 13.0));
#1955 = CARTESIAN_POINT('', (154.25000004526305, -75.00948929027632, 13.000000000000002));
#1956 = CARTESIAN_POINT('', (154.2500001, -75.0104078, 13.0));
#1957 = PLANE('', #1958);
#1958 = AXIS2_PLACEMENT_3D('', #1959, #1960, #1961);
#1959 = CARTESIAN_POINT('', (155.75000000000009, -65.76040913868061, 13.0));
#1960 = DIRECTION('', (0.0, 0.0, 0.9999999999999999));
#1961 = DIRECTION('', (-1.0, 0.0, 0.0));
#1962 = CYLINDRICAL_SURFACE('', #1963, 7.750003187660169);
#1963 = AXIS2_PLACEMENT_3D('', #1964, #1965, #1966);
#1964 = CARTESIAN_POINT('', (146.49999691234026, -75.01041039267236, 18.0000003));
#1965 = DIRECTION('', (0.0, 0.0, 1.0));
#1966 = DIRECTION('', (-6.1222042040E-4, -0.9999998125930608, 0.0));
#1967 = SURFACE_CURVE('', #1968, (#546, #566), .CURVE_3D.);
#1968 = (
    BOUNDED_CURVE()
    B_SPLINE_CURVE(2, (#1969, #1970, #1971, #1972, #1973, #1974), .UNSPECIFIED., .U., .U.)
    B_SPLINE_CURVE_WITH_KNOTS((3, 1, 1, 1, 3), (0.0, 0.25, 0.5, 0.75, 1.0), .UNSPECIFIED.)
    CURVE()
    GEOMETRIC_REPRESENTATION_ITEM()
    RATIONAL_B_SPLINE_CURVE((1.0, 0.750153138739628, 0.5003062774792559, 0.5003062774792559, 0.750153138739628, 1.0))
    REPRESENTATION_ITEM('')
);
#1969 = CARTESIAN_POINT('', (154.2500001, -75.0104078, 2.0000003));
#1970 = CARTESIAN_POINT('', (154.24999923595246, -72.4276012590953, 2.0000003));
#1971 = CARTESIAN_POINT('', (150.3773695657324, -67.2627795597681, 2.0000003));
#1972 = CARTESIAN_POINT('', (142.63211367936657, -67.25803775506503, 2.0000003));
#1973 = CARTESIAN_POINT('', (138.75316289473855, -72.41811377765846, 2.0000003));
#1974 = CARTESIAN_POINT('', (138.74999953747206, -75.0009183813619, 2.0000003));
#1975 = SURFACE_CURVE('', #1976, (#546, #551), .CURVE_3D.);
#1976 = LINE('', #1977, #1978);
#1977 = CARTESIAN_POINT('', (138.7499995374721, -75.0009183813619, 2.0000003));
#1978 = VECTOR('', #1979, 10.9999997);
#1979 = DIRECTION('', (0.0, 0.0, 1.0));
#1980 = SURFACE_CURVE('', #1981, (#546, #581), .CURVE_3D.);
#1981 = INTERSECTION_CURVE('', #1982, (#1993, #1998), .CURVE_3D.);
#1982 = B_SPLINE_CURVE_WITH_KNOTS('', 1, (#1983, #1984, #1985, #1986, #1987, #1988, #1989, #1990, #1991, #1992), .UNSPECIFIED., .U., .U., (2, 1, 1, 1, 1, 1, 1, 1, 1, 2), (0.0, 0.1111111111111111, 0.2222222222222222, 0.3333333333333333, 0.4444444444444444, 0.5555555555555556, 0.6666666666666666, 0.7777777777777778, 0.8888888888888888, 1.0), .UNSPECIFIED.);
#1983 = CARTESIAN_POINT('', (138.74999953747206, -75.0009183813619, 13.0));
#1984 = CARTESIAN_POINT('', (138.75000071743455, -74.99999945180748, 13.000000000000002));
#1985 = CARTESIAN_POINT('', (138.7523907132827, -74.81767328397845, 13.0));
#1986 = CARTESIAN_POINT('', (138.75270417456582, -74.80546004753938, 13.0));
#1987 = CARTESIAN_POINT('', (138.7530859950826, -74.79150253804642, 13.0));
#1988 = CARTESIAN_POINT('', (138.75355781117366, -74.77539834902343, 13.0));
#1989 = CARTESIAN_POINT('', (138.7541505888286, -74.75661098116072, 13.0));
#1990 = CARTESIAN_POINT('', (138.75490991531723, -74.73440891208314, 13.000000000000002));
#1991 = CARTESIAN_POINT('', (138.75590516640892, -74.70776796448287, 13.0));
#1992 = CARTESIAN_POINT('', (138.77289548597446, -74.41505091822428, 13.0));
#1993 = PLANE('', #1994);
#1994 = AXIS2_PLACEMENT_3D('', #1995, #1996, #1997);
#1995 = CARTESIAN_POINT('', (155.75000000000009, -65.76040913868061, 13.0));
#1996 = DIRECTION('', (0.0, 0.0, 0.9999999999999999));
#1997 = DIRECTION('', (-1.0, 0.0, 0.0));
#1998 = CYLINDRICAL_SURFACE('', #1999, 7.750003187660169);
#1999 = AXIS2_PLACEMENT_3D('', #2000, #2001, #2002);
#2000 = CARTESIAN_POINT('', (146.49999691234026, -75.01041039267236, 18.0000003));
#2001 = DIRECTION('', (0.0, 0.0, 1.0));
#2002 = DIRECTION('', (-6.1222042040E-4, -0.9999998125930608, 0.0));
#2003 = SURFACE_CURVE('', #2004, (#546, #581), .CURVE_3D.);
#2004 = INTERSECTION_CURVE('', #2005, (#2041, #2046), .CURVE_3D.);
#2005 = B_SPLINE_CURVE_WITH_KNOTS('', 1, (#2006, #2007, #2008, #2009, #2010, #2011, #2012, #2013, #2014, #2015, #2016, #2017, #2018, #2019, #2020, #2021, #2022, #2023, #2024, #2025, #2026, #2027, #2028, #2029, #2030, #2031, #2032, #2033, #2034, #2035, #2036, #2037, #2038, #2039, #2040), .UNSPECIFIED., .U., .U., (2, 1, 1, 1, 1, 1, 1, 1, 1, 1, 1, 1, 1, 1, 1, 1, 1, 1, 1, 1, 1, 1, 1, 1, 1, 1, 1, 1, 1, 1, 1, 1, 1, 1, 2), (0.0, 0.029411764705882353, 0.058823529411764705, 0.08823529411764706, 0.11764705882352941, 0.14705882352941177, 0.17647058823529413, 0.20588235294117646, 0.23529411764705882, 0.2647058823529412, 0.29411764705882354, 0.3235294117647059, 0.35294117647058826, 0.38235294117647056, 0.4117647058823529, 0.4411764705882353, 0.47058823529411764, 0.5, 0.5294117647058824, 0.5588235294117647, 0.5882352941176471, 0.6176470588235294, 0.6470588235294118, 0.6764705882352942, 0.7058823529411765, 0.7352941176470589, 0.7647058823529411, 0.7941176470588235, 0.8235294117647058, 0.8529411764705882, 0.8823529411764706, 0.9117647058823529, 0.9411764705882353, 0.9705882352941176, 1.0), .UNSPECIFIED.);
#2006 = CARTESIAN_POINT('', (138.77289548266117, -74.41505091790584, 13.0));
#2007 = CARTESIAN_POINT('', (138.78415733649524, -74.28352040885993, 13.0));
#2008 = CARTESIAN_POINT('', (138.78538878839672, -74.27056520432075, 13.0));
#2009 = CARTESIAN_POINT('', (138.7866852382751, -74.25716911162544, 13.0));
#2010 = CARTESIAN_POINT('', (138.78805138553113, -74.24330831323864, 13.0));
#2011 = CARTESIAN_POINT('', (138.789492370731, -74.22895718065904, 13.0));
#2012 = CARTESIAN_POINT('', (138.79101382735197, -74.21408809353272, 13.0));
#2013 = CARTESIAN_POINT('', (138.7918066420646, -74.20645009143205, 13.0));
#2014 = CARTESIAN_POINT('', (138.79262194089705, -74.19867123609949, 13.0));
#2015 = CARTESIAN_POINT('', (138.7934605943987, -74.19074741986567, 13.0));
#2016 = CARTESIAN_POINT('', (138.7943235166261, -74.182674367526, 13.0));
#2017 = CARTESIAN_POINT('', (138.79521166783854, -74.17444762744216, 13.0));
#2018 = CARTESIAN_POINT('', (138.7961260573948, -74.16606256205723, 13.0));
#2019 = CARTESIAN_POINT('', (138.79706774686775, -74.15751433777729, 13.000000000000002));
#2020 = CARTESIAN_POINT('', (138.7980378533975, -74.14879791416942, 13.0));
#2021 = CARTESIAN_POINT('', (138.79903755330335, -74.13990803242012, 13.0));
#2022 = CARTESIAN_POINT('', (138.8000680859928, -74.13083920287238, 13.0));
#2023 = CARTESIAN_POINT('', (138.80094616695638, -74.12318605309045, 13.0));
#2024 = CARTESIAN_POINT('', (138.8011327306961, -74.12156860622221, 13.0));
#2025 = CARTESIAN_POINT('', (138.80224127955316, -74.11201870379868, 13.0));
#2026 = CARTESIAN_POINT('', (138.80338635289758, -74.10226100792445, 13.0));
#2027 = CARTESIAN_POINT('', (138.8045696153313, -74.09228832824283, 13.0));
#2028 = CARTESIAN_POINT('', (138.80579283001066, -74.08209312567487, 13.0));
#2029 = CARTESIAN_POINT('', (138.80705786590454, -74.07166749039985, 13.0));
#2030 = CARTESIAN_POINT('', (138.80836670569656, -74.06100311811161, 13.0));
#2031 = CARTESIAN_POINT('', (138.80972145439924, -74.05009128438974, 13.0));
#2032 = CARTESIAN_POINT('', (138.81112434875416, -74.0389228170051, 13.0));
#2033 = CARTESIAN_POINT('', (138.81257776750394, -74.02748806596142, 13.0));
#2034 = CARTESIAN_POINT('', (138.8140842426303, -74.01577687105026, 13.0));
#2035 = CARTESIAN_POINT('', (138.81564647166562, -74.00377852667262, 13.0));
#2036 = CARTESIAN_POINT('', (138.8172673312063, -73.99148174359433, 13.000000000000002));
#2037 = CARTESIAN_POINT('', (138.84001706828894, -73.83259113766319, 13.0));
#2038 = CARTESIAN_POINT('', (138.890052261607, -73.5436821214786, 13.0));
#2039 = CARTESIAN_POINT('', (138.9509801278619, -73.25687254123979, 13.0));
#2040 = CARTESIAN_POINT('', (139.02271341025445, -72.97257309833846, 13.0));
#2041 = PLANE('', #2042);
#2042 = AXIS2_PLACEMENT_3D('', #2043, #2044, #2045);
#2043 = CARTESIAN_POINT('', (155.75000000000009, -65.76040913868061, 13.0));
#2044 = DIRECTION('', (0.0, 0.0, 0.9999999999999999));
#2045 = DIRECTION('', (-1.0, 0.0, 0.0));
#2046 = CYLINDRICAL_SURFACE('', #2047, 7.750003187660169);
#2047 = AXIS2_PLACEMENT_3D('', #2048, #2049, #2050);
#2048 = CARTESIAN_POINT('', (146.49999691234026, -75.01041039267236, 18.0000003));
#2049 = DIRECTION('', (0.0, 0.0, 1.0));
#2050 = DIRECTION('', (-6.1222042040E-4, -0.9999998125930608, 0.0));
#2051 = SURFACE_CURVE('', #2052, (#546, #581), .CURVE_3D.);
#2052 = INTERSECTION_CURVE('', #2053, (#2058, #2063), .CURVE_3D.);
#2053 = B_SPLINE_CURVE_WITH_KNOTS('', 1, (#2054, #2055, #2056, #2057), .UNSPECIFIED., .U., .U., (2, 1, 1, 2), (0.0, 0.3333333333333333, 0.6666666666666666, 1.0), .UNSPECIFIED.);
#2054 = CARTESIAN_POINT('', (139.02271341025445, -72.97257309833846, 13.0));
#2055 = CARTESIAN_POINT('', (139.10514957040274, -72.69119022240338, 13.0));
#2056 = CARTESIAN_POINT('', (139.19817047263763, -72.4131271864735, 13.0));
#2057 = CARTESIAN_POINT('', (139.30164301864195, -72.13878183412966, 13.0));
#2058 = PLANE('', #2059);
#2059 = AXIS2_PLACEMENT_3D('', #2060, #2061, #2062);
#2060 = CARTESIAN_POINT('', (155.75000000000009, -65.76040913868061, 13.0));
#2061 = DIRECTION('', (0.0, 0.0, 0.9999999999999999));
#2062 = DIRECTION('', (-1.0, 0.0, 0.0));
#2063 = CYLINDRICAL_SURFACE('', #2064, 7.750003187660169);
#2064 = AXIS2_PLACEMENT_3D('', #2065, #2066, #2067);
#2065 = CARTESIAN_POINT('', (146.49999691234026, -75.01041039267236, 18.0000003));
#2066 = DIRECTION('', (0.0, 0.0, 1.0));
#2067 = DIRECTION('', (-6.1222042040E-4, -0.9999998125930608, 0.0));
#2068 = SURFACE_CURVE('', #2069, (#546, #581), .CURVE_3D.);
#2069 = INTERSECTION_CURVE('', #2070, (#2073, #2078), .CURVE_3D.);
#2070 = B_SPLINE_CURVE_WITH_KNOTS('', 1, (#2071, #2072), .UNSPECIFIED., .U., .U., (2, 2), (0.0, 1.0), .UNSPECIFIED.);
#2071 = CARTESIAN_POINT('', (139.4154190943756, -71.86854685356654, 13.0));
#2072 = CARTESIAN_POINT('', (139.30164301557423, -72.13878183283808, 13.000000000000002));
#2073 = PLANE('', #2074);
#2074 = AXIS2_PLACEMENT_3D('', #2075, #2076, #2077);
#2075 = CARTESIAN_POINT('', (155.75000000000009, -65.76040913868061, 13.0));
#2076 = DIRECTION('', (0.0, 0.0, 0.9999999999999999));
#2077 = DIRECTION('', (-1.0, 0.0, 0.0));
#2078 = CYLINDRICAL_SURFACE('', #2079, 7.750003187660169);
#2079 = AXIS2_PLACEMENT_3D('', #2080, #2081, #2082);
#2080 = CARTESIAN_POINT('', (146.49999691234026, -75.01041039267236, 18.0000003));
#2081 = DIRECTION('', (0.0, 0.0, 1.0));
#2082 = DIRECTION('', (-6.1222042040E-4, -0.9999998125930608, 0.0));
#2083 = SURFACE_CURVE('', #2084, (#546, #581), .CURVE_3D.);
#2084 = INTERSECTION_CURVE('', #2085, (#2091, #2096), .CURVE_3D.);
#2085 = B_SPLINE_CURVE_WITH_KNOTS('', 1, (#2086, #2087, #2088, #2089, #2090), .UNSPECIFIED., .U., .U., (2, 1, 1, 1, 2), (0.0, 0.25, 0.5, 0.75, 1.0), .UNSPECIFIED.);
#2086 = CARTESIAN_POINT('', (139.97008542188647, -70.83634699066238, 13.0));
#2087 = CARTESIAN_POINT('', (139.81686763357087, -71.08633948964344, 13.0));
#2088 = CARTESIAN_POINT('', (139.67321590208826, -71.34194880137754, 13.000000000000002));
#2089 = CARTESIAN_POINT('', (139.5393358438791, -71.60280905173592, 13.0));
#2090 = CARTESIAN_POINT('', (139.41541909135893, -71.86854685215982, 13.0));
#2091 = PLANE('', #2092);
#2092 = AXIS2_PLACEMENT_3D('', #2093, #2094, #2095);
#2093 = CARTESIAN_POINT('', (155.75000000000009, -65.76040913868061, 13.0));
#2094 = DIRECTION('', (0.0, 0.0, 0.9999999999999999));
#2095 = DIRECTION('', (-1.0, 0.0, 0.0));
#2096 = CYLINDRICAL_SURFACE('', #2097, 7.750003187660169);
#2097 = AXIS2_PLACEMENT_3D('', #2098, #2099, #2100);
#2098 = CARTESIAN_POINT('', (146.49999691234026, -75.01041039267236, 18.0000003));
#2099 = DIRECTION('', (0.0, 0.0, 1.0));
#2100 = DIRECTION('', (-6.1222042040E-4, -0.9999998125930608, 0.0));
#2101 = SURFACE_CURVE('', #2102, (#546, #581), .CURVE_3D.);
#2102 = INTERSECTION_CURVE('', #2103, (#2112, #2117), .CURVE_3D.);
#2103 = B_SPLINE_CURVE_WITH_KNOTS('', 1, (#2104, #2105, #2106, #2107, #2108, #2109, #2110, #2111), .UNSPECIFIED., .U., .U., (2, 1, 1, 1, 1, 1, 1, 2), (0.0, 0.14285714285714285, 0.2857142857142857, 0.42857142857142855, 0.5714285714285714, 0.7142857142857143, 0.8571428571428571, 1.0), .UNSPECIFIED.);
#2104 = CARTESIAN_POINT('', (141.2903949047394, -69.27258882598488, 13.0));
#2105 = CARTESIAN_POINT('', (141.07708046388203, -69.47375737827964, 13.000000000000002));
#2106 = CARTESIAN_POINT('', (140.87152811161945, -69.68285106704724, 13.0));
#2107 = CARTESIAN_POINT('', (140.67403220031605, -69.8995704829323, 13.0));
#2108 = CARTESIAN_POINT('', (140.48487542038117, -70.12360541951098, 13.0));
#2109 = CARTESIAN_POINT('', (140.30432852581268, -70.35463519911697, 13.0));
#2110 = CARTESIAN_POINT('', (140.13264994664686, -70.59232913185133, 13.0));
#2111 = CARTESIAN_POINT('', (139.97008541911634, -70.83634698881693, 13.000000000000002));
#2112 = PLANE('', #2113);
#2113 = AXIS2_PLACEMENT_3D('', #2114, #2115, #2116);
#2114 = CARTESIAN_POINT('', (155.75000000000009, -65.76040913868061, 13.0));
#2115 = DIRECTION('', (0.0, 0.0, 0.9999999999999999));
#2116 = DIRECTION('', (-1.0, 0.0, 0.0));
#2117 = CYLINDRICAL_SURFACE('', #2118, 7.750003187660169);
#2118 = AXIS2_PLACEMENT_3D('', #2119, #2120, #2121);
#2119 = CARTESIAN_POINT('', (146.49999691234026, -75.01041039267236, 18.0000003));
#2120 = DIRECTION('', (0.0, 0.0, 1.0));
#2121 = DIRECTION('', (-6.1222042040E-4, -0.9999998125930608, 0.0));
#2122 = SURFACE_CURVE('', #2123, (#551, #566), .CURVE_3D.);
#2123 = LINE('', #2124, #2125);
#2124 = CARTESIAN_POINT('', (138.7499995374721, -75.0009183813619, 2.0000003));
#2125 = VECTOR('', #2126, 1.060010437664333);
#2126 = DIRECTION('', (-0.7075396720853764, -0.7066736251094405, 0.0));
#2127 = SURFACE_CURVE('', #2128, (#551, #556), .CURVE_3D.);
#2128 = LINE('', #2129, #2130);
#2129 = CARTESIAN_POINT('', (138.0000001, -75.7499998, 2.0000003));
#2130 = VECTOR('', #2131, 10.9999997);
#2131 = DIRECTION('', (0.0, 0.0, 1.0));
#2132 = SURFACE_CURVE('', #2133, (#551, #581), .CURVE_3D.);
#2133 = INTERSECTION_CURVE('', #2134, (#2138, #2143), .CURVE_3D.);
#2134 = B_SPLINE_CURVE_WITH_KNOTS('', 1, (#2135, #2136, #2137), .UNSPECIFIED., .U., .U., (2, 1, 2), (0.0, 0.5, 1.0), .UNSPECIFIED.);
#2135 = CARTESIAN_POINT('', (138.74999953747206, -75.0009183813619, 13.0));
#2136 = CARTESIAN_POINT('', (138.2343749382725, -75.51591184263032, 13.0));
#2137 = CARTESIAN_POINT('', (138.0000001, -75.7499998, 13.0));
#2138 = PLANE('', #2139);
#2139 = AXIS2_PLACEMENT_3D('', #2140, #2141, #2142);
#2140 = CARTESIAN_POINT('', (155.75000000000009, -65.76040913868061, 13.0));
#2141 = DIRECTION('', (0.0, 0.0, 0.9999999999999999));
#2142 = DIRECTION('', (-1.0, 0.0, 0.0));
#2143 = PLANE('', #2144);
#2144 = AXIS2_PLACEMENT_3D('', #2145, #2146, #2147);
#2145 = CARTESIAN_POINT('', (138.7499995374721, -75.0009183813619, 2.0000003));
#2146 = DIRECTION('', (-0.7066736251094404, 0.7075396720853764, 0.0));
#2147 = DIRECTION('', (-0.7075396720853764, -0.7066736251094404, 0.0));
#2148 = SURFACE_CURVE('', #2149, (#556, #566), .CURVE_3D.);
#2149 = LINE('', #2150, #2151);
#2150 = CARTESIAN_POINT('', (138.0000001, -75.7499998, 2.0000003));
#2151 = VECTOR('', #2152, 34.5);
#2152 = DIRECTION('', (-1.0, 0.0, 0.0));
#2153 = SURFACE_CURVE('', #2154, (#556, #561), .CURVE_3D.);
#2154 = LINE('', #2155, #2156);
#2155 = CARTESIAN_POINT('', (103.5000001, -75.7499998, 2.0000003));
#2156 = VECTOR('', #2157, 10.9999997);
#2157 = DIRECTION('', (0.0, 0.0, 1.0));
#2158 = SURFACE_CURVE('', #2159, (#556, #581), .CURVE_3D.);
#2159 = INTERSECTION_CURVE('', #2160, (#2169, #2174), .CURVE_3D.);
#2160 = B_SPLINE_CURVE_WITH_KNOTS('', 1, (#2161, #2162, #2163, #2164, #2165, #2166, #2167, #2168), .UNSPECIFIED., .U., .U., (2, 1, 1, 1, 1, 1, 1, 2), (0.0, 0.14285714285714285, 0.2857142857142857, 0.42857142857142855, 0.5714285714285714, 0.7142857142857143, 0.8571428571428571, 1.0), .UNSPECIFIED.);
#2161 = CARTESIAN_POINT('', (138.0000001, -75.7499998, 13.0));
#2162 = CARTESIAN_POINT('', (137.6910032477266, -75.7499998, 13.0));
#2163 = CARTESIAN_POINT('', (137.42045057560742, -75.7499998, 13.0));
#2164 = CARTESIAN_POINT('', (136.62808830645574, -75.7499998, 13.0));
#2165 = CARTESIAN_POINT('', (136.22496725317956, -75.7499998, 13.0));
#2166 = CARTESIAN_POINT('', (133.4516474669075, -75.7499998, 13.0));
#2167 = CARTESIAN_POINT('', (114.28125074687499, -75.7499998, 13.0));
#2168 = CARTESIAN_POINT('', (103.5000001, -75.7499998, 13.0));
#2169 = PLANE('', #2170);
#2170 = AXIS2_PLACEMENT_3D('', #2171, #2172, #2173);
#2171 = CARTESIAN_POINT('', (155.75000000000009, -65.76040913868061, 13.0));
#2172 = DIRECTION('', (0.0, 0.0, 0.9999999999999999));
#2173 = DIRECTION('', (-1.0, 0.0, 0.0));
#2174 = PLANE('', #2175);
#2175 = AXIS2_PLACEMENT_3D('', #2176, #2177, #2178);
#2176 = CARTESIAN_POINT('', (138.0000001, -75.7499998, 2.0000003));
#2177 = DIRECTION('', (0.0, 1.0, -0.0));
#2178 = DIRECTION('', (-1.0, 0.0, 0.0));
#2179 = SURFACE_CURVE('', #2180, (#561, #581), .CURVE_3D.);
#2180 = INTERSECTION_CURVE('', #2181, (#2187, #2192), .CURVE_3D.);
#2181 = B_SPLINE_CURVE_WITH_KNOTS('', 1, (#2182, #2183, #2184, #2185, #2186), .UNSPECIFIED., .U., .U., (2, 1, 1, 1, 2), (0.0, 0.25, 0.5, 0.75, 1.0), .UNSPECIFIED.);
#2182 = CARTESIAN_POINT('', (97.26436696602727, -78.89789299907922, 13.0));
#2183 = CARTESIAN_POINT('', (97.37690881274409, -78.74918294756301, 13.0));
#2184 = CARTESIAN_POINT('', (97.44080588040396, -78.6679533257533, 13.0));
#2185 = CARTESIAN_POINT('', (97.59823987570736, -78.47687984745085, 13.0));
#2186 = CARTESIAN_POINT('', (97.62571902648217, -78.44477184935081, 13.0));
#2187 = PLANE('', #2188);
#2188 = AXIS2_PLACEMENT_3D('', #2189, #2190, #2191);
#2189 = CARTESIAN_POINT('', (155.75000000000009, -65.76040913868061, 13.0));
#2190 = DIRECTION('', (0.0, 0.0, 0.9999999999999999));
#2191 = DIRECTION('', (-1.0, 0.0, 0.0));
#2192 = CYLINDRICAL_SURFACE('', #2193, 7.749998771175666);
#2193 = AXIS2_PLACEMENT_3D('', #2194, #2195, #2196);
#2194 = CARTESIAN_POINT('', (103.49999887117562, -83.49999857117557, 18.0000003));
#2195 = DIRECTION('', (0.0, 0.0, 1.0));
#2196 = DIRECTION('', (0.7071067762401919, -0.707106786132903, 0.0));
#2197 = SURFACE_CURVE('', #2198, (#561, #581), .CURVE_3D.);
#2198 = INTERSECTION_CURVE('', #2199, (#2216, #2221), .CURVE_3D.);
#2199 = B_SPLINE_CURVE_WITH_KNOTS('', 1, (#2200, #2201, #2202, #2203, #2204, #2205, #2206, #2207, #2208, #2209, #2210, #2211, #2212, #2213, #2214, #2215), .UNSPECIFIED., .U., .U., (2, 1, 1, 1, 1, 1, 1, 1, 1, 1, 1, 1, 1, 1, 1, 2), (0.0, 0.06666666666666667, 0.13333333333333333, 0.2, 0.26666666666666666, 0.3333333333333333, 0.4, 0.4666666666666667, 0.5333333333333333, 0.6, 0.6666666666666666, 0.7333333333333333, 0.8, 0.8666666666666667, 0.9333333333333333, 1.0), .UNSPECIFIED.);
#2200 = CARTESIAN_POINT('', (97.62571902405713, -78.44477184718366, 13.000000000000002));
#2201 = CARTESIAN_POINT('', (97.8188478824182, -78.22866056302577, 13.0));
#2202 = CARTESIAN_POINT('', (97.85915597355819, -78.18554917752967, 13.000000000000002));
#2203 = CARTESIAN_POINT('', (98.01992234721114, -78.0199217245686, 13.0));
#2204 = CARTESIAN_POINT('', (98.17978640343374, -77.86459084401791, 13.000000000000002));
#2205 = CARTESIAN_POINT('', (98.22866119750667, -77.81884727206526, 13.000000000000002));
#2206 = CARTESIAN_POINT('', (98.44477249303515, -77.62571842642785, 13.0));
#2207 = CARTESIAN_POINT('', (98.63155706302302, -77.47001056838019, 13.0));
#2208 = CARTESIAN_POINT('', (98.66795398249164, -77.44080529591463, 13.0));
#2209 = CARTESIAN_POINT('', (98.89789352626191, -77.26436649835881, 13.0));
#2210 = CARTESIAN_POINT('', (99.13426953297801, -77.09664879946818, 13.000000000000002));
#2211 = CARTESIAN_POINT('', (99.37675140929312, -76.93788676770072, 13.0));
#2212 = CARTESIAN_POINT('', (99.62500002224631, -76.78830244619934, 13.0));
#2213 = CARTESIAN_POINT('', (99.85743832751035, -76.65936748632986, 13.000000000000002));
#2214 = CARTESIAN_POINT('', (99.87866817357099, -76.64810504224425, 13.0));
#2215 = CARTESIAN_POINT('', (100.13740108663919, -76.51749063761379, 13.0));
#2216 = PLANE('', #2217);
#2217 = AXIS2_PLACEMENT_3D('', #2218, #2219, #2220);
#2218 = CARTESIAN_POINT('', (155.75000000000009, -65.76040913868061, 13.0));
#2219 = DIRECTION('', (0.0, 0.0, 0.9999999999999999));
#2220 = DIRECTION('', (-1.0, 0.0, 0.0));
#2221 = CYLINDRICAL_SURFACE('', #2222, 7.749998771175666);
#2222 = AXIS2_PLACEMENT_3D('', #2223, #2224, #2225);
#2223 = CARTESIAN_POINT('', (103.49999887117562, -83.49999857117557, 18.0000003));
#2224 = DIRECTION('', (0.0, 0.0, 1.0));
#2225 = DIRECTION('', (0.7071067762401919, -0.707106786132903, 0.0));
#2226 = SURFACE_CURVE('', #2227, (#561, #581), .CURVE_3D.);
#2227 = INTERSECTION_CURVE('', #2228, (#2265, #2270), .CURVE_3D.);
#2228 = B_SPLINE_CURVE_WITH_KNOTS('', 1, (#2229, #2230, #2231, #2232, #2233, #2234, #2235, #2236, #2237, #2238, #2239, #2240, #2241, #2242, #2243, #2244, #2245, #2246, #2247, #2248, #2249, #2250, #2251, #2252, #2253, #2254, #2255, #2256, #2257, #2258, #2259, #2260, #2261, #2262, #2263, #2264), .UNSPECIFIED., .U., .U., (2, 1, 1, 1, 1, 1, 1, 1, 1, 1, 1, 1, 1, 1, 1, 1, 1, 1, 1, 1, 1, 1, 1, 1, 1, 1, 1, 1, 1, 1, 1, 1, 1, 1, 1, 2), (0.0, 0.02857142857142857, 0.05714285714285714, 0.08571428571428572, 0.11428571428571428, 0.14285714285714285, 0.17142857142857143, 0.2, 0.22857142857142856, 0.2571428571428571, 0.2857142857142857, 0.3142857142857143, 0.34285714285714286, 0.37142857142857144, 0.4, 0.42857142857142855, 0.45714285714285713, 0.4857142857142857, 0.5142857142857142, 0.5428571428571428, 0.5714285714285714, 0.6, 0.6285714285714286, 0.6571428571428571, 0.6857142857142857, 0.7142857142857143, 0.7428571428571429, 0.7714285714285715, 0.8, 0.8285714285714286, 0.8571428571428571, 0.8857142857142857, 0.9142857142857143, 0.9428571428571428, 0.9714285714285714, 1.0), .UNSPECIFIED.);
#2229 = CARTESIAN_POINT('', (103.5000001, -75.7499998, 13.0));
#2230 = CARTESIAN_POINT('', (103.31886273171044, -75.75211688311373, 13.000000000000002));
#2231 = CARTESIAN_POINT('', (103.30678972227946, -75.75240854730316, 13.0));
#2232 = CARTESIAN_POINT('', (103.29299242810202, -75.75276491742855, 13.0));
#2233 = CARTESIAN_POINT('', (103.27707304442023, -75.75320665264634, 13.0));
#2234 = CARTESIAN_POINT('', (103.25850120358558, -75.75376336755744, 13.0));
#2235 = CARTESIAN_POINT('', (103.23655373840305, -75.75447872966443, 13.0));
#2236 = CARTESIAN_POINT('', (103.21021833355161, -75.75541929317481, 13.0));
#2237 = CARTESIAN_POINT('', (102.92084202486663, -75.77167027195084, 13.000000000000002));
#2238 = CARTESIAN_POINT('', (102.63227554602628, -75.79873002734358, 13.000000000000002));
#2239 = CARTESIAN_POINT('', (102.34492265718683, -75.83656070732481, 13.0));
#2240 = CARTESIAN_POINT('', (102.05918524750174, -75.88510940224737, 13.0));
#2241 = CARTESIAN_POINT('', (101.81353308582115, -75.93571974844218, 13.0));
#2242 = CARTESIAN_POINT('', (101.77546294672999, -75.94430821234529, 13.0));
#2243 = CARTESIAN_POINT('', (101.76496021026463, -75.94671307422999, 13.0));
#2244 = CARTESIAN_POINT('', (101.7116918353955, -75.95914723336206, 13.000000000000002));
#2245 = CARTESIAN_POINT('', (101.65590216652268, -75.97259607781092, 13.0));
#2246 = CARTESIAN_POINT('', (101.59740814506699, -75.98716758131896, 13.0));
#2247 = CARTESIAN_POINT('', (101.53600860570262, -76.00298428611836, 13.0));
#2248 = CARTESIAN_POINT('', (101.49415256631744, -76.01407434269775, 13.0));
#2249 = CARTESIAN_POINT('', (101.46968464548553, -76.02067339451793, 13.0));
#2250 = CARTESIAN_POINT('', (101.39620399283864, -76.04100882301881, 13.0));
#2251 = CARTESIAN_POINT('', (101.31845680146789, -76.06337600771843, 13.0));
#2252 = CARTESIAN_POINT('', (101.23606151895692, -76.08804413132279, 13.0));
#2253 = CARTESIAN_POINT('', (101.21564754441987, -76.09431021902533, 13.0));
#2254 = CARTESIAN_POINT('', (101.14183873050035, -76.11748126986467, 13.0));
#2255 = CARTESIAN_POINT('', (101.0388993121249, -76.15115717176677, 13.0));
#2256 = CARTESIAN_POINT('', (100.94033739564406, -76.18490362415649, 13.0));
#2257 = CARTESIAN_POINT('', (100.92703712152726, -76.18957116998547, 13.0));
#2258 = CARTESIAN_POINT('', (100.79296546292316, -76.2381495587112, 13.0));
#2259 = CARTESIAN_POINT('', (100.66860716627606, -76.28572785497353, 13.000000000000002));
#2260 = CARTESIAN_POINT('', (100.64367475591422, -76.29556288877819, 13.0));
#2261 = CARTESIAN_POINT('', (100.45754562659963, -76.37216866244505, 13.0));
#2262 = CARTESIAN_POINT('', (100.40083689575904, -76.39664189961836, 13.0));
#2263 = CARTESIAN_POINT('', (100.21754332573714, -76.4794596641226, 13.0));
#2264 = CARTESIAN_POINT('', (100.1374010852831, -76.51749063465769, 13.0));
#2265 = PLANE('', #2266);
#2266 = AXIS2_PLACEMENT_3D('', #2267, #2268, #2269);
#2267 = CARTESIAN_POINT('', (155.75000000000009, -65.76040913868061, 13.0));
#2268 = DIRECTION('', (0.0, 0.0, 0.9999999999999999));
#2269 = DIRECTION('', (-1.0, 0.0, 0.0));
#2270 = CYLINDRICAL_SURFACE('', #2271, 7.749998771175666);
#2271 = AXIS2_PLACEMENT_3D('', #2272, #2273, #2274);
#2272 = CARTESIAN_POINT('', (103.49999887117562, -83.49999857117557, 18.0000003));
#2273 = DIRECTION('', (0.0, 0.0, 1.0));
#2274 = DIRECTION('', (0.7071067762401919, -0.707106786132903, 0.0));
#2275 = SURFACE_CURVE('', #2276, (#561, #566), .CURVE_3D.);
#2276 = (
    BOUNDED_CURVE()
    B_SPLINE_CURVE(2, (#2277, #2278, #2279, #2280, #2281, #2282), .UNSPECIFIED., .U., .U.)
    B_SPLINE_CURVE_WITH_KNOTS((3, 1, 1, 1, 3), (0.0, 0.25, 0.5, 0.75, 1.0), .UNSPECIFIED.)
    CURVE()
    GEOMETRIC_REPRESENTATION_ITEM()
    RATIONAL_B_SPLINE_CURVE((1.0, 0.9267766685038639, 0.8535533370077278, 0.8535533370077278, 0.9267766685038639, 1.0))
    REPRESENTATION_ITEM('')
);
#2277 = CARTESIAN_POINT('', (103.5000001, -75.7499998, 2.0000003));
#2278 = CARTESIAN_POINT('', (102.021737401418, -75.74999956560961, 2.0000003));
#2279 = CARTESIAN_POINT('', (99.15488351837844, -76.88496056927988, 2.0000003));
#2280 = CARTESIAN_POINT('', (96.88496093006988, -79.15488312583132, 2.0000003));
#2281 = CARTESIAN_POINT('', (95.74999988629115, -82.02173699299232, 2.0000003));
#2282 = CARTESIAN_POINT('', (95.75000010000004, -83.4999996915743, 2.0000003));
#2283 = SURFACE_CURVE('', #2284, (#561, #576), .CURVE_3D.);
#2284 = LINE('', #2285, #2286);
#2285 = CARTESIAN_POINT('', (95.75000010000002, -83.4999996915743, 2.0000003));
#2286 = VECTOR('', #2287, 10.9999997);
#2287 = DIRECTION('', (0.0, 0.0, 1.0));
#2288 = SURFACE_CURVE('', #2289, (#561, #581), .CURVE_3D.);
#2289 = INTERSECTION_CURVE('', #2290, (#2329, #2334), .CURVE_3D.);
#2290 = B_SPLINE_CURVE_WITH_KNOTS('', 1, (#2291, #2292, #2293, #2294, #2295, #2296, #2297, #2298, #2299, #2300, #2301, #2302, #2303, #2304, #2305, #2306, #2307, #2308, #2309, #2310, #2311, #2312, #2313, #2314, #2315, #2316, #2317, #2318, #2319, #2320, #2321, #2322, #2323, #2324, #2325, #2326, #2327, #2328), .UNSPECIFIED., .U., .U., (2, 1, 1, 1, 1, 1, 1, 1, 1, 1, 1, 1, 1, 1, 1, 1, 1, 1, 1, 1, 1, 1, 1, 1, 1, 1, 1, 1, 1, 1, 1, 1, 1, 1, 1, 1, 1, 2), (0.0, 0.02702702702702703, 0.05405405405405406, 0.08108108108108109, 0.10810810810810811, 0.13513513513513514, 0.16216216216216217, 0.1891891891891892, 0.21621621621621623, 0.24324324324324326, 0.2702702702702703, 0.2972972972972973, 0.32432432432432434, 0.35135135135135137, 0.3783783783783784, 0.40540540540540543, 0.43243243243243246, 0.4594594594594595, 0.4864864864864865, 0.5135135135135135, 0.5405405405405406, 0.5675675675675675, 0.5945945945945946, 0.6216216216216216, 0.6486486486486487, 0.6756756756756757, 0.7027027027027027, 0.7297297297297297, 0.7567567567567568, 0.7837837837837838, 0.8108108108108109, 0.8378378378378378, 0.8648648648648649, 0.8918918918918919, 0.918918918918919, 0.9459459459459459, 0.972972972972973, 1.0), .UNSPECIFIED.);
#2291 = CARTESIAN_POINT('', (95.75000010000002, -83.4999996915743, 13.0));
#2292 = CARTESIAN_POINT('', (95.75211718564796, -83.31886232331436, 13.0));
#2293 = CARTESIAN_POINT('', (95.75240885000628, -83.30678931388744, 13.000000000000002));
#2294 = CARTESIAN_POINT('', (95.7527652203247, -83.29299201971503, 13.0));
#2295 = CARTESIAN_POINT('', (95.75320695576521, -83.2770726360394, 13.000000000000002));
#2296 = CARTESIAN_POINT('', (95.75376367093614, -83.25850079521257, 13.0));
#2297 = CARTESIAN_POINT('', (95.75447903335393, -83.2365533299295, 13.0));
#2298 = CARTESIAN_POINT('', (95.75541960373243, -83.21021775139349, 13.0));
#2299 = CARTESIAN_POINT('', (95.75572034124902, -83.20228897418191, 13.0));
#2300 = CARTESIAN_POINT('', (95.77167060603999, -82.92084126997833, 13.0));
#2301 = CARTESIAN_POINT('', (95.7987303784177, -82.63227479273073, 13.000000000000002));
#2302 = CARTESIAN_POINT('', (95.83656107531249, -82.34492190611797, 13.0));
#2303 = CARTESIAN_POINT('', (95.8851097870535, -82.05918449929047, 13.0));
#2304 = CARTESIAN_POINT('', (95.93572002960542, -81.81353287030947, 13.0));
#2305 = CARTESIAN_POINT('', (95.94430861385129, -81.77546220200315, 13.0));
#2306 = CARTESIAN_POINT('', (95.98750866182084, -81.59606269841811, 13.0));
#2307 = CARTESIAN_POINT('', (96.01407476076164, -81.494151825697, 13.0));
#2308 = CARTESIAN_POINT('', (96.04654048808294, -81.37669004796712, 13.000000000000002));
#2309 = CARTESIAN_POINT('', (96.09431065348198, -81.21564680852212, 13.0));
#2310 = CARTESIAN_POINT('', (96.1131762794252, -81.15535937692198, 13.0));
#2311 = CARTESIAN_POINT('', (96.18490407481787, -80.9403366650786, 13.0));
#2312 = CARTESIAN_POINT('', (96.18783761117146, -80.93196845824488, 13.0));
#2313 = CARTESIAN_POINT('', (96.27207071520246, -80.70365532949101, 13.0));
#2314 = CARTESIAN_POINT('', (96.28572832162888, -80.66860644164512, 13.000000000000002));
#2315 = CARTESIAN_POINT('', (96.36585969199197, -80.47236927992122, 13.0));
#2316 = CARTESIAN_POINT('', (96.39664238203463, -80.4008361776565, 13.000000000000002));
#2317 = CARTESIAN_POINT('', (96.46973221828131, -80.2384296630538, 13.0));
#2318 = CARTESIAN_POINT('', (96.51749113263253, -80.13740037418411, 13.0));
#2319 = CARTESIAN_POINT('', (96.58458231367175, -80.00149963742906, 13.0));
#2320 = CARTESIAN_POINT('', (96.64810555545213, -79.87866747016199, 13.0));
#2321 = CARTESIAN_POINT('', (96.71153272519581, -79.7611206194218, 13.0));
#2322 = CARTESIAN_POINT('', (96.78830297434207, -79.62499932709152, 13.0));
#2323 = CARTESIAN_POINT('', (96.85202042356974, -79.5166753965647, 13.0));
#2324 = CARTESIAN_POINT('', (96.93788731045923, -79.37675072294516, 13.000000000000002));
#2325 = CARTESIAN_POINT('', (97.00792201643773, -79.26733758009665, 13.0));
#2326 = CARTESIAN_POINT('', (97.09664935650294, -79.13426885597727, 13.000000000000002));
#2327 = CARTESIAN_POINT('', (97.18174259728593, -79.01200139975509, 13.0));
#2328 = CARTESIAN_POINT('', (97.26436696602727, -78.89789299907922, 13.0));
#2329 = PLANE('', #2330);
#2330 = AXIS2_PLACEMENT_3D('', #2331, #2332, #2333);
#2331 = CARTESIAN_POINT('', (155.75000000000009, -65.76040913868061, 13.0));
#2332 = DIRECTION('', (0.0, 0.0, 0.9999999999999999));
#2333 = DIRECTION('', (-1.0, 0.0, 0.0));
#2334 = CYLINDRICAL_SURFACE('', #2335, 7.749998771175666);
#2335 = AXIS2_PLACEMENT_3D('', #2336, #2337, #2338);
#2336 = CARTESIAN_POINT('', (103.49999887117562, -83.49999857117557, 18.0000003));
#2337 = DIRECTION('', (0.0, 0.0, 1.0));
#2338 = DIRECTION('', (0.7071067762401919, -0.707106786132903, 0.0));
#2339 = SURFACE_CURVE('', #2340, (#566, #576), .CURVE_3D.);
#2340 = LINE('', #2341, #2342);
#2341 = CARTESIAN_POINT('', (95.75000010000002, -83.4999996915743, 2.0000003));
#2342 = VECTOR('', #2343, 23.000000108425695);
#2343 = DIRECTION('', (-1.2357264911E-15, -1.0, 0.0));
#2344 = SURFACE_CURVE('', #2345, (#566, #571), .CURVE_3D.);
#2345 = (
    BOUNDED_CURVE()
    B_SPLINE_CURVE(2, (#2346, #2347, #2348, #2349, #2350, #2351), .UNSPECIFIED., .U., .U.)
    B_SPLINE_CURVE_WITH_KNOTS((3, 1, 1, 1, 3), (0.0, 0.25, 0.5, 0.75, 1.0), .UNSPECIFIED.)
    CURVE()
    GEOMETRIC_REPRESENTATION_ITEM()
    RATIONAL_B_SPLINE_CURVE((1.0, 0.9267766685038589, 0.8535533370077177, 0.8535533370077177, 0.9267766685038589, 1.0))
    REPRESENTATION_ITEM('')
);
#2346 = CARTESIAN_POINT('', (95.7500001, -106.4999998, 2.0000003));
#2347 = CARTESIAN_POINT('', (95.7499998656096, -107.97826249858197, 2.0000003));
#2348 = CARTESIAN_POINT('', (96.88496086927984, -110.84511638162155, 2.0000003));
#2349 = CARTESIAN_POINT('', (99.15488342583127, -113.1150389699301, 2.0000003));
#2350 = CARTESIAN_POINT('', (102.0217372929923, -114.25000001370877, 2.0000003));
#2351 = CARTESIAN_POINT('', (103.49999999157427, -114.24999979999983, 2.0000003));
#2352 = SURFACE_CURVE('', #2353, (#571, #581), .CURVE_3D.);
#2353 = INTERSECTION_CURVE('', #2354, (#2367, #2372), .CURVE_3D.);
#2354 = B_SPLINE_CURVE_WITH_KNOTS('', 1, (#2355, #2356, #2357, #2358, #2359, #2360, #2361, #2362, #2363, #2364, #2365, #2366), .UNSPECIFIED., .U., .U., (2, 1, 1, 1, 1, 1, 1, 1, 1, 1, 1, 2), (0.0, 0.09090909090909091, 0.18181818181818182, 0.2727272727272727, 0.36363636363636365, 0.45454545454545453, 0.5454545454545454, 0.6363636363636364, 0.7272727272727273, 0.8181818181818182, 0.9090909090909091, 1.0), .UNSPECIFIED.);
#2355 = CARTESIAN_POINT('', (100.94033712924809, -113.81509588262746, 13.0));
#2356 = CARTESIAN_POINT('', (100.92703616661353, -113.81042809392505, 13.0));
#2357 = CARTESIAN_POINT('', (100.79296444869675, -113.76184966321068, 13.0));
#2358 = CARTESIAN_POINT('', (100.66860690355186, -113.71427164191476, 13.0));
#2359 = CARTESIAN_POINT('', (100.64367352017453, -113.70443622129105, 13.0));
#2360 = CARTESIAN_POINT('', (100.45754429732477, -113.62783037016513, 13.0));
#2361 = CARTESIAN_POINT('', (100.40083663707404, -113.60335758751847, 13.0));
#2362 = CARTESIAN_POINT('', (100.21754159533081, -113.52053912682496, 13.000000000000002));
#2363 = CARTESIAN_POINT('', (100.13740083088949, -113.48250884283274, 13.0));
#2364 = CARTESIAN_POINT('', (99.87866792393604, -113.35189442581978, 13.0));
#2365 = CARTESIAN_POINT('', (99.85743473734922, -113.34063020194769, 13.0));
#2366 = CARTESIAN_POINT('', (99.62499962877, -113.2116969228722, 13.0));
#2367 = PLANE('', #2368);
#2368 = AXIS2_PLACEMENT_3D('', #2369, #2370, #2371);
#2369 = CARTESIAN_POINT('', (155.75000000000009, -65.76040913868061, 13.0));
#2370 = DIRECTION('', (0.0, 0.0, 0.9999999999999999));
#2371 = DIRECTION('', (-1.0, 0.0, 0.0));
#2372 = CYLINDRICAL_SURFACE('', #2373, 7.749998771175425);
#2373 = AXIS2_PLACEMENT_3D('', #2374, #2375, #2376);
#2374 = CARTESIAN_POINT('', (103.49999887117532, -106.50000102882449, 18.0000003));
#2375 = DIRECTION('', (0.0, 0.0, 1.0));
#2376 = DIRECTION('', (0.7071067861328995, 0.7071067762401956, 0.0));
#2377 = SURFACE_CURVE('', #2378, (#571, #581), .CURVE_3D.);
#2378 = INTERSECTION_CURVE('', #2379, (#2407, #2412), .CURVE_3D.);
#2379 = B_SPLINE_CURVE_WITH_KNOTS('', 1, (#2380, #2381, #2382, #2383, #2384, #2385, #2386, #2387, #2388, #2389, #2390, #2391, #2392, #2393, #2394, #2395, #2396, #2397, #2398, #2399, #2400, #2401, #2402, #2403, #2404, #2405, #2406), .UNSPECIFIED., .U., .U., (2, 1, 1, 1, 1, 1, 1, 1, 1, 1, 1, 1, 1, 1, 1, 1, 1, 1, 1, 1, 1, 1, 1, 1, 1, 1, 2), (0.0, 0.038461538461538464, 0.07692307692307693, 0.11538461538461539, 0.15384615384615385, 0.19230769230769232, 0.23076923076923078, 0.2692307692307692, 0.3076923076923077, 0.34615384615384615, 0.38461538461538464, 0.4230769230769231, 0.46153846153846156, 0.5, 0.5384615384615384, 0.5769230769230769, 0.6153846153846154, 0.6538461538461539, 0.6923076923076923, 0.7307692307692307, 0.7692307692307693, 0.8076923076923077, 0.8461538461538461, 0.8846153846153846, 0.9230769230769231, 0.9615384615384616, 1.0), .UNSPECIFIED.);
#2380 = CARTESIAN_POINT('', (96.51749093761374, -109.8625988133608, 13.0));
#2381 = CARTESIAN_POINT('', (96.584582703188, -109.99850073252037, 13.000000000000002));
#2382 = CARTESIAN_POINT('', (96.64810534230106, -110.12133172653652, 13.0));
#2383 = CARTESIAN_POINT('', (96.7115331693499, -110.23887978700327, 13.0));
#2384 = CARTESIAN_POINT('', (96.78830274626011, -110.37499987785901, 13.0));
#2385 = CARTESIAN_POINT('', (96.85202093028663, -110.48332504912185, 13.0));
#2386 = CARTESIAN_POINT('', (96.9378870677654, -110.62324849080986, 13.000000000000002));
#2387 = CARTESIAN_POINT('', (97.00792259537693, -110.73266290788312, 13.0));
#2388 = CARTESIAN_POINT('', (97.09664909953665, -110.86573036712247, 13.0));
#2389 = CARTESIAN_POINT('', (97.1817432604243, -110.98799913381893, 13.0));
#2390 = CARTESIAN_POINT('', (97.26436679843101, -111.10210637383595, 13.0));
#2391 = CARTESIAN_POINT('', (97.37690957501269, -111.25081763488697, 13.0));
#2392 = CARTESIAN_POINT('', (97.4408057043581, -111.3320460534922, 13.0));
#2393 = CARTESIAN_POINT('', (97.59824075641994, -111.52312078731518, 13.000000000000002));
#2394 = CARTESIAN_POINT('', (97.6257188398801, -111.55522753879876, 13.0));
#2395 = CARTESIAN_POINT('', (97.81884769036756, -111.77133882999291, 13.0));
#2396 = CARTESIAN_POINT('', (97.8591572055998, -111.81445173017903, 13.0));
#2397 = CARTESIAN_POINT('', (98.01992214755555, -111.98007767577582, 13.0));
#2398 = CARTESIAN_POINT('', (98.17978788470799, -112.13541015440649, 13.0));
#2399 = CARTESIAN_POINT('', (98.22866099052534, -112.18115213588413, 13.0));
#2400 = CARTESIAN_POINT('', (98.44477227901756, -112.3742809893951, 13.0));
#2401 = CARTESIAN_POINT('', (98.63155953649576, -112.52999102863089, 13.0));
#2402 = CARTESIAN_POINT('', (98.6679537617371, -112.55919412803951, 13.0));
#2403 = CARTESIAN_POINT('', (98.89789329907919, -112.73563293397271, 13.0));
#2404 = CARTESIAN_POINT('', (99.13426929968485, -112.90335064147521, 13.0));
#2405 = CARTESIAN_POINT('', (99.37675117021577, -113.06211268207699, 13.0));
#2406 = CARTESIAN_POINT('', (99.62499962709147, -113.21169692565789, 13.0));
#2407 = PLANE('', #2408);
#2408 = AXIS2_PLACEMENT_3D('', #2409, #2410, #2411);
#2409 = CARTESIAN_POINT('', (155.75000000000009, -65.76040913868061, 13.0));
#2410 = DIRECTION('', (0.0, 0.0, 0.9999999999999999));
#2411 = DIRECTION('', (-1.0, 0.0, 0.0));
#2412 = CYLINDRICAL_SURFACE('', #2413, 7.749998771175425);
#2413 = AXIS2_PLACEMENT_3D('', #2414, #2415, #2416);
#2414 = CARTESIAN_POINT('', (103.49999887117532, -106.50000102882449, 18.0000003));
#2415 = DIRECTION('', (0.0, 0.0, 1.0));
#2416 = DIRECTION('', (0.7071067861328995, 0.7071067762401956, 0.0));
#2417 = SURFACE_CURVE('', #2418, (#571, #581), .CURVE_3D.);
#2418 = INTERSECTION_CURVE('', #2419, (#2434, #2439), .CURVE_3D.);
#2419 = B_SPLINE_CURVE_WITH_KNOTS('', 1, (#2420, #2421, #2422, #2423, #2424, #2425, #2426, #2427, #2428, #2429, #2430, #2431, #2432, #2433), .UNSPECIFIED., .U., .U., (2, 1, 1, 1, 1, 1, 1, 1, 1, 1, 1, 1, 1, 2), (0.0, 0.07692307692307693, 0.15384615384615385, 0.23076923076923078, 0.3076923076923077, 0.38461538461538464, 0.46153846153846156, 0.5384615384615384, 0.6153846153846154, 0.6923076923076923, 0.7692307692307693, 0.8461538461538461, 0.9230769230769231, 1.0), .UNSPECIFIED.);
#2420 = CARTESIAN_POINT('', (95.94430851550192, -108.22453695248711, 13.0));
#2421 = CARTESIAN_POINT('', (95.98750881737465, -108.40393751536146, 13.0));
#2422 = CARTESIAN_POINT('', (96.01407464269772, -108.50584733368254, 13.0));
#2423 = CARTESIAN_POINT('', (96.04654067064894, -108.62331019289516, 13.0));
#2424 = CARTESIAN_POINT('', (96.0943105190253, -108.78435235558013, 13.0));
#2425 = CARTESIAN_POINT('', (96.11317649207405, -108.84464089303162, 13.000000000000002));
#2426 = CARTESIAN_POINT('', (96.18490392415647, -109.05966250435594, 13.0));
#2427 = CARTESIAN_POINT('', (96.1878378574613, -109.0680318430363, 13.0));
#2428 = CARTESIAN_POINT('', (96.27207097629983, -109.29634494538792, 13.0));
#2429 = CARTESIAN_POINT('', (96.2857281549735, -109.33139273372392, 13.0));
#2430 = CARTESIAN_POINT('', (96.36585999092756, -109.52763102447419, 13.0));
#2431 = CARTESIAN_POINT('', (96.39664219961833, -109.59916300424092, 13.0));
#2432 = CARTESIAN_POINT('', (96.46973255974298, -109.76157067296211, 13.0));
#2433 = CARTESIAN_POINT('', (96.51749093465766, -109.86259881471688, 13.0));
#2434 = PLANE('', #2435);
#2435 = AXIS2_PLACEMENT_3D('', #2436, #2437, #2438);
#2436 = CARTESIAN_POINT('', (155.75000000000009, -65.76040913868061, 13.0));
#2437 = DIRECTION('', (0.0, 0.0, 0.9999999999999999));
#2438 = DIRECTION('', (-1.0, 0.0, 0.0));
#2439 = CYLINDRICAL_SURFACE('', #2440, 7.749998771175425);
#2440 = AXIS2_PLACEMENT_3D('', #2441, #2442, #2443);
#2441 = CARTESIAN_POINT('', (103.49999887117532, -106.50000102882449, 18.0000003));
#2442 = DIRECTION('', (0.0, 0.0, 1.0));
#2443 = DIRECTION('', (0.7071067861328995, 0.7071067762401956, 0.0));
#2444 = SURFACE_CURVE('', #2445, (#571, #581), .CURVE_3D.);
#2445 = INTERSECTION_CURVE('', #2446, (#2461, #2466), .CURVE_3D.);
#2446 = B_SPLINE_CURVE_WITH_KNOTS('', 1, (#2447, #2448, #2449, #2450, #2451, #2452, #2453, #2454, #2455, #2456, #2457, #2458, #2459, #2460), .UNSPECIFIED., .U., .U., (2, 1, 1, 1, 1, 1, 1, 1, 1, 1, 1, 1, 1, 2), (0.0, 0.07692307692307693, 0.15384615384615385, 0.23076923076923078, 0.3076923076923077, 0.38461538461538464, 0.46153846153846156, 0.5384615384615384, 0.6153846153846154, 0.6923076923076923, 0.7692307692307693, 0.8461538461538461, 0.9230769230769231, 1.0), .UNSPECIFIED.);
#2447 = CARTESIAN_POINT('', (95.7500001, -106.4999998, 13.0));
#2448 = CARTESIAN_POINT('', (95.75211718311374, -106.68113716828955, 13.0));
#2449 = CARTESIAN_POINT('', (95.75240884730314, -106.69321017772056, 13.0));
#2450 = CARTESIAN_POINT('', (95.75276521742853, -106.70700747189795, 13.0));
#2451 = CARTESIAN_POINT('', (95.75320695264634, -106.72292685557974, 13.0));
#2452 = CARTESIAN_POINT('', (95.75376366755742, -106.7414986964144, 13.0));
#2453 = CARTESIAN_POINT('', (95.75447902966442, -106.76344616159696, 13.0));
#2454 = CARTESIAN_POINT('', (95.7554195931748, -106.78978156644838, 13.0));
#2455 = CARTESIAN_POINT('', (95.77167057195084, -107.07915787513338, 13.0));
#2456 = CARTESIAN_POINT('', (95.79873032734356, -107.36772435397371, 13.000000000000002));
#2457 = CARTESIAN_POINT('', (95.83656100732478, -107.65507724281318, 13.0));
#2458 = CARTESIAN_POINT('', (95.88510970224735, -107.94081465249823, 13.0));
#2459 = CARTESIAN_POINT('', (95.93572016081507, -108.18646731820328, 13.0));
#2460 = CARTESIAN_POINT('', (95.9443085123182, -108.22453695315141, 13.0));
#2461 = PLANE('', #2462);
#2462 = AXIS2_PLACEMENT_3D('', #2463, #2464, #2465);
#2463 = CARTESIAN_POINT('', (155.75000000000009, -65.76040913868061, 13.0));
#2464 = DIRECTION('', (0.0, 0.0, 0.9999999999999999));
#2465 = DIRECTION('', (-1.0, 0.0, 0.0));
#2466 = CYLINDRICAL_SURFACE('', #2467, 7.749998771175425);
#2467 = AXIS2_PLACEMENT_3D('', #2468, #2469, #2470);
#2468 = CARTESIAN_POINT('', (103.49999887117532, -106.50000102882449, 18.0000003));
#2469 = DIRECTION('', (0.0, 0.0, 1.0));
#2470 = DIRECTION('', (0.7071067861328995, 0.7071067762401956, 0.0));
#2471 = SURFACE_CURVE('', #2472, (#571, #576), .CURVE_3D.);
#2472 = LINE('', #2473, #2474);
#2473 = CARTESIAN_POINT('', (95.7500001, -106.4999998, 2.0000003));
#2474 = VECTOR('', #2475, 10.9999997);
#2475 = DIRECTION('', (0.0, 0.0, 1.0));
#2476 = SURFACE_CURVE('', #2477, (#571, #581), .CURVE_3D.);
#2477 = INTERSECTION_CURVE('', #2478, (#2507, #2512), .CURVE_3D.);
#2478 = B_SPLINE_CURVE_WITH_KNOTS('', 1, (#2479, #2480, #2481, #2482, #2483, #2484, #2485, #2486, #2487, #2488, #2489, #2490, #2491, #2492, #2493, #2494, #2495, #2496, #2497, #2498, #2499, #2500, #2501, #2502, #2503, #2504, #2505, #2506), .UNSPECIFIED., .U., .U., (2, 1, 1, 1, 1, 1, 1, 1, 1, 1, 1, 1, 1, 1, 1, 1, 1, 1, 1, 1, 1, 1, 1, 1, 1, 1, 1, 2), (0.0, 0.037037037037037035, 0.07407407407407407, 0.1111111111111111, 0.14814814814814814, 0.18518518518518517, 0.2222222222222222, 0.25925925925925924, 0.2962962962962963, 0.3333333333333333, 0.37037037037037035, 0.4074074074074074, 0.4444444444444444, 0.48148148148148145, 0.5185185185185185, 0.5555555555555556, 0.5925925925925926, 0.6296296296296297, 0.6666666666666666, 0.7037037037037037, 0.7407407407407407, 0.7777777777777778, 0.8148148148148148, 0.8518518518518519, 0.8888888888888888, 0.9259259259259259, 0.9629629629629629, 1.0), .UNSPECIFIED.);
#2479 = CARTESIAN_POINT('', (103.49999999157427, -114.24999979999983, 13.0));
#2480 = CARTESIAN_POINT('', (103.31886262331433, -114.24788271435192, 13.000000000000002));
#2481 = CARTESIAN_POINT('', (103.30678961388742, -114.24759104999357, 13.0));
#2482 = CARTESIAN_POINT('', (103.29299231971498, -114.24723467967516, 13.0));
#2483 = CARTESIAN_POINT('', (103.27707293603936, -114.24679294423466, 13.0));
#2484 = CARTESIAN_POINT('', (103.25850109521252, -114.24623622906373, 13.0));
#2485 = CARTESIAN_POINT('', (103.23655363003996, -114.24552086664968, 13.000000000000002));
#2486 = CARTESIAN_POINT('', (103.2102182252017, -114.24458030277086, 13.0));
#2487 = CARTESIAN_POINT('', (102.92084174342182, -114.22832930695766, 13.0));
#2488 = CARTESIAN_POINT('', (102.63227526556693, -114.20126954105612, 13.0));
#2489 = CARTESIAN_POINT('', (102.34492237810517, -114.1634388506103, 13.0));
#2490 = CARTESIAN_POINT('', (102.05918497018811, -114.11489014528196, 13.0));
#2491 = CARTESIAN_POINT('', (101.81353266638773, -114.06427975804448, 13.0));
#2492 = CARTESIAN_POINT('', (101.77546267157223, -114.05569132485165, 13.0));
#2493 = CARTESIAN_POINT('', (101.76495975425263, -114.05328642102097, 13.0));
#2494 = CARTESIAN_POINT('', (101.7116913611199, -114.0408522541637, 13.0));
#2495 = CARTESIAN_POINT('', (101.65590167303108, -114.02740340129118, 13.0));
#2496 = CARTESIAN_POINT('', (101.59740763133178, -114.01283188857975, 13.0));
#2497 = CARTESIAN_POINT('', (101.53600807061267, -113.99701517370416, 13.0));
#2498 = CARTESIAN_POINT('', (101.49415229370034, -113.98592518425463, 13.0));
#2499 = CARTESIAN_POINT('', (101.46968405185234, -113.97932604433612, 13.000000000000002));
#2500 = CARTESIAN_POINT('', (101.39620337215749, -113.95899060191903, 13.000000000000002));
#2501 = CARTESIAN_POINT('', (101.31845615199808, -113.93662340175868, 13.0));
#2502 = CARTESIAN_POINT('', (101.23606083878784, -113.91195526092346, 13.0));
#2503 = CARTESIAN_POINT('', (101.21564727472474, -113.90568929778466, 13.0));
#2504 = CARTESIAN_POINT('', (101.14183795585427, -113.8825180826939, 13.0));
#2505 = CARTESIAN_POINT('', (101.03889849614171, -113.84884215496336, 13.0));
#2506 = CARTESIAN_POINT('', (100.94033712924809, -113.81509588262746, 13.0));
#2507 = PLANE('', #2508);
#2508 = AXIS2_PLACEMENT_3D('', #2509, #2510, #2511);
#2509 = CARTESIAN_POINT('', (155.75000000000009, -65.76040913868061, 13.0));
#2510 = DIRECTION('', (0.0, 0.0, 0.9999999999999999));
#2511 = DIRECTION('', (-1.0, 0.0, 0.0));
#2512 = CYLINDRICAL_SURFACE('', #2513, 7.749998771175425);
#2513 = AXIS2_PLACEMENT_3D('', #2514, #2515, #2516);
#2514 = CARTESIAN_POINT('', (103.49999887117532, -106.50000102882449, 18.0000003));
#2515 = DIRECTION('', (0.0, 0.0, 1.0));
#2516 = DIRECTION('', (0.7071067861328995, 0.7071067762401956, 0.0));
#2517 = SURFACE_CURVE('', #2518, (#576, #581), .CURVE_3D.);
#2518 = INTERSECTION_CURVE('', #2519, (#2524, #2529), .CURVE_3D.);
#2519 = B_SPLINE_CURVE_WITH_KNOTS('', 1, (#2520, #2521, #2522, #2523), .UNSPECIFIED., .U., .U., (2, 1, 1, 2), (0.0, 0.3333333333333333, 0.6666666666666666, 1.0), .UNSPECIFIED.);
#2520 = CARTESIAN_POINT('', (95.75000010000002, -83.4999996915743, 13.0));
#2521 = CARTESIAN_POINT('', (95.75000010000001, -99.31249933486697, 13.0));
#2522 = CARTESIAN_POINT('', (95.7500001, -105.40113068827931, 13.0));
#2523 = CARTESIAN_POINT('', (95.7500001, -106.4999998, 13.0));
#2524 = PLANE('', #2525);
#2525 = AXIS2_PLACEMENT_3D('', #2526, #2527, #2528);
#2526 = CARTESIAN_POINT('', (155.75000000000009, -65.76040913868061, 13.0));
#2527 = DIRECTION('', (0.0, 0.0, 0.9999999999999999));
#2528 = DIRECTION('', (-1.0, 0.0, 0.0));
#2529 = PLANE('', #2530);
#2530 = AXIS2_PLACEMENT_3D('', #2531, #2532, #2533);
#2531 = CARTESIAN_POINT('', (95.75000010000002, -83.4999996915743, 2.0000003));
#2532 = DIRECTION('', (-1.0, 1.2357264911E-15, 0.0));
#2533 = DIRECTION('', (-1.2357264911E-15, -1.0, 0.0));
#2534 = SURFACE_CURVE('', #2535, (#581, #591), .CURVE_3D.);
#2535 = LINE('', #2536, #2537);
#2536 = CARTESIAN_POINT('', (94.25000000000006, -83.5000001084257, 13.0));
#2537 = VECTOR('', #2538, 22.999999891574305);
#2538 = DIRECTION('', (-2.4714530056E-15, -1.0, 0.0));
#2539 = SURFACE_CURVE('', #2540, (#581, #586), .CURVE_3D.);
#2540 = (
    BOUNDED_CURVE()
    B_SPLINE_CURVE(2, (#2541, #2542, #2543, #2544, #2545, #2546), .UNSPECIFIED., .U., .U.)
    B_SPLINE_CURVE_WITH_KNOTS((3, 1, 1, 1, 3), (0.0, 0.25, 0.5, 0.75, 1.0), .UNSPECIFIED.)
    CURVE()
    GEOMETRIC_REPRESENTATION_ITEM()
    RATIONAL_B_SPLINE_CURVE((1.0, 0.9267766707765097, 0.8535533415530194, 0.8535533415530194, 0.9267766707765097, 1.0))
    REPRESENTATION_ITEM('')
);
#2541 = CARTESIAN_POINT('', (94.25, -106.5, 13.0));
#2542 = CARTESIAN_POINT('', (94.24999976560959, -108.26437807795418, 13.0));
#2543 = CARTESIAN_POINT('', (95.6046307217242, -111.68610690938274, 13.000000000000002));
#2544 = CARTESIAN_POINT('', (98.31389318316438, -114.39536933906571, 13.000000000000002));
#2545 = CARTESIAN_POINT('', (101.73562203047153, -115.75000025507178, 13.0));
#2546 = CARTESIAN_POINT('', (103.50000010842571, -115.74999999999983, 13.0));
#2547 = SURFACE_CURVE('', #2548, (#586, #591), .CURVE_3D.);
#2548 = LINE('', #2549, #2550);
#2549 = CARTESIAN_POINT('', (94.25, -106.5, 0.0));
#2550 = VECTOR('', #2551, 13.0);
#2551 = DIRECTION('', (0.0, 0.0, 1.0));
#2552 = CARTESIAN_POINT('', (94.25000000000006, -83.5000001084257, 0.0));
#2553 = CARTESIAN_POINT('', (94.25, -106.5, 0.0));
#2554 = CARTESIAN_POINT('', (103.50000010842572, -115.7499999999998, 0.0));
#2555 = CARTESIAN_POINT('', (146.5, -115.75, 0.0));
#2556 = CARTESIAN_POINT('', (155.75000000000009, -106.49999989157442, 0.0));
#2557 = CARTESIAN_POINT('', (155.75, -75.010408, 0.0));
#2558 = CARTESIAN_POINT('', (137.25000056252816, -74.9990814186381, 0.0));
#2559 = CARTESIAN_POINT('', (138.0, -74.25, 0.0));
#2560 = CARTESIAN_POINT('', (103.5, -74.25, 0.0));
#2561 = CARTESIAN_POINT('', (94.25000000000006, -83.5000001084257, 13.0));
#2562 = CARTESIAN_POINT('', (103.5, -74.25, 13.0));
#2563 = CARTESIAN_POINT('', (138.0, -74.25, 13.0));
#2564 = CARTESIAN_POINT('', (137.25000056252816, -74.9990814186381, 13.0));
#2565 = CARTESIAN_POINT('', (155.75, -75.010408, 13.0));
#2566 = CARTESIAN_POINT('', (155.75000000000009, -106.49999989157442, 13.0));
#2567 = CARTESIAN_POINT('', (146.5, -115.75, 13.0));
#2568 = CARTESIAN_POINT('', (103.50000010842572, -115.7499999999998, 13.0));
#2569 = CARTESIAN_POINT('', (122.0000001, -115.74999999999989, 9.3000003));
#2570 = CARTESIAN_POINT('', (128.0000001, -115.74999999999991, 9.3000003));
#2571 = CARTESIAN_POINT('', (129.3000001, -115.74999999999991, 8.0000003));
#2572 = CARTESIAN_POINT('', (128.0000001, -115.74999999999991, 6.7000003));
#2573 = CARTESIAN_POINT('', (122.0000001, -115.74999999999989, 6.7000003));
#2574 = CARTESIAN_POINT('', (120.7000001, -115.74999999999989, 8.0000003));
#2575 = CARTESIAN_POINT('', (120.7000001, -114.24999979999988, 8.0000003));
#2576 = CARTESIAN_POINT('', (122.0000001, -114.2499997999999, 9.3000003));
#2577 = CARTESIAN_POINT('', (122.0000001, -114.2499997999999, 6.7000003));
#2578 = CARTESIAN_POINT('', (128.0000001, -114.24999979999991, 6.7000003));
#2579 = CARTESIAN_POINT('', (129.3000001, -114.24999979999993, 8.0000003));
#2580 = CARTESIAN_POINT('', (128.0000001, -114.24999979999991, 9.3000003));
#2581 = CARTESIAN_POINT('', (146.5000001, -114.2499998, 13.0));
#2582 = CARTESIAN_POINT('', (103.49999999157427, -114.24999979999983, 13.0));
#2583 = CARTESIAN_POINT('', (103.49999999157427, -114.24999979999981, 2.0000003));
#2584 = CARTESIAN_POINT('', (146.5000001, -114.2499998, 2.0000003));
#2585 = CARTESIAN_POINT('', (147.94081512327634, -114.11489016543949, 13.0));
#2586 = CARTESIAN_POINT('', (154.2500001000001, -106.49999990842558, 2.0000003));
#2587 = CARTESIAN_POINT('', (154.25000010000008, -106.49999990842556, 13.0));
#2588 = CARTESIAN_POINT('', (154.114890445282, -107.94081492981168, 13.0));
#2589 = CARTESIAN_POINT('', (153.7142718753662, -109.33139315711, 12.999999999999998));
#2590 = CARTESIAN_POINT('', (152.1811524358839, -111.77133890947422, 13.0));
#2591 = CARTESIAN_POINT('', (151.10210681368144, -112.73563299835772, 13.0));
#2592 = CARTESIAN_POINT('', (154.2500001, -75.0104078, 13.0));
#2593 = CARTESIAN_POINT('', (154.2500001, -75.0104078, 2.0000003));
#2594 = CARTESIAN_POINT('', (141.2903949047394, -69.27258882598488, 13.0));
#2595 = CARTESIAN_POINT('', (142.71546900236015, -68.24728257665844, 13.0));
#2596 = CARTESIAN_POINT('', (143.2375869043635, -67.98052914555332, 13.0));
#2597 = CARTESIAN_POINT('', (144.05481102805436, -67.65625406115149, 12.999999999999998));
#2598 = CARTESIAN_POINT('', (152.13498489451675, -69.6897469143579, 13.0));
#2599 = CARTESIAN_POINT('', (154.22782155517078, -74.42451309209765, 13.000000000000002));
#2600 = CARTESIAN_POINT('', (138.7499995374721, -75.0009183813619, 2.0000003));
#2601 = CARTESIAN_POINT('', (138.74999953747206, -75.0009183813619, 13.0));
#2602 = CARTESIAN_POINT('', (138.77289548597446, -74.41505091822428, 13.0));
#2603 = CARTESIAN_POINT('', (139.02271341025445, -72.97257309833846, 13.0));
#2604 = CARTESIAN_POINT('', (139.30164301864195, -72.13878183412966, 13.0));
#2605 = CARTESIAN_POINT('', (139.4154190943756, -71.86854685356654, 13.0));
#2606 = CARTESIAN_POINT('', (139.97008542188647, -70.83634699066238, 13.0));
#2607 = CARTESIAN_POINT('', (138.0000001, -75.7499998, 2.0000003));
#2608 = CARTESIAN_POINT('', (138.0000001, -75.7499998, 13.0));
#2609 = CARTESIAN_POINT('', (103.5000001, -75.7499998, 2.0000003));
#2610 = CARTESIAN_POINT('', (103.5000001, -75.7499998, 13.0));
#2611 = CARTESIAN_POINT('', (97.26436696602727, -78.89789299907922, 13.0));
#2612 = CARTESIAN_POINT('', (97.62571902648217, -78.44477184935081, 13.0));
#2613 = CARTESIAN_POINT('', (100.13740108663919, -76.51749063761379, 13.0));
#2614 = CARTESIAN_POINT('', (95.75000010000002, -83.4999996915743, 2.0000003));
#2615 = CARTESIAN_POINT('', (95.75000010000002, -83.4999996915743, 13.0));
#2616 = CARTESIAN_POINT('', (95.7500001, -106.4999998, 2.0000003));
#2617 = CARTESIAN_POINT('', (100.94033712924809, -113.81509588262746, 13.0));
#2618 = CARTESIAN_POINT('', (99.62499962877, -113.2116969228722, 13.0));
#2619 = CARTESIAN_POINT('', (96.51749093761374, -109.8625988133608, 13.0));
#2620 = CARTESIAN_POINT('', (95.94430851550192, -108.22453695248711, 13.0));
#2621 = CARTESIAN_POINT('', (95.7500001, -106.4999998, 13.0));
#2622 = CARTESIAN_POINT('', (94.25, -106.5, 13.0));
ENDSEC;
END-ISO-10303-21;
