ISO-10303-21;
HEADER;
FILE_DESCRIPTION(('Shape Data from monstertruck'), '2;1');
FILE_NAME('', '2026-09-01 02:55:42.669344560', (''), (''), 'monstertruck', 'KiCase', '');
FILE_SCHEMA(('AUTOMOTIVE_DESIGN'));
ENDSEC;
DATA;
#1 = APPLICATION_PROTOCOL_DEFINITION('international standard', 'automotive_design', 2000, #2);
#2 = APPLICATION_CONTEXT('core data for automotive mechanical design processes');
#3 = SHAPE_DEFINITION_REPRESENTATION(#4, #10);
#4 = PRODUCT_DEFINITION_SHAPE('','', #5);
#5 = PRODUCT_DEFINITION('design','', #6, #9);
#6 = PRODUCT_DEFINITION_FORMATION('','', #7);
#7 = PRODUCT('','','', (#8));
#8 = PRODUCT_CONTEXT('', #2, 'mechanical');
#9 = PRODUCT_DEFINITION_CONTEXT('part definition', #2, 'design');
#10 = ADVANCED_BREP_SHAPE_REPRESENTATION('', (#16, #2623), #11);
#11 = (
    GEOMETRIC_REPRESENTATION_CONTEXT(3) 
    GLOBAL_UNCERTAINTY_ASSIGNED_CONTEXT((#15))
    GLOBAL_UNIT_ASSIGNED_CONTEXT((#12, #13, #14))
    REPRESENTATION_CONTEXT('Context #1', '3D Context with UNIT and UNCERTAINTY')
);
#12 = ( LENGTH_UNIT() NAMED_UNIT(*) SI_UNIT(.MILLI.,.METRE.) );
#13 = ( NAMED_UNIT(*) PLANE_ANGLE_UNIT() SI_UNIT($,.RADIAN.) );
#14 = ( NAMED_UNIT(*) SI_UNIT($,.STERADIAN.) SOLID_ANGLE_UNIT() );
#15 = UNCERTAINTY_MEASURE_WITH_UNIT(LENGTH_MEASURE(1.0E-6), #12, 'distance_accuracy_value','confusion accuracy');
#16 = MANIFOLD_SOLID_BREP('', #17);
#17 = CLOSED_SHELL('', (#18, #30, #37, #44, #51, #58, #65, #72, #87, #94, #101, #108, #115, #122, #129, #144, #156, #163, #181, #188, #195, #205, #217, #228, #235, #281, #288));
#18 = ADVANCED_FACE('', (#19), #461, .F.);
#19 = FACE_BOUND('', #20, .F.);
#20 = EDGE_LOOP('', (#21, #22, #23, #24, #25, #26, #27, #28, #29));
#21 = ORIENTED_EDGE('', *, *, #295, .T.);
#22 = ORIENTED_EDGE('', *, *, #296, .T.);
#23 = ORIENTED_EDGE('', *, *, #297, .T.);
#24 = ORIENTED_EDGE('', *, *, #298, .T.);
#25 = ORIENTED_EDGE('', *, *, #299, .T.);
#26 = ORIENTED_EDGE('', *, *, #300, .T.);
#27 = ORIENTED_EDGE('', *, *, #301, .T.);
#28 = ORIENTED_EDGE('', *, *, #302, .T.);
#29 = ORIENTED_EDGE('', *, *, #303, .T.);
#30 = ADVANCED_FACE('', (#31), #466, .T.);
#31 = FACE_BOUND('', #32, .T.);
#32 = EDGE_LOOP('', (#33, #34, #35, #36));
#33 = ORIENTED_EDGE('', *, *, #303, .T.);
#34 = ORIENTED_EDGE('', *, *, #304, .T.);
#35 = ORIENTED_EDGE('', *, *, #305, .F.);
#36 = ORIENTED_EDGE('', *, *, #306, .F.);
#37 = ADVANCED_FACE('', (#38), #471, .T.);
#38 = FACE_BOUND('', #39, .T.);
#39 = EDGE_LOOP('', (#40, #41, #42, #43));
#40 = ORIENTED_EDGE('', *, *, #302, .T.);
#41 = ORIENTED_EDGE('', *, *, #306, .T.);
#42 = ORIENTED_EDGE('', *, *, #307, .F.);
#43 = ORIENTED_EDGE('', *, *, #308, .F.);
#44 = ADVANCED_FACE('', (#45), #476, .T.);
#45 = FACE_BOUND('', #46, .T.);
#46 = EDGE_LOOP('', (#47, #48, #49, #50));
#47 = ORIENTED_EDGE('', *, *, #301, .T.);
#48 = ORIENTED_EDGE('', *, *, #308, .T.);
#49 = ORIENTED_EDGE('', *, *, #309, .F.);
#50 = ORIENTED_EDGE('', *, *, #310, .F.);
#51 = ADVANCED_FACE('', (#52), #481, .T.);
#52 = FACE_BOUND('', #53, .T.);
#53 = EDGE_LOOP('', (#54, #55, #56, #57));
#54 = ORIENTED_EDGE('', *, *, #300, .T.);
#55 = ORIENTED_EDGE('', *, *, #310, .T.);
#56 = ORIENTED_EDGE('', *, *, #311, .F.);
#57 = ORIENTED_EDGE('', *, *, #312, .F.);
#58 = ADVANCED_FACE('', (#59), #486, .T.);
#59 = FACE_BOUND('', #60, .T.);
#60 = EDGE_LOOP('', (#61, #62, #63, #64));
#61 = ORIENTED_EDGE('', *, *, #299, .T.);
#62 = ORIENTED_EDGE('', *, *, #312, .T.);
#63 = ORIENTED_EDGE('', *, *, #313, .F.);
#64 = ORIENTED_EDGE('', *, *, #314, .F.);
#65 = ADVANCED_FACE('', (#66), #491, .T.);
#66 = FACE_BOUND('', #67, .T.);
#67 = EDGE_LOOP('', (#68, #69, #70, #71));
#68 = ORIENTED_EDGE('', *, *, #298, .T.);
#69 = ORIENTED_EDGE('', *, *, #314, .T.);
#70 = ORIENTED_EDGE('', *, *, #315, .F.);
#71 = ORIENTED_EDGE('', *, *, #316, .F.);
#72 = ADVANCED_FACE('', (#73, #79), #496, .T.);
#73 = FACE_BOUND('', #74, .T.);
#74 = EDGE_LOOP('', (#75, #76, #77, #78));
#75 = ORIENTED_EDGE('', *, *, #297, .T.);
#76 = ORIENTED_EDGE('', *, *, #316, .T.);
#77 = ORIENTED_EDGE('', *, *, #317, .F.);
#78 = ORIENTED_EDGE('', *, *, #318, .F.);
#79 = FACE_BOUND('', #80, .T.);
#80 = EDGE_LOOP('', (#81, #82, #83, #84, #85, #86));
#81 = ORIENTED_EDGE('', *, *, #319, .T.);
#82 = ORIENTED_EDGE('', *, *, #320, .F.);
#83 = ORIENTED_EDGE('', *, *, #321, .T.);
#84 = ORIENTED_EDGE('', *, *, #322, .T.);
#85 = ORIENTED_EDGE('', *, *, #323, .T.);
#86 = ORIENTED_EDGE('', *, *, #324, .F.);
#87 = ADVANCED_FACE('', (#88), #501, .T.);
#88 = FACE_BOUND('', #89, .T.);
#89 = EDGE_LOOP('', (#90, #91, #92, #93));
#90 = ORIENTED_EDGE('', *, *, #324, .T.);
#91 = ORIENTED_EDGE('', *, *, #325, .T.);
#92 = ORIENTED_EDGE('', *, *, #326, .T.);
#93 = ORIENTED_EDGE('', *, *, #327, .F.);
#94 = ADVANCED_FACE('', (#95), #506, .T.);
#95 = FACE_BOUND('', #96, .T.);
#96 = EDGE_LOOP('', (#97, #98, #99, #100));
#97 = ORIENTED_EDGE('', *, *, #328, .T.);
#98 = ORIENTED_EDGE('', *, *, #329, .T.);
#99 = ORIENTED_EDGE('', *, *, #325, .F.);
#100 = ORIENTED_EDGE('', *, *, #323, .F.);
#101 = ADVANCED_FACE('', (#102), #511, .T.);
#102 = FACE_BOUND('', #103, .T.);
#103 = EDGE_LOOP('', (#104, #105, #106, #107));
#104 = ORIENTED_EDGE('', *, *, #330, .T.);
#105 = ORIENTED_EDGE('', *, *, #331, .F.);
#106 = ORIENTED_EDGE('', *, *, #328, .F.);
#107 = ORIENTED_EDGE('', *, *, #322, .F.);
#108 = ADVANCED_FACE('', (#109), #516, .T.);
#109 = FACE_BOUND('', #110, .T.);
#110 = EDGE_LOOP('', (#111, #112, #113, #114));
#111 = ORIENTED_EDGE('', *, *, #332, .T.);
#112 = ORIENTED_EDGE('', *, *, #333, .F.);
#113 = ORIENTED_EDGE('', *, *, #330, .F.);
#114 = ORIENTED_EDGE('', *, *, #321, .F.);
#115 = ADVANCED_FACE('', (#116), #521, .T.);
#116 = FACE_BOUND('', #117, .T.);
#117 = EDGE_LOOP('', (#118, #119, #120, #121));
#118 = ORIENTED_EDGE('', *, *, #320, .T.);
#119 = ORIENTED_EDGE('', *, *, #334, .T.);
#120 = ORIENTED_EDGE('', *, *, #335, .F.);
#121 = ORIENTED_EDGE('', *, *, #332, .F.);
#122 = ADVANCED_FACE('', (#123), #526, .T.);
#123 = FACE_BOUND('', #124, .T.);
#124 = EDGE_LOOP('', (#125, #126, #127, #128));
#125 = ORIENTED_EDGE('', *, *, #327, .T.);
#126 = ORIENTED_EDGE('', *, *, #336, .T.);
#127 = ORIENTED_EDGE('', *, *, #334, .F.);
#128 = ORIENTED_EDGE('', *, *, #319, .F.);
#129 = ADVANCED_FACE('', (#130, #136), #531, .F.);
#130 = FACE_BOUND('', #131, .F.);
#131 = EDGE_LOOP('', (#132, #133, #134, #135));
#132 = ORIENTED_EDGE('', *, *, #337, .T.);
#133 = ORIENTED_EDGE('', *, *, #338, .F.);
#134 = ORIENTED_EDGE('', *, *, #339, .T.);
#135 = ORIENTED_EDGE('', *, *, #340, .T.);
#136 = FACE_BOUND('', #137, .F.);
#137 = EDGE_LOOP('', (#138, #139, #140, #141, #142, #143));
#138 = ORIENTED_EDGE('', *, *, #326, .T.);
#139 = ORIENTED_EDGE('', *, *, #336, .T.);
#140 = ORIENTED_EDGE('', *, *, #335, .F.);
#141 = ORIENTED_EDGE('', *, *, #333, .F.);
#142 = ORIENTED_EDGE('', *, *, #331, .F.);
#143 = ORIENTED_EDGE('', *, *, #329, .T.);
#144 = ADVANCED_FACE('', (#145), #536, .F.);
#145 = FACE_BOUND('', #146, .F.);
#146 = EDGE_LOOP('', (#147, #148, #149, #150, #151, #152, #153, #154, #155));
#147 = ORIENTED_EDGE('', *, *, #341, .T.);
#148 = ORIENTED_EDGE('', *, *, #340, .F.);
#149 = ORIENTED_EDGE('', *, *, #342, .T.);
#150 = ORIENTED_EDGE('', *, *, #343, .T.);
#151 = ORIENTED_EDGE('', *, *, #344, .F.);
#152 = ORIENTED_EDGE('', *, *, #345, .F.);
#153 = ORIENTED_EDGE('', *, *, #346, .T.);
#154 = ORIENTED_EDGE('', *, *, #347, .T.);
#155 = ORIENTED_EDGE('', *, *, #348, .F.);
#156 = ADVANCED_FACE('', (#157), #541, .F.);
#157 = FACE_BOUND('', #158, .F.);
#158 = EDGE_LOOP('', (#159, #160, #161, #162));
#159 = ORIENTED_EDGE('', *, *, #349, .T.);
#160 = ORIENTED_EDGE('', *, *, #343, .F.);
#161 = ORIENTED_EDGE('', *, *, #350, .T.);
#162 = ORIENTED_EDGE('', *, *, #351, .T.);
#163 = ADVANCED_FACE('', (#164), #546, .F.);
#164 = FACE_BOUND('', #165, .F.);
#165 = EDGE_LOOP('', (#166, #167, #168, #169, #170, #171, #172, #173, #174, #175, #176, #177, #178, #179, #180));
#166 = ORIENTED_EDGE('', *, *, #352, .T.);
#167 = ORIENTED_EDGE('', *, *, #353, .F.);
#168 = ORIENTED_EDGE('', *, *, #354, .T.);
#169 = ORIENTED_EDGE('', *, *, #355, .F.);
#170 = ORIENTED_EDGE('', *, *, #356, .F.);
#171 = ORIENTED_EDGE('', *, *, #357, .T.);
#172 = ORIENTED_EDGE('', *, *, #351, .F.);
#173 = ORIENTED_EDGE('', *, *, #358, .T.);
#174 = ORIENTED_EDGE('', *, *, #359, .T.);
#175 = ORIENTED_EDGE('', *, *, #360, .T.);
#176 = ORIENTED_EDGE('', *, *, #361, .T.);
#177 = ORIENTED_EDGE('', *, *, #362, .T.);
#178 = ORIENTED_EDGE('', *, *, #363, .F.);
#179 = ORIENTED_EDGE('', *, *, #364, .F.);
#180 = ORIENTED_EDGE('', *, *, #365, .F.);
#181 = ADVANCED_FACE('', (#182), #551, .F.);
#182 = FACE_BOUND('', #183, .F.);
#183 = EDGE_LOOP('', (#184, #185, #186, #187));
#184 = ORIENTED_EDGE('', *, *, #359, .F.);
#185 = ORIENTED_EDGE('', *, *, #366, .T.);
#186 = ORIENTED_EDGE('', *, *, #367, .T.);
#187 = ORIENTED_EDGE('', *, *, #368, .F.);
#188 = ADVANCED_FACE('', (#189), #556, .F.);
#189 = FACE_BOUND('', #190, .F.);
#190 = EDGE_LOOP('', (#191, #192, #193, #194));
#191 = ORIENTED_EDGE('', *, *, #367, .F.);
#192 = ORIENTED_EDGE('', *, *, #369, .T.);
#193 = ORIENTED_EDGE('', *, *, #370, .T.);
#194 = ORIENTED_EDGE('', *, *, #371, .F.);
#195 = ADVANCED_FACE('', (#196), #561, .F.);
#196 = FACE_BOUND('', #197, .F.);
#197 = EDGE_LOOP('', (#198, #199, #200, #201, #202, #203, #204));
#198 = ORIENTED_EDGE('', *, *, #372, .T.);
#199 = ORIENTED_EDGE('', *, *, #373, .T.);
#200 = ORIENTED_EDGE('', *, *, #374, .F.);
#201 = ORIENTED_EDGE('', *, *, #370, .F.);
#202 = ORIENTED_EDGE('', *, *, #375, .T.);
#203 = ORIENTED_EDGE('', *, *, #376, .T.);
#204 = ORIENTED_EDGE('', *, *, #377, .T.);
#205 = ADVANCED_FACE('', (#206), #566, .T.);
#206 = FACE_BOUND('', #207, .T.);
#207 = EDGE_LOOP('', (#208, #209, #210, #211, #212, #213, #214, #215, #216));
#208 = ORIENTED_EDGE('', *, *, #378, .T.);
#209 = ORIENTED_EDGE('', *, *, #379, .T.);
#210 = ORIENTED_EDGE('', *, *, #339, .T.);
#211 = ORIENTED_EDGE('', *, *, #342, .T.);
#212 = ORIENTED_EDGE('', *, *, #350, .T.);
#213 = ORIENTED_EDGE('', *, *, #358, .T.);
#214 = ORIENTED_EDGE('', *, *, #366, .T.);
#215 = ORIENTED_EDGE('', *, *, #369, .T.);
#216 = ORIENTED_EDGE('', *, *, #375, .T.);
#217 = ADVANCED_FACE('', (#218), #571, .F.);
#218 = FACE_BOUND('', #219, .F.);
#219 = EDGE_LOOP('', (#220, #221, #222, #223, #224, #225, #226, #227));
#220 = ORIENTED_EDGE('', *, *, #380, .T.);
#221 = ORIENTED_EDGE('', *, *, #381, .F.);
#222 = ORIENTED_EDGE('', *, *, #382, .F.);
#223 = ORIENTED_EDGE('', *, *, #383, .F.);
#224 = ORIENTED_EDGE('', *, *, #384, .F.);
#225 = ORIENTED_EDGE('', *, *, #379, .T.);
#226 = ORIENTED_EDGE('', *, *, #338, .T.);
#227 = ORIENTED_EDGE('', *, *, #385, .T.);
#228 = ADVANCED_FACE('', (#229), #576, .F.);
#229 = FACE_BOUND('', #230, .F.);
#230 = EDGE_LOOP('', (#231, #232, #233, #234));
#231 = ORIENTED_EDGE('', *, *, #376, .F.);
#232 = ORIENTED_EDGE('', *, *, #378, .T.);
#233 = ORIENTED_EDGE('', *, *, #384, .T.);
#234 = ORIENTED_EDGE('', *, *, #386, .F.);
#235 = ADVANCED_FACE('', (#236, #247), #581, .T.);
#236 = FACE_BOUND('', #237, .T.);
#237 = EDGE_LOOP('', (#238, #239, #240, #241, #242, #243, #244, #245, #246));
#238 = ORIENTED_EDGE('', *, *, #387, .T.);
#239 = ORIENTED_EDGE('', *, *, #388, .T.);
#240 = ORIENTED_EDGE('', *, *, #317, .T.);
#241 = ORIENTED_EDGE('', *, *, #315, .T.);
#242 = ORIENTED_EDGE('', *, *, #313, .T.);
#243 = ORIENTED_EDGE('', *, *, #311, .T.);
#244 = ORIENTED_EDGE('', *, *, #309, .T.);
#245 = ORIENTED_EDGE('', *, *, #307, .T.);
#246 = ORIENTED_EDGE('', *, *, #305, .T.);
#247 = FACE_BOUND('', #248, .T.);
#248 = EDGE_LOOP('', (#249, #250, #251, #252, #253, #254, #255, #256, #257, #258, #259, #260, #261, #262, #263, #264, #265, #266, #267, #268, #269, #270, #271, #272, #273, #274, #275, #276, #277, #278, #279, #280));
#249 = ORIENTED_EDGE('', *, *, #372, .T.);
#250 = ORIENTED_EDGE('', *, *, #373, .T.);
#251 = ORIENTED_EDGE('', *, *, #374, .F.);
#252 = ORIENTED_EDGE('', *, *, #371, .F.);
#253 = ORIENTED_EDGE('', *, *, #368, .F.);
#254 = ORIENTED_EDGE('', *, *, #360, .T.);
#255 = ORIENTED_EDGE('', *, *, #361, .T.);
#256 = ORIENTED_EDGE('', *, *, #362, .T.);
#257 = ORIENTED_EDGE('', *, *, #363, .F.);
#258 = ORIENTED_EDGE('', *, *, #364, .F.);
#259 = ORIENTED_EDGE('', *, *, #365, .F.);
#260 = ORIENTED_EDGE('', *, *, #352, .T.);
#261 = ORIENTED_EDGE('', *, *, #353, .F.);
#262 = ORIENTED_EDGE('', *, *, #354, .T.);
#263 = ORIENTED_EDGE('', *, *, #355, .F.);
#264 = ORIENTED_EDGE('', *, *, #356, .F.);
#265 = ORIENTED_EDGE('', *, *, #357, .T.);
#266 = ORIENTED_EDGE('', *, *, #349, .T.);
#267 = ORIENTED_EDGE('', *, *, #344, .F.);
#268 = ORIENTED_EDGE('', *, *, #345, .F.);
#269 = ORIENTED_EDGE('', *, *, #346, .T.);
#270 = ORIENTED_EDGE('', *, *, #347, .T.);
#271 = ORIENTED_EDGE('', *, *, #348, .F.);
#272 = ORIENTED_EDGE('', *, *, #341, .T.);
#273 = ORIENTED_EDGE('', *, *, #337, .T.);
#274 = ORIENTED_EDGE('', *, *, #385, .T.);
#275 = ORIENTED_EDGE('', *, *, #380, .T.);
#276 = ORIENTED_EDGE('', *, *, #381, .F.);
#277 = ORIENTED_EDGE('', *, *, #382, .F.);
#278 = ORIENTED_EDGE('', *, *, #383, .F.);
#279 = ORIENTED_EDGE('', *, *, #386, .F.);
#280 = ORIENTED_EDGE('', *, *, #377, .T.);
#281 = ADVANCED_FACE('', (#282), #586, .T.);
#282 = FACE_BOUND('', #283, .T.);
#283 = EDGE_LOOP('', (#284, #285, #286, #287));
#284 = ORIENTED_EDGE('', *, *, #296, .T.);
#285 = ORIENTED_EDGE('', *, *, #318, .T.);
#286 = ORIENTED_EDGE('', *, *, #388, .F.);
#287 = ORIENTED_EDGE('', *, *, #389, .F.);
#288 = ADVANCED_FACE('', (#289), #591, .T.);
#289 = FACE_BOUND('', #290, .T.);
#290 = EDGE_LOOP('', (#291, #292, #293, #294));
#291 = ORIENTED_EDGE('', *, *, #295, .T.);
#292 = ORIENTED_EDGE('', *, *, #389, .T.);
#293 = ORIENTED_EDGE('', *, *, #387, .F.);
#294 = ORIENTED_EDGE('', *, *, #304, .F.);
#295 = EDGE_CURVE('', #390, #391, #596, .T.);
#296 = EDGE_CURVE('', #391, #392, #601, .T.);
#297 = EDGE_CURVE('', #392, #393, #609, .T.);
#298 = EDGE_CURVE('', #393, #394, #614, .T.);
#299 = EDGE_CURVE('', #394, #395, #622, .T.);
#300 = EDGE_CURVE('', #395, #396, #627, .T.);
#301 = EDGE_CURVE('', #396, #397, #635, .T.);
#302 = EDGE_CURVE('', #397, #398, #640, .T.);
#303 = EDGE_CURVE('', #398, #390, #645, .T.);
#304 = EDGE_CURVE('', #390, #399, #653, .T.);
#305 = EDGE_CURVE('', #400, #399, #658, .T.);
#306 = EDGE_CURVE('', #398, #400, #666, .T.);
#307 = EDGE_CURVE('', #401, #400, #671, .T.);
#308 = EDGE_CURVE('', #397, #401, #676, .T.);
#309 = EDGE_CURVE('', #402, #401, #681, .T.);
#310 = EDGE_CURVE('', #396, #402, #686, .T.);
#311 = EDGE_CURVE('', #403, #402, #691, .T.);
#312 = EDGE_CURVE('', #395, #403, #699, .T.);
#313 = EDGE_CURVE('', #404, #403, #704, .T.);
#314 = EDGE_CURVE('', #394, #404, #709, .T.);
#315 = EDGE_CURVE('', #405, #404, #714, .T.);
#316 = EDGE_CURVE('', #393, #405, #722, .T.);
#317 = EDGE_CURVE('', #406, #405, #727, .T.);
#318 = EDGE_CURVE('', #392, #406, #732, .T.);
#319 = EDGE_CURVE('', #407, #408, #737, .T.);
#320 = EDGE_CURVE('', #409, #408, #753, .T.);
#321 = EDGE_CURVE('', #409, #410, #835, .T.);
#322 = EDGE_CURVE('', #410, #411, #918, .T.);
#323 = EDGE_CURVE('', #411, #412, #935, .T.);
#324 = EDGE_CURVE('', #407, #412, #1017, .T.);
#325 = EDGE_CURVE('', #412, #413, #1099, .T.);
#326 = EDGE_CURVE('', #413, #414, #1104, .T.);
#327 = EDGE_CURVE('', #407, #414, #1187, .T.);
#328 = EDGE_CURVE('', #411, #415, #1192, .T.);
#329 = EDGE_CURVE('', #415, #413, #1197, .T.);
#330 = EDGE_CURVE('', #410, #416, #1279, .T.);
#331 = EDGE_CURVE('', #415, #416, #1284, .T.);
#332 = EDGE_CURVE('', #409, #417, #1300, .T.);
#333 = EDGE_CURVE('', #416, #417, #1305, .T.);
#334 = EDGE_CURVE('', #408, #418, #1387, .T.);
#335 = EDGE_CURVE('', #417, #418, #1392, .T.);
#336 = EDGE_CURVE('', #414, #418, #1474, .T.);
#337 = EDGE_CURVE('', #419, #420, #1491, .T.);
#338 = EDGE_CURVE('', #421, #420, #1509, .T.);
#339 = EDGE_CURVE('', #421, #422, #1514, .T.);
#340 = EDGE_CURVE('', #422, #419, #1519, .T.);
#341 = EDGE_CURVE('', #423, #419, #1524, .T.);
#342 = EDGE_CURVE('', #422, #424, #1549, .T.);
#343 = EDGE_CURVE('', #424, #425, #1557, .T.);
#344 = EDGE_CURVE('', #426, #425, #1562, .T.);
#345 = EDGE_CURVE('', #427, #426, #1587, .T.);
#346 = EDGE_CURVE('', #427, #428, #1612, .T.);
#347 = EDGE_CURVE('', #428, #429, #1645, .T.);
#348 = EDGE_CURVE('', #423, #429, #1667, .T.);
#349 = EDGE_CURVE('', #430, #425, #1711, .T.);
#350 = EDGE_CURVE('', #424, #431, #1728, .T.);
#351 = EDGE_CURVE('', #431, #430, #1733, .T.);
#352 = EDGE_CURVE('', #432, #433, #1738, .T.);
#353 = EDGE_CURVE('', #434, #433, #1770, .T.);
#354 = EDGE_CURVE('', #434, #435, #1790, .T.);
#355 = EDGE_CURVE('', #436, #435, #1811, .T.);
#356 = EDGE_CURVE('', #437, #436, #1883, .T.);
#357 = EDGE_CURVE('', #437, #430, #1942, .T.);
#358 = EDGE_CURVE('', #431, #438, #1967, .T.);
#359 = EDGE_CURVE('', #438, #439, #1975, .T.);
#360 = EDGE_CURVE('', #439, #440, #1980, .T.);
#361 = EDGE_CURVE('', #440, #441, #2003, .T.);
#362 = EDGE_CURVE('', #441, #442, #2051, .T.);
#363 = EDGE_CURVE('', #443, #442, #2068, .T.);
#364 = EDGE_CURVE('', #444, #443, #2083, .T.);
#365 = EDGE_CURVE('', #432, #444, #2101, .T.);
#366 = EDGE_CURVE('', #438, #445, #2122, .T.);
#367 = EDGE_CURVE('', #445, #446, #2127, .T.);
#368 = EDGE_CURVE('', #439, #446, #2132, .T.);
#369 = EDGE_CURVE('', #445, #447, #2148, .T.);
#370 = EDGE_CURVE('', #447, #448, #2153, .T.);
#371 = EDGE_CURVE('', #446, #448, #2158, .T.);
#372 = EDGE_CURVE('', #449, #450, #2179, .T.);
#373 = EDGE_CURVE('', #450, #451, #2197, .T.);
#374 = EDGE_CURVE('', #448, #451, #2226, .T.);
#375 = EDGE_CURVE('', #447, #452, #2275, .T.);
#376 = EDGE_CURVE('', #452, #453, #2283, .T.);
#377 = EDGE_CURVE('', #453, #449, #2288, .T.);
#378 = EDGE_CURVE('', #452, #454, #2339, .T.);
#379 = EDGE_CURVE('', #454, #421, #2344, .T.);
#380 = EDGE_CURVE('', #455, #456, #2352, .T.);
#381 = EDGE_CURVE('', #457, #456, #2377, .T.);
#382 = EDGE_CURVE('', #458, #457, #2417, .T.);
#383 = EDGE_CURVE('', #459, #458, #2444, .T.);
#384 = EDGE_CURVE('', #454, #459, #2471, .T.);
#385 = EDGE_CURVE('', #420, #455, #2476, .T.);
#386 = EDGE_CURVE('', #453, #459, #2517, .T.);
#387 = EDGE_CURVE('', #399, #460, #2534, .T.);
#388 = EDGE_CURVE('', #460, #406, #2539, .T.);
#389 = EDGE_CURVE('', #391, #460, #2547, .T.);
#390 = VERTEX_POINT('', #2552);
#391 = VERTEX_POINT('', #2553);
#392 = VERTEX_POINT('', #2554);
#393 = VERTEX_POINT('', #2555);
#394 = VERTEX_POINT('', #2556);
#395 = VERTEX_POINT('', #2557);
#396 = VERTEX_POINT('', #2558);
#397 = VERTEX_POINT('', #2559);
#398 = VERTEX_POINT('', #2560);
#399 = VERTEX_POINT('', #2561);
#400 = VERTEX_POINT('', #2562);
#401 = VERTEX_POINT('', #2563);
#402 = VERTEX_POINT('', #2564);
#403 = VERTEX_POINT('', #2565);
#404 = VERTEX_POINT('', #2566);
#405 = VERTEX_POINT('', #2567);
#406 = VERTEX_POINT('', #2568);
#407 = VERTEX_POINT('', #2569);
#408 = VERTEX_POINT('', #2570);
#409 = VERTEX_POINT('', #2571);
#410 = VERTEX_POINT('', #2572);
#411 = VERTEX_POINT('', #2573);
#412 = VERTEX_POINT('', #2574);
#413 = VERTEX_POINT('', #2575);
#414 = VERTEX_POINT('', #2576);
#415 = VERTEX_POINT('', #2577);
#416 = VERTEX_POINT('', #2578);
#417 = VERTEX_POINT('', #2579);
#418 = VERTEX_POINT('', #2580);
#419 = VERTEX_POINT('', #2581);
#420 = VERTEX_POINT('', #2582);
#421 = VERTEX_POINT('', #2583);
#422 = VERTEX_POINT('', #2584);
#423 = VERTEX_POINT('', #2585);
#424 = VERTEX_POINT('', #2586);
#425 = VERTEX_POINT('', #2587);
#426 = VERTEX_POINT('', #2588);
#427 = VERTEX_POINT('', #2589);
#428 = VERTEX_POINT('', #2590);
#429 = VERTEX_POINT('', #2591);
#430 = VERTEX_POINT('', #2592);
#431 = VERTEX_POINT('', #2593);
#432 = VERTEX_POINT('', #2594);
#433 = VERTEX_POINT('', #2595);
#434 = VERTEX_POINT('', #2596);
#435 = VERTEX_POINT('', #2597);
#436 = VERTEX_POINT('', #2598);
#437 = VERTEX_POINT('', #2599);
#438 = VERTEX_POINT('', #2600);
#439 = VERTEX_POINT('', #2601);
#440 = VERTEX_POINT('', #2602);
#441 = VERTEX_POINT('', #2603);
#442 = VERTEX_POINT('', #2604);
#443 = VERTEX_POINT('', #2605);
#444 = VERTEX_POINT('', #2606);
#445 = VERTEX_POINT('', #2607);
#446 = VERTEX_POINT('', #2608);
#447 = VERTEX_POINT('', #2609);
#448 = VERTEX_POINT('', #2610);
#449 = VERTEX_POINT('', #2611);
#450 = VERTEX_POINT('', #2612);
#451 = VERTEX_POINT('', #2613);
#452 = VERTEX_POINT('', #2614);
#453 = VERTEX_POINT('', #2615);
#454 = VERTEX_POINT('', #2616);
#455 = VERTEX_POINT('', #2617);
#456 = VERTEX_POINT('', #2618);
#457 = VERTEX_POINT('', #2619);
#458 = VERTEX_POINT('', #2620);
#459 = VERTEX_POINT('', #2621);
#460 = VERTEX_POINT('', #2622);
#461 = PLANE('', #462);
#462 = AXIS2_PLACEMENT_3D('', #463, #464, #465);
#463 = CARTESIAN_POINT('', (30.750000000000085, 29.239590861319385, 0.0));
#464 = DIRECTION('', (0.0, 0.0, 0.9999999999999999));
#465 = DIRECTION('', (-1.0, 0.0, 0.0));
#466 = CYLINDRICAL_SURFACE('', #467, 9.249998771175639);
#467 = AXIS2_PLACEMENT_3D('', #468, #469, #470);
#468 = CARTESIAN_POINT('', (-21.500001228824402, 11.500001228824445, 13.0));
#469 = DIRECTION('', (0.0, 0.0, 1.0));
#470 = DIRECTION('', (0.7071067853307959, -0.7071067770422991, 0.0));
#471 = PLANE('', #472);
#472 = AXIS2_PLACEMENT_3D('', #473, #474, #475);
#473 = CARTESIAN_POINT('', (13.0, 20.75, 0.0));
#474 = DIRECTION('', (0.0, 1.0, -0.0));
#475 = DIRECTION('', (-1.0, 0.0, 0.0));
#476 = PLANE('', #477);
#477 = AXIS2_PLACEMENT_3D('', #478, #479, #480);
#478 = CARTESIAN_POINT('', (12.250000562528157, 20.0009185813619, 0.0));
#479 = DIRECTION('', (0.7066736251095612, -0.7075396720852559, 0.0));
#480 = DIRECTION('', (0.7075396720852558, 0.7066736251095611, 0.0));
#481 = CYLINDRICAL_SURFACE('', #482, 9.250003187660097);
#482 = AXIS2_PLACEMENT_3D('', #483, #484, #485);
#483 = CARTESIAN_POINT('', (21.49999681234027, 19.989589407327685, 13.0));
#484 = DIRECTION('', (0.0, 0.0, 1.0));
#485 = DIRECTION('', (-6.1224754514E-4, -0.9999998125764542, 0.0));
#486 = PLANE('', #487);
#487 = AXIS2_PLACEMENT_3D('', #488, #489, #490);
#488 = CARTESIAN_POINT('', (30.750000000000085, -11.499999891574419, 0.0));
#489 = DIRECTION('', (1.0, 2.7077241453E-15, -0.0));
#490 = DIRECTION('', (-2.7077241453E-15, 1.0, 0.0));
#491 = CYLINDRICAL_SURFACE('', #492, 9.249998771177005);
#492 = AXIS2_PLACEMENT_3D('', #493, #494, #495);
#493 = CARTESIAN_POINT('', (21.50000122882315, -11.500001228823066, 13.0));
#494 = DIRECTION('', (0.0, 0.0, 1.0));
#495 = DIRECTION('', (-0.7071067853307866, 0.7071067770423083, 0.0));
#496 = PLANE('', #497);
#497 = AXIS2_PLACEMENT_3D('', #498, #499, #500);
#498 = CARTESIAN_POINT('', (-21.499999891574276, -20.7499999999998, 0.0));
#499 = DIRECTION('', (-4.6267899189E-15, -1.0, 0.0));
#500 = DIRECTION('', (1.0, -4.6267899189E-15, 0.0));
#501 = CYLINDRICAL_SURFACE('', #502, 1.2999999999999956);
#502 = AXIS2_PLACEMENT_3D('', #503, #504, #505);
#503 = CARTESIAN_POINT('', (-2.999999900000006, -14.24999979999997, 8.000000300000007));
#504 = DIRECTION('', (0.0, -1.0, 0.0));
#505 = DIRECTION('', (0.7071067811865512, 0.0, -0.7071067811865437));
#506 = CYLINDRICAL_SURFACE('', #507, 1.3000000000000063);
#507 = AXIS2_PLACEMENT_3D('', #508, #509, #510);
#508 = CARTESIAN_POINT('', (-2.9999998999999917, -14.249999800000026, 8.000000300000012));
#509 = DIRECTION('', (0.0, -1.0, 0.0));
#510 = DIRECTION('', (0.7071067811865455, 0.0, 0.7071067811865496));
#511 = PLANE('', #512);
#512 = AXIS2_PLACEMENT_3D('', #513, #514, #515);
#513 = CARTESIAN_POINT('', (-2.999999900000006, -25.749999799999998, 6.7000003));
#514 = DIRECTION('', (0.0, 0.0, 1.0));
#515 = DIRECTION('', (1.0, 0.0, 0.0));
#516 = CYLINDRICAL_SURFACE('', #517, 1.2999999999999565);
#517 = AXIS2_PLACEMENT_3D('', #518, #519, #520);
#518 = CARTESIAN_POINT('', (3.000000100000051, -14.249999799999998, 8.00000029999996));
#519 = DIRECTION('', (0.0, -1.0, 0.0));
#520 = DIRECTION('', (-0.7071067811865397, 0.0, 0.7071067811865553));
#521 = CYLINDRICAL_SURFACE('', #522, 1.3000000000000276);
#522 = AXIS2_PLACEMENT_3D('', #523, #524, #525);
#523 = CARTESIAN_POINT('', (3.00000009999998, -14.249999799999998, 8.000000299999988));
#524 = DIRECTION('', (0.0, -1.0, 0.0));
#525 = DIRECTION('', (-0.7071067811865448, 0.0, -0.7071067811865503));
#526 = PLANE('', #527);
#527 = AXIS2_PLACEMENT_3D('', #528, #529, #530);
#528 = CARTESIAN_POINT('', (3.000000099999994, -25.749999799999998, 9.3000003));
#529 = DIRECTION('', (0.0, 0.0, -1.0));
#530 = DIRECTION('', (-1.0, 0.0, 0.0));
#531 = PLANE('', #532);
#532 = AXIS2_PLACEMENT_3D('', #533, #534, #535);
#533 = CARTESIAN_POINT('', (-21.50000000842573, -19.249999799999813, 2.0000003));
#534 = DIRECTION('', (-4.2963049031E-15, -1.0, 0.0));
#535 = DIRECTION('', (1.0, -4.2963049031E-15, 0.0));
#536 = CYLINDRICAL_SURFACE('', #537, 7.749998771177022);
#537 = AXIS2_PLACEMENT_3D('', #538, #539, #540);
#538 = CARTESIAN_POINT('', (21.500001328823146, -11.500001028823064, 18.0000003));
#539 = DIRECTION('', (0.0, 0.0, 1.0));
#540 = DIRECTION('', (-0.7071067762401911, 0.707106786132904, 0.0));
#541 = PLANE('', #542);
#542 = AXIS2_PLACEMENT_3D('', #543, #544, #545);
#543 = CARTESIAN_POINT('', (29.250000100000108, -11.499999908425579, 2.0000003));
#544 = DIRECTION('', (1.0, 3.6102988356E-15, -0.0));
#545 = DIRECTION('', (-3.6102988356E-15, 1.0, 0.0));
#546 = CYLINDRICAL_SURFACE('', #547, 7.750003187660169);
#547 = AXIS2_PLACEMENT_3D('', #548, #549, #550);
#548 = CARTESIAN_POINT('', (21.499996912340265, 19.989589607327645, 18.0000003));
#549 = DIRECTION('', (0.0, 0.0, 1.0));
#550 = DIRECTION('', (-6.1222042040E-4, -0.9999998125930608, 0.0));
#551 = PLANE('', #552);
#552 = AXIS2_PLACEMENT_3D('', #553, #554, #555);
#553 = CARTESIAN_POINT('', (13.749999537472092, 19.9990816186381, 2.0000003));
#554 = DIRECTION('', (-0.7066736251094404, 0.7075396720853764, 0.0));
#555 = DIRECTION('', (-0.7075396720853764, -0.7066736251094404, 0.0));
#556 = PLANE('', #557);
#557 = AXIS2_PLACEMENT_3D('', #558, #559, #560);
#558 = CARTESIAN_POINT('', (13.000000099999994, 19.250000200000002, 2.0000003));
#559 = DIRECTION('', (0.0, 1.0, -0.0));
#560 = DIRECTION('', (-1.0, 0.0, 0.0));
#561 = CYLINDRICAL_SURFACE('', #562, 7.749998771175666);
#562 = AXIS2_PLACEMENT_3D('', #563, #564, #565);
#563 = CARTESIAN_POINT('', (-21.50000112882438, 11.500001428824433, 18.0000003));
#564 = DIRECTION('', (0.0, 0.0, 1.0));
#565 = DIRECTION('', (0.7071067762401919, -0.707106786132903, 0.0));
#566 = PLANE('', #567);
#567 = AXIS2_PLACEMENT_3D('', #568, #569, #570);
#568 = CARTESIAN_POINT('', (29.250000100000108, 27.739591342583452, 2.0000003));
#569 = DIRECTION('', (0.0, 0.0, 1.0));
#570 = DIRECTION('', (-1.0, 0.0, 0.0));
#571 = CYLINDRICAL_SURFACE('', #572, 7.749998771175425);
#572 = AXIS2_PLACEMENT_3D('', #573, #574, #575);
#573 = CARTESIAN_POINT('', (-21.500001128824678, -11.500001028824485, 18.0000003));
#574 = DIRECTION('', (0.0, 0.0, 1.0));
#575 = DIRECTION('', (0.7071067861328995, 0.7071067762401956, 0.0));
#576 = PLANE('', #577);
#577 = AXIS2_PLACEMENT_3D('', #578, #579, #580);
#578 = CARTESIAN_POINT('', (-29.249999899999978, 11.500000308425697, 2.0000003));
#579 = DIRECTION('', (-1.0, 1.2357264911E-15, 0.0));
#580 = DIRECTION('', (-1.2357264911E-15, -1.0, 0.0));
#581 = PLANE('', #582);
#582 = AXIS2_PLACEMENT_3D('', #583, #584, #585);
#583 = CARTESIAN_POINT('', (30.750000000000085, 29.239590861319385, 13.0));
#584 = DIRECTION('', (0.0, 0.0, 0.9999999999999999));
#585 = DIRECTION('', (-1.0, 0.0, 0.0));
#586 = CYLINDRICAL_SURFACE('', #587, 9.249998771175337);
#587 = AXIS2_PLACEMENT_3D('', #588, #589, #590);
#588 = CARTESIAN_POINT('', (-21.500001228824743, -11.500001228824587, 13.0));
#589 = DIRECTION('', (0.0, 0.0, 1.0));
#590 = DIRECTION('', (0.7071067770422945, 0.7071067853308004, 0.0));
#591 = PLANE('', #592);
#592 = AXIS2_PLACEMENT_3D('', #593, #594, #595);
#593 = CARTESIAN_POINT('', (-30.749999999999943, 11.499999891574305, 0.0));
#594 = DIRECTION('', (-1.0, 2.4714530056E-15, 0.0));
#595 = DIRECTION('', (-2.4714530056E-15, -1.0, 0.0));
#596 = SURFACE_CURVE('', #597, (#461, #591), .CURVE_3D.);
#597 = LINE('', #598, #599);
#598 = CARTESIAN_POINT('', (-30.749999999999943, 11.499999891574305, 0.0));
#599 = VECTOR('', #600, 22.999999891574305);
#600 = DIRECTION('', (-2.4714530056E-15, -1.0, 0.0));
#601 = SURFACE_CURVE('', #602, (#461, #586), .CURVE_3D.);
#602 = (
    BOUNDED_CURVE()
    B_SPLINE_CURVE(2, (#603, #604, #605, #606, #607, #608), .UNSPECIFIED., .U., .U.)
    B_SPLINE_CURVE_WITH_KNOTS((3, 1, 1, 1, 3), (0.0, 0.25, 0.5, 0.75, 1.0), .UNSPECIFIED.)
    CURVE()
    GEOMETRIC_REPRESENTATION_ITEM()
    RATIONAL_B_SPLINE_CURVE((1.0, 0.9267766707765097, 0.8535533415530194, 0.8535533415530194, 0.9267766707765097, 1.0))
    REPRESENTATION_ITEM('')
);
#603 = CARTESIAN_POINT('', (-30.75, -11.5, 0.0));
#604 = CARTESIAN_POINT('', (-30.750000234390416, -13.264378077954168, 0.0));
#605 = CARTESIAN_POINT('', (-29.3953692782758, -16.686106909382744, 0.0));
#606 = CARTESIAN_POINT('', (-26.686106816835622, -19.39536933906572, 0.0));
#607 = CARTESIAN_POINT('', (-23.264377969528468, -20.750000255071782, 0.0));
#608 = CARTESIAN_POINT('', (-21.49999989157429, -20.74999999999983, 0.0));
#609 = SURFACE_CURVE('', #610, (#461, #496), .CURVE_3D.);
#610 = LINE('', #611, #612);
#611 = CARTESIAN_POINT('', (-21.499999891574276, -20.7499999999998, 0.0));
#612 = VECTOR('', #613, 42.99999989157428);
#613 = DIRECTION('', (1.0, -4.6267899189E-15, 0.0));
#614 = SURFACE_CURVE('', #615, (#461, #491), .CURVE_3D.);
#615 = (
    BOUNDED_CURVE()
    B_SPLINE_CURVE(2, (#616, #617, #618, #619, #620, #621), .UNSPECIFIED., .U., .U.)
    B_SPLINE_CURVE_WITH_KNOTS((3, 1, 1, 1, 3), (0.0, 0.25, 0.5, 0.75, 1.0), .UNSPECIFIED.)
    CURVE()
    GEOMETRIC_REPRESENTATION_ITEM()
    RATIONAL_B_SPLINE_CURVE((1.0, 0.9267766707765404, 0.8535533415530807, 0.8535533415530807, 0.9267766707765404, 1.0))
    REPRESENTATION_ITEM('')
);
#616 = CARTESIAN_POINT('', (21.5, -20.75, 0.0));
#617 = CARTESIAN_POINT('', (23.264378077954113, -20.750000234390164, 0.0));
#618 = CARTESIAN_POINT('', (26.686106909382428, -19.39536927827534, 0.0));
#619 = CARTESIAN_POINT('', (29.395369339065294, -16.68610681683537, 0.0));
#620 = CARTESIAN_POINT('', (30.75000025507171, -13.264377969528542, 0.0));
#621 = CARTESIAN_POINT('', (30.750000000000085, -11.49999989157439, 0.0));
#622 = SURFACE_CURVE('', #623, (#461, #486), .CURVE_3D.);
#623 = LINE('', #624, #625);
#624 = CARTESIAN_POINT('', (30.750000000000085, -11.499999891574419, 0.0));
#625 = VECTOR('', #626, 31.48959189157442);
#626 = DIRECTION('', (-2.7077241453E-15, 1.0, 0.0));
#627 = SURFACE_CURVE('', #628, (#461, #481), .CURVE_3D.);
#628 = (
    BOUNDED_CURVE()
    B_SPLINE_CURVE(2, (#629, #630, #631, #632, #633, #634), .UNSPECIFIED., .U., .U.)
    B_SPLINE_CURVE_WITH_KNOTS((3, 1, 1, 1, 3), (0.0, 0.25, 0.5, 0.75, 1.0), .UNSPECIFIED.)
    CURVE()
    GEOMETRIC_REPRESENTATION_ITEM()
    RATIONAL_B_SPLINE_CURVE((1.0, 0.7501531319584501, 0.5003062639169003, 0.5003062639169001, 0.75015313195845, 1.0))
    REPRESENTATION_ITEM('')
);
#629 = CARTESIAN_POINT('', (30.75, 19.989592000000002, 0.0));
#630 = CARTESIAN_POINT('', (30.749999135952475, 23.072296403384385, 0.0));
#631 = CARTESIAN_POINT('', (26.127828756499458, 29.23676094937875, 0.0));
#632 = CARTESIAN_POINT('', (16.883491451667815, 29.242420773260033, 0.0));
#633 = CARTESIAN_POINT('', (12.253776182273773, 23.08362067260291, 0.0));
#634 = CARTESIAN_POINT('', (12.250000562528186, 20.0009185813619, 0.0));
#635 = SURFACE_CURVE('', #636, (#461, #476), .CURVE_3D.);
#636 = LINE('', #637, #638);
#637 = CARTESIAN_POINT('', (12.250000562528157, 20.0009185813619, 0.0));
#638 = VECTOR('', #639, 1.060010437664152);
#639 = DIRECTION('', (0.7075396720852559, 0.7066736251095611, 0.0));
#640 = SURFACE_CURVE('', #641, (#461, #471), .CURVE_3D.);
#641 = LINE('', #642, #643);
#642 = CARTESIAN_POINT('', (13.0, 20.75, 0.0));
#643 = VECTOR('', #644, 34.5);
#644 = DIRECTION('', (-1.0, 0.0, 0.0));
#645 = SURFACE_CURVE('', #646, (#461, #466), .CURVE_3D.);
#646 = (
    BOUNDED_CURVE()
    B_SPLINE_CURVE(2, (#647, #648, #649, #650, #651, #652), .UNSPECIFIED., .U., .U.)
    B_SPLINE_CURVE_WITH_KNOTS((3, 1, 1, 1, 3), (0.0, 0.25, 0.5, 0.75, 1.0), .UNSPECIFIED.)
    CURVE()
    GEOMETRIC_REPRESENTATION_ITEM()
    RATIONAL_B_SPLINE_CURVE((1.0, 0.9267766707765147, 0.8535533415530294, 0.8535533415530293, 0.9267766707765146, 1.0))
    REPRESENTATION_ITEM('')
);
#647 = CARTESIAN_POINT('', (-21.5, 20.75, 0.0));
#648 = CARTESIAN_POINT('', (-23.264378077954188, 20.750000234390388, 0.0));
#649 = CARTESIAN_POINT('', (-26.686106909382715, 19.395369278275755, 0.0));
#650 = CARTESIAN_POINT('', (-29.3953693390657, 16.686106816835593, 0.0));
#651 = CARTESIAN_POINT('', (-30.750000255071846, 13.264377969528466, 0.0));
#652 = CARTESIAN_POINT('', (-30.749999999999943, 11.49999989157429, 0.0));
#653 = SURFACE_CURVE('', #654, (#466, #591), .CURVE_3D.);
#654 = LINE('', #655, #656);
#655 = CARTESIAN_POINT('', (-30.749999999999943, 11.499999891574305, 0.0));
#656 = VECTOR('', #657, 13.0);
#657 = DIRECTION('', (0.0, 0.0, 1.0));
#658 = SURFACE_CURVE('', #659, (#466, #581), .CURVE_3D.);
#659 = (
    BOUNDED_CURVE()
    B_SPLINE_CURVE(2, (#660, #661, #662, #663, #664, #665), .UNSPECIFIED., .U., .U.)
    B_SPLINE_CURVE_WITH_KNOTS((3, 1, 1, 1, 3), (0.0, 0.25, 0.5, 0.75, 1.0), .UNSPECIFIED.)
    CURVE()
    GEOMETRIC_REPRESENTATION_ITEM()
    RATIONAL_B_SPLINE_CURVE((1.0, 0.9267766707765147, 0.8535533415530294, 0.8535533415530293, 0.9267766707765146, 1.0))
    REPRESENTATION_ITEM('')
);
#660 = CARTESIAN_POINT('', (-21.5, 20.75, 13.0));
#661 = CARTESIAN_POINT('', (-23.264378077954188, 20.750000234390388, 13.0));
#662 = CARTESIAN_POINT('', (-26.686106909382715, 19.395369278275755, 13.0));
#663 = CARTESIAN_POINT('', (-29.3953693390657, 16.686106816835593, 13.0));
#664 = CARTESIAN_POINT('', (-30.750000255071846, 13.264377969528466, 13.000000000000002));
#665 = CARTESIAN_POINT('', (-30.749999999999943, 11.49999989157429, 13.0));
#666 = SURFACE_CURVE('', #667, (#466, #471), .CURVE_3D.);
#667 = LINE('', #668, #669);
#668 = CARTESIAN_POINT('', (-21.5, 20.75, 0.0));
#669 = VECTOR('', #670, 13.0);
#670 = DIRECTION('', (0.0, 0.0, 1.0));
#671 = SURFACE_CURVE('', #672, (#471, #581), .CURVE_3D.);
#672 = LINE('', #673, #674);
#673 = CARTESIAN_POINT('', (13.0, 20.75, 13.0));
#674 = VECTOR('', #675, 34.5);
#675 = DIRECTION('', (-1.0, 0.0, 0.0));
#676 = SURFACE_CURVE('', #677, (#471, #476), .CURVE_3D.);
#677 = LINE('', #678, #679);
#678 = CARTESIAN_POINT('', (13.0, 20.75, 0.0));
#679 = VECTOR('', #680, 13.0);
#680 = DIRECTION('', (0.0, 0.0, 1.0));
#681 = SURFACE_CURVE('', #682, (#476, #581), .CURVE_3D.);
#682 = LINE('', #683, #684);
#683 = CARTESIAN_POINT('', (12.250000562528157, 20.0009185813619, 13.0));
#684 = VECTOR('', #685, 1.060010437664152);
#685 = DIRECTION('', (0.7075396720852559, 0.7066736251095611, 0.0));
#686 = SURFACE_CURVE('', #687, (#476, #481), .CURVE_3D.);
#687 = LINE('', #688, #689);
#688 = CARTESIAN_POINT('', (12.250000562528157, 20.0009185813619, 0.0));
#689 = VECTOR('', #690, 13.0);
#690 = DIRECTION('', (0.0, 0.0, 1.0));
#691 = SURFACE_CURVE('', #692, (#481, #581), .CURVE_3D.);
#692 = (
    BOUNDED_CURVE()
    B_SPLINE_CURVE(2, (#693, #694, #695, #696, #697, #698), .UNSPECIFIED., .U., .U.)
    B_SPLINE_CURVE_WITH_KNOTS((3, 1, 1, 1, 3), (0.0, 0.25, 0.5, 0.75, 1.0), .UNSPECIFIED.)
    CURVE()
    GEOMETRIC_REPRESENTATION_ITEM()
    RATIONAL_B_SPLINE_CURVE((1.0, 0.7501531319584501, 0.5003062639169003, 0.5003062639169001, 0.75015313195845, 1.0))
    REPRESENTATION_ITEM('')
);
#693 = CARTESIAN_POINT('', (30.75, 19.989592000000002, 13.0));
#694 = CARTESIAN_POINT('', (30.749999135952475, 23.072296403384385, 13.000000000000002));
#695 = CARTESIAN_POINT('', (26.127828756499458, 29.23676094937875, 13.0));
#696 = CARTESIAN_POINT('', (16.883491451667815, 29.242420773260033, 13.0));
#697 = CARTESIAN_POINT('', (12.253776182273773, 23.08362067260291, 13.0));
#698 = CARTESIAN_POINT('', (12.250000562528186, 20.0009185813619, 13.0));
#699 = SURFACE_CURVE('', #700, (#481, #486), .CURVE_3D.);
#700 = LINE('', #701, #702);
#701 = CARTESIAN_POINT('', (30.75, 19.989592000000002, 0.0));
#702 = VECTOR('', #703, 13.0);
#703 = DIRECTION('', (0.0, 0.0, 1.0));
#704 = SURFACE_CURVE('', #705, (#486, #581), .CURVE_3D.);
#705 = LINE('', #706, #707);
#706 = CARTESIAN_POINT('', (30.750000000000085, -11.499999891574419, 13.0));
#707 = VECTOR('', #708, 31.48959189157442);
#708 = DIRECTION('', (-2.7077241453E-15, 1.0, 0.0));
#709 = SURFACE_CURVE('', #710, (#486, #491), .CURVE_3D.);
#710 = LINE('', #711, #712);
#711 = CARTESIAN_POINT('', (30.750000000000085, -11.499999891574419, 0.0));
#712 = VECTOR('', #713, 13.0);
#713 = DIRECTION('', (0.0, 0.0, 1.0));
#714 = SURFACE_CURVE('', #715, (#491, #581), .CURVE_3D.);
#715 = (
    BOUNDED_CURVE()
    B_SPLINE_CURVE(2, (#716, #717, #718, #719, #720, #721), .UNSPECIFIED., .U., .U.)
    B_SPLINE_CURVE_WITH_KNOTS((3, 1, 1, 1, 3), (0.0, 0.25, 0.5, 0.75, 1.0), .UNSPECIFIED.)
    CURVE()
    GEOMETRIC_REPRESENTATION_ITEM()
    RATIONAL_B_SPLINE_CURVE((1.0, 0.9267766707765404, 0.8535533415530807, 0.8535533415530807, 0.9267766707765404, 1.0))
    REPRESENTATION_ITEM('')
);
#716 = CARTESIAN_POINT('', (21.5, -20.75, 13.0));
#717 = CARTESIAN_POINT('', (23.264378077954113, -20.750000234390164, 13.0));
#718 = CARTESIAN_POINT('', (26.686106909382428, -19.39536927827534, 13.0));
#719 = CARTESIAN_POINT('', (29.395369339065294, -16.68610681683537, 13.0));
#720 = CARTESIAN_POINT('', (30.75000025507171, -13.264377969528542, 13.0));
#721 = CARTESIAN_POINT('', (30.750000000000085, -11.49999989157439, 13.0));
#722 = SURFACE_CURVE('', #723, (#491, #496), .CURVE_3D.);
#723 = LINE('', #724, #725);
#724 = CARTESIAN_POINT('', (21.5, -20.75, 0.0));
#725 = VECTOR('', #726, 13.0);
#726 = DIRECTION('', (0.0, 0.0, 1.0));
#727 = SURFACE_CURVE('', #728, (#496, #581), .CURVE_3D.);
#728 = LINE('', #729, #730);
#729 = CARTESIAN_POINT('', (-21.499999891574276, -20.7499999999998, 13.0));
#730 = VECTOR('', #731, 42.99999989157428);
#731 = DIRECTION('', (1.0, -4.6267899189E-15, 0.0));
#732 = SURFACE_CURVE('', #733, (#496, #586), .CURVE_3D.);
#733 = LINE('', #734, #735);
#734 = CARTESIAN_POINT('', (-21.499999891574276, -20.7499999999998, 0.0));
#735 = VECTOR('', #736, 13.0);
#736 = DIRECTION('', (0.0, 0.0, 1.0));
#737 = SURFACE_CURVE('', #738, (#496, #526), .CURVE_3D.);
#738 = INTERSECTION_CURVE('', #739, (#743, #748), .CURVE_3D.);
#739 = B_SPLINE_CURVE_WITH_KNOTS('', 1, (#740, #741, #742), .UNSPECIFIED., .U., .U., (2, 1, 2), (0.0, 0.5, 1.0), .UNSPECIFIED.);
#740 = CARTESIAN_POINT('', (-2.999999900000006, -20.749999999999886, 9.3000003));
#741 = CARTESIAN_POINT('', (-0.3913043521738615, -20.7499999999999, 9.3000003));
#742 = CARTESIAN_POINT('', (3.000000099999994, -20.749999999999915, 9.3000003));
#743 = PLANE('', #744);
#744 = AXIS2_PLACEMENT_3D('', #745, #746, #747);
#745 = CARTESIAN_POINT('', (-21.499999891574276, -20.7499999999998, 0.0));
#746 = DIRECTION('', (-4.6267899189E-15, -1.0, 0.0));
#747 = DIRECTION('', (1.0, -4.6267899189E-15, 0.0));
#748 = PLANE('', #749);
#749 = AXIS2_PLACEMENT_3D('', #750, #751, #752);
#750 = CARTESIAN_POINT('', (3.000000099999994, -25.749999799999998, 9.3000003));
#751 = DIRECTION('', (0.0, 0.0, -1.0));
#752 = DIRECTION('', (-1.0, 0.0, 0.0));
#753 = SURFACE_CURVE('', #754, (#496, #521), .CURVE_3D.);
#754 = INTERSECTION_CURVE('', #755, (#825, #830), .CURVE_3D.);
#755 = B_SPLINE_CURVE_WITH_KNOTS('', 1, (#756, #757, #758, #759, #760, #761, #762, #763, #764, #765, #766, #767, #768, #769, #770, #771, #772, #773, #774, #775, #776, #777, #778, #779, #780, #781, #782, #783, #784, #785, #786, #787, #788, #789, #790, #791, #792, #793, #794, #795, #796, #797, #798, #799, #800, #801, #802, #803, #804, #805, #806, #807, #808, #809, #810, #811, #812, #813, #814, #815, #816, #817, #818, #819, #820, #821, #822, #823, #824), .UNSPECIFIED., .U., .U., (2, 1, 1, 1, 1, 1, 1, 1, 1, 1, 1, 1, 1, 1, 1, 1, 1, 1, 1, 1, 1, 1, 1, 1, 1, 1, 1, 1, 1, 1, 1, 1, 1, 1, 1, 1, 1, 1, 1, 1, 1, 1, 1, 1, 1, 1, 1, 1, 1, 1, 1, 1, 1, 1, 1, 1, 1, 1, 1, 1, 1, 1, 1, 1, 1, 1, 1, 1, 2), (0.0, 0.014705882352941176, 0.029411764705882353, 0.04411764705882353, 0.058823529411764705, 0.07352941176470588, 0.08823529411764706, 0.10294117647058823, 0.11764705882352941, 0.1323529411764706, 0.14705882352941177, 0.16176470588235295, 0.17647058823529413, 0.19117647058823528, 0.20588235294117646, 0.22058823529411764, 0.23529411764705882, 0.25, 0.2647058823529412, 0.27941176470588236, 0.29411764705882354, 0.3088235294117647, 0.3235294117647059, 0.3382352941176471, 0.35294117647058826, 0.36764705882352944, 0.38235294117647056, 0.39705882352941174, 0.4117647058823529, 0.4264705882352941, 0.4411764705882353, 0.45588235294117646, 0.47058823529411764, 0.4852941176470588, 0.5, 0.5147058823529411, 0.5294117647058824, 0.5441176470588235, 0.5588235294117647, 0.5735294117647058, 0.5882352941176471, 0.6029411764705882, 0.6176470588235294, 0.6323529411764706, 0.6470588235294118, 0.6617647058823529, 0.6764705882352942, 0.6911764705882353, 0.7058823529411765, 0.7205882352941176, 0.7352941176470589, 0.75, 0.7647058823529411, 0.7794117647058824, 0.7941176470588235, 0.8088235294117647, 0.8235294117647058, 0.8382352941176471, 0.8529411764705882, 0.8676470588235294, 0.8823529411764706, 0.8970588235294118, 0.9117647058823529, 0.9264705882352942, 0.9411764705882353, 0.9558823529411765, 0.9705882352941176, 0.9852941176470589, 1.0), .UNSPECIFIED.);
#756 = CARTESIAN_POINT('', (4.300000100000005, -20.749999999999915, 8.0000003));
#757 = CARTESIAN_POINT('', (4.298816037345432, -20.749999999999915, 8.055472463267385));
#758 = CARTESIAN_POINT('', (4.298652909371896, -20.749999999999915, 8.059168540725343));
#759 = CARTESIAN_POINT('', (4.298453585003813, -20.749999999999915, 8.063392312758108));
#760 = CARTESIAN_POINT('', (4.298434193066726, -20.749999999999915, 8.063788276625644));
#761 = CARTESIAN_POINT('', (4.294272437299725, -20.749999999999915, 8.121898277426853));
#762 = CARTESIAN_POINT('', (4.29374024467387, -20.749999999999915, 8.12742258242843));
#763 = CARTESIAN_POINT('', (4.286732179329448, -20.749999999999915, 8.185258379512149));
#764 = CARTESIAN_POINT('', (4.285929562954209, -20.749999999999915, 8.190749916791972));
#765 = CARTESIAN_POINT('', (4.276092071075652, -20.749999999999915, 8.248172178657214));
#766 = CARTESIAN_POINT('', (4.275020964524202, -20.749999999999915, 8.25361771862097));
#767 = CARTESIAN_POINT('', (4.262377745491108, -20.749999999999915, 8.310488110009297));
#768 = CARTESIAN_POINT('', (4.26104072915291, -20.749999999999915, 8.315874533874245));
#769 = CARTESIAN_POINT('', (4.245622241587341, -20.749999999999915, 8.372056049031556));
#770 = CARTESIAN_POINT('', (4.244022536451865, -20.749999999999915, 8.377370380430804));
#771 = CARTESIAN_POINT('', (4.225865924840832, -20.749999999999915, 8.43272767316616));
#772 = CARTESIAN_POINT('', (4.2240073847379165, -20.749999999999915, 8.43795710940989));
#773 = CARTESIAN_POINT('', (4.203156389949157, -20.749999999999915, 8.49235681915635));
#774 = CARTESIAN_POINT('', (4.201043492264688, -20.749999999999915, 8.49748876207462));
#775 = CARTESIAN_POINT('', (4.1775483461709655, -20.749999999999915, 8.550799835166577));
#776 = CARTESIAN_POINT('', (4.175186181060468, -20.749999999999915, 8.555821921459373));
#777 = CARTESIAN_POINT('', (4.149103485526666, -20.749999999999915, 8.607915926852234));
#778 = CARTESIAN_POINT('', (4.146497743652873, -20.749999999999915, 8.6128160578738));
#779 = CARTESIAN_POINT('', (4.117890334177076, -20.749999999999915, 8.663567496545694));
#780 = CARTESIAN_POINT('', (4.1150472930003446, -20.749999999999915, 8.668333867451194));
#781 = CARTESIAN_POINT('', (4.08398408733774, -20.749999999999915, 8.71762047474104));
#782 = CARTESIAN_POINT('', (4.080910595993316, -20.749999999999915, 8.722241602925486));
#783 = CARTESIAN_POINT('', (4.047466428127137, -20.749999999999915, 8.769944643079334));
#784 = CARTESIAN_POINT('', (4.044169890924849, -20.749999999999915, 8.774409395840166));
#785 = CARTESIAN_POINT('', (4.00842533078486, -20.749999999999915, 8.820413948055995));
#786 = CARTESIAN_POINT('', (4.004913689371563, -20.749999999999915, 8.824711569412742));
#787 = CARTESIAN_POINT('', (3.9669548487339625, -20.749999999999915, 8.868906804694744));
#788 = CARTESIAN_POINT('', (3.9632365629614412, -20.749999999999915, 8.87302694130113));
#789 = CARTESIAN_POINT('', (3.92315488799818, -20.749999999999915, 8.915306389456452));
#790 = CARTESIAN_POINT('', (3.9192389155425076, -20.749999999999915, 8.91923911554252));
#791 = CARTESIAN_POINT('', (3.8771309665192746, -20.749999999999915, 8.959500921677321));
#792 = CARTESIAN_POINT('', (3.8730267413011177, -20.749999999999915, 8.963236762961454));
#793 = CARTESIAN_POINT('', (3.8289939599553406, -20.749999999999915, 9.001383932858245));
#794 = CARTESIAN_POINT('', (3.8247113694127393, -20.749999999999915, 9.004913889371565));
#795 = CARTESIAN_POINT('', (3.778859834571449, -20.749999999999915, 9.040854523156778));
#796 = CARTESIAN_POINT('', (3.7744091958401498, -20.749999999999915, 9.044170090924851));
#797 = CARTESIAN_POINT('', (3.7268493678669756, -20.749999999999915, 9.077817604463625));
#798 = CARTESIAN_POINT('', (3.7222414029254765, -20.749999999999915, 9.080910795993319));
#799 = CARTESIAN_POINT('', (3.673087857611705, -20.749999999999915, 9.112184129478402));
#800 = CARTESIAN_POINT('', (3.6683336674511793, -20.749999999999915, 9.115047493000365));
#801 = CARTESIAN_POINT('', (3.617704819992838, -20.749999999999915, 9.143871306232164));
#802 = CARTESIAN_POINT('', (3.612815857873784, -20.749999999999915, 9.146497943652871));
#803 = CARTESIAN_POINT('', (3.5608336775989926, -20.749999999999915, 9.172802797540633));
#804 = CARTESIAN_POINT('', (3.5558217214593526, -20.749999999999915, 9.175186381060488));
#805 = CARTESIAN_POINT('', (3.502611437993437, -20.749999999999915, 9.198908904907178));
#806 = CARTESIAN_POINT('', (3.497488562074608, -20.749999999999915, 9.201043692264683));
#807 = CARTESIAN_POINT('', (3.443178363651157, -20.749999999999915, 9.222126736432491));
#808 = CARTESIAN_POINT('', (3.437956909409877, -20.749999999999915, 9.224007584737938));
#809 = CARTESIAN_POINT('', (3.3826776340538345, -20.749999999999915, 9.242400358326822));
#810 = CARTESIAN_POINT('', (3.377370180430802, -20.749999999999915, 9.24402273645188));
#811 = CARTESIAN_POINT('', (3.321255000758441, -20.749999999999915, 9.259680929659243));
#812 = CARTESIAN_POINT('', (3.315874333874234, -20.749999999999915, 9.26104092915292));
#813 = CARTESIAN_POINT('', (3.259058436268475, -20.749999999999915, 9.273926820019833));
#814 = CARTESIAN_POINT('', (3.253617518620956, -20.749999999999915, 9.275021164524212));
#815 = CARTESIAN_POINT('', (3.1962377775556376, -20.749999999999915, 9.285103709810901));
#816 = CARTESIAN_POINT('', (3.19074971679197, -20.749999999999915, 9.285929762954227));
#817 = CARTESIAN_POINT('', (3.1329443650891733, -20.749999999999915, 9.293184672925968));
#818 = CARTESIAN_POINT('', (3.1274223824284206, -20.749999999999915, 9.293740444673869));
#819 = CARTESIAN_POINT('', (3.0693306782435457, -20.749999999999915, 9.298150241617087));
#820 = CARTESIAN_POINT('', (3.0637880766256274, -20.749999999999915, 9.298434393066739));
#821 = CARTESIAN_POINT('', (3.0633921127580948, -20.749999999999915, 9.29845378500381));
#822 = CARTESIAN_POINT('', (3.059168340725364, -20.749999999999915, 9.29865310937189));
#823 = CARTESIAN_POINT('', (3.055472263267376, -20.749999999999915, 9.298816237345424));
#824 = CARTESIAN_POINT('', (3.000000099999994, -20.749999999999915, 9.3000003));
#825 = PLANE('', #826);
#826 = AXIS2_PLACEMENT_3D('', #827, #828, #829);
#827 = CARTESIAN_POINT('', (-21.499999891574276, -20.7499999999998, 0.0));
#828 = DIRECTION('', (-4.6267899189E-15, -1.0, 0.0));
#829 = DIRECTION('', (1.0, -4.6267899189E-15, 0.0));
#830 = CYLINDRICAL_SURFACE('', #831, 1.3000000000000276);
#831 = AXIS2_PLACEMENT_3D('', #832, #833, #834);
#832 = CARTESIAN_POINT('', (3.00000009999998, -14.249999799999998, 8.000000299999988));
#833 = DIRECTION('', (0.0, -1.0, 0.0));
#834 = DIRECTION('', (-0.7071067811865448, 0.0, -0.7071067811865503));
#835 = SURFACE_CURVE('', #836, (#496, #516), .CURVE_3D.);
#836 = INTERSECTION_CURVE('', #837, (#908, #913), .CURVE_3D.);
#837 = B_SPLINE_CURVE_WITH_KNOTS('', 1, (#838, #839, #840, #841, #842, #843, #844, #845, #846, #847, #848, #849, #850, #851, #852, #853, #854, #855, #856, #857, #858, #859, #860, #861, #862, #863, #864, #865, #866, #867, #868, #869, #870, #871, #872, #873, #874, #875, #876, #877, #878, #879, #880, #881, #882, #883, #884, #885, #886, #887, #888, #889, #890, #891, #892, #893, #894, #895, #896, #897, #898, #899, #900, #901, #902, #903, #904, #905, #906, #907), .UNSPECIFIED., .U., .U., (2, 1, 1, 1, 1, 1, 1, 1, 1, 1, 1, 1, 1, 1, 1, 1, 1, 1, 1, 1, 1, 1, 1, 1, 1, 1, 1, 1, 1, 1, 1, 1, 1, 1, 1, 1, 1, 1, 1, 1, 1, 1, 1, 1, 1, 1, 1, 1, 1, 1, 1, 1, 1, 1, 1, 1, 1, 1, 1, 1, 1, 1, 1, 1, 1, 1, 1, 1, 1, 2), (0.0, 0.014492753623188406, 0.028985507246376812, 0.043478260869565216, 0.057971014492753624, 0.07246376811594203, 0.08695652173913043, 0.10144927536231885, 0.11594202898550725, 0.13043478260869565, 0.14492753623188406, 0.15942028985507245, 0.17391304347826086, 0.18840579710144928, 0.2028985507246377, 0.21739130434782608, 0.2318840579710145, 0.2463768115942029, 0.2608695652173913, 0.2753623188405797, 0.2898550724637681, 0.30434782608695654, 0.3188405797101449, 0.3333333333333333, 0.34782608695652173, 0.36231884057971014, 0.37681159420289856, 0.391304347826087, 0.4057971014492754, 0.42028985507246375, 0.43478260869565216, 0.4492753623188406, 0.463768115942029, 0.4782608695652174, 0.4927536231884058, 0.5072463768115942, 0.5217391304347826, 0.5362318840579711, 0.5507246376811594, 0.5652173913043478, 0.5797101449275363, 0.5942028985507246, 0.6086956521739131, 0.6231884057971014, 0.6376811594202898, 0.6521739130434783, 0.6666666666666666, 0.6811594202898551, 0.6956521739130435, 0.7101449275362319, 0.7246376811594203, 0.7391304347826086, 0.7536231884057971, 0.7681159420289855, 0.782608695652174, 0.7971014492753623, 0.8115942028985508, 0.8260869565217391, 0.8405797101449275, 0.855072463768116, 0.8695652173913043, 0.8840579710144928, 0.8985507246376812, 0.9130434782608695, 0.927536231884058, 0.9420289855072463, 0.9565217391304348, 0.9710144927536232, 0.9855072463768116, 1.0), .UNSPECIFIED.);
#838 = CARTESIAN_POINT('', (4.300000100000005, -20.749999999999915, 8.0000003));
#839 = CARTESIAN_POINT('', (4.298816037345432, -20.749999999999915, 7.9445281367326155));
#840 = CARTESIAN_POINT('', (4.298652909371896, -20.749999999999915, 7.940832059274657));
#841 = CARTESIAN_POINT('', (4.298453585003813, -20.749999999999915, 7.93660828724189));
#842 = CARTESIAN_POINT('', (4.298434193066726, -20.749999999999915, 7.936212323374355));
#843 = CARTESIAN_POINT('', (4.2981500416170775, -20.749999999999915, 7.930669721756422));
#844 = CARTESIAN_POINT('', (4.29374024467387, -20.749999999999915, 7.872578017571569));
#845 = CARTESIAN_POINT('', (4.293184472925958, -20.749999999999915, 7.867056034910813));
#846 = CARTESIAN_POINT('', (4.285929562954237, -20.749999999999915, 7.809250683208027));
#847 = CARTESIAN_POINT('', (4.285103509810881, -20.749999999999915, 7.803762622444349));
#848 = CARTESIAN_POINT('', (4.283727098967518, -20.749999999999915, 7.794951544524958));
#849 = CARTESIAN_POINT('', (4.275020964524202, -20.749999999999915, 7.746382881379029));
#850 = CARTESIAN_POINT('', (4.273926620019836, -20.749999999999915, 7.740941963731495));
#851 = CARTESIAN_POINT('', (4.26104072915291, -20.749999999999915, 7.684126066125751));
#852 = CARTESIAN_POINT('', (4.259680729659237, -20.749999999999915, 7.678745399241549));
#853 = CARTESIAN_POINT('', (4.244022536451894, -20.749999999999915, 7.622630219569192));
#854 = CARTESIAN_POINT('', (4.242400158326831, -20.749999999999915, 7.617322765946151));
#855 = CARTESIAN_POINT('', (4.224007384737945, -20.749999999999915, 7.562043490590106));
#856 = CARTESIAN_POINT('', (4.222126536432512, -20.749999999999915, 7.556822036348872));
#857 = CARTESIAN_POINT('', (4.201043492264688, -20.749999999999915, 7.502511837925374));
#858 = CARTESIAN_POINT('', (4.198908704907183, -20.749999999999915, 7.497388962006548));
#859 = CARTESIAN_POINT('', (4.175186181060496, -20.749999999999915, 7.444178678540624));
#860 = CARTESIAN_POINT('', (4.172802597540652, -20.749999999999915, 7.439166722401028));
#861 = CARTESIAN_POINT('', (4.146497743652873, -20.749999999999915, 7.387184542126192));
#862 = CARTESIAN_POINT('', (4.1438711062321545, -20.749999999999915, 7.382295580007135));
#863 = CARTESIAN_POINT('', (4.115047293000373, -20.749999999999915, 7.3316667325488));
#864 = CARTESIAN_POINT('', (4.1121839294784195, -20.749999999999915, 7.326912542388264));
#865 = CARTESIAN_POINT('', (4.080910595993316, -20.749999999999915, 7.2777589970745025));
#866 = CARTESIAN_POINT('', (4.077817404463644, -20.749999999999915, 7.273151032133));
#867 = CARTESIAN_POINT('', (4.044169890924849, -20.749999999999915, 7.225591204159823));
#868 = CARTESIAN_POINT('', (4.040854323156793, -20.749999999999915, 7.221140565428506));
#869 = CARTESIAN_POINT('', (4.004913689371563, -20.749999999999915, 7.175289030587245));
#870 = CARTESIAN_POINT('', (4.001383732858244, -20.749999999999915, 7.17100644004464));
#871 = CARTESIAN_POINT('', (3.9632365629614696, -20.749999999999915, 7.126973658698862));
#872 = CARTESIAN_POINT('', (3.9595007216773297, -20.749999999999915, 7.122869433480718));
#873 = CARTESIAN_POINT('', (3.919238915542536, -20.749999999999915, 7.080761484457492));
#874 = CARTESIAN_POINT('', (3.915306189456487, -20.749999999999915, 7.07684551200181));
#875 = CARTESIAN_POINT('', (3.873026741301146, -20.749999999999915, 7.036763837038539));
#876 = CARTESIAN_POINT('', (3.8689066046947573, -20.749999999999915, 7.0330455512660235));
#877 = CARTESIAN_POINT('', (3.8247113694127393, -20.749999999999915, 6.9950867106284225));
#878 = CARTESIAN_POINT('', (3.820413748056012, -20.749999999999915, 6.9915750692151395));
#879 = CARTESIAN_POINT('', (3.774409195840178, -20.749999999999915, 6.955830509075147));
#880 = CARTESIAN_POINT('', (3.769944443079339, -20.749999999999915, 6.952533971872865));
#881 = CARTESIAN_POINT('', (3.722241402925505, -20.749999999999915, 6.91908980400668));
#882 = CARTESIAN_POINT('', (3.717620274741023, -20.749999999999915, 6.916016312662226));
#883 = CARTESIAN_POINT('', (3.6683336674512077, -20.749999999999915, 6.884953106999635));
#884 = CARTESIAN_POINT('', (3.6635672965456934, -20.749999999999915, 6.8821100658229035));
#885 = CARTESIAN_POINT('', (3.6128158578738123, -20.749999999999915, 6.853502656347127));
#886 = CARTESIAN_POINT('', (3.607915726852241, -20.749999999999915, 6.850896914473314));
#887 = CARTESIAN_POINT('', (3.555821721459381, -20.749999999999915, 6.824814218939514));
#888 = CARTESIAN_POINT('', (3.550799635166584, -20.749999999999915, 6.822452053829032));
#889 = CARTESIAN_POINT('', (3.497488562074608, -20.749999999999915, 6.798956907735311));
#890 = CARTESIAN_POINT('', (3.4923566191563395, -20.749999999999915, 6.796844010050813));
#891 = CARTESIAN_POINT('', (3.437956909409877, -20.749999999999915, 6.775993015262058));
#892 = CARTESIAN_POINT('', (3.432727473166125, -20.749999999999915, 6.774134475159139));
#893 = CARTESIAN_POINT('', (3.377370180430802, -20.749999999999915, 6.755977863548119));
#894 = CARTESIAN_POINT('', (3.372055849031568, -20.749999999999915, 6.7543781584126785));
#895 = CARTESIAN_POINT('', (3.315874333874234, -20.749999999999915, 6.738959670847082));
#896 = CARTESIAN_POINT('', (3.3104879100092717, -20.749999999999915, 6.737622654508897));
#897 = CARTESIAN_POINT('', (3.253617518620956, -20.749999999999915, 6.724979435475792));
#898 = CARTESIAN_POINT('', (3.2481719786572114, -20.749999999999915, 6.723908328924338));
#899 = CARTESIAN_POINT('', (3.19074971679197, -20.749999999999915, 6.714070837045781));
#900 = CARTESIAN_POINT('', (3.185258179512118, -20.749999999999915, 6.713268220670551));
#901 = CARTESIAN_POINT('', (3.1274223824284206, -20.749999999999915, 6.706260155326142));
#902 = CARTESIAN_POINT('', (3.121898077426806, -20.749999999999915, 6.705727962700291));
#903 = CARTESIAN_POINT('', (3.0637880766256274, -20.749999999999915, 6.7015662069332755));
#904 = CARTESIAN_POINT('', (3.0633921127580948, -20.749999999999915, 6.701546814996204));
#905 = CARTESIAN_POINT('', (3.059168340725364, -20.749999999999915, 6.701347490628125));
#906 = CARTESIAN_POINT('', (3.055472263267376, -20.749999999999915, 6.70118436265459));
#907 = CARTESIAN_POINT('', (3.000000099999994, -20.749999999999915, 6.7000003));
#908 = PLANE('', #909);
#909 = AXIS2_PLACEMENT_3D('', #910, #911, #912);
#910 = CARTESIAN_POINT('', (-21.499999891574276, -20.7499999999998, 0.0));
#911 = DIRECTION('', (-4.6267899189E-15, -1.0, 0.0));
#912 = DIRECTION('', (1.0, -4.6267899189E-15, 0.0));
#913 = CYLINDRICAL_SURFACE('', #914, 1.2999999999999565);
#914 = AXIS2_PLACEMENT_3D('', #915, #916, #917);
#915 = CARTESIAN_POINT('', (3.000000100000051, -14.249999799999998, 8.00000029999996));
#916 = DIRECTION('', (0.0, -1.0, 0.0));
#917 = DIRECTION('', (-0.7071067811865397, 0.0, 0.7071067811865553));
#918 = SURFACE_CURVE('', #919, (#496, #511), .CURVE_3D.);
#919 = INTERSECTION_CURVE('', #920, (#925, #930), .CURVE_3D.);
#920 = B_SPLINE_CURVE_WITH_KNOTS('', 1, (#921, #922, #923, #924), .UNSPECIFIED., .U., .U., (2, 1, 1, 2), (0.0, 0.3333333333333333, 0.6666666666666666, 1.0), .UNSPECIFIED.);
#921 = CARTESIAN_POINT('', (3.000000099999994, -20.749999999999915, 6.7000003));
#922 = CARTESIAN_POINT('', (0.6615395063909233, -20.7499999999999, 6.7000003));
#923 = CARTESIAN_POINT('', (0.39130455217386384, -20.7499999999999, 6.7000003));
#924 = CARTESIAN_POINT('', (-2.999999900000006, -20.749999999999886, 6.7000003));
#925 = PLANE('', #926);
#926 = AXIS2_PLACEMENT_3D('', #927, #928, #929);
#927 = CARTESIAN_POINT('', (-21.499999891574276, -20.7499999999998, 0.0));
#928 = DIRECTION('', (-4.6267899189E-15, -1.0, 0.0));
#929 = DIRECTION('', (1.0, -4.6267899189E-15, 0.0));
#930 = PLANE('', #931);
#931 = AXIS2_PLACEMENT_3D('', #932, #933, #934);
#932 = CARTESIAN_POINT('', (-2.999999900000006, -25.749999799999998, 6.7000003));
#933 = DIRECTION('', (0.0, 0.0, 1.0));
#934 = DIRECTION('', (1.0, 0.0, 0.0));
#935 = SURFACE_CURVE('', #936, (#496, #506), .CURVE_3D.);
#936 = INTERSECTION_CURVE('', #937, (#1007, #1012), .CURVE_3D.);
#937 = B_SPLINE_CURVE_WITH_KNOTS('', 1, (#938, #939, #940, #941, #942, #943, #944, #945, #946, #947, #948, #949, #950, #951, #952, #953, #954, #955, #956, #957, #958, #959, #960, #961, #962, #963, #964, #965, #966, #967, #968, #969, #970, #971, #972, #973, #974, #975, #976, #977, #978, #979, #980, #981, #982, #983, #984, #985, #986, #987, #988, #989, #990, #991, #992, #993, #994, #995, #996, #997, #998, #999, #1000, #1001, #1002, #1003, #1004, #1005, #1006), .UNSPECIFIED., .U., .U., (2, 1, 1, 1, 1, 1, 1, 1, 1, 1, 1, 1, 1, 1, 1, 1, 1, 1, 1, 1, 1, 1, 1, 1, 1, 1, 1, 1, 1, 1, 1, 1, 1, 1, 1, 1, 1, 1, 1, 1, 1, 1, 1, 1, 1, 1, 1, 1, 1, 1, 1, 1, 1, 1, 1, 1, 1, 1, 1, 1, 1, 1, 1, 1, 1, 1, 1, 1, 2), (0.0, 0.014705882352941176, 0.029411764705882353, 0.04411764705882353, 0.058823529411764705, 0.07352941176470588, 0.08823529411764706, 0.10294117647058823, 0.11764705882352941, 0.1323529411764706, 0.14705882352941177, 0.16176470588235295, 0.17647058823529413, 0.19117647058823528, 0.20588235294117646, 0.22058823529411764, 0.23529411764705882, 0.25, 0.2647058823529412, 0.27941176470588236, 0.29411764705882354, 0.3088235294117647, 0.3235294117647059, 0.3382352941176471, 0.35294117647058826, 0.36764705882352944, 0.38235294117647056, 0.39705882352941174, 0.4117647058823529, 0.4264705882352941, 0.4411764705882353, 0.45588235294117646, 0.47058823529411764, 0.4852941176470588, 0.5, 0.5147058823529411, 0.5294117647058824, 0.5441176470588235, 0.5588235294117647, 0.5735294117647058, 0.5882352941176471, 0.6029411764705882, 0.6176470588235294, 0.6323529411764706, 0.6470588235294118, 0.6617647058823529, 0.6764705882352942, 0.6911764705882353, 0.7058823529411765, 0.7205882352941176, 0.7352941176470589, 0.75, 0.7647058823529411, 0.7794117647058824, 0.7941176470588235, 0.8088235294117647, 0.8235294117647058, 0.8382352941176471, 0.8529411764705882, 0.8676470588235294, 0.8823529411764706, 0.8970588235294118, 0.9117647058823529, 0.9264705882352942, 0.9411764705882353, 0.9558823529411765, 0.9705882352941176, 0.9852941176470589, 1.0), .UNSPECIFIED.);
#938 = CARTESIAN_POINT('', (-2.999999900000006, -20.749999999999886, 6.7000003));
#939 = CARTESIAN_POINT('', (-3.0554720632673877, -20.749999999999886, 6.701184362654597));
#940 = CARTESIAN_POINT('', (-3.0591681407253475, -20.749999999999886, 6.70134749062813));
#941 = CARTESIAN_POINT('', (-3.063391912758135, -20.749999999999886, 6.701546814996211));
#942 = CARTESIAN_POINT('', (-3.0637878766256534, -20.749999999999886, 6.701566206933283));
#943 = CARTESIAN_POINT('', (-3.0693304782435575, -20.749999999999886, 6.7018503583829325));
#944 = CARTESIAN_POINT('', (-3.1274221824284325, -20.749999999999886, 6.706260155326151));
#945 = CARTESIAN_POINT('', (-3.1329441650891567, -20.749999999999886, 6.706815927074049));
#946 = CARTESIAN_POINT('', (-3.190749516791982, -20.749999999999886, 6.714070837045794));
#947 = CARTESIAN_POINT('', (-3.1962375775556495, -20.749999999999886, 6.71489689018912));
#948 = CARTESIAN_POINT('', (-3.253617318620968, -20.749999999999886, 6.724979435475808));
#949 = CARTESIAN_POINT('', (-3.259058236268487, -20.749999999999886, 6.726073779980188));
#950 = CARTESIAN_POINT('', (-3.315874133874246, -20.749999999999886, 6.738959670847102));
#951 = CARTESIAN_POINT('', (-3.3212548007584246, -20.749999999999886, 6.740319670340769));
#952 = CARTESIAN_POINT('', (-3.3773699804307995, -20.749999999999886, 6.755977863548137));
#953 = CARTESIAN_POINT('', (-3.3826774340538464, -20.749999999999886, 6.757600241673192));
#954 = CARTESIAN_POINT('', (-3.437956709409889, -20.749999999999886, 6.775993015262083));
#955 = CARTESIAN_POINT('', (-3.443178163651112, -20.749999999999886, 6.7778738635675175));
#956 = CARTESIAN_POINT('', (-3.4974883620746198, -20.749999999999886, 6.798956907735337));
#957 = CARTESIAN_POINT('', (-3.5026112379934347, -20.749999999999886, 6.801091695092841));
#958 = CARTESIAN_POINT('', (-3.5558215214593645, -20.749999999999886, 6.824814218939531));
#959 = CARTESIAN_POINT('', (-3.560833477598976, -20.749999999999886, 6.827197802459377));
#960 = CARTESIAN_POINT('', (-3.6128156578737958, -20.749999999999886, 6.853502656347148));
#961 = CARTESIAN_POINT('', (-3.6177046199928498, -20.749999999999886, 6.856129293767848));
#962 = CARTESIAN_POINT('', (-3.668333467451191, -20.749999999999886, 6.8849531069996575));
#963 = CARTESIAN_POINT('', (-3.673087657611717, -20.749999999999886, 6.887816470521621));
#964 = CARTESIAN_POINT('', (-3.7222412029254883, -20.749999999999886, 6.919089804006703));
#965 = CARTESIAN_POINT('', (-3.7268491678669875, -20.749999999999886, 6.922182995536387));
#966 = CARTESIAN_POINT('', (-3.7744089958401617, -20.749999999999886, 6.955830509075171));
#967 = CARTESIAN_POINT('', (-3.778859634571461, -20.749999999999886, 6.959146076843249));
#968 = CARTESIAN_POINT('', (-3.824711169412737, -20.749999999999886, 6.995086710628451));
#969 = CARTESIAN_POINT('', (-3.828993759955324, -20.749999999999886, 6.998616667141764));
#970 = CARTESIAN_POINT('', (-3.8730265413011153, -20.749999999999886, 7.036763837038561));
#971 = CARTESIAN_POINT('', (-3.877130766519258, -20.749999999999886, 7.04049967832268));
#972 = CARTESIAN_POINT('', (-3.9192387155425195, -20.749999999999886, 7.0807614844574935));
#973 = CARTESIAN_POINT('', (-3.9231546879981494, -20.749999999999886, 7.084694210543544));
#974 = CARTESIAN_POINT('', (-3.963236362961439, -20.749999999999886, 7.126973658698883));
#975 = CARTESIAN_POINT('', (-3.96695464873396, -20.749999999999886, 7.131093795305267));
#976 = CARTESIAN_POINT('', (-4.00491348937156, -20.749999999999886, 7.175289030587271));
#977 = CARTESIAN_POINT('', (-4.008425130784843, -20.749999999999886, 7.17958665194401));
#978 = CARTESIAN_POINT('', (-4.044169690924832, -20.749999999999886, 7.225591204159844));
#979 = CARTESIAN_POINT('', (-4.047466228127121, -20.749999999999886, 7.230055956920664));
#980 = CARTESIAN_POINT('', (-4.0809103959933, -20.749999999999886, 7.277758997074525));
#981 = CARTESIAN_POINT('', (-4.083983887337737, -20.749999999999886, 7.282380125258965));
#982 = CARTESIAN_POINT('', (-4.115047093000356, -20.749999999999886, 7.33166673254882));
#983 = CARTESIAN_POINT('', (-4.117890134177074, -20.749999999999886, 7.336433103454317));
#984 = CARTESIAN_POINT('', (-4.146497543652856, -20.749999999999886, 7.38718454212621));
#985 = CARTESIAN_POINT('', (-4.149103285526664, -20.749999999999886, 7.392084673147766));
#986 = CARTESIAN_POINT('', (-4.175185981060466, -20.749999999999886, 7.444178678540638));
#987 = CARTESIAN_POINT('', (-4.177548146170949, -20.749999999999886, 7.449200764833419));
#988 = CARTESIAN_POINT('', (-4.201043292264671, -20.749999999999886, 7.502511837925389));
#989 = CARTESIAN_POINT('', (-4.203156189949141, -20.749999999999886, 7.507643780843646));
#990 = CARTESIAN_POINT('', (-4.224007184737928, -20.749999999999886, 7.562043490590119));
#991 = CARTESIAN_POINT('', (-4.225865724840844, -20.749999999999886, 7.567272926833846));
#992 = CARTESIAN_POINT('', (-4.244022336451863, -20.749999999999886, 7.622630219569202));
#993 = CARTESIAN_POINT('', (-4.245622041587325, -20.749999999999886, 7.627944550968443));
#994 = CARTESIAN_POINT('', (-4.261040529152908, -20.749999999999886, 7.68412606612576));
#995 = CARTESIAN_POINT('', (-4.262377545491091, -20.749999999999886, 7.689512489990699));
#996 = CARTESIAN_POINT('', (-4.2750207645242, -20.749999999999886, 7.746382881379034));
#997 = CARTESIAN_POINT('', (-4.276091871075664, -20.749999999999886, 7.751828421342781));
#998 = CARTESIAN_POINT('', (-4.285929362954207, -20.749999999999886, 7.809250683208031));
#999 = CARTESIAN_POINT('', (-4.286731979329431, -20.749999999999886, 7.81474222048784));
#1000 = CARTESIAN_POINT('', (-4.293740044673854, -20.749999999999886, 7.8725780175715725));
#1001 = CARTESIAN_POINT('', (-4.294272237299708, -20.749999999999886, 7.878102322573138));
#1002 = CARTESIAN_POINT('', (-4.298433993066723, -20.749999999999886, 7.936212323374357));
#1003 = CARTESIAN_POINT('', (-4.298453385003796, -20.749999999999886, 7.936608287241892));
#1004 = CARTESIAN_POINT('', (-4.298652709371879, -20.749999999999886, 7.940832059274658));
#1005 = CARTESIAN_POINT('', (-4.2988158373454155, -20.749999999999886, 7.944528136732616));
#1006 = CARTESIAN_POINT('', (-4.299999900000003, -20.749999999999886, 8.0000003));
#1007 = PLANE('', #1008);
#1008 = AXIS2_PLACEMENT_3D('', #1009, #1010, #1011);
#1009 = CARTESIAN_POINT('', (-21.499999891574276, -20.7499999999998, 0.0));
#1010 = DIRECTION('', (-4.6267899189E-15, -1.0, 0.0));
#1011 = DIRECTION('', (1.0, -4.6267899189E-15, 0.0));
#1012 = CYLINDRICAL_SURFACE('', #1013, 1.3000000000000063);
#1013 = AXIS2_PLACEMENT_3D('', #1014, #1015, #1016);
#1014 = CARTESIAN_POINT('', (-2.9999998999999917, -14.249999800000026, 8.000000300000012));
#1015 = DIRECTION('', (0.0, -1.0, 0.0));
#1016 = DIRECTION('', (0.7071067811865455, 0.0, 0.7071067811865496));
#1017 = SURFACE_CURVE('', #1018, (#496, #501), .CURVE_3D.);
#1018 = INTERSECTION_CURVE('', #1019, (#1089, #1094), .CURVE_3D.);
#1019 = B_SPLINE_CURVE_WITH_KNOTS('', 1, (#1020, #1021, #1022, #1023, #1024, #1025, #1026, #1027, #1028, #1029, #1030, #1031, #1032, #1033, #1034, #1035, #1036, #1037, #1038, #1039, #1040, #1041, #1042, #1043, #1044, #1045, #1046, #1047, #1048, #1049, #1050, #1051, #1052, #1053, #1054, #1055, #1056, #1057, #1058, #1059, #1060, #1061, #1062, #1063, #1064, #1065, #1066, #1067, #1068, #1069, #1070, #1071, #1072, #1073, #1074, #1075, #1076, #1077, #1078, #1079, #1080, #1081, #1082, #1083, #1084, #1085, #1086, #1087, #1088), .UNSPECIFIED., .U., .U., (2, 1, 1, 1, 1, 1, 1, 1, 1, 1, 1, 1, 1, 1, 1, 1, 1, 1, 1, 1, 1, 1, 1, 1, 1, 1, 1, 1, 1, 1, 1, 1, 1, 1, 1, 1, 1, 1, 1, 1, 1, 1, 1, 1, 1, 1, 1, 1, 1, 1, 1, 1, 1, 1, 1, 1, 1, 1, 1, 1, 1, 1, 1, 1, 1, 1, 1, 1, 2), (0.0, 0.014705882352941176, 0.029411764705882353, 0.04411764705882353, 0.058823529411764705, 0.07352941176470588, 0.08823529411764706, 0.10294117647058823, 0.11764705882352941, 0.1323529411764706, 0.14705882352941177, 0.16176470588235295, 0.17647058823529413, 0.19117647058823528, 0.20588235294117646, 0.22058823529411764, 0.23529411764705882, 0.25, 0.2647058823529412, 0.27941176470588236, 0.29411764705882354, 0.3088235294117647, 0.3235294117647059, 0.3382352941176471, 0.35294117647058826, 0.36764705882352944, 0.38235294117647056, 0.39705882352941174, 0.4117647058823529, 0.4264705882352941, 0.4411764705882353, 0.45588235294117646, 0.47058823529411764, 0.4852941176470588, 0.5, 0.5147058823529411, 0.5294117647058824, 0.5441176470588235, 0.5588235294117647, 0.5735294117647058, 0.5882352941176471, 0.6029411764705882, 0.6176470588235294, 0.6323529411764706, 0.6470588235294118, 0.6617647058823529, 0.6764705882352942, 0.6911764705882353, 0.7058823529411765, 0.7205882352941176, 0.7352941176470589, 0.75, 0.7647058823529411, 0.7794117647058824, 0.7941176470588235, 0.8088235294117647, 0.8235294117647058, 0.8382352941176471, 0.8529411764705882, 0.8676470588235294, 0.8823529411764706, 0.8970588235294118, 0.9117647058823529, 0.9264705882352942, 0.9411764705882353, 0.9558823529411765, 0.9705882352941176, 0.9852941176470589, 1.0), .UNSPECIFIED.);
#1020 = CARTESIAN_POINT('', (-2.999999900000006, -20.749999999999886, 9.3000003));
#1021 = CARTESIAN_POINT('', (-3.0554720632673877, -20.749999999999886, 9.298816237345413));
#1022 = CARTESIAN_POINT('', (-3.0591681407253475, -20.749999999999886, 9.29865310937188));
#1023 = CARTESIAN_POINT('', (-3.063391912758135, -20.749999999999886, 9.298453785003797));
#1024 = CARTESIAN_POINT('', (-3.0637878766256534, -20.749999999999886, 9.298434393066726));
#1025 = CARTESIAN_POINT('', (-3.1218978774268464, -20.749999999999886, 9.29427263729971));
#1026 = CARTESIAN_POINT('', (-3.1274221824284325, -20.749999999999886, 9.293740444673858));
#1027 = CARTESIAN_POINT('', (-3.1852579795121585, -20.749999999999886, 9.286732379329443));
#1028 = CARTESIAN_POINT('', (-3.190749516791982, -20.749999999999886, 9.285929762954217));
#1029 = CARTESIAN_POINT('', (-3.2481717786572233, -20.749999999999886, 9.27609227107566));
#1030 = CARTESIAN_POINT('', (-3.253617318620968, -20.749999999999886, 9.275021164524203));
#1031 = CARTESIAN_POINT('', (-3.310487710009312, -20.749999999999886, 9.262377945491096));
#1032 = CARTESIAN_POINT('', (-3.315874133874246, -20.749999999999886, 9.26104092915291));
#1033 = CARTESIAN_POINT('', (-3.37205564903158, -20.749999999999886, 9.245622441587313));
#1034 = CARTESIAN_POINT('', (-3.3773699804308137, -20.749999999999886, 9.244022736451871));
#1035 = CARTESIAN_POINT('', (-3.4327272731661367, -20.749999999999886, 9.225866124840852));
#1036 = CARTESIAN_POINT('', (-3.437956709409889, -20.749999999999886, 9.22400758473793));
#1037 = CARTESIAN_POINT('', (-3.4923564191563514, -20.749999999999886, 9.203156589949169));
#1038 = CARTESIAN_POINT('', (-3.4974883620746198, -20.749999999999886, 9.201043692264676));
#1039 = CARTESIAN_POINT('', (-3.5507994351665957, -20.749999999999886, 9.17754854617095));
#1040 = CARTESIAN_POINT('', (-3.5558215214593787, -20.749999999999886, 9.175186381060476));
#1041 = CARTESIAN_POINT('', (-3.6079155268522385, -20.749999999999886, 9.149103685526672));
#1042 = CARTESIAN_POINT('', (-3.61281565787381, -20.749999999999886, 9.14649794365286));
#1043 = CARTESIAN_POINT('', (-3.663567096545677, -20.749999999999886, 9.117890534177096));
#1044 = CARTESIAN_POINT('', (-3.668333467451191, -20.749999999999886, 9.115047493000358));
#1045 = CARTESIAN_POINT('', (-3.717620074741035, -20.749999999999886, 9.083984287337753));
#1046 = CARTESIAN_POINT('', (-3.7222412029254883, -20.749999999999886, 9.080910795993312));
#1047 = CARTESIAN_POINT('', (-3.769944243079337, -20.749999999999886, 9.047466628127136));
#1048 = CARTESIAN_POINT('', (-3.774408995840176, -20.749999999999886, 9.044170090924837));
#1049 = CARTESIAN_POINT('', (-3.8204135480559955, -20.749999999999886, 9.00842553078484));
#1050 = CARTESIAN_POINT('', (-3.824711169412751, -20.749999999999886, 9.004913889371558));
#1051 = CARTESIAN_POINT('', (-3.868906404694741, -20.749999999999886, 8.966955048733976));
#1052 = CARTESIAN_POINT('', (-3.8730265413011296, -20.749999999999886, 8.96323676296145));
#1053 = CARTESIAN_POINT('', (-3.9153059894564564, -20.749999999999886, 8.923155087998165));
#1054 = CARTESIAN_POINT('', (-3.9192387155425195, -20.749999999999886, 8.919239115542513));
#1055 = CARTESIAN_POINT('', (-3.959500521677313, -20.749999999999886, 8.877131166519266));
#1056 = CARTESIAN_POINT('', (-3.963236362961453, -20.749999999999886, 8.873026941301124));
#1057 = CARTESIAN_POINT('', (-4.001383532858242, -20.749999999999886, 8.828994159955336));
#1058 = CARTESIAN_POINT('', (-4.00491348937156, -20.749999999999886, 8.824711569412738));
#1059 = CARTESIAN_POINT('', (-4.040854123156748, -20.749999999999886, 8.778860034571483));
#1060 = CARTESIAN_POINT('', (-4.044169690924846, -20.749999999999886, 8.774409395840165));
#1061 = CARTESIAN_POINT('', (-4.077817204463628, -20.749999999999886, 8.726849567866985));
#1062 = CARTESIAN_POINT('', (-4.080910395993314, -20.749999999999886, 8.722241602925482));
#1063 = CARTESIAN_POINT('', (-4.112183729478389, -20.749999999999886, 8.673088057611732));
#1064 = CARTESIAN_POINT('', (-4.115047093000356, -20.749999999999886, 8.668333867451189));
#1065 = CARTESIAN_POINT('', (-4.143870906232152, -20.749999999999886, 8.61770501999285));
#1066 = CARTESIAN_POINT('', (-4.14649754365287, -20.749999999999886, 8.612816057873795));
#1067 = CARTESIAN_POINT('', (-4.172802397540636, -20.749999999999886, 8.560833877598974));
#1068 = CARTESIAN_POINT('', (-4.17518598106048, -20.749999999999886, 8.555821921459366));
#1069 = CARTESIAN_POINT('', (-4.198908504907166, -20.749999999999886, 8.502611637993436));
#1070 = CARTESIAN_POINT('', (-4.201043292264671, -20.749999999999886, 8.497488762074616));
#1071 = CARTESIAN_POINT('', (-4.2221263364324955, -20.749999999999886, 8.44317856365113));
#1072 = CARTESIAN_POINT('', (-4.224007184737928, -20.749999999999886, 8.437957109409885));
#1073 = CARTESIAN_POINT('', (-4.242399958326814, -20.749999999999886, 8.382677834053844));
#1074 = CARTESIAN_POINT('', (-4.244022336451877, -20.749999999999886, 8.3773703804308));
#1075 = CARTESIAN_POINT('', (-4.259680529659221, -20.749999999999886, 8.321255200758436));
#1076 = CARTESIAN_POINT('', (-4.261040529152908, -20.749999999999886, 8.315874533874242));
#1077 = CARTESIAN_POINT('', (-4.273926420019819, -20.749999999999886, 8.259058636268495));
#1078 = CARTESIAN_POINT('', (-4.2750207645242, -20.749999999999886, 8.253617718620966));
#1079 = CARTESIAN_POINT('', (-4.285103309810893, -20.749999999999886, 8.196237977555645));
#1080 = CARTESIAN_POINT('', (-4.285929362954221, -20.749999999999886, 8.190749916791969));
#1081 = CARTESIAN_POINT('', (-4.29318427292597, -20.749999999999886, 8.132944565089183));
#1082 = CARTESIAN_POINT('', (-4.293740044673854, -20.749999999999886, 8.127422582428427));
#1083 = CARTESIAN_POINT('', (-4.298149841617075, -20.749999999999886, 8.069330878243576));
#1084 = CARTESIAN_POINT('', (-4.298433993066723, -20.749999999999886, 8.063788276625642));
#1085 = CARTESIAN_POINT('', (-4.298453385003796, -20.749999999999886, 8.063392312758106));
#1086 = CARTESIAN_POINT('', (-4.298652709371879, -20.749999999999886, 8.059168540725342));
#1087 = CARTESIAN_POINT('', (-4.2988158373454155, -20.749999999999886, 8.055472463267382));
#1088 = CARTESIAN_POINT('', (-4.299999900000003, -20.749999999999886, 8.0000003));
#1089 = PLANE('', #1090);
#1090 = AXIS2_PLACEMENT_3D('', #1091, #1092, #1093);
#1091 = CARTESIAN_POINT('', (-21.499999891574276, -20.7499999999998, 0.0));
#1092 = DIRECTION('', (-4.6267899189E-15, -1.0, 0.0));
#1093 = DIRECTION('', (1.0, -4.6267899189E-15, 0.0));
#1094 = CYLINDRICAL_SURFACE('', #1095, 1.2999999999999956);
#1095 = AXIS2_PLACEMENT_3D('', #1096, #1097, #1098);
#1096 = CARTESIAN_POINT('', (-2.999999900000006, -14.24999979999997, 8.000000300000007));
#1097 = DIRECTION('', (0.0, -1.0, 0.0));
#1098 = DIRECTION('', (0.7071067811865512, 0.0, -0.7071067811865437));
#1099 = SURFACE_CURVE('', #1100, (#501, #506), .CURVE_3D.);
#1100 = LINE('', #1101, #1102);
#1101 = CARTESIAN_POINT('', (-4.299999900000003, -20.749999999999886, 8.0000003));
#1102 = VECTOR('', #1103, 1.5000002000000023);
#1103 = DIRECTION('', (0.0, 1.0, 0.0));
#1104 = SURFACE_CURVE('', #1105, (#501, #531), .CURVE_3D.);
#1105 = INTERSECTION_CURVE('', #1106, (#1177, #1182), .CURVE_3D.);
#1106 = B_SPLINE_CURVE_WITH_KNOTS('', 1, (#1107, #1108, #1109, #1110, #1111, #1112, #1113, #1114, #1115, #1116, #1117, #1118, #1119, #1120, #1121, #1122, #1123, #1124, #1125, #1126, #1127, #1128, #1129, #1130, #1131, #1132, #1133, #1134, #1135, #1136, #1137, #1138, #1139, #1140, #1141, #1142, #1143, #1144, #1145, #1146, #1147, #1148, #1149, #1150, #1151, #1152, #1153, #1154, #1155, #1156, #1157, #1158, #1159, #1160, #1161, #1162, #1163, #1164, #1165, #1166, #1167, #1168, #1169, #1170, #1171, #1172, #1173, #1174, #1175, #1176), .UNSPECIFIED., .U., .U., (2, 1, 1, 1, 1, 1, 1, 1, 1, 1, 1, 1, 1, 1, 1, 1, 1, 1, 1, 1, 1, 1, 1, 1, 1, 1, 1, 1, 1, 1, 1, 1, 1, 1, 1, 1, 1, 1, 1, 1, 1, 1, 1, 1, 1, 1, 1, 1, 1, 1, 1, 1, 1, 1, 1, 1, 1, 1, 1, 1, 1, 1, 1, 1, 1, 1, 1, 1, 1, 2), (0.0, 0.014492753623188406, 0.028985507246376812, 0.043478260869565216, 0.057971014492753624, 0.07246376811594203, 0.08695652173913043, 0.10144927536231885, 0.11594202898550725, 0.13043478260869565, 0.14492753623188406, 0.15942028985507245, 0.17391304347826086, 0.18840579710144928, 0.2028985507246377, 0.21739130434782608, 0.2318840579710145, 0.2463768115942029, 0.2608695652173913, 0.2753623188405797, 0.2898550724637681, 0.30434782608695654, 0.3188405797101449, 0.3333333333333333, 0.34782608695652173, 0.36231884057971014, 0.37681159420289856, 0.391304347826087, 0.4057971014492754, 0.42028985507246375, 0.43478260869565216, 0.4492753623188406, 0.463768115942029, 0.4782608695652174, 0.4927536231884058, 0.5072463768115942, 0.5217391304347826, 0.5362318840579711, 0.5507246376811594, 0.5652173913043478, 0.5797101449275363, 0.5942028985507246, 0.6086956521739131, 0.6231884057971014, 0.6376811594202898, 0.6521739130434783, 0.6666666666666666, 0.6811594202898551, 0.6956521739130435, 0.7101449275362319, 0.7246376811594203, 0.7391304347826086, 0.7536231884057971, 0.7681159420289855, 0.782608695652174, 0.7971014492753623, 0.8115942028985508, 0.8260869565217391, 0.8405797101449275, 0.855072463768116, 0.8695652173913043, 0.8840579710144928, 0.8985507246376812, 0.9130434782608695, 0.927536231884058, 0.9420289855072463, 0.9565217391304348, 0.9710144927536232, 0.9855072463768116, 1.0), .UNSPECIFIED.);
#1107 = CARTESIAN_POINT('', (-4.299999900000003, -19.249999799999884, 8.0000003));
#1108 = CARTESIAN_POINT('', (-4.298815837250686, -19.249999799999884, 8.055472465485106));
#1109 = CARTESIAN_POINT('', (-4.298652709264104, -19.249999799999884, 8.059168543090745));
#1110 = CARTESIAN_POINT('', (-4.2984533848800766, -19.249999799999884, 8.063392315292266));
#1111 = CARTESIAN_POINT('', (-4.298433993066723, -19.249999799999884, 8.063788276625642));
#1112 = CARTESIAN_POINT('', (-4.2942722339693375, -19.249999799999884, 8.121898312787723));
#1113 = CARTESIAN_POINT('', (-4.293740044673854, -19.249999799999884, 8.127422582428427));
#1114 = CARTESIAN_POINT('', (-4.286731974268008, -19.249999799999884, 8.185258414667011));
#1115 = CARTESIAN_POINT('', (-4.285929362954221, -19.249999799999884, 8.190749916791969));
#1116 = CARTESIAN_POINT('', (-4.276091864295353, -19.249999799999884, 8.248172213521375));
#1117 = CARTESIAN_POINT('', (-4.2750207645242, -19.249999799999884, 8.253617718620966));
#1118 = CARTESIAN_POINT('', (-4.262377537008234, -19.249999799999884, 8.31048814449877));
#1119 = CARTESIAN_POINT('', (-4.261040529152908, -19.249999799999884, 8.315874533874242));
#1120 = CARTESIAN_POINT('', (-4.245622031422371, -19.249999799999884, 8.372056083063246));
#1121 = CARTESIAN_POINT('', (-4.244022336451877, -19.249999799999884, 8.3773703804308));
#1122 = CARTESIAN_POINT('', (-4.227874932849119, -19.249999799999884, 8.426993161422516));
#1123 = CARTESIAN_POINT('', (-4.22586571301828, -19.249999799999884, 8.432727706658083));
#1124 = CARTESIAN_POINT('', (-4.224007184737928, -19.249999799999884, 8.437957109409885));
#1125 = CARTESIAN_POINT('', (-4.203156176497458, -19.249999799999884, 8.49235685202784));
#1126 = CARTESIAN_POINT('', (-4.201043292264671, -19.249999799999884, 8.497488762074614));
#1127 = CARTESIAN_POINT('', (-4.177548131122535, -19.249999799999884, 8.550799867338421));
#1128 = CARTESIAN_POINT('', (-4.17518598106048, -19.249999799999884, 8.555821921459366));
#1129 = CARTESIAN_POINT('', (-4.1491032689177985, -19.249999799999884, 8.607915958246934));
#1130 = CARTESIAN_POINT('', (-4.14649754365287, -19.249999799999884, 8.612816057873797));
#1131 = CARTESIAN_POINT('', (-4.117890116047761, -19.249999799999884, 8.663567527087611));
#1132 = CARTESIAN_POINT('', (-4.115047093000356, -19.249999799999884, 8.668333867451189));
#1133 = CARTESIAN_POINT('', (-4.083983867731618, -19.249999799999884, 8.71762050435661));
#1134 = CARTESIAN_POINT('', (-4.080910395993314, -19.249999799999884, 8.722241602925482));
#1135 = CARTESIAN_POINT('', (-4.047466207091446, -19.249999799999884, 8.769944671697207));
#1136 = CARTESIAN_POINT('', (-4.044169690924846, -19.249999799999884, 8.774409395840165));
#1137 = CARTESIAN_POINT('', (-4.0084251083702895, -19.249999799999884, 8.82041397560722));
#1138 = CARTESIAN_POINT('', (-4.00491348937156, -19.249999799999884, 8.82471156941274));
#1139 = CARTESIAN_POINT('', (-3.9669546249945427, -19.249999799999884, 8.868906831112946));
#1140 = CARTESIAN_POINT('', (-3.963236362961453, -19.249999799999884, 8.873026941301125));
#1141 = CARTESIAN_POINT('', (-3.9231546629910525, -19.249999799999884, 8.915306414678));
#1142 = CARTESIAN_POINT('', (-3.9192387155425195, -19.249999799999884, 8.919239115542512));
#1143 = CARTESIAN_POINT('', (-3.8771307403047217, -19.249999799999884, 8.959500945641448));
#1144 = CARTESIAN_POINT('', (-3.8730265413011296, -19.249999799999884, 8.96323676296145));
#1145 = CARTESIAN_POINT('', (-3.828993732596487, -19.249999799999884, 9.001383955507215));
#1146 = CARTESIAN_POINT('', (-3.824711169412751, -19.249999799999884, 9.004913889371558));
#1147 = CARTESIAN_POINT('', (-3.778859606134276, -19.249999799999884, 9.040854544436007));
#1148 = CARTESIAN_POINT('', (-3.774408995840176, -19.249999799999884, 9.044170090924837));
#1149 = CARTESIAN_POINT('', (-3.726849138419894, -19.249999799999884, 9.07781762432191));
#1150 = CARTESIAN_POINT('', (-3.7222412029254883, -19.249999799999884, 9.080910795993312));
#1151 = CARTESIAN_POINT('', (-3.673087627225712, -19.249999799999884, 9.11218414786785));
#1152 = CARTESIAN_POINT('', (-3.668333467451191, -19.249999799999884, 9.115047493000358));
#1153 = CARTESIAN_POINT('', (-3.6177045887411055, -19.249999799999884, 9.143871323108488));
#1154 = CARTESIAN_POINT('', (-3.61281565787381, -19.249999799999884, 9.14649794365286));
#1155 = CARTESIAN_POINT('', (-3.5608334455567956, -19.249999799999884, 9.172802812863189));
#1156 = CARTESIAN_POINT('', (-3.5558215214593787, -19.249999799999884, 9.175186381060476));
#1157 = CARTESIAN_POINT('', (-3.5026112052380114, -19.249999799999884, 9.198908918639034));
#1158 = CARTESIAN_POINT('', (-3.4974883620746198, -19.249999799999884, 9.201043692264676));
#1159 = CARTESIAN_POINT('', (-3.443178130261373, -19.249999799999884, 9.222126748540585));
#1160 = CARTESIAN_POINT('', (-3.437956709409889, -19.249999799999884, 9.224007584737931));
#1161 = CARTESIAN_POINT('', (-3.3826774001101967, -19.249999799999884, 9.242400368781961));
#1162 = CARTESIAN_POINT('', (-3.3773699804308137, -19.249999799999884, 9.244022736451871));
#1163 = CARTESIAN_POINT('', (-3.3212547663426477, -19.249999799999884, 9.259680938436258));
#1164 = CARTESIAN_POINT('', (-3.315874133874246, -19.249999799999884, 9.26104092915291));
#1165 = CARTESIAN_POINT('', (-3.259058201463489, -19.249999799999898, 9.273926827097565));
#1166 = CARTESIAN_POINT('', (-3.253617318620968, -19.249999799999898, 9.275021164524203));
#1167 = CARTESIAN_POINT('', (-3.196237542445303, -19.249999799999898, 9.285103715172305));
#1168 = CARTESIAN_POINT('', (-3.190749516791982, -19.249999799999898, 9.285929762954217));
#1169 = CARTESIAN_POINT('', (-3.1329441297580445, -19.249999799999898, 9.293184676558134));
#1170 = CARTESIAN_POINT('', (-3.1274221824284325, -19.249999799999898, 9.293740444673858));
#1171 = CARTESIAN_POINT('', (-3.0693304427767742, -19.249999799999898, 9.298150243511259));
#1172 = CARTESIAN_POINT('', (-3.0637878766256534, -19.249999799999898, 9.298434393066726));
#1173 = CARTESIAN_POINT('', (-3.0633919152922715, -19.249999799999898, 9.298453784880078));
#1174 = CARTESIAN_POINT('', (-3.0591681430907727, -19.249999799999898, 9.298653109264109));
#1175 = CARTESIAN_POINT('', (-3.0554720654851337, -19.249999799999898, 9.298816237250694));
#1176 = CARTESIAN_POINT('', (-2.999999900000006, -19.249999799999898, 9.3000003));
#1177 = PLANE('', #1178);
#1178 = AXIS2_PLACEMENT_3D('', #1179, #1180, #1181);
#1179 = CARTESIAN_POINT('', (-21.50000000842573, -19.249999799999813, 2.0000003));
#1180 = DIRECTION('', (-4.2963049031E-15, -1.0, 0.0));
#1181 = DIRECTION('', (1.0, -4.2963049031E-15, 0.0));
#1182 = CYLINDRICAL_SURFACE('', #1183, 1.2999999999999956);
#1183 = AXIS2_PLACEMENT_3D('', #1184, #1185, #1186);
#1184 = CARTESIAN_POINT('', (-2.999999900000006, -14.24999979999997, 8.000000300000007));
#1185 = DIRECTION('', (0.0, -1.0, 0.0));
#1186 = DIRECTION('', (0.7071067811865512, 0.0, -0.7071067811865437));
#1187 = SURFACE_CURVE('', #1188, (#501, #526), .CURVE_3D.);
#1188 = LINE('', #1189, #1190);
#1189 = CARTESIAN_POINT('', (-2.999999900000006, -20.749999999999886, 9.3000003));
#1190 = VECTOR('', #1191, 1.5000001999999881);
#1191 = DIRECTION('', (0.0, 1.0, 0.0));
#1192 = SURFACE_CURVE('', #1193, (#506, #511), .CURVE_3D.);
#1193 = LINE('', #1194, #1195);
#1194 = CARTESIAN_POINT('', (-2.999999900000006, -20.749999999999886, 6.7000003));
#1195 = VECTOR('', #1196, 1.5000001999999881);
#1196 = DIRECTION('', (0.0, 1.0, 0.0));
#1197 = SURFACE_CURVE('', #1198, (#506, #531), .CURVE_3D.);
#1198 = INTERSECTION_CURVE('', #1199, (#1269, #1274), .CURVE_3D.);
#1199 = B_SPLINE_CURVE_WITH_KNOTS('', 1, (#1200, #1201, #1202, #1203, #1204, #1205, #1206, #1207, #1208, #1209, #1210, #1211, #1212, #1213, #1214, #1215, #1216, #1217, #1218, #1219, #1220, #1221, #1222, #1223, #1224, #1225, #1226, #1227, #1228, #1229, #1230, #1231, #1232, #1233, #1234, #1235, #1236, #1237, #1238, #1239, #1240, #1241, #1242, #1243, #1244, #1245, #1246, #1247, #1248, #1249, #1250, #1251, #1252, #1253, #1254, #1255, #1256, #1257, #1258, #1259, #1260, #1261, #1262, #1263, #1264, #1265, #1266, #1267, #1268), .UNSPECIFIED., .U., .U., (2, 1, 1, 1, 1, 1, 1, 1, 1, 1, 1, 1, 1, 1, 1, 1, 1, 1, 1, 1, 1, 1, 1, 1, 1, 1, 1, 1, 1, 1, 1, 1, 1, 1, 1, 1, 1, 1, 1, 1, 1, 1, 1, 1, 1, 1, 1, 1, 1, 1, 1, 1, 1, 1, 1, 1, 1, 1, 1, 1, 1, 1, 1, 1, 1, 1, 1, 1, 2), (0.0, 0.014705882352941176, 0.029411764705882353, 0.04411764705882353, 0.058823529411764705, 0.07352941176470588, 0.08823529411764706, 0.10294117647058823, 0.11764705882352941, 0.1323529411764706, 0.14705882352941177, 0.16176470588235295, 0.17647058823529413, 0.19117647058823528, 0.20588235294117646, 0.22058823529411764, 0.23529411764705882, 0.25, 0.2647058823529412, 0.27941176470588236, 0.29411764705882354, 0.3088235294117647, 0.3235294117647059, 0.3382352941176471, 0.35294117647058826, 0.36764705882352944, 0.38235294117647056, 0.39705882352941174, 0.4117647058823529, 0.4264705882352941, 0.4411764705882353, 0.45588235294117646, 0.47058823529411764, 0.4852941176470588, 0.5, 0.5147058823529411, 0.5294117647058824, 0.5441176470588235, 0.5588235294117647, 0.5735294117647058, 0.5882352941176471, 0.6029411764705882, 0.6176470588235294, 0.6323529411764706, 0.6470588235294118, 0.6617647058823529, 0.6764705882352942, 0.6911764705882353, 0.7058823529411765, 0.7205882352941176, 0.7352941176470589, 0.75, 0.7647058823529411, 0.7794117647058824, 0.7941176470588235, 0.8088235294117647, 0.8235294117647058, 0.8382352941176471, 0.8529411764705882, 0.8676470588235294, 0.8823529411764706, 0.8970588235294118, 0.9117647058823529, 0.9264705882352942, 0.9411764705882353, 0.9558823529411765, 0.9705882352941176, 0.9852941176470589, 1.0), .UNSPECIFIED.);
#1200 = CARTESIAN_POINT('', (-2.999999900000006, -19.249999799999898, 6.7000003));
#1201 = CARTESIAN_POINT('', (-3.0554720654851337, -19.249999799999898, 6.7011843627493155));
#1202 = CARTESIAN_POINT('', (-3.0591681430907727, -19.249999799999898, 6.701347490735902));
#1203 = CARTESIAN_POINT('', (-3.0633919152922715, -19.249999799999898, 6.701546815119931));
#1204 = CARTESIAN_POINT('', (-3.0637878766256534, -19.249999799999898, 6.701566206933283));
#1205 = CARTESIAN_POINT('', (-3.1218979127877162, -19.249999799999898, 6.705727966030681));
#1206 = CARTESIAN_POINT('', (-3.1274221824284325, -19.249999799999898, 6.706260155326151));
#1207 = CARTESIAN_POINT('', (-3.1852580146670277, -19.249999799999898, 6.713268225732014));
#1208 = CARTESIAN_POINT('', (-3.190749516791982, -19.249999799999898, 6.714070837045794));
#1209 = CARTESIAN_POINT('', (-3.248171813521367, -19.249999799999898, 6.723908335704669));
#1210 = CARTESIAN_POINT('', (-3.253617318620968, -19.249999799999898, 6.724979435475809));
#1211 = CARTESIAN_POINT('', (-3.310487744498772, -19.249999799999884, 6.737622662991766));
#1212 = CARTESIAN_POINT('', (-3.315874133874246, -19.249999799999884, 6.738959670847102));
#1213 = CARTESIAN_POINT('', (-3.3720556830632233, -19.249999799999884, 6.754378168577638));
#1214 = CARTESIAN_POINT('', (-3.3773699804307995, -19.249999799999884, 6.755977863548137));
#1215 = CARTESIAN_POINT('', (-3.43272730665808, -19.249999799999884, 6.774134486981724));
#1216 = CARTESIAN_POINT('', (-3.437956709409889, -19.249999799999884, 6.775993015262083));
#1217 = CARTESIAN_POINT('', (-3.492356452027849, -19.249999799999884, 6.796844023502539));
#1218 = CARTESIAN_POINT('', (-3.4974883620746198, -19.249999799999884, 6.798956907735337));
#1219 = CARTESIAN_POINT('', (-3.5507994673384076, -19.249999799999884, 6.822452068877471));
#1220 = CARTESIAN_POINT('', (-3.5558215214593645, -19.249999799999884, 6.824814218939532));
#1221 = CARTESIAN_POINT('', (-3.6079155582469298, -19.249999799999884, 6.850896931082228));
#1222 = CARTESIAN_POINT('', (-3.6128156578737958, -19.249999799999884, 6.853502656347148));
#1223 = CARTESIAN_POINT('', (-3.6635671270876173, -19.249999799999884, 6.8821100839522735));
#1224 = CARTESIAN_POINT('', (-3.668333467451191, -19.249999799999884, 6.8849531069996575));
#1225 = CARTESIAN_POINT('', (-3.717620104356598, -19.249999799999884, 6.91601633226839));
#1226 = CARTESIAN_POINT('', (-3.7222412029254883, -19.249999799999884, 6.919089804006703));
#1227 = CARTESIAN_POINT('', (-3.7699442716971987, -19.249999799999884, 6.952533992908552));
#1228 = CARTESIAN_POINT('', (-3.7744089958401617, -19.249999799999884, 6.955830509075171));
#1229 = CARTESIAN_POINT('', (-3.820413575607219, -19.249999799999884, 6.991575091629725));
#1230 = CARTESIAN_POINT('', (-3.824711169412737, -19.249999799999884, 6.995086710628451));
#1231 = CARTESIAN_POINT('', (-3.868906431112947, -19.249999799999884, 7.0330455750054695));
#1232 = CARTESIAN_POINT('', (-3.8730265413011153, -19.249999799999884, 7.03676383703856));
#1233 = CARTESIAN_POINT('', (-3.915306014677981, -19.249999799999884, 7.076845537008956));
#1234 = CARTESIAN_POINT('', (-3.9192387155425052, -19.249999799999884, 7.0807614844574935));
#1235 = CARTESIAN_POINT('', (-3.959500545641447, -19.249999799999884, 7.122869459695293));
#1236 = CARTESIAN_POINT('', (-3.963236362961439, -19.249999799999884, 7.126973658698884));
#1237 = CARTESIAN_POINT('', (-4.001383555507218, -19.249999799999884, 7.171006467403526));
#1238 = CARTESIAN_POINT('', (-4.00491348937156, -19.249999799999884, 7.175289030587271));
#1239 = CARTESIAN_POINT('', (-4.040854144435997, -19.249999799999884, 7.22114059386575));
#1240 = CARTESIAN_POINT('', (-4.044169690924832, -19.249999799999884, 7.225591204159844));
#1241 = CARTESIAN_POINT('', (-4.077817224321905, -19.249999799999884, 7.273151061580118));
#1242 = CARTESIAN_POINT('', (-4.0809103959933, -19.249999799999884, 7.277758997074525));
#1243 = CARTESIAN_POINT('', (-4.112183747867846, -19.249999799999884, 7.326912572774303));
#1244 = CARTESIAN_POINT('', (-4.115047093000356, -19.249999799999884, 7.331666732548819));
#1245 = CARTESIAN_POINT('', (-4.143870923108466, -19.249999799999884, 7.382295611258899));
#1246 = CARTESIAN_POINT('', (-4.146497543652856, -19.249999799999884, 7.38718454212621));
#1247 = CARTESIAN_POINT('', (-4.172802412863177, -19.249999799999884, 7.439166754443214));
#1248 = CARTESIAN_POINT('', (-4.175185981060466, -19.249999799999884, 7.444178678540638));
#1249 = CARTESIAN_POINT('', (-4.19890851863903, -19.249999799999884, 7.497388994761995));
#1250 = CARTESIAN_POINT('', (-4.201043292264671, -19.249999799999884, 7.502511837925389));
#1251 = CARTESIAN_POINT('', (-4.22212634854057, -19.249999799999884, 7.556822069738645));
#1252 = CARTESIAN_POINT('', (-4.224007184737928, -19.249999799999884, 7.562043490590119));
#1253 = CARTESIAN_POINT('', (-4.242399968781953, -19.249999799999884, 7.617322799889816));
#1254 = CARTESIAN_POINT('', (-4.244022336451863, -19.249999799999884, 7.622630219569202));
#1255 = CARTESIAN_POINT('', (-4.259680538436243, -19.249999799999884, 7.678745433657348));
#1256 = CARTESIAN_POINT('', (-4.261040529152908, -19.249999799999884, 7.68412606612576));
#1257 = CARTESIAN_POINT('', (-4.273926427097564, -19.249999799999884, 7.740941998536505));
#1258 = CARTESIAN_POINT('', (-4.2750207645242, -19.249999799999884, 7.746382881379035));
#1259 = CARTESIAN_POINT('', (-4.285103315172293, -19.249999799999884, 7.803762657554712));
#1260 = CARTESIAN_POINT('', (-4.285929362954207, -19.249999799999884, 7.809250683208031));
#1261 = CARTESIAN_POINT('', (-4.293184276558122, -19.249999799999884, 7.867056070241956));
#1262 = CARTESIAN_POINT('', (-4.293740044673854, -19.249999799999884, 7.8725780175715725));
#1263 = CARTESIAN_POINT('', (-4.298149843511254, -19.249999799999884, 7.93066975722323));
#1264 = CARTESIAN_POINT('', (-4.298433993066723, -19.249999799999884, 7.936212323374357));
#1265 = CARTESIAN_POINT('', (-4.2984533848800766, -19.249999799999884, 7.936608284707734));
#1266 = CARTESIAN_POINT('', (-4.298652709264104, -19.249999799999884, 7.9408320569092545));
#1267 = CARTESIAN_POINT('', (-4.298815837250686, -19.249999799999884, 7.944528134514896));
#1268 = CARTESIAN_POINT('', (-4.299999900000003, -19.249999799999884, 8.0000003));
#1269 = PLANE('', #1270);
#1270 = AXIS2_PLACEMENT_3D('', #1271, #1272, #1273);
#1271 = CARTESIAN_POINT('', (-21.50000000842573, -19.249999799999813, 2.0000003));
#1272 = DIRECTION('', (-4.2963049031E-15, -1.0, 0.0));
#1273 = DIRECTION('', (1.0, -4.2963049031E-15, 0.0));
#1274 = CYLINDRICAL_SURFACE('', #1275, 1.3000000000000063);
#1275 = AXIS2_PLACEMENT_3D('', #1276, #1277, #1278);
#1276 = CARTESIAN_POINT('', (-2.9999998999999917, -14.249999800000026, 8.000000300000012));
#1277 = DIRECTION('', (0.0, -1.0, 0.0));
#1278 = DIRECTION('', (0.7071067811865455, 0.0, 0.7071067811865496));
#1279 = SURFACE_CURVE('', #1280, (#511, #516), .CURVE_3D.);
#1280 = LINE('', #1281, #1282);
#1281 = CARTESIAN_POINT('', (3.000000099999994, -20.749999999999915, 6.7000003));
#1282 = VECTOR('', #1283, 1.5000002000000023);
#1283 = DIRECTION('', (0.0, 1.0, 0.0));
#1284 = SURFACE_CURVE('', #1285, (#511, #531), .CURVE_3D.);
#1285 = INTERSECTION_CURVE('', #1286, (#1290, #1295), .CURVE_3D.);
#1286 = B_SPLINE_CURVE_WITH_KNOTS('', 1, (#1287, #1288, #1289), .UNSPECIFIED., .U., .U., (2, 1, 2), (0.0, 0.5, 1.0), .UNSPECIFIED.);
#1287 = CARTESIAN_POINT('', (-2.999999900000006, -19.249999799999898, 6.7000003));
#1288 = CARTESIAN_POINT('', (-0.3913042478261417, -19.249999799999898, 6.7000003));
#1289 = CARTESIAN_POINT('', (3.000000099999994, -19.249999799999912, 6.7000003));
#1290 = PLANE('', #1291);
#1291 = AXIS2_PLACEMENT_3D('', #1292, #1293, #1294);
#1292 = CARTESIAN_POINT('', (-21.50000000842573, -19.249999799999813, 2.0000003));
#1293 = DIRECTION('', (-4.2963049031E-15, -1.0, 0.0));
#1294 = DIRECTION('', (1.0, -4.2963049031E-15, 0.0));
#1295 = PLANE('', #1296);
#1296 = AXIS2_PLACEMENT_3D('', #1297, #1298, #1299);
#1297 = CARTESIAN_POINT('', (-2.999999900000006, -25.749999799999998, 6.7000003));
#1298 = DIRECTION('', (0.0, 0.0, 1.0));
#1299 = DIRECTION('', (1.0, 0.0, 0.0));
#1300 = SURFACE_CURVE('', #1301, (#516, #521), .CURVE_3D.);
#1301 = LINE('', #1302, #1303);
#1302 = CARTESIAN_POINT('', (4.300000100000005, -20.749999999999915, 8.0000003));
#1303 = VECTOR('', #1304, 1.5000001999999881);
#1304 = DIRECTION('', (0.0, 1.0, 0.0));
#1305 = SURFACE_CURVE('', #1306, (#516, #531), .CURVE_3D.);
#1306 = INTERSECTION_CURVE('', #1307, (#1377, #1382), .CURVE_3D.);
#1307 = B_SPLINE_CURVE_WITH_KNOTS('', 1, (#1308, #1309, #1310, #1311, #1312, #1313, #1314, #1315, #1316, #1317, #1318, #1319, #1320, #1321, #1322, #1323, #1324, #1325, #1326, #1327, #1328, #1329, #1330, #1331, #1332, #1333, #1334, #1335, #1336, #1337, #1338, #1339, #1340, #1341, #1342, #1343, #1344, #1345, #1346, #1347, #1348, #1349, #1350, #1351, #1352, #1353, #1354, #1355, #1356, #1357, #1358, #1359, #1360, #1361, #1362, #1363, #1364, #1365, #1366, #1367, #1368, #1369, #1370, #1371, #1372, #1373, #1374, #1375, #1376), .UNSPECIFIED., .U., .U., (2, 1, 1, 1, 1, 1, 1, 1, 1, 1, 1, 1, 1, 1, 1, 1, 1, 1, 1, 1, 1, 1, 1, 1, 1, 1, 1, 1, 1, 1, 1, 1, 1, 1, 1, 1, 1, 1, 1, 1, 1, 1, 1, 1, 1, 1, 1, 1, 1, 1, 1, 1, 1, 1, 1, 1, 1, 1, 1, 1, 1, 1, 1, 1, 1, 1, 1, 1, 2), (0.0, 0.014705882352941176, 0.029411764705882353, 0.04411764705882353, 0.058823529411764705, 0.07352941176470588, 0.08823529411764706, 0.10294117647058823, 0.11764705882352941, 0.1323529411764706, 0.14705882352941177, 0.16176470588235295, 0.17647058823529413, 0.19117647058823528, 0.20588235294117646, 0.22058823529411764, 0.23529411764705882, 0.25, 0.2647058823529412, 0.27941176470588236, 0.29411764705882354, 0.3088235294117647, 0.3235294117647059, 0.3382352941176471, 0.35294117647058826, 0.36764705882352944, 0.38235294117647056, 0.39705882352941174, 0.4117647058823529, 0.4264705882352941, 0.4411764705882353, 0.45588235294117646, 0.47058823529411764, 0.4852941176470588, 0.5, 0.5147058823529411, 0.5294117647058824, 0.5441176470588235, 0.5588235294117647, 0.5735294117647058, 0.5882352941176471, 0.6029411764705882, 0.6176470588235294, 0.6323529411764706, 0.6470588235294118, 0.6617647058823529, 0.6764705882352942, 0.6911764705882353, 0.7058823529411765, 0.7205882352941176, 0.7352941176470589, 0.75, 0.7647058823529411, 0.7794117647058824, 0.7941176470588235, 0.8088235294117647, 0.8235294117647058, 0.8382352941176471, 0.8529411764705882, 0.8676470588235294, 0.8823529411764706, 0.8970588235294118, 0.9117647058823529, 0.9264705882352942, 0.9411764705882353, 0.9558823529411765, 0.9705882352941176, 0.9852941176470589, 1.0), .UNSPECIFIED.);
#1308 = CARTESIAN_POINT('', (3.000000099999994, -19.249999799999912, 6.7000003));
#1309 = CARTESIAN_POINT('', (3.0554722654850934, -19.249999799999912, 6.701184362749309));
#1310 = CARTESIAN_POINT('', (3.0591683430907324, -19.249999799999912, 6.701347490735895));
#1311 = CARTESIAN_POINT('', (3.0633921152922596, -19.249999799999912, 6.701546815119926));
#1312 = CARTESIAN_POINT('', (3.0637880766256274, -19.249999799999912, 6.7015662069332755));
#1313 = CARTESIAN_POINT('', (3.0693306427767766, -19.249999799999912, 6.701850356488745));
#1314 = CARTESIAN_POINT('', (3.1274223824284206, -19.249999799999912, 6.706260155326142));
#1315 = CARTESIAN_POINT('', (3.132944329758004, -19.249999799999912, 6.706815923441864));
#1316 = CARTESIAN_POINT('', (3.19074971679197, -19.249999799999912, 6.714070837045781));
#1317 = CARTESIAN_POINT('', (3.1962377424452484, -19.249999799999912, 6.714896884827691));
#1318 = CARTESIAN_POINT('', (3.253617518620956, -19.249999799999912, 6.724979435475793));
#1319 = CARTESIAN_POINT('', (3.2590584014635056, -19.249999799999912, 6.726073772902433));
#1320 = CARTESIAN_POINT('', (3.315874333874234, -19.249999799999927, 6.738959670847082));
#1321 = CARTESIAN_POINT('', (3.32125496634265, -19.249999799999927, 6.740319661563737));
#1322 = CARTESIAN_POINT('', (3.377370180430802, -19.249999799999927, 6.755977863548119));
#1323 = CARTESIAN_POINT('', (3.382677600110185, -19.249999799999927, 6.757600231218029));
#1324 = CARTESIAN_POINT('', (3.437956909409877, -19.249999799999927, 6.775993015262058));
#1325 = CARTESIAN_POINT('', (3.4431783302613326, -19.249999799999927, 6.777873851459405));
#1326 = CARTESIAN_POINT('', (3.497488562074608, -19.249999799999927, 6.798956907735311));
#1327 = CARTESIAN_POINT('', (3.5026114052379853, -19.249999799999927, 6.801091681360944));
#1328 = CARTESIAN_POINT('', (3.555821721459381, -19.249999799999927, 6.824814218939513));
#1329 = CARTESIAN_POINT('', (3.5608336455567837, -19.249999799999927, 6.827197787136798));
#1330 = CARTESIAN_POINT('', (3.6128158578738123, -19.249999799999927, 6.853502656347127));
#1331 = CARTESIAN_POINT('', (3.6177047887410936, -19.249999799999927, 6.856129276891495));
#1332 = CARTESIAN_POINT('', (3.6683336674512077, -19.249999799999927, 6.884953106999635));
#1333 = CARTESIAN_POINT('', (3.6730878272257144, -19.249999799999927, 6.887816452132142));
#1334 = CARTESIAN_POINT('', (3.722241402925505, -19.249999799999927, 6.9190898040066795));
#1335 = CARTESIAN_POINT('', (3.7268493384199246, -19.249999799999927, 6.9221829756780835));
#1336 = CARTESIAN_POINT('', (3.774409195840178, -19.249999799999927, 6.955830509075147));
#1337 = CARTESIAN_POINT('', (3.778859806134278, -19.249999799999927, 6.959146055563982));
#1338 = CARTESIAN_POINT('', (3.8247113694127393, -19.249999799999927, 6.9950867106284225));
#1339 = CARTESIAN_POINT('', (3.828993932596461, -19.249999799999927, 6.998616644492748));
#1340 = CARTESIAN_POINT('', (3.873026741301146, -19.249999799999927, 7.036763837038539));
#1341 = CARTESIAN_POINT('', (3.87713094030471, -19.249999799999927, 7.040499654358546));
#1342 = CARTESIAN_POINT('', (3.919238915542536, -19.249999799999927, 7.080761484457491));
#1343 = CARTESIAN_POINT('', (3.923154862991055, -19.249999799999927, 7.084694185321987));
#1344 = CARTESIAN_POINT('', (3.9632365629614696, -19.249999799999927, 7.126973658698862));
#1345 = CARTESIAN_POINT('', (3.966954824994559, -19.249999799999927, 7.131093768887036));
#1346 = CARTESIAN_POINT('', (4.004913689371563, -19.249999799999927, 7.175289030587244));
#1347 = CARTESIAN_POINT('', (4.008425308370306, -19.249999799999927, 7.179586624392751));
#1348 = CARTESIAN_POINT('', (4.044169890924849, -19.249999799999927, 7.225591204159822));
#1349 = CARTESIAN_POINT('', (4.047466407091463, -19.249999799999927, 7.230055928302764));
#1350 = CARTESIAN_POINT('', (4.080910595993316, -19.249999799999927, 7.277758997074503));
#1351 = CARTESIAN_POINT('', (4.08398406773162, -19.249999799999927, 7.282380095643377));
#1352 = CARTESIAN_POINT('', (4.115047293000373, -19.249999799999927, 7.3316667325488));
#1353 = CARTESIAN_POINT('', (4.117890316047749, -19.249999799999927, 7.336433072912379));
#1354 = CARTESIAN_POINT('', (4.146497743652873, -19.249999799999927, 7.387184542126192));
#1355 = CARTESIAN_POINT('', (4.149103468917787, -19.249999799999927, 7.392084641753044));
#1356 = CARTESIAN_POINT('', (4.175186181060496, -19.249999799999927, 7.444178678540624));
#1357 = CARTESIAN_POINT('', (4.177548331122551, -19.249999799999927, 7.449200732661559));
#1358 = CARTESIAN_POINT('', (4.201043492264688, -19.249999799999927, 7.502511837925374));
#1359 = CARTESIAN_POINT('', (4.203156376497475, -19.249999799999927, 7.507643747972143));
#1360 = CARTESIAN_POINT('', (4.224007384737945, -19.249999799999927, 7.562043490590106));
#1361 = CARTESIAN_POINT('', (4.2258659130183105, -19.249999799999927, 7.567272893341906));
#1362 = CARTESIAN_POINT('', (4.244022536451894, -19.249999799999927, 7.622630219569192));
#1363 = CARTESIAN_POINT('', (4.245622231422374, -19.249999799999927, 7.62794451693674));
#1364 = CARTESIAN_POINT('', (4.26104072915291, -19.249999799999927, 7.684126066125751));
#1365 = CARTESIAN_POINT('', (4.262377737008251, -19.249999799999927, 7.689512455501221));
#1366 = CARTESIAN_POINT('', (4.275020964524202, -19.249999799999927, 7.746382881379029));
#1367 = CARTESIAN_POINT('', (4.276092064295369, -19.249999799999927, 7.751828386478612));
#1368 = CARTESIAN_POINT('', (4.285929562954237, -19.249999799999927, 7.809250683208027));
#1369 = CARTESIAN_POINT('', (4.286732174268025, -19.249999799999927, 7.814742185332982));
#1370 = CARTESIAN_POINT('', (4.29374024467387, -19.249999799999927, 7.87257801757157));
#1371 = CARTESIAN_POINT('', (4.294272433969354, -19.249999799999927, 7.878102287212269));
#1372 = CARTESIAN_POINT('', (4.298434193066726, -19.249999799999927, 7.936212323374356));
#1373 = CARTESIAN_POINT('', (4.298453584880065, -19.249999799999927, 7.936608284707731));
#1374 = CARTESIAN_POINT('', (4.298652909264121, -19.249999799999927, 7.940832056909251));
#1375 = CARTESIAN_POINT('', (4.2988160372507025, -19.249999799999927, 7.944528134514892));
#1376 = CARTESIAN_POINT('', (4.300000100000005, -19.249999799999927, 8.0000003));
#1377 = PLANE('', #1378);
#1378 = AXIS2_PLACEMENT_3D('', #1379, #1380, #1381);
#1379 = CARTESIAN_POINT('', (-21.50000000842573, -19.249999799999813, 2.0000003));
#1380 = DIRECTION('', (-4.2963049031E-15, -1.0, 0.0));
#1381 = DIRECTION('', (1.0, -4.2963049031E-15, 0.0));
#1382 = CYLINDRICAL_SURFACE('', #1383, 1.2999999999999565);
#1383 = AXIS2_PLACEMENT_3D('', #1384, #1385, #1386);
#1384 = CARTESIAN_POINT('', (3.000000100000051, -14.249999799999998, 8.00000029999996));
#1385 = DIRECTION('', (0.0, -1.0, 0.0));
#1386 = DIRECTION('', (-0.7071067811865397, 0.0, 0.7071067811865553));
#1387 = SURFACE_CURVE('', #1388, (#521, #526), .CURVE_3D.);
#1388 = LINE('', #1389, #1390);
#1389 = CARTESIAN_POINT('', (3.000000099999994, -20.749999999999915, 9.3000003));
#1390 = VECTOR('', #1391, 1.5000002000000023);
#1391 = DIRECTION('', (0.0, 1.0, 0.0));
#1392 = SURFACE_CURVE('', #1393, (#521, #531), .CURVE_3D.);
#1393 = INTERSECTION_CURVE('', #1394, (#1464, #1469), .CURVE_3D.);
#1394 = B_SPLINE_CURVE_WITH_KNOTS('', 1, (#1395, #1396, #1397, #1398, #1399, #1400, #1401, #1402, #1403, #1404, #1405, #1406, #1407, #1408, #1409, #1410, #1411, #1412, #1413, #1414, #1415, #1416, #1417, #1418, #1419, #1420, #1421, #1422, #1423, #1424, #1425, #1426, #1427, #1428, #1429, #1430, #1431, #1432, #1433, #1434, #1435, #1436, #1437, #1438, #1439, #1440, #1441, #1442, #1443, #1444, #1445, #1446, #1447, #1448, #1449, #1450, #1451, #1452, #1453, #1454, #1455, #1456, #1457, #1458, #1459, #1460, #1461, #1462, #1463), .UNSPECIFIED., .U., .U., (2, 1, 1, 1, 1, 1, 1, 1, 1, 1, 1, 1, 1, 1, 1, 1, 1, 1, 1, 1, 1, 1, 1, 1, 1, 1, 1, 1, 1, 1, 1, 1, 1, 1, 1, 1, 1, 1, 1, 1, 1, 1, 1, 1, 1, 1, 1, 1, 1, 1, 1, 1, 1, 1, 1, 1, 1, 1, 1, 1, 1, 1, 1, 1, 1, 1, 1, 1, 2), (0.0, 0.014705882352941176, 0.029411764705882353, 0.04411764705882353, 0.058823529411764705, 0.07352941176470588, 0.08823529411764706, 0.10294117647058823, 0.11764705882352941, 0.1323529411764706, 0.14705882352941177, 0.16176470588235295, 0.17647058823529413, 0.19117647058823528, 0.20588235294117646, 0.22058823529411764, 0.23529411764705882, 0.25, 0.2647058823529412, 0.27941176470588236, 0.29411764705882354, 0.3088235294117647, 0.3235294117647059, 0.3382352941176471, 0.35294117647058826, 0.36764705882352944, 0.38235294117647056, 0.39705882352941174, 0.4117647058823529, 0.4264705882352941, 0.4411764705882353, 0.45588235294117646, 0.47058823529411764, 0.4852941176470588, 0.5, 0.5147058823529411, 0.5294117647058824, 0.5441176470588235, 0.5588235294117647, 0.5735294117647058, 0.5882352941176471, 0.6029411764705882, 0.6176470588235294, 0.6323529411764706, 0.6470588235294118, 0.6617647058823529, 0.6764705882352942, 0.6911764705882353, 0.7058823529411765, 0.7205882352941176, 0.7352941176470589, 0.75, 0.7647058823529411, 0.7794117647058824, 0.7941176470588235, 0.8088235294117647, 0.8235294117647058, 0.8382352941176471, 0.8529411764705882, 0.8676470588235294, 0.8823529411764706, 0.8970588235294118, 0.9117647058823529, 0.9264705882352942, 0.9411764705882353, 0.9558823529411765, 0.9705882352941176, 0.9852941176470589, 1.0), .UNSPECIFIED.);
#1395 = CARTESIAN_POINT('', (4.300000100000005, -19.249999799999927, 8.0000003));
#1396 = CARTESIAN_POINT('', (4.2988160372507025, -19.249999799999927, 8.055472465485106));
#1397 = CARTESIAN_POINT('', (4.298652909264121, -19.249999799999927, 8.059168543090749));
#1398 = CARTESIAN_POINT('', (4.298453584880065, -19.249999799999927, 8.063392315292269));
#1399 = CARTESIAN_POINT('', (4.298434193066726, -19.249999799999927, 8.063788276625644));
#1400 = CARTESIAN_POINT('', (4.298150043511271, -19.249999799999927, 8.069330842776761));
#1401 = CARTESIAN_POINT('', (4.29374024467387, -19.249999799999927, 8.12742258242843));
#1402 = CARTESIAN_POINT('', (4.293184476558139, -19.249999799999927, 8.132944529758035));
#1403 = CARTESIAN_POINT('', (4.285929562954209, -19.249999799999927, 8.190749916791972));
#1404 = CARTESIAN_POINT('', (4.285103515172295, -19.249999799999927, 8.19623794244528));
#1405 = CARTESIAN_POINT('', (4.275020964524202, -19.249999799999927, 8.25361771862097));
#1406 = CARTESIAN_POINT('', (4.27392662709758, -19.249999799999927, 8.259058601463492));
#1407 = CARTESIAN_POINT('', (4.26104072915291, -19.249999799999927, 8.315874533874245));
#1408 = CARTESIAN_POINT('', (4.259680738436259, -19.249999799999927, 8.321255166342652));
#1409 = CARTESIAN_POINT('', (4.244022536451865, -19.249999799999927, 8.377370380430804));
#1410 = CARTESIAN_POINT('', (4.2424001687819555, -19.249999799999927, 8.38267780011018));
#1411 = CARTESIAN_POINT('', (4.2240073847379165, -19.249999799999927, 8.43795710940989));
#1412 = CARTESIAN_POINT('', (4.2221265485405866, -19.249999799999927, 8.443178530261356));
#1413 = CARTESIAN_POINT('', (4.201043492264688, -19.249999799999927, 8.497488762074617));
#1414 = CARTESIAN_POINT('', (4.198908718639018, -19.249999799999927, 8.502611605238005));
#1415 = CARTESIAN_POINT('', (4.175186181060468, -19.249999799999927, 8.555821921459373));
#1416 = CARTESIAN_POINT('', (4.1728026128631655, -19.249999799999927, 8.560833845556783));
#1417 = CARTESIAN_POINT('', (4.146497743652873, -19.249999799999927, 8.6128160578738));
#1418 = CARTESIAN_POINT('', (4.143871123108511, -19.249999799999927, 8.6177049887411));
#1419 = CARTESIAN_POINT('', (4.1150472930003446, -19.249999799999927, 8.668333867451192));
#1420 = CARTESIAN_POINT('', (4.112183947867834, -19.249999799999927, 8.673088027225713));
#1421 = CARTESIAN_POINT('', (4.080910595993316, -19.249999799999927, 8.722241602925488));
#1422 = CARTESIAN_POINT('', (4.077817424321893, -19.249999799999927, 8.726849538419899));
#1423 = CARTESIAN_POINT('', (4.044169890924849, -19.249999799999927, 8.774409395840166));
#1424 = CARTESIAN_POINT('', (4.040854344436013, -19.249999799999927, 8.778860006134256));
#1425 = CARTESIAN_POINT('', (4.004913689371563, -19.249999799999927, 8.824711569412742));
#1426 = CARTESIAN_POINT('', (4.00138375550722, -19.249999799999927, 8.828994132596492));
#1427 = CARTESIAN_POINT('', (3.9632365629614412, -19.249999799999927, 8.87302694130113));
#1428 = CARTESIAN_POINT('', (3.959500745641435, -19.249999799999927, 8.877131140304721));
#1429 = CARTESIAN_POINT('', (3.9192389155425076, -19.249999799999927, 8.91923911554252));
#1430 = CARTESIAN_POINT('', (3.9153062146780258, -19.249999799999927, 8.92315506299106));
#1431 = CARTESIAN_POINT('', (3.8730267413011177, -19.249999799999927, 8.963236762961454));
#1432 = CARTESIAN_POINT('', (3.8689066311129636, -19.249999799999927, 8.966955024994537));
#1433 = CARTESIAN_POINT('', (3.8247113694127393, -19.249999799999927, 9.004913889371565));
#1434 = CARTESIAN_POINT('', (3.8204137756072214, -19.249999799999927, 9.00842550837029));
#1435 = CARTESIAN_POINT('', (3.7744091958401498, -19.249999799999927, 9.04417009092485));
#1436 = CARTESIAN_POINT('', (3.7699444716972152, -19.249999799999927, 9.047466607091462));
#1437 = CARTESIAN_POINT('', (3.7222414029254765, -19.249999799999927, 9.080910795993319));
#1438 = CARTESIAN_POINT('', (3.7176203043566147, -19.249999799999927, 9.083984267731616));
#1439 = CARTESIAN_POINT('', (3.6683336674511793, -19.249999799999927, 9.115047493000365));
#1440 = CARTESIAN_POINT('', (3.6635673270876055, -19.249999799999927, 9.117890516047755));
#1441 = CARTESIAN_POINT('', (3.612815857873784, -19.249999799999927, 9.146497943652871));
#1442 = CARTESIAN_POINT('', (3.607915758246918, -19.249999799999927, 9.1491036689178));
#1443 = CARTESIAN_POINT('', (3.5558217214593526, -19.249999799999927, 9.175186381060488));
#1444 = CARTESIAN_POINT('', (3.550799667338424, -19.249999799999927, 9.177548531122532));
#1445 = CARTESIAN_POINT('', (3.497488562074608, -19.249999799999927, 9.201043692264683));
#1446 = CARTESIAN_POINT('', (3.4923566520278087, -19.249999799999927, 9.203156576497484));
#1447 = CARTESIAN_POINT('', (3.437956909409877, -19.249999799999927, 9.224007584737938));
#1448 = CARTESIAN_POINT('', (3.4327275066580683, -19.249999799999927, 9.225866113018292));
#1449 = CARTESIAN_POINT('', (3.377370180430802, -19.249999799999927, 9.24402273645188));
#1450 = CARTESIAN_POINT('', (3.37205588306324, -19.249999799999927, 9.245622431422373));
#1451 = CARTESIAN_POINT('', (3.315874333874234, -19.249999799999927, 9.26104092915292));
#1452 = CARTESIAN_POINT('', (3.3104879444987887, -19.249999799999927, 9.26237793700825));
#1453 = CARTESIAN_POINT('', (3.253617518620956, -19.249999799999912, 9.275021164524212));
#1454 = CARTESIAN_POINT('', (3.2481720135213834, -19.249999799999912, 9.276092264295347));
#1455 = CARTESIAN_POINT('', (3.19074971679197, -19.249999799999912, 9.285929762954227));
#1456 = CARTESIAN_POINT('', (3.1852582146670443, -19.249999799999912, 9.286732374268006));
#1457 = CARTESIAN_POINT('', (3.1274223824284206, -19.249999799999912, 9.293740444673869));
#1458 = CARTESIAN_POINT('', (3.1218981127877043, -19.249999799999912, 9.294272633969339));
#1459 = CARTESIAN_POINT('', (3.0637880766256274, -19.249999799999912, 9.298434393066739));
#1460 = CARTESIAN_POINT('', (3.0633921152922596, -19.249999799999912, 9.298453784880088));
#1461 = CARTESIAN_POINT('', (3.0591683430907324, -19.249999799999912, 9.29865310926412));
#1462 = CARTESIAN_POINT('', (3.0554722654850934, -19.249999799999912, 9.298816237250705));
#1463 = CARTESIAN_POINT('', (3.000000099999994, -19.249999799999912, 9.3000003));
#1464 = PLANE('', #1465);
#1465 = AXIS2_PLACEMENT_3D('', #1466, #1467, #1468);
#1466 = CARTESIAN_POINT('', (-21.50000000842573, -19.249999799999813, 2.0000003));
#1467 = DIRECTION('', (-4.2963049031E-15, -1.0, 0.0));
#1468 = DIRECTION('', (1.0, -4.2963049031E-15, 0.0));
#1469 = CYLINDRICAL_SURFACE('', #1470, 1.3000000000000276);
#1470 = AXIS2_PLACEMENT_3D('', #1471, #1472, #1473);
#1471 = CARTESIAN_POINT('', (3.00000009999998, -14.249999799999998, 8.000000299999988));
#1472 = DIRECTION('', (0.0, -1.0, 0.0));
#1473 = DIRECTION('', (-0.7071067811865448, 0.0, -0.7071067811865503));
#1474 = SURFACE_CURVE('', #1475, (#526, #531), .CURVE_3D.);
#1475 = INTERSECTION_CURVE('', #1476, (#1481, #1486), .CURVE_3D.);
#1476 = B_SPLINE_CURVE_WITH_KNOTS('', 1, (#1477, #1478, #1479, #1480), .UNSPECIFIED., .U., .U., (2, 1, 1, 2), (0.0, 0.3333333333333333, 0.6666666666666666, 1.0), .UNSPECIFIED.);
#1477 = CARTESIAN_POINT('', (-2.999999900000006, -19.249999799999898, 9.3000003));
#1478 = CARTESIAN_POINT('', (-1.881249958956488, -19.249999799999898, 9.3000003));
#1479 = CARTESIAN_POINT('', (0.39130444782612983, -19.249999799999912, 9.3000003));
#1480 = CARTESIAN_POINT('', (3.000000099999994, -19.249999799999912, 9.3000003));
#1481 = PLANE('', #1482);
#1482 = AXIS2_PLACEMENT_3D('', #1483, #1484, #1485);
#1483 = CARTESIAN_POINT('', (-21.50000000842573, -19.249999799999813, 2.0000003));
#1484 = DIRECTION('', (-4.2963049031E-15, -1.0, 0.0));
#1485 = DIRECTION('', (1.0, -4.2963049031E-15, 0.0));
#1486 = PLANE('', #1487);
#1487 = AXIS2_PLACEMENT_3D('', #1488, #1489, #1490);
#1488 = CARTESIAN_POINT('', (3.000000099999994, -25.749999799999998, 9.3000003));
#1489 = DIRECTION('', (0.0, 0.0, -1.0));
#1490 = DIRECTION('', (-1.0, 0.0, 0.0));
#1491 = SURFACE_CURVE('', #1492, (#531, #581), .CURVE_3D.);
#1492 = INTERSECTION_CURVE('', #1493, (#1499, #1504), .CURVE_3D.);
#1493 = B_SPLINE_CURVE_WITH_KNOTS('', 1, (#1494, #1495, #1496, #1497, #1498), .UNSPECIFIED., .U., .U., (2, 1, 1, 1, 2), (0.0, 0.25, 0.5, 0.75, 1.0), .UNSPECIFIED.);
#1494 = CARTESIAN_POINT('', (21.500000099999994, -19.249999799999998, 13.0));
#1495 = CARTESIAN_POINT('', (21.159516852889936, -19.249999799999998, 13.0));
#1496 = CARTESIAN_POINT('', (8.062499259866968, -19.24999979999994, 13.0));
#1497 = CARTESIAN_POINT('', (-20.257696424719228, -19.249999799999813, 13.0));
#1498 = CARTESIAN_POINT('', (-21.50000000842573, -19.249999799999827, 13.0));
#1499 = PLANE('', #1500);
#1500 = AXIS2_PLACEMENT_3D('', #1501, #1502, #1503);
#1501 = CARTESIAN_POINT('', (30.750000000000085, 29.239590861319385, 13.0));
#1502 = DIRECTION('', (0.0, 0.0, 0.9999999999999999));
#1503 = DIRECTION('', (-1.0, 0.0, 0.0));
#1504 = PLANE('', #1505);
#1505 = AXIS2_PLACEMENT_3D('', #1506, #1507, #1508);
#1506 = CARTESIAN_POINT('', (-21.50000000842573, -19.249999799999813, 2.0000003));
#1507 = DIRECTION('', (-4.2963049031E-15, -1.0, 0.0));
#1508 = DIRECTION('', (1.0, -4.2963049031E-15, 0.0));
#1509 = SURFACE_CURVE('', #1510, (#531, #571), .CURVE_3D.);
#1510 = LINE('', #1511, #1512);
#1511 = CARTESIAN_POINT('', (-21.50000000842573, -19.249999799999813, 2.0000003));
#1512 = VECTOR('', #1513, 10.9999997);
#1513 = DIRECTION('', (0.0, 0.0, 1.0));
#1514 = SURFACE_CURVE('', #1515, (#531, #566), .CURVE_3D.);
#1515 = LINE('', #1516, #1517);
#1516 = CARTESIAN_POINT('', (-21.50000000842573, -19.249999799999813, 2.0000003));
#1517 = VECTOR('', #1518, 43.00000010842572);
#1518 = DIRECTION('', (1.0, -4.2963049031E-15, 0.0));
#1519 = SURFACE_CURVE('', #1520, (#531, #536), .CURVE_3D.);
#1520 = LINE('', #1521, #1522);
#1521 = CARTESIAN_POINT('', (21.500000099999994, -19.249999799999998, 2.0000003));
#1522 = VECTOR('', #1523, 10.9999997);
#1523 = DIRECTION('', (0.0, 0.0, 1.0));
#1524 = SURFACE_CURVE('', #1525, (#536, #581), .CURVE_3D.);
#1525 = INTERSECTION_CURVE('', #1526, (#1539, #1544), .CURVE_3D.);
#1526 = B_SPLINE_CURVE_WITH_KNOTS('', 1, (#1527, #1528, #1529, #1530, #1531, #1532, #1533, #1534, #1535, #1536, #1537, #1538), .UNSPECIFIED., .U., .U., (2, 1, 1, 1, 1, 1, 1, 1, 1, 1, 1, 2), (0.0, 0.09090909090909091, 0.18181818181818182, 0.2727272727272727, 0.36363636363636365, 0.45454545454545453, 0.5454545454545454, 0.6363636363636364, 0.7272727272727273, 0.8181818181818182, 0.9090909090909091, 1.0), .UNSPECIFIED.);
#1527 = CARTESIAN_POINT('', (22.940815123276337, -19.11489016543949, 13.0));
#1528 = CARTESIAN_POINT('', (22.65507771468009, -19.163438866770278, 13.0));
#1529 = CARTESIAN_POINT('', (22.367724826689056, -19.201269553195957, 13.0));
#1530 = CARTESIAN_POINT('', (22.079158348455593, -19.22832931506038, 13.0));
#1531 = CARTESIAN_POINT('', (21.78978186644838, -19.244580306825128, 13.0));
#1532 = CARTESIAN_POINT('', (21.76344646159697, -19.245520870335525, 13.0));
#1533 = CARTESIAN_POINT('', (21.74149899641438, -19.246236232442527, 13.0));
#1534 = CARTESIAN_POINT('', (21.722927155579725, -19.24679294735361, 13.0));
#1535 = CARTESIAN_POINT('', (21.707007771897963, -19.24723468257139, 13.0));
#1536 = CARTESIAN_POINT('', (21.693210477720527, -19.24759105269679, 13.0));
#1537 = CARTESIAN_POINT('', (21.681137468289535, -19.247882716886238, 13.0));
#1538 = CARTESIAN_POINT('', (21.500000099999994, -19.249999799999998, 13.0));
#1539 = PLANE('', #1540);
#1540 = AXIS2_PLACEMENT_3D('', #1541, #1542, #1543);
#1541 = CARTESIAN_POINT('', (30.750000000000085, 29.239590861319385, 13.0));
#1542 = DIRECTION('', (0.0, 0.0, 0.9999999999999999));
#1543 = DIRECTION('', (-1.0, 0.0, 0.0));
#1544 = CYLINDRICAL_SURFACE('', #1545, 7.749998771177022);
#1545 = AXIS2_PLACEMENT_3D('', #1546, #1547, #1548);
#1546 = CARTESIAN_POINT('', (21.500001328823146, -11.500001028823064, 18.0000003));
#1547 = DIRECTION('', (0.0, 0.0, 1.0));
#1548 = DIRECTION('', (-0.7071067762401911, 0.707106786132904, 0.0));
#1549 = SURFACE_CURVE('', #1550, (#536, #566), .CURVE_3D.);
#1550 = (
    BOUNDED_CURVE()
    B_SPLINE_CURVE(2, (#1551, #1552, #1553, #1554, #1555, #1556), .UNSPECIFIED., .U., .U.)
    B_SPLINE_CURVE_WITH_KNOTS((3, 1, 1, 1, 3), (0.0, 0.25, 0.5, 0.75, 1.0), .UNSPECIFIED.)
    CURVE()
    GEOMETRIC_REPRESENTATION_ITEM()
    RATIONAL_B_SPLINE_CURVE((1.0, 0.926776668503891, 0.8535533370077819, 0.8535533370077818, 0.926776668503891, 1.0))
    REPRESENTATION_ITEM('')
);
#1551 = CARTESIAN_POINT('', (21.500000099999994, -19.249999799999998, 2.0000003));
#1552 = CARTESIAN_POINT('', (22.97826279858199, -19.250000034390155, 2.0000003));
#1553 = CARTESIAN_POINT('', (25.84511668162136, -18.11503903071966, 2.0000003));
#1554 = CARTESIAN_POINT('', (28.115039269929806, -15.845116474168373, 2.0000003));
#1555 = CARTESIAN_POINT('', (29.25000031370876, -12.97826260700755, 2.0000003));
#1556 = CARTESIAN_POINT('', (29.25000010000008, -11.499999908425565, 2.0000003));
#1557 = SURFACE_CURVE('', #1558, (#536, #541), .CURVE_3D.);
#1558 = LINE('', #1559, #1560);
#1559 = CARTESIAN_POINT('', (29.250000100000108, -11.499999908425579, 2.0000003));
#1560 = VECTOR('', #1561, 10.9999997);
#1561 = DIRECTION('', (0.0, 0.0, 1.0));
#1562 = SURFACE_CURVE('', #1563, (#536, #581), .CURVE_3D.);
#1563 = INTERSECTION_CURVE('', #1564, (#1577, #1582), .CURVE_3D.);
#1564 = B_SPLINE_CURVE_WITH_KNOTS('', 1, (#1565, #1566, #1567, #1568, #1569, #1570, #1571, #1572, #1573, #1574, #1575, #1576), .UNSPECIFIED., .U., .U., (2, 1, 1, 1, 1, 1, 1, 1, 1, 1, 1, 2), (0.0, 0.09090909090909091, 0.18181818181818182, 0.2727272727272727, 0.36363636363636365, 0.45454545454545453, 0.5454545454545454, 0.6363636363636364, 0.7272727272727273, 0.8181818181818182, 0.9090909090909091, 1.0), .UNSPECIFIED.);
#1565 = CARTESIAN_POINT('', (29.114890445281986, -12.94081492981168, 13.0));
#1566 = CARTESIAN_POINT('', (29.163439150610373, -12.655077521894626, 13.0));
#1567 = CARTESIAN_POINT('', (29.201269841056245, -12.367724634432875, 13.0));
#1568 = CARTESIAN_POINT('', (29.22832960695783, -12.079158156578004, 13.0));
#1569 = CARTESIAN_POINT('', (29.244580602771066, -11.789781674798121, 13.0));
#1570 = CARTESIAN_POINT('', (29.245521166649894, -11.763446269959857, 13.000000000000002));
#1571 = CARTESIAN_POINT('', (29.246236529063964, -11.741498804787284, 13.0));
#1572 = CARTESIAN_POINT('', (29.24679324423488, -11.722926963960447, 13.0));
#1573 = CARTESIAN_POINT('', (29.24723497967537, -11.707007580284852, 13.0));
#1574 = CARTESIAN_POINT('', (29.247591349993797, -11.693210286112418, 13.0));
#1575 = CARTESIAN_POINT('', (29.24788301435214, -11.68113727668549, 13.0));
#1576 = CARTESIAN_POINT('', (29.25000010000008, -11.499999908425565, 13.0));
#1577 = PLANE('', #1578);
#1578 = AXIS2_PLACEMENT_3D('', #1579, #1580, #1581);
#1579 = CARTESIAN_POINT('', (30.750000000000085, 29.239590861319385, 13.0));
#1580 = DIRECTION('', (0.0, 0.0, 0.9999999999999999));
#1581 = DIRECTION('', (-1.0, 0.0, 0.0));
#1582 = CYLINDRICAL_SURFACE('', #1583, 7.749998771177022);
#1583 = AXIS2_PLACEMENT_3D('', #1584, #1585, #1586);
#1584 = CARTESIAN_POINT('', (21.500001328823146, -11.500001028823064, 18.0000003));
#1585 = DIRECTION('', (0.0, 0.0, 1.0));
#1586 = DIRECTION('', (-0.7071067762401911, 0.707106786132904, 0.0));
#1587 = SURFACE_CURVE('', #1588, (#536, #581), .CURVE_3D.);
#1588 = INTERSECTION_CURVE('', #1589, (#1602, #1607), .CURVE_3D.);
#1589 = B_SPLINE_CURVE_WITH_KNOTS('', 1, (#1590, #1591, #1592, #1593, #1594, #1595, #1596, #1597, #1598, #1599, #1600, #1601), .UNSPECIFIED., .U., .U., (2, 1, 1, 1, 1, 1, 1, 1, 1, 1, 1, 2), (0.0, 0.09090909090909091, 0.18181818181818182, 0.2727272727272727, 0.36363636363636365, 0.45454545454545453, 0.5454545454545454, 0.6363636363636364, 0.7272727272727273, 0.8181818181818182, 0.9090909090909091, 1.0), .UNSPECIFIED.);
#1590 = CARTESIAN_POINT('', (28.714271875366194, -14.33139315711, 12.999999999999998));
#1591 = CARTESIAN_POINT('', (28.727929357391787, -14.296344599823811, 13.0));
#1592 = CARTESIAN_POINT('', (28.81216247264402, -14.06803147257591, 13.0));
#1593 = CARTESIAN_POINT('', (28.815096182627343, -14.059662770751629, 13.0));
#1594 = CARTESIAN_POINT('', (28.886823822589236, -13.844640531782332, 13.0));
#1595 = CARTESIAN_POINT('', (28.905689597784573, -13.784352625274991, 13.0));
#1596 = CARTESIAN_POINT('', (28.95345962978581, -13.623309840337825, 13.0));
#1597 = CARTESIAN_POINT('', (28.98592548425458, -13.505847606299398, 13.0));
#1598 = CARTESIAN_POINT('', (29.012491469896332, -13.40393717100946, 13.0));
#1599 = CARTESIAN_POINT('', (29.055691624851647, -13.22453722842755, 13.0));
#1600 = CARTESIAN_POINT('', (29.06428011423077, -13.18646698160049, 13.0));
#1601 = CARTESIAN_POINT('', (29.114890445281986, -12.94081492981168, 13.0));
#1602 = PLANE('', #1603);
#1603 = AXIS2_PLACEMENT_3D('', #1604, #1605, #1606);
#1604 = CARTESIAN_POINT('', (30.750000000000085, 29.239590861319385, 13.0));
#1605 = DIRECTION('', (0.0, 0.0, 0.9999999999999999));
#1606 = DIRECTION('', (-1.0, 0.0, 0.0));
#1607 = CYLINDRICAL_SURFACE('', #1608, 7.749998771177022);
#1608 = AXIS2_PLACEMENT_3D('', #1609, #1610, #1611);
#1609 = CARTESIAN_POINT('', (21.500001328823146, -11.500001028823064, 18.0000003));
#1610 = DIRECTION('', (0.0, 0.0, 1.0));
#1611 = DIRECTION('', (-0.7071067762401911, 0.707106786132904, 0.0));
#1612 = SURFACE_CURVE('', #1613, (#536, #581), .CURVE_3D.);
#1613 = INTERSECTION_CURVE('', #1614, (#1635, #1640), .CURVE_3D.);
#1614 = B_SPLINE_CURVE_WITH_KNOTS('', 1, (#1615, #1616, #1617, #1618, #1619, #1620, #1621, #1622, #1623, #1624, #1625, #1626, #1627, #1628, #1629, #1630, #1631, #1632, #1633, #1634), .UNSPECIFIED., .U., .U., (2, 1, 1, 1, 1, 1, 1, 1, 1, 1, 1, 1, 1, 1, 1, 1, 1, 1, 1, 2), (0.0, 0.05263157894736842, 0.10526315789473684, 0.15789473684210525, 0.21052631578947367, 0.2631578947368421, 0.3157894736842105, 0.3684210526315789, 0.42105263157894735, 0.47368421052631576, 0.5263157894736842, 0.5789473684210527, 0.631578947368421, 0.6842105263157895, 0.7368421052631579, 0.7894736842105263, 0.8421052631578947, 0.8947368421052632, 0.9473684210526315, 1.0), .UNSPECIFIED.);
#1615 = CARTESIAN_POINT('', (28.71427187837091, -14.331393158354587, 13.000000000000002));
#1616 = CARTESIAN_POINT('', (28.634140358716877, -14.527630671859455, 13.0));
#1617 = CARTESIAN_POINT('', (28.603357887518314, -14.599163262925643, 13.0));
#1618 = CARTESIAN_POINT('', (28.530267807229393, -14.76157031305462, 13.000000000000002));
#1619 = CARTESIAN_POINT('', (28.482509142832555, -14.86259906911016, 13.0));
#1620 = CARTESIAN_POINT('', (28.415417682685018, -14.998500365107901, 13.0));
#1621 = CARTESIAN_POINT('', (28.351894725819562, -15.121331976063615, 13.0));
#1622 = CARTESIAN_POINT('', (28.288467237231202, -15.238879411924984, 13.0));
#1623 = CARTESIAN_POINT('', (28.21169731262259, -15.375000122280468, 13.000000000000002));
#1624 = CARTESIAN_POINT('', (28.147979499090184, -15.483324666301968, 13.0));
#1625 = CARTESIAN_POINT('', (28.06211298207677, -15.623248729783853, 13.0));
#1626 = CARTESIAN_POINT('', (27.99207785921712, -15.732662517384753, 13.0));
#1627 = CARTESIAN_POINT('', (27.90335094147497, -15.865730600314762, 13.0));
#1628 = CARTESIAN_POINT('', (27.818257222204466, -15.987998735930049, 13.0));
#1629 = CARTESIAN_POINT('', (27.735633233972436, -16.102106600920408, 13.000000000000002));
#1630 = CARTESIAN_POINT('', (27.62309093893043, -16.250817230260594, 13.0));
#1631 = CARTESIAN_POINT('', (27.559194428039262, -16.33204613826247, 13.0));
#1632 = CARTESIAN_POINT('', (27.401759792634408, -16.523120377203867, 13.0));
#1633 = CARTESIAN_POINT('', (27.374281289394844, -16.555227620982023, 13.0));
#1634 = CARTESIAN_POINT('', (27.181152435883888, -16.771338909474224, 13.0));
#1635 = PLANE('', #1636);
#1636 = AXIS2_PLACEMENT_3D('', #1637, #1638, #1639);
#1637 = CARTESIAN_POINT('', (30.750000000000085, 29.239590861319385, 13.0));
#1638 = DIRECTION('', (0.0, 0.0, 0.9999999999999999));
#1639 = DIRECTION('', (-1.0, 0.0, 0.0));
#1640 = CYLINDRICAL_SURFACE('', #1641, 7.749998771177022);
#1641 = AXIS2_PLACEMENT_3D('', #1642, #1643, #1644);
#1642 = CARTESIAN_POINT('', (21.500001328823146, -11.500001028823064, 18.0000003));
#1643 = DIRECTION('', (0.0, 0.0, 1.0));
#1644 = DIRECTION('', (-0.7071067762401911, 0.707106786132904, 0.0));
#1645 = SURFACE_CURVE('', #1646, (#536, #581), .CURVE_3D.);
#1646 = INTERSECTION_CURVE('', #1647, (#1657, #1662), .CURVE_3D.);
#1647 = B_SPLINE_CURVE_WITH_KNOTS('', 1, (#1648, #1649, #1650, #1651, #1652, #1653, #1654, #1655, #1656), .UNSPECIFIED., .U., .U., (2, 1, 1, 1, 1, 1, 1, 1, 2), (0.0, 0.125, 0.25, 0.375, 0.5, 0.625, 0.75, 0.875, 1.0), .UNSPECIFIED.);
#1648 = CARTESIAN_POINT('', (27.181152435883888, -16.771338909474224, 13.0));
#1649 = CARTESIAN_POINT('', (27.14084346985527, -16.81445122552276, 13.0));
#1650 = CARTESIAN_POINT('', (26.980077975775572, -16.980077752444004, 13.0));
#1651 = CARTESIAN_POINT('', (26.820212856649675, -17.135409643327165, 13.0));
#1652 = CARTESIAN_POINT('', (26.77133912999267, -17.18115220963199, 13.0));
#1653 = CARTESIAN_POINT('', (26.555227838798515, -17.374281060119458, 13.0));
#1654 = CARTESIAN_POINT('', (26.368441516823538, -17.5299903396849, 13.0));
#1655 = CARTESIAN_POINT('', (26.33204635349196, -17.559194195641453, 13.0));
#1656 = CARTESIAN_POINT('', (26.102106813681445, -17.735632998357715, 13.0));
#1657 = PLANE('', #1658);
#1658 = AXIS2_PLACEMENT_3D('', #1659, #1660, #1661);
#1659 = CARTESIAN_POINT('', (30.750000000000085, 29.239590861319385, 13.0));
#1660 = DIRECTION('', (0.0, 0.0, 0.9999999999999999));
#1661 = DIRECTION('', (-1.0, 0.0, 0.0));
#1662 = CYLINDRICAL_SURFACE('', #1663, 7.749998771177022);
#1663 = AXIS2_PLACEMENT_3D('', #1664, #1665, #1666);
#1664 = CARTESIAN_POINT('', (21.500001328823146, -11.500001028823064, 18.0000003));
#1665 = DIRECTION('', (0.0, 0.0, 1.0));
#1666 = DIRECTION('', (-0.7071067762401911, 0.707106786132904, 0.0));
#1667 = SURFACE_CURVE('', #1668, (#536, #581), .CURVE_3D.);
#1668 = INTERSECTION_CURVE('', #1669, (#1701, #1706), .CURVE_3D.);
#1669 = B_SPLINE_CURVE_WITH_KNOTS('', 1, (#1670, #1671, #1672, #1673, #1674, #1675, #1676, #1677, #1678, #1679, #1680, #1681, #1682, #1683, #1684, #1685, #1686, #1687, #1688, #1689, #1690, #1691, #1692, #1693, #1694, #1695, #1696, #1697, #1698, #1699, #1700), .UNSPECIFIED., .U., .U., (2, 1, 1, 1, 1, 1, 1, 1, 1, 1, 1, 1, 1, 1, 1, 1, 1, 1, 1, 1, 1, 1, 1, 1, 1, 1, 1, 1, 1, 1, 2), (0.0, 0.03333333333333333, 0.06666666666666667, 0.1, 0.13333333333333333, 0.16666666666666666, 0.2, 0.23333333333333334, 0.26666666666666666, 0.3, 0.3333333333333333, 0.36666666666666664, 0.4, 0.43333333333333335, 0.4666666666666667, 0.5, 0.5333333333333333, 0.5666666666666667, 0.6, 0.6333333333333333, 0.6666666666666666, 0.7, 0.7333333333333333, 0.7666666666666667, 0.8, 0.8333333333333334, 0.8666666666666667, 0.9, 0.9333333333333333, 0.9666666666666667, 1.0), .UNSPECIFIED.);
#1670 = CARTESIAN_POINT('', (22.940815123276337, -19.11489016543949, 13.0));
#1671 = CARTESIAN_POINT('', (23.186467366191465, -19.06427979537105, 13.0));
#1672 = CARTESIAN_POINT('', (23.22453742272043, -19.055691348978527, 13.0));
#1673 = CARTESIAN_POINT('', (23.235040270909764, -19.053286461182154, 13.0));
#1674 = CARTESIAN_POINT('', (23.28830866001212, -19.040852296581974, 13.0));
#1675 = CARTESIAN_POINT('', (23.344098343763477, -19.02740344617351, 13.0));
#1676 = CARTESIAN_POINT('', (23.402592380787326, -19.012831936159614, 13.0));
#1677 = CARTESIAN_POINT('', (23.463991936458086, -18.997015224245615, 13.0));
#1678 = CARTESIAN_POINT('', (23.505847801568336, -18.985925212317113, 13.0));
#1679 = CARTESIAN_POINT('', (23.530315942220255, -18.979326100236364, 13.000000000000002));
#1680 = CARTESIAN_POINT('', (23.60379661495233, -18.95899066196415, 13.0));
#1681 = CARTESIAN_POINT('', (23.681543827505664, -18.936623466441333, 13.0));
#1682 = CARTESIAN_POINT('', (23.763939132387208, -18.911955330816483, 13.0));
#1683 = CARTESIAN_POINT('', (23.78435282166646, -18.90568932974351, 13.0));
#1684 = CARTESIAN_POINT('', (23.858161992158216, -18.882518163184784, 13.0));
#1685 = CARTESIAN_POINT('', (23.961101439549594, -18.848842243479126, 13.0));
#1686 = CARTESIAN_POINT('', (24.05966296841055, -18.815095918437976, 13.000000000000002));
#1687 = CARTESIAN_POINT('', (24.07296373340307, -18.810428199506305, 13.0));
#1688 = CARTESIAN_POINT('', (24.207035431749944, -18.761849782331836, 13.000000000000002));
#1689 = CARTESIAN_POINT('', (24.331393195517336, -18.714271681526867, 13.0));
#1690 = CARTESIAN_POINT('', (24.35632629919249, -18.704436372199382, 13.0));
#1691 = CARTESIAN_POINT('', (24.542455487406727, -18.627830547418682, 13.0));
#1692 = CARTESIAN_POINT('', (24.59916346354686, -18.603357630876786, 13.0));
#1693 = CARTESIAN_POINT('', (24.782458065836124, -18.520539378756325, 13.0));
#1694 = CARTESIAN_POINT('', (24.862599271422113, -18.482508889876613, 13.0));
#1695 = CARTESIAN_POINT('', (25.1213321802029, -18.351894476483395, 13.0));
#1696 = CARTESIAN_POINT('', (25.142564351769835, -18.340630793479733, 13.0));
#1697 = CARTESIAN_POINT('', (25.375000328381162, -18.21169706683534, 13.0));
#1698 = CARTESIAN_POINT('', (25.62324893797731, -18.06211273976261, 13.0));
#1699 = CARTESIAN_POINT('', (25.86573081072936, -17.903350702553226, 13.0));
#1700 = CARTESIAN_POINT('', (26.102106813681445, -17.735632998357715, 13.0));
#1701 = PLANE('', #1702);
#1702 = AXIS2_PLACEMENT_3D('', #1703, #1704, #1705);
#1703 = CARTESIAN_POINT('', (30.750000000000085, 29.239590861319385, 13.0));
#1704 = DIRECTION('', (0.0, 0.0, 0.9999999999999999));
#1705 = DIRECTION('', (-1.0, 0.0, 0.0));
#1706 = CYLINDRICAL_SURFACE('', #1707, 7.749998771177022);
#1707 = AXIS2_PLACEMENT_3D('', #1708, #1709, #1710);
#1708 = CARTESIAN_POINT('', (21.500001328823146, -11.500001028823064, 18.0000003));
#1709 = DIRECTION('', (0.0, 0.0, 1.0));
#1710 = DIRECTION('', (-0.7071067762401911, 0.707106786132904, 0.0));
#1711 = SURFACE_CURVE('', #1712, (#541, #581), .CURVE_3D.);
#1712 = INTERSECTION_CURVE('', #1713, (#1718, #1723), .CURVE_3D.);
#1713 = B_SPLINE_CURVE_WITH_KNOTS('', 1, (#1714, #1715, #1716, #1717), .UNSPECIFIED., .U., .U., (2, 1, 1, 2), (0.0, 0.3333333333333333, 0.6666666666666666, 1.0), .UNSPECIFIED.);
#1714 = CARTESIAN_POINT('', (29.250000099999994, 19.989592200000004, 13.0));
#1715 = CARTESIAN_POINT('', (29.250000100000022, 10.14909407568716, 13.0));
#1716 = CARTESIAN_POINT('', (29.250000100000108, -8.94587145935381, 13.0));
#1717 = CARTESIAN_POINT('', (29.25000010000008, -11.499999908425565, 13.0));
#1718 = PLANE('', #1719);
#1719 = AXIS2_PLACEMENT_3D('', #1720, #1721, #1722);
#1720 = CARTESIAN_POINT('', (30.750000000000085, 29.239590861319385, 13.0));
#1721 = DIRECTION('', (0.0, 0.0, 0.9999999999999999));
#1722 = DIRECTION('', (-1.0, 0.0, 0.0));
#1723 = PLANE('', #1724);
#1724 = AXIS2_PLACEMENT_3D('', #1725, #1726, #1727);
#1725 = CARTESIAN_POINT('', (29.250000100000108, -11.499999908425579, 2.0000003));
#1726 = DIRECTION('', (1.0, 3.6102988356E-15, -0.0));
#1727 = DIRECTION('', (-3.6102988356E-15, 1.0, 0.0));
#1728 = SURFACE_CURVE('', #1729, (#541, #566), .CURVE_3D.);
#1729 = LINE('', #1730, #1731);
#1730 = CARTESIAN_POINT('', (29.250000100000108, -11.499999908425579, 2.0000003));
#1731 = VECTOR('', #1732, 31.489592108425583);
#1732 = DIRECTION('', (-3.6102988356E-15, 1.0, 0.0));
#1733 = SURFACE_CURVE('', #1734, (#541, #546), .CURVE_3D.);
#1734 = LINE('', #1735, #1736);
#1735 = CARTESIAN_POINT('', (29.250000099999994, 19.989592200000004, 2.0000003));
#1736 = VECTOR('', #1737, 10.9999997);
#1737 = DIRECTION('', (0.0, 0.0, 1.0));
#1738 = SURFACE_CURVE('', #1739, (#546, #581), .CURVE_3D.);
#1739 = INTERSECTION_CURVE('', #1740, (#1760, #1765), .CURVE_3D.);
#1740 = B_SPLINE_CURVE_WITH_KNOTS('', 1, (#1741, #1742, #1743, #1744, #1745, #1746, #1747, #1748, #1749, #1750, #1751, #1752, #1753, #1754, #1755, #1756, #1757, #1758, #1759), .UNSPECIFIED., .U., .U., (2, 1, 1, 1, 1, 1, 1, 1, 1, 1, 1, 1, 1, 1, 1, 1, 1, 1, 2), (0.0, 0.05555555555555555, 0.1111111111111111, 0.16666666666666666, 0.2222222222222222, 0.2777777777777778, 0.3333333333333333, 0.3888888888888889, 0.4444444444444444, 0.5, 0.5555555555555556, 0.6111111111111112, 0.6666666666666666, 0.7222222222222222, 0.7777777777777778, 0.8333333333333334, 0.8888888888888888, 0.9444444444444444, 1.0), .UNSPECIFIED.);
#1741 = CARTESIAN_POINT('', (16.2903949047394, 25.727411174015117, 13.0));
#1742 = CARTESIAN_POINT('', (16.29403465394705, 25.730713745763268, 13.0));
#1743 = CARTESIAN_POINT('', (16.323834746826492, 25.75759573120152, 13.0));
#1744 = CARTESIAN_POINT('', (16.50298872021787, 25.91347840917095, 13.0));
#1745 = CARTESIAN_POINT('', (16.511166492006197, 25.920366997003654, 13.0));
#1746 = CARTESIAN_POINT('', (16.53616196341588, 25.941302974802568, 13.000000000000002));
#1747 = CARTESIAN_POINT('', (16.72588832665167, 26.094541418832563, 13.0));
#1748 = CARTESIAN_POINT('', (16.739078828547008, 26.10483354425716, 13.0));
#1749 = CARTESIAN_POINT('', (16.763191732843893, 26.12353011080819, 13.0));
#1750 = CARTESIAN_POINT('', (16.963984770790034, 26.273469241793265, 13.0));
#1751 = CARTESIAN_POINT('', (16.973805816960635, 26.28054689353209, 13.0));
#1752 = CARTESIAN_POINT('', (17.006656635318222, 26.3040525744876, 13.0));
#1753 = CARTESIAN_POINT('', (17.215011475261377, 26.447255533400664, 13.0));
#1754 = CARTESIAN_POINT('', (17.219255417398813, 26.450069594312296, 13.0));
#1755 = CARTESIAN_POINT('', (17.268759177038817, 26.482599436066835, 13.0));
#1756 = CARTESIAN_POINT('', (17.462350548067377, 26.604720841537343, 13.0));
#1757 = CARTESIAN_POINT('', (17.495167734967623, 26.62463992128967, 13.0));
#1758 = CARTESIAN_POINT('', (17.552347412380982, 26.658818410886113, 13.000000000000002));
#1759 = CARTESIAN_POINT('', (17.71546900236015, 26.752717423341565, 13.0));
#1760 = PLANE('', #1761);
#1761 = AXIS2_PLACEMENT_3D('', #1762, #1763, #1764);
#1762 = CARTESIAN_POINT('', (30.750000000000085, 29.239590861319385, 13.0));
#1763 = DIRECTION('', (0.0, 0.0, 0.9999999999999999));
#1764 = DIRECTION('', (-1.0, 0.0, 0.0));
#1765 = CYLINDRICAL_SURFACE('', #1766, 7.750003187660169);
#1766 = AXIS2_PLACEMENT_3D('', #1767, #1768, #1769);
#1767 = CARTESIAN_POINT('', (21.499996912340265, 19.989589607327645, 18.0000003));
#1768 = DIRECTION('', (0.0, 0.0, 1.0));
#1769 = DIRECTION('', (-6.1222042040E-4, -0.9999998125930608, 0.0));
#1770 = SURFACE_CURVE('', #1771, (#546, #581), .CURVE_3D.);
#1771 = INTERSECTION_CURVE('', #1772, (#1780, #1785), .CURVE_3D.);
#1772 = B_SPLINE_CURVE_WITH_KNOTS('', 1, (#1773, #1774, #1775, #1776, #1777, #1778, #1779), .UNSPECIFIED., .U., .U., (2, 1, 1, 1, 1, 1, 2), (0.0, 0.16666666666666666, 0.3333333333333333, 0.5, 0.6666666666666666, 0.8333333333333334, 1.0), .UNSPECIFIED.);
#1773 = CARTESIAN_POINT('', (18.237586904363496, 27.01947085444668, 13.0));
#1774 = CARTESIAN_POINT('', (18.200293071632075, 27.002043098963682, 13.0));
#1775 = CARTESIAN_POINT('', (18.121688549587418, 26.964514840969713, 13.0));
#1776 = CARTESIAN_POINT('', (17.974004526277156, 26.891033449174643, 13.0));
#1777 = CARTESIAN_POINT('', (17.86117450882267, 26.832214902081205, 13.0));
#1778 = CARTESIAN_POINT('', (17.794505346109446, 26.79634225902103, 13.0));
#1779 = CARTESIAN_POINT('', (17.715469000789966, 26.75271742627646, 13.0));
#1780 = PLANE('', #1781);
#1781 = AXIS2_PLACEMENT_3D('', #1782, #1783, #1784);
#1782 = CARTESIAN_POINT('', (30.750000000000085, 29.239590861319385, 13.0));
#1783 = DIRECTION('', (0.0, 0.0, 0.9999999999999999));
#1784 = DIRECTION('', (-1.0, 0.0, 0.0));
#1785 = CYLINDRICAL_SURFACE('', #1786, 7.750003187660169);
#1786 = AXIS2_PLACEMENT_3D('', #1787, #1788, #1789);
#1787 = CARTESIAN_POINT('', (21.499996912340265, 19.989589607327645, 18.0000003));
#1788 = DIRECTION('', (0.0, 0.0, 1.0));
#1789 = DIRECTION('', (-6.1222042040E-4, -0.9999998125930608, 0.0));
#1790 = SURFACE_CURVE('', #1791, (#546, #581), .CURVE_3D.);
#1791 = INTERSECTION_CURVE('', #1792, (#1801, #1806), .CURVE_3D.);
#1792 = B_SPLINE_CURVE_WITH_KNOTS('', 1, (#1793, #1794, #1795, #1796, #1797, #1798, #1799, #1800), .UNSPECIFIED., .U., .U., (2, 1, 1, 1, 1, 1, 1, 2), (0.0, 0.14285714285714285, 0.2857142857142857, 0.42857142857142855, 0.5714285714285714, 0.7142857142857143, 0.8571428571428571, 1.0), .UNSPECIFIED.);
#1793 = CARTESIAN_POINT('', (18.237586904363496, 27.01947085444668, 13.0));
#1794 = CARTESIAN_POINT('', (18.48275165567759, 27.128131508156514, 13.000000000000002));
#1795 = CARTESIAN_POINT('', (18.50583932848187, 27.13784602213022, 13.0));
#1796 = CARTESIAN_POINT('', (18.58364677029965, 27.16994135760858, 13.0));
#1797 = CARTESIAN_POINT('', (18.778377350745103, 27.24598929110232, 13.000000000000002));
#1798 = CARTESIAN_POINT('', (18.897583647875194, 27.289589238127576, 13.0));
#1799 = CARTESIAN_POINT('', (19.024838421383436, 27.333712417669744, 13.0));
#1800 = CARTESIAN_POINT('', (19.05481102805436, 27.343745938848514, 12.999999999999998));
#1801 = PLANE('', #1802);
#1802 = AXIS2_PLACEMENT_3D('', #1803, #1804, #1805);
#1803 = CARTESIAN_POINT('', (30.750000000000085, 29.239590861319385, 13.0));
#1804 = DIRECTION('', (0.0, 0.0, 0.9999999999999999));
#1805 = DIRECTION('', (-1.0, 0.0, 0.0));
#1806 = CYLINDRICAL_SURFACE('', #1807, 7.750003187660169);
#1807 = AXIS2_PLACEMENT_3D('', #1808, #1809, #1810);
#1808 = CARTESIAN_POINT('', (21.499996912340265, 19.989589607327645, 18.0000003));
#1809 = DIRECTION('', (0.0, 0.0, 1.0));
#1810 = DIRECTION('', (-6.1222042040E-4, -0.9999998125930608, 0.0));
#1811 = SURFACE_CURVE('', #1812, (#546, #581), .CURVE_3D.);
#1812 = INTERSECTION_CURVE('', #1813, (#1873, #1878), .CURVE_3D.);
#1813 = B_SPLINE_CURVE_WITH_KNOTS('', 1, (#1814, #1815, #1816, #1817, #1818, #1819, #1820, #1821, #1822, #1823, #1824, #1825, #1826, #1827, #1828, #1829, #1830, #1831, #1832, #1833, #1834, #1835, #1836, #1837, #1838, #1839, #1840, #1841, #1842, #1843, #1844, #1845, #1846, #1847, #1848, #1849, #1850, #1851, #1852, #1853, #1854, #1855, #1856, #1857, #1858, #1859, #1860, #1861, #1862, #1863, #1864, #1865, #1866, #1867, #1868, #1869, #1870, #1871, #1872), .UNSPECIFIED., .U., .U., (2, 1, 1, 1, 1, 1, 1, 1, 1, 1, 1, 1, 1, 1, 1, 1, 1, 1, 1, 1, 1, 1, 1, 1, 1, 1, 1, 1, 1, 1, 1, 1, 1, 1, 1, 1, 1, 1, 1, 1, 1, 1, 1, 1, 1, 1, 1, 1, 1, 1, 1, 1, 1, 1, 1, 1, 1, 1, 2), (0.0, 0.017241379310344827, 0.034482758620689655, 0.05172413793103448, 0.06896551724137931, 0.08620689655172414, 0.10344827586206896, 0.1206896551724138, 0.13793103448275862, 0.15517241379310345, 0.1724137931034483, 0.1896551724137931, 0.20689655172413793, 0.22413793103448276, 0.2413793103448276, 0.25862068965517243, 0.27586206896551724, 0.29310344827586204, 0.3103448275862069, 0.3275862068965517, 0.3448275862068966, 0.3620689655172414, 0.3793103448275862, 0.39655172413793105, 0.41379310344827586, 0.43103448275862066, 0.4482758620689655, 0.46551724137931033, 0.4827586206896552, 0.5, 0.5172413793103449, 0.5344827586206896, 0.5517241379310345, 0.5689655172413793, 0.5862068965517241, 0.603448275862069, 0.6206896551724138, 0.6379310344827587, 0.6551724137931034, 0.6724137931034483, 0.6896551724137931, 0.7068965517241379, 0.7241379310344828, 0.7413793103448276, 0.7586206896551724, 0.7758620689655172, 0.7931034482758621, 0.8103448275862069, 0.8275862068965517, 0.8448275862068966, 0.8620689655172413, 0.8793103448275862, 0.896551724137931, 0.9137931034482759, 0.9310344827586207, 0.9482758620689655, 0.9655172413793104, 0.9827586206896551, 1.0), .UNSPECIFIED.);
#1814 = CARTESIAN_POINT('', (27.134984894516748, 25.310253085642103, 13.0));
#1815 = CARTESIAN_POINT('', (26.929688849359934, 25.519598185784503, 13.0));
#1816 = CARTESIAN_POINT('', (26.716620766459783, 25.721027906164522, 13.000000000000002));
#1817 = CARTESIAN_POINT('', (26.71298525135299, 25.724334761740366, 13.0));
#1818 = CARTESIAN_POINT('', (26.53483433878131, 25.88136026631051, 13.0));
#1819 = CARTESIAN_POINT('', (26.504255123277517, 25.90735516258664, 13.000000000000002));
#1820 = CARTESIAN_POINT('', (26.496085746533737, 25.914253797776766, 13.000000000000002));
#1821 = CARTESIAN_POINT('', (26.315969386983653, 26.061571041111847, 13.0));
#1822 = CARTESIAN_POINT('', (26.281577394262683, 26.088690975860658, 13.0));
#1823 = CARTESIAN_POINT('', (26.26839945756018, 26.098999282204858, 13.000000000000002));
#1824 = CARTESIAN_POINT('', (26.08256811400949, 26.239596854553426, 13.0));
#1825 = CARTESIAN_POINT('', (26.043700223786715, 26.267910212895146, 13.000000000000002));
#1826 = CARTESIAN_POINT('', (26.03388780365421, 26.27499991966235, 13.0));
#1827 = CARTESIAN_POINT('', (25.83305446011434, 26.41509827952015, 13.0));
#1828 = CARTESIAN_POINT('', (25.79288645857747, 26.442003787504703, 13.0));
#1829 = CARTESIAN_POINT('', (25.78864603260405, 26.444822998306122, 13.0));
#1830 = CARTESIAN_POINT('', (25.565449026969304, 26.58766876056619, 13.000000000000002));
#1831 = CARTESIAN_POINT('', (25.54574038526323, 26.599771840824985, 13.0));
#1832 = CARTESIAN_POINT('', (25.51294768087496, 26.619731049111493, 13.000000000000002));
#1833 = CARTESIAN_POINT('', (25.29280334204583, 26.74807825461609, 13.0));
#1834 = CARTESIAN_POINT('', (25.276172592229557, 26.757384421250094, 13.0));
#1835 = CARTESIAN_POINT('', (25.213820539175686, 26.791799797956998, 13.0));
#1836 = CARTESIAN_POINT('', (25.034437376300417, 26.88671074701078, 13.0));
#1837 = CARTESIAN_POINT('', (24.95996582351154, 26.924368950787027, 13.0));
#1838 = CARTESIAN_POINT('', (24.886843500596143, 26.960372891605118, 13.0));
#1839 = CARTESIAN_POINT('', (24.771012306217756, 27.015470883136345, 13.0));
#1840 = CARTESIAN_POINT('', (24.612800988054488, 27.08698350896222, 13.0));
#1841 = CARTESIAN_POINT('', (24.52598100120929, 27.12443156091389, 13.0));
#1842 = CARTESIAN_POINT('', (24.50290519145642, 27.134174359149014, 13.0));
#1843 = CARTESIAN_POINT('', (24.23049979342963, 27.242651266041534, 13.0));
#1844 = CARTESIAN_POINT('', (24.227088688794964, 27.24393450204667, 13.0));
#1845 = CARTESIAN_POINT('', (24.11134704058952, 27.28639712270281, 13.0));
#1846 = CARTESIAN_POINT('', (23.954186025999093, 27.34074633284652, 13.0));
#1847 = CARTESIAN_POINT('', (23.774950046098922, 27.398175008599907, 13.0));
#1848 = CARTESIAN_POINT('', (23.674359397362963, 27.428319148887056, 13.0));
#1849 = CARTESIAN_POINT('', (23.624009887790237, 27.442851865484343, 13.0));
#1850 = CARTESIAN_POINT('', (23.391420443935743, 27.505244364756948, 13.000000000000002));
#1851 = CARTESIAN_POINT('', (23.22337207448868, 27.545549338508906, 13.0));
#1852 = CARTESIAN_POINT('', (23.10577415703102, 27.571411871742455, 13.000000000000002));
#1853 = CARTESIAN_POINT('', (22.985255659298332, 27.595939314205935, 13.0));
#1854 = CARTESIAN_POINT('', (22.817829403167764, 27.62672695942902, 13.0));
#1855 = CARTESIAN_POINT('', (22.52799833882966, 27.671110451267253, 13.0));
#1856 = CARTESIAN_POINT('', (22.421837846025, 27.68457230397655, 13.0));
#1857 = CARTESIAN_POINT('', (22.236695820515024, 27.704498817904067, 13.0));
#1858 = CARTESIAN_POINT('', (21.94433881092249, 27.726844268117034, 13.0));
#1859 = CARTESIAN_POINT('', (21.65134578212141, 27.738114817221373, 13.0));
#1860 = CARTESIAN_POINT('', (21.35813611656235, 27.738294332852035, 13.0));
#1861 = CARTESIAN_POINT('', (21.065129506783762, 27.727382558055083, 13.0));
#1862 = CARTESIAN_POINT('', (20.77274535467575, 27.705395111655577, 13.0));
#1863 = CARTESIAN_POINT('', (20.481402171158607, 27.6723634659011, 13.0));
#1864 = CARTESIAN_POINT('', (20.368260121181322, 27.65651345227876, 13.0));
#1865 = CARTESIAN_POINT('', (20.19151697713818, 27.62833490141334, 13.0));
#1866 = CARTESIAN_POINT('', (20.02405322149474, 27.597752304733376, 13.0));
#1867 = CARTESIAN_POINT('', (19.9035047065926, 27.573372439511715, 13.0));
#1868 = CARTESIAN_POINT('', (19.61777761264699, 27.507554752006428, 13.000000000000002));
#1869 = CARTESIAN_POINT('', (19.570209819602695, 27.49548536902367, 13.0));
#1870 = CARTESIAN_POINT('', (19.38511202866684, 27.445447125920154, 13.000000000000002));
#1871 = CARTESIAN_POINT('', (19.334744677485503, 27.430976048589727, 13.000000000000002));
#1872 = CARTESIAN_POINT('', (19.05481102706412, 27.343745942026345, 13.000000000000002));
#1873 = PLANE('', #1874);
#1874 = AXIS2_PLACEMENT_3D('', #1875, #1876, #1877);
#1875 = CARTESIAN_POINT('', (30.750000000000085, 29.239590861319385, 13.0));
#1876 = DIRECTION('', (0.0, 0.0, 0.9999999999999999));
#1877 = DIRECTION('', (-1.0, 0.0, 0.0));
#1878 = CYLINDRICAL_SURFACE('', #1879, 7.750003187660169);
#1879 = AXIS2_PLACEMENT_3D('', #1880, #1881, #1882);
#1880 = CARTESIAN_POINT('', (21.499996912340265, 19.989589607327645, 18.0000003));
#1881 = DIRECTION('', (0.0, 0.0, 1.0));
#1882 = DIRECTION('', (-6.1222042040E-4, -0.9999998125930608, 0.0));
#1883 = SURFACE_CURVE('', #1884, (#546, #581), .CURVE_3D.);
#1884 = INTERSECTION_CURVE('', #1885, (#1932, #1937), .CURVE_3D.);
#1885 = B_SPLINE_CURVE_WITH_KNOTS('', 1, (#1886, #1887, #1888, #1889, #1890, #1891, #1892, #1893, #1894, #1895, #1896, #1897, #1898, #1899, #1900, #1901, #1902, #1903, #1904, #1905, #1906, #1907, #1908, #1909, #1910, #1911, #1912, #1913, #1914, #1915, #1916, #1917, #1918, #1919, #1920, #1921, #1922, #1923, #1924, #1925, #1926, #1927, #1928, #1929, #1930, #1931), .UNSPECIFIED., .U., .U., (2, 1, 1, 1, 1, 1, 1, 1, 1, 1, 1, 1, 1, 1, 1, 1, 1, 1, 1, 1, 1, 1, 1, 1, 1, 1, 1, 1, 1, 1, 1, 1, 1, 1, 1, 1, 1, 1, 1, 1, 1, 1, 1, 1, 1, 2), (0.0, 0.022222222222222223, 0.044444444444444446, 0.06666666666666667, 0.08888888888888889, 0.1111111111111111, 0.13333333333333333, 0.15555555555555556, 0.17777777777777778, 0.2, 0.2222222222222222, 0.24444444444444444, 0.26666666666666666, 0.28888888888888886, 0.3111111111111111, 0.3333333333333333, 0.35555555555555557, 0.37777777777777777, 0.4, 0.4222222222222222, 0.4444444444444444, 0.4666666666666667, 0.4888888888888889, 0.5111111111111111, 0.5333333333333333, 0.5555555555555556, 0.5777777777777777, 0.6, 0.6222222222222222, 0.6444444444444445, 0.6666666666666666, 0.6888888888888889, 0.7111111111111111, 0.7333333333333333, 0.7555555555555555, 0.7777777777777778, 0.8, 0.8222222222222222, 0.8444444444444444, 0.8666666666666667, 0.8888888888888888, 0.9111111111111111, 0.9333333333333333, 0.9555555555555556, 0.9777777777777777, 1.0), .UNSPECIFIED.);
#1886 = CARTESIAN_POINT('', (29.227821555170777, 20.575486907902345, 13.000000000000002));
#1887 = CARTESIAN_POINT('', (29.225946123863196, 20.599719257247642, 13.0));
#1888 = CARTESIAN_POINT('', (29.200128259744844, 20.867386076596105, 13.0));
#1889 = CARTESIAN_POINT('', (29.198133315129496, 20.884712689810726, 13.0));
#1890 = CARTESIAN_POINT('', (29.161413210515548, 21.15802861506269, 13.0));
#1891 = CARTESIAN_POINT('', (29.158413995430465, 21.177527817073866, 13.000000000000002));
#1892 = CARTESIAN_POINT('', (29.111731813198446, 21.44699868092374, 13.0));
#1893 = CARTESIAN_POINT('', (29.105754785241572, 21.477876067503445, 13.0));
#1894 = CARTESIAN_POINT('', (29.07422002380821, 21.63083720182638, 13.0));
#1895 = CARTESIAN_POINT('', (29.05115518042797, 21.733882650091275, 13.0));
#1896 = CARTESIAN_POINT('', (29.039077738947668, 21.785365121868196, 13.0));
#1897 = CARTESIAN_POINT('', (29.000135106841157, 21.941633785140112, 13.0));
#1898 = CARTESIAN_POINT('', (28.979770019989587, 22.018269884460736, 13.0));
#1899 = CARTESIAN_POINT('', (28.957268320819253, 22.099483573626557, 13.0));
#1900 = CARTESIAN_POINT('', (28.91037264292433, 22.25870417920663, 13.0));
#1901 = CARTESIAN_POINT('', (28.89767851070863, 22.299753319687582, 13.0));
#1902 = CARTESIAN_POINT('', (28.859186328854122, 22.41958560333532, 13.0));
#1903 = CARTESIAN_POINT('', (28.804998156194245, 22.577930047848312, 13.0));
#1904 = CARTESIAN_POINT('', (28.80378373052966, 22.58135493682525, 13.000000000000002));
#1905 = CARTESIAN_POINT('', (28.74368003998896, 22.744876190418495, 13.0));
#1906 = CARTESIAN_POINT('', (28.701861616647676, 22.852401894152237, 13.0));
#1907 = CARTESIAN_POINT('', (28.679048801915798, 22.909138095625934, 13.0));
#1908 = CARTESIAN_POINT('', (28.609603774240384, 23.074397490805225, 13.0));
#1909 = CARTESIAN_POINT('', (28.58841651897623, 23.12277598687831, 13.0));
#1910 = CARTESIAN_POINT('', (28.535122727971384, 23.24067468264991, 13.0));
#1911 = CARTESIAN_POINT('', (28.46482524548381, 23.388665319721213, 13.0));
#1912 = CARTESIAN_POINT('', (28.455739430319966, 23.407219697362606, 13.0));
#1913 = CARTESIAN_POINT('', (28.370896936478573, 23.574737061343825, 13.000000000000002));
#1914 = CARTESIAN_POINT('', (28.331264701441313, 23.649689305742044, 13.0));
#1915 = CARTESIAN_POINT('', (28.280739527969615, 23.74246570298162, 13.0));
#1916 = CARTESIAN_POINT('', (28.18792606186915, 23.905474322130274, 13.0));
#1917 = CARTESIAN_POINT('', (28.185295193960457, 23.909964116798506, 13.000000000000002));
#1918 = CARTESIAN_POINT('', (28.083814340786716, 24.078097584283014, 13.0));
#1919 = CARTESIAN_POINT('', (28.035014497894196, 24.15565424499752, 13.0));
#1920 = CARTESIAN_POINT('', (27.976705742942727, 24.245737176707593, 13.000000000000002));
#1921 = CARTESIAN_POINT('', (27.87274888307357, 24.399870973437686, 13.0));
#1922 = CARTESIAN_POINT('', (27.863938510795833, 24.412574655933383, 13.0));
#1923 = CARTESIAN_POINT('', (27.74477262900885, 24.57928738139178, 13.0));
#1924 = CARTESIAN_POINT('', (27.701361480104595, 24.637774942102922, 13.0));
#1925 = CARTESIAN_POINT('', (27.619535125743653, 24.744986695209832, 13.0));
#1926 = CARTESIAN_POINT('', (27.52109771907439, 24.869025484956154, 13.000000000000002));
#1927 = CARTESIAN_POINT('', (27.488299743988023, 24.90922156563738, 13.0));
#1928 = CARTESIAN_POINT('', (27.35070077344548, 25.07209034401143, 13.0));
#1929 = CARTESIAN_POINT('', (27.332215408587643, 25.09329187340596, 13.0));
#1930 = CARTESIAN_POINT('', (27.20633601663883, 25.23365705879084, 13.0));
#1931 = CARTESIAN_POINT('', (27.134984894516748, 25.310253085642103, 13.0));
#1932 = PLANE('', #1933);
#1933 = AXIS2_PLACEMENT_3D('', #1934, #1935, #1936);
#1934 = CARTESIAN_POINT('', (30.750000000000085, 29.239590861319385, 13.0));
#1935 = DIRECTION('', (0.0, 0.0, 0.9999999999999999));
#1936 = DIRECTION('', (-1.0, 0.0, 0.0));
#1937 = CYLINDRICAL_SURFACE('', #1938, 7.750003187660169);
#1938 = AXIS2_PLACEMENT_3D('', #1939, #1940, #1941);
#1939 = CARTESIAN_POINT('', (21.499996912340265, 19.989589607327645, 18.0000003));
#1940 = DIRECTION('', (0.0, 0.0, 1.0));
#1941 = DIRECTION('', (-6.1222042040E-4, -0.9999998125930608, 0.0));
#1942 = SURFACE_CURVE('', #1943, (#546, #581), .CURVE_3D.);
#1943 = INTERSECTION_CURVE('', #1944, (#1957, #1962), .CURVE_3D.);
#1944 = B_SPLINE_CURVE_WITH_KNOTS('', 1, (#1945, #1946, #1947, #1948, #1949, #1950, #1951, #1952, #1953, #1954, #1955, #1956), .UNSPECIFIED., .U., .U., (2, 1, 1, 1, 1, 1, 1, 1, 1, 1, 1, 2), (0.0, 0.09090909090909091, 0.18181818181818182, 0.2727272727272727, 0.36363636363636365, 0.45454545454545453, 0.5454545454545454, 0.6363636363636364, 0.7272727272727273, 0.8181818181818182, 0.9090909090909091, 1.0), .UNSPECIFIED.);
#1945 = CARTESIAN_POINT('', (29.227821558493986, 20.57548690809115, 13.0));
#1946 = CARTESIAN_POINT('', (29.242835886127722, 20.322747279820362, 13.0));
#1947 = CARTESIAN_POINT('', (29.244453427421746, 20.282749452385886, 13.0));
#1948 = CARTESIAN_POINT('', (29.245416050857187, 20.256107481847536, 13.0));
#1949 = CARTESIAN_POINT('', (29.246148191657625, 20.233904499777424, 13.0));
#1950 = CARTESIAN_POINT('', (29.246717964851996, 20.21511642017724, 13.0));
#1951 = CARTESIAN_POINT('', (29.24717006196633, 20.199011665515613, 13.0));
#1952 = CARTESIAN_POINT('', (29.247534792055433, 20.185053698969057, 13.0));
#1953 = CARTESIAN_POINT('', (29.247833298720877, 20.17284008787061, 13.0));
#1954 = CARTESIAN_POINT('', (29.249733086018693, 20.053921925200285, 13.0));
#1955 = CARTESIAN_POINT('', (29.25000004526305, 19.99051070972368, 13.000000000000002));
#1956 = CARTESIAN_POINT('', (29.250000099999994, 19.989592200000004, 13.0));
#1957 = PLANE('', #1958);
#1958 = AXIS2_PLACEMENT_3D('', #1959, #1960, #1961);
#1959 = CARTESIAN_POINT('', (30.750000000000085, 29.239590861319385, 13.0));
#1960 = DIRECTION('', (0.0, 0.0, 0.9999999999999999));
#1961 = DIRECTION('', (-1.0, 0.0, 0.0));
#1962 = CYLINDRICAL_SURFACE('', #1963, 7.750003187660169);
#1963 = AXIS2_PLACEMENT_3D('', #1964, #1965, #1966);
#1964 = CARTESIAN_POINT('', (21.499996912340265, 19.989589607327645, 18.0000003));
#1965 = DIRECTION('', (0.0, 0.0, 1.0));
#1966 = DIRECTION('', (-6.1222042040E-4, -0.9999998125930608, 0.0));
#1967 = SURFACE_CURVE('', #1968, (#546, #566), .CURVE_3D.);
#1968 = (
    BOUNDED_CURVE()
    B_SPLINE_CURVE(2, (#1969, #1970, #1971, #1972, #1973, #1974), .UNSPECIFIED., .U., .U.)
    B_SPLINE_CURVE_WITH_KNOTS((3, 1, 1, 1, 3), (0.0, 0.25, 0.5, 0.75, 1.0), .UNSPECIFIED.)
    CURVE()
    GEOMETRIC_REPRESENTATION_ITEM()
    RATIONAL_B_SPLINE_CURVE((1.0, 0.750153138739628, 0.5003062774792559, 0.5003062774792559, 0.750153138739628, 1.0))
    REPRESENTATION_ITEM('')
);
#1969 = CARTESIAN_POINT('', (29.250000099999994, 19.989592200000004, 2.0000003));
#1970 = CARTESIAN_POINT('', (29.249999235952465, 22.572398740904703, 2.0000003));
#1971 = CARTESIAN_POINT('', (25.377369565732412, 27.737220440231905, 2.0000003));
#1972 = CARTESIAN_POINT('', (17.632113679366583, 27.741962244934978, 2.0000003));
#1973 = CARTESIAN_POINT('', (13.753162894738553, 22.581886222341538, 2.0000003));
#1974 = CARTESIAN_POINT('', (13.749999537472064, 19.9990816186381, 2.0000003));
#1975 = SURFACE_CURVE('', #1976, (#546, #551), .CURVE_3D.);
#1976 = LINE('', #1977, #1978);
#1977 = CARTESIAN_POINT('', (13.749999537472092, 19.9990816186381, 2.0000003));
#1978 = VECTOR('', #1979, 10.9999997);
#1979 = DIRECTION('', (0.0, 0.0, 1.0));
#1980 = SURFACE_CURVE('', #1981, (#546, #581), .CURVE_3D.);
#1981 = INTERSECTION_CURVE('', #1982, (#1993, #1998), .CURVE_3D.);
#1982 = B_SPLINE_CURVE_WITH_KNOTS('', 1, (#1983, #1984, #1985, #1986, #1987, #1988, #1989, #1990, #1991, #1992), .UNSPECIFIED., .U., .U., (2, 1, 1, 1, 1, 1, 1, 1, 1, 2), (0.0, 0.1111111111111111, 0.2222222222222222, 0.3333333333333333, 0.4444444444444444, 0.5555555555555556, 0.6666666666666666, 0.7777777777777778, 0.8888888888888888, 1.0), .UNSPECIFIED.);
#1983 = CARTESIAN_POINT('', (13.749999537472064, 19.9990816186381, 13.0));
#1984 = CARTESIAN_POINT('', (13.750000717434546, 20.000000548192517, 13.000000000000002));
#1985 = CARTESIAN_POINT('', (13.752390713282693, 20.18232671602155, 13.0));
#1986 = CARTESIAN_POINT('', (13.752704174565821, 20.194539952460616, 13.0));
#1987 = CARTESIAN_POINT('', (13.753085995082614, 20.208497461953584, 13.0));
#1988 = CARTESIAN_POINT('', (13.753557811173664, 20.224601650976567, 13.0));
#1989 = CARTESIAN_POINT('', (13.754150588828594, 20.24338901883928, 13.0));
#1990 = CARTESIAN_POINT('', (13.754909915317228, 20.26559108791686, 13.000000000000002));
#1991 = CARTESIAN_POINT('', (13.755905166408922, 20.29223203551713, 13.0));
#1992 = CARTESIAN_POINT('', (13.772895485974459, 20.58494908177572, 13.0));
#1993 = PLANE('', #1994);
#1994 = AXIS2_PLACEMENT_3D('', #1995, #1996, #1997);
#1995 = CARTESIAN_POINT('', (30.750000000000085, 29.239590861319385, 13.0));
#1996 = DIRECTION('', (0.0, 0.0, 0.9999999999999999));
#1997 = DIRECTION('', (-1.0, 0.0, 0.0));
#1998 = CYLINDRICAL_SURFACE('', #1999, 7.750003187660169);
#1999 = AXIS2_PLACEMENT_3D('', #2000, #2001, #2002);
#2000 = CARTESIAN_POINT('', (21.499996912340265, 19.989589607327645, 18.0000003));
#2001 = DIRECTION('', (0.0, 0.0, 1.0));
#2002 = DIRECTION('', (-6.1222042040E-4, -0.9999998125930608, 0.0));
#2003 = SURFACE_CURVE('', #2004, (#546, #581), .CURVE_3D.);
#2004 = INTERSECTION_CURVE('', #2005, (#2041, #2046), .CURVE_3D.);
#2005 = B_SPLINE_CURVE_WITH_KNOTS('', 1, (#2006, #2007, #2008, #2009, #2010, #2011, #2012, #2013, #2014, #2015, #2016, #2017, #2018, #2019, #2020, #2021, #2022, #2023, #2024, #2025, #2026, #2027, #2028, #2029, #2030, #2031, #2032, #2033, #2034, #2035, #2036, #2037, #2038, #2039, #2040), .UNSPECIFIED., .U., .U., (2, 1, 1, 1, 1, 1, 1, 1, 1, 1, 1, 1, 1, 1, 1, 1, 1, 1, 1, 1, 1, 1, 1, 1, 1, 1, 1, 1, 1, 1, 1, 1, 1, 1, 2), (0.0, 0.029411764705882353, 0.058823529411764705, 0.08823529411764706, 0.11764705882352941, 0.14705882352941177, 0.17647058823529413, 0.20588235294117646, 0.23529411764705882, 0.2647058823529412, 0.29411764705882354, 0.3235294117647059, 0.35294117647058826, 0.38235294117647056, 0.4117647058823529, 0.4411764705882353, 0.47058823529411764, 0.5, 0.5294117647058824, 0.5588235294117647, 0.5882352941176471, 0.6176470588235294, 0.6470588235294118, 0.6764705882352942, 0.7058823529411765, 0.7352941176470589, 0.7647058823529411, 0.7941176470588235, 0.8235294117647058, 0.8529411764705882, 0.8823529411764706, 0.9117647058823529, 0.9411764705882353, 0.9705882352941176, 1.0), .UNSPECIFIED.);
#2006 = CARTESIAN_POINT('', (13.77289548266117, 20.584949082094155, 13.0));
#2007 = CARTESIAN_POINT('', (13.784157336495241, 20.71647959114007, 13.0));
#2008 = CARTESIAN_POINT('', (13.785388788396716, 20.729434795679254, 13.0));
#2009 = CARTESIAN_POINT('', (13.786685238275112, 20.742830888374556, 13.0));
#2010 = CARTESIAN_POINT('', (13.788051385531134, 20.756691686761357, 13.0));
#2011 = CARTESIAN_POINT('', (13.789492370731011, 20.771042819340963, 13.0));
#2012 = CARTESIAN_POINT('', (13.791013827351975, 20.785911906467277, 13.0));
#2013 = CARTESIAN_POINT('', (13.791806642064614, 20.793549908567954, 13.0));
#2014 = CARTESIAN_POINT('', (13.79262194089705, 20.801328763900514, 13.0));
#2015 = CARTESIAN_POINT('', (13.79346059439871, 20.809252580134327, 13.0));
#2016 = CARTESIAN_POINT('', (13.794323516626093, 20.817325632473995, 13.0));
#2017 = CARTESIAN_POINT('', (13.795211667838544, 20.825552372557837, 13.0));
#2018 = CARTESIAN_POINT('', (13.796126057394787, 20.833937437942765, 13.0));
#2019 = CARTESIAN_POINT('', (13.797067746867754, 20.842485662222714, 13.000000000000002));
#2020 = CARTESIAN_POINT('', (13.798037853397489, 20.85120208583058, 13.0));
#2021 = CARTESIAN_POINT('', (13.79903755330335, 20.860091967579876, 13.0));
#2022 = CARTESIAN_POINT('', (13.800068085992791, 20.86916079712762, 13.0));
#2023 = CARTESIAN_POINT('', (13.800946166956379, 20.87681394690955, 13.0));
#2024 = CARTESIAN_POINT('', (13.80113273069611, 20.878431393777788, 13.0));
#2025 = CARTESIAN_POINT('', (13.802241279553158, 20.887981296201318, 13.0));
#2026 = CARTESIAN_POINT('', (13.803386352897576, 20.897738992075546, 13.0));
#2027 = CARTESIAN_POINT('', (13.804569615331303, 20.90771167175717, 13.0));
#2028 = CARTESIAN_POINT('', (13.80579283001066, 20.917906874325126, 13.0));
#2029 = CARTESIAN_POINT('', (13.80705786590454, 20.928332509600153, 13.0));
#2030 = CARTESIAN_POINT('', (13.808366705696557, 20.938996881888386, 13.0));
#2031 = CARTESIAN_POINT('', (13.809721454399238, 20.949908715610263, 13.0));
#2032 = CARTESIAN_POINT('', (13.811124348754163, 20.9610771829949, 13.0));
#2033 = CARTESIAN_POINT('', (13.812577767503939, 20.97251193403858, 13.0));
#2034 = CARTESIAN_POINT('', (13.814084242630287, 20.984223128949736, 13.0));
#2035 = CARTESIAN_POINT('', (13.815646471665616, 20.99622147332738, 13.0));
#2036 = CARTESIAN_POINT('', (13.817267331206295, 21.008518256405665, 13.000000000000002));
#2037 = CARTESIAN_POINT('', (13.840017068288944, 21.167408862336814, 13.0));
#2038 = CARTESIAN_POINT('', (13.890052261606996, 21.456317878521403, 13.0));
#2039 = CARTESIAN_POINT('', (13.950980127861897, 21.743127458760213, 13.0));
#2040 = CARTESIAN_POINT('', (14.022713410254454, 22.027426901661542, 13.0));
#2041 = PLANE('', #2042);
#2042 = AXIS2_PLACEMENT_3D('', #2043, #2044, #2045);
#2043 = CARTESIAN_POINT('', (30.750000000000085, 29.239590861319385, 13.0));
#2044 = DIRECTION('', (0.0, 0.0, 0.9999999999999999));
#2045 = DIRECTION('', (-1.0, 0.0, 0.0));
#2046 = CYLINDRICAL_SURFACE('', #2047, 7.750003187660169);
#2047 = AXIS2_PLACEMENT_3D('', #2048, #2049, #2050);
#2048 = CARTESIAN_POINT('', (21.499996912340265, 19.989589607327645, 18.0000003));
#2049 = DIRECTION('', (0.0, 0.0, 1.0));
#2050 = DIRECTION('', (-6.1222042040E-4, -0.9999998125930608, 0.0));
#2051 = SURFACE_CURVE('', #2052, (#546, #581), .CURVE_3D.);
#2052 = INTERSECTION_CURVE('', #2053, (#2058, #2063), .CURVE_3D.);
#2053 = B_SPLINE_CURVE_WITH_KNOTS('', 1, (#2054, #2055, #2056, #2057), .UNSPECIFIED., .U., .U., (2, 1, 1, 2), (0.0, 0.3333333333333333, 0.6666666666666666, 1.0), .UNSPECIFIED.);
#2054 = CARTESIAN_POINT('', (14.022713410254454, 22.027426901661542, 13.0));
#2055 = CARTESIAN_POINT('', (14.105149570402745, 22.308809777596622, 13.0));
#2056 = CARTESIAN_POINT('', (14.198170472637628, 22.586872813526497, 13.0));
#2057 = CARTESIAN_POINT('', (14.301643018641954, 22.86121816587034, 13.0));
#2058 = PLANE('', #2059);
#2059 = AXIS2_PLACEMENT_3D('', #2060, #2061, #2062);
#2060 = CARTESIAN_POINT('', (30.750000000000085, 29.239590861319385, 13.0));
#2061 = DIRECTION('', (0.0, 0.0, 0.9999999999999999));
#2062 = DIRECTION('', (-1.0, 0.0, 0.0));
#2063 = CYLINDRICAL_SURFACE('', #2064, 7.750003187660169);
#2064 = AXIS2_PLACEMENT_3D('', #2065, #2066, #2067);
#2065 = CARTESIAN_POINT('', (21.499996912340265, 19.989589607327645, 18.0000003));
#2066 = DIRECTION('', (0.0, 0.0, 1.0));
#2067 = DIRECTION('', (-6.1222042040E-4, -0.9999998125930608, 0.0));
#2068 = SURFACE_CURVE('', #2069, (#546, #581), .CURVE_3D.);
#2069 = INTERSECTION_CURVE('', #2070, (#2073, #2078), .CURVE_3D.);
#2070 = B_SPLINE_CURVE_WITH_KNOTS('', 1, (#2071, #2072), .UNSPECIFIED., .U., .U., (2, 2), (0.0, 1.0), .UNSPECIFIED.);
#2071 = CARTESIAN_POINT('', (14.415419094375608, 23.131453146433458, 13.0));
#2072 = CARTESIAN_POINT('', (14.301643015574228, 22.861218167161923, 13.000000000000002));
#2073 = PLANE('', #2074);
#2074 = AXIS2_PLACEMENT_3D('', #2075, #2076, #2077);
#2075 = CARTESIAN_POINT('', (30.750000000000085, 29.239590861319385, 13.0));
#2076 = DIRECTION('', (0.0, 0.0, 0.9999999999999999));
#2077 = DIRECTION('', (-1.0, 0.0, 0.0));
#2078 = CYLINDRICAL_SURFACE('', #2079, 7.750003187660169);
#2079 = AXIS2_PLACEMENT_3D('', #2080, #2081, #2082);
#2080 = CARTESIAN_POINT('', (21.499996912340265, 19.989589607327645, 18.0000003));
#2081 = DIRECTION('', (0.0, 0.0, 1.0));
#2082 = DIRECTION('', (-6.1222042040E-4, -0.9999998125930608, 0.0));
#2083 = SURFACE_CURVE('', #2084, (#546, #581), .CURVE_3D.);
#2084 = INTERSECTION_CURVE('', #2085, (#2091, #2096), .CURVE_3D.);
#2085 = B_SPLINE_CURVE_WITH_KNOTS('', 1, (#2086, #2087, #2088, #2089, #2090), .UNSPECIFIED., .U., .U., (2, 1, 1, 1, 2), (0.0, 0.25, 0.5, 0.75, 1.0), .UNSPECIFIED.);
#2086 = CARTESIAN_POINT('', (14.970085421886466, 24.163653009337622, 13.0));
#2087 = CARTESIAN_POINT('', (14.816867633570865, 23.913660510356564, 13.0));
#2088 = CARTESIAN_POINT('', (14.673215902088259, 23.65805119862246, 13.000000000000002));
#2089 = CARTESIAN_POINT('', (14.539335843879087, 23.397190948264083, 13.0));
#2090 = CARTESIAN_POINT('', (14.415419091358928, 23.131453147840176, 13.0));
#2091 = PLANE('', #2092);
#2092 = AXIS2_PLACEMENT_3D('', #2093, #2094, #2095);
#2093 = CARTESIAN_POINT('', (30.750000000000085, 29.239590861319385, 13.0));
#2094 = DIRECTION('', (0.0, 0.0, 0.9999999999999999));
#2095 = DIRECTION('', (-1.0, 0.0, 0.0));
#2096 = CYLINDRICAL_SURFACE('', #2097, 7.750003187660169);
#2097 = AXIS2_PLACEMENT_3D('', #2098, #2099, #2100);
#2098 = CARTESIAN_POINT('', (21.499996912340265, 19.989589607327645, 18.0000003));
#2099 = DIRECTION('', (0.0, 0.0, 1.0));
#2100 = DIRECTION('', (-6.1222042040E-4, -0.9999998125930608, 0.0));
#2101 = SURFACE_CURVE('', #2102, (#546, #581), .CURVE_3D.);
#2102 = INTERSECTION_CURVE('', #2103, (#2112, #2117), .CURVE_3D.);
#2103 = B_SPLINE_CURVE_WITH_KNOTS('', 1, (#2104, #2105, #2106, #2107, #2108, #2109, #2110, #2111), .UNSPECIFIED., .U., .U., (2, 1, 1, 1, 1, 1, 1, 2), (0.0, 0.14285714285714285, 0.2857142857142857, 0.42857142857142855, 0.5714285714285714, 0.7142857142857143, 0.8571428571428571, 1.0), .UNSPECIFIED.);
#2104 = CARTESIAN_POINT('', (16.2903949047394, 25.727411174015117, 13.0));
#2105 = CARTESIAN_POINT('', (16.077080463882027, 25.526242621720357, 13.000000000000002));
#2106 = CARTESIAN_POINT('', (15.871528111619455, 25.31714893295276, 13.0));
#2107 = CARTESIAN_POINT('', (15.674032200316049, 25.100429517067695, 13.0));
#2108 = CARTESIAN_POINT('', (15.484875420381172, 24.87639458048902, 13.0));
#2109 = CARTESIAN_POINT('', (15.304328525812679, 24.64536480088303, 13.0));
#2110 = CARTESIAN_POINT('', (15.132649946646865, 24.40767086814867, 13.0));
#2111 = CARTESIAN_POINT('', (14.970085419116344, 24.163653011183072, 13.000000000000002));
#2112 = PLANE('', #2113);
#2113 = AXIS2_PLACEMENT_3D('', #2114, #2115, #2116);
#2114 = CARTESIAN_POINT('', (30.750000000000085, 29.239590861319385, 13.0));
#2115 = DIRECTION('', (0.0, 0.0, 0.9999999999999999));
#2116 = DIRECTION('', (-1.0, 0.0, 0.0));
#2117 = CYLINDRICAL_SURFACE('', #2118, 7.750003187660169);
#2118 = AXIS2_PLACEMENT_3D('', #2119, #2120, #2121);
#2119 = CARTESIAN_POINT('', (21.499996912340265, 19.989589607327645, 18.0000003));
#2120 = DIRECTION('', (0.0, 0.0, 1.0));
#2121 = DIRECTION('', (-6.1222042040E-4, -0.9999998125930608, 0.0));
#2122 = SURFACE_CURVE('', #2123, (#551, #566), .CURVE_3D.);
#2123 = LINE('', #2124, #2125);
#2124 = CARTESIAN_POINT('', (13.749999537472092, 19.9990816186381, 2.0000003));
#2125 = VECTOR('', #2126, 1.060010437664333);
#2126 = DIRECTION('', (-0.7075396720853764, -0.7066736251094405, 0.0));
#2127 = SURFACE_CURVE('', #2128, (#551, #556), .CURVE_3D.);
#2128 = LINE('', #2129, #2130);
#2129 = CARTESIAN_POINT('', (13.000000099999994, 19.250000200000002, 2.0000003));
#2130 = VECTOR('', #2131, 10.9999997);
#2131 = DIRECTION('', (0.0, 0.0, 1.0));
#2132 = SURFACE_CURVE('', #2133, (#551, #581), .CURVE_3D.);
#2133 = INTERSECTION_CURVE('', #2134, (#2138, #2143), .CURVE_3D.);
#2134 = B_SPLINE_CURVE_WITH_KNOTS('', 1, (#2135, #2136, #2137), .UNSPECIFIED., .U., .U., (2, 1, 2), (0.0, 0.5, 1.0), .UNSPECIFIED.);
#2135 = CARTESIAN_POINT('', (13.749999537472064, 19.9990816186381, 13.0));
#2136 = CARTESIAN_POINT('', (13.23437493827251, 19.484088157369683, 13.0));
#2137 = CARTESIAN_POINT('', (13.000000099999994, 19.250000200000002, 13.0));
#2138 = PLANE('', #2139);
#2139 = AXIS2_PLACEMENT_3D('', #2140, #2141, #2142);
#2140 = CARTESIAN_POINT('', (30.750000000000085, 29.239590861319385, 13.0));
#2141 = DIRECTION('', (0.0, 0.0, 0.9999999999999999));
#2142 = DIRECTION('', (-1.0, 0.0, 0.0));
#2143 = PLANE('', #2144);
#2144 = AXIS2_PLACEMENT_3D('', #2145, #2146, #2147);
#2145 = CARTESIAN_POINT('', (13.749999537472092, 19.9990816186381, 2.0000003));
#2146 = DIRECTION('', (-0.7066736251094404, 0.7075396720853764, 0.0));
#2147 = DIRECTION('', (-0.7075396720853764, -0.7066736251094404, 0.0));
#2148 = SURFACE_CURVE('', #2149, (#556, #566), .CURVE_3D.);
#2149 = LINE('', #2150, #2151);
#2150 = CARTESIAN_POINT('', (13.000000099999994, 19.250000200000002, 2.0000003));
#2151 = VECTOR('', #2152, 34.5);
#2152 = DIRECTION('', (-1.0, 0.0, 0.0));
#2153 = SURFACE_CURVE('', #2154, (#556, #561), .CURVE_3D.);
#2154 = LINE('', #2155, #2156);
#2155 = CARTESIAN_POINT('', (-21.499999900000006, 19.250000200000002, 2.0000003));
#2156 = VECTOR('', #2157, 10.9999997);
#2157 = DIRECTION('', (0.0, 0.0, 1.0));
#2158 = SURFACE_CURVE('', #2159, (#556, #581), .CURVE_3D.);
#2159 = INTERSECTION_CURVE('', #2160, (#2169, #2174), .CURVE_3D.);
#2160 = B_SPLINE_CURVE_WITH_KNOTS('', 1, (#2161, #2162, #2163, #2164, #2165, #2166, #2167, #2168), .UNSPECIFIED., .U., .U., (2, 1, 1, 1, 1, 1, 1, 2), (0.0, 0.14285714285714285, 0.2857142857142857, 0.42857142857142855, 0.5714285714285714, 0.7142857142857143, 0.8571428571428571, 1.0), .UNSPECIFIED.);
#2161 = CARTESIAN_POINT('', (13.000000099999994, 19.250000200000002, 13.0));
#2162 = CARTESIAN_POINT('', (12.691003247726599, 19.250000200000002, 13.0));
#2163 = CARTESIAN_POINT('', (12.420450575607418, 19.250000200000002, 13.0));
#2164 = CARTESIAN_POINT('', (11.628088306455737, 19.250000200000002, 13.0));
#2165 = CARTESIAN_POINT('', (11.224967253179557, 19.250000200000002, 13.0));
#2166 = CARTESIAN_POINT('', (8.451647466907502, 19.250000200000002, 13.0));
#2167 = CARTESIAN_POINT('', (-10.718749253125011, 19.250000200000002, 13.0));
#2168 = CARTESIAN_POINT('', (-21.499999900000006, 19.250000200000002, 13.0));
#2169 = PLANE('', #2170);
#2170 = AXIS2_PLACEMENT_3D('', #2171, #2172, #2173);
#2171 = CARTESIAN_POINT('', (30.750000000000085, 29.239590861319385, 13.0));
#2172 = DIRECTION('', (0.0, 0.0, 0.9999999999999999));
#2173 = DIRECTION('', (-1.0, 0.0, 0.0));
#2174 = PLANE('', #2175);
#2175 = AXIS2_PLACEMENT_3D('', #2176, #2177, #2178);
#2176 = CARTESIAN_POINT('', (13.000000099999994, 19.250000200000002, 2.0000003));
#2177 = DIRECTION('', (0.0, 1.0, -0.0));
#2178 = DIRECTION('', (-1.0, 0.0, 0.0));
#2179 = SURFACE_CURVE('', #2180, (#561, #581), .CURVE_3D.);
#2180 = INTERSECTION_CURVE('', #2181, (#2187, #2192), .CURVE_3D.);
#2181 = B_SPLINE_CURVE_WITH_KNOTS('', 1, (#2182, #2183, #2184, #2185, #2186), .UNSPECIFIED., .U., .U., (2, 1, 1, 1, 2), (0.0, 0.25, 0.5, 0.75, 1.0), .UNSPECIFIED.);
#2182 = CARTESIAN_POINT('', (-27.735633033972732, 16.102107000920782, 13.0));
#2183 = CARTESIAN_POINT('', (-27.62309118725591, 16.250817052436986, 13.0));
#2184 = CARTESIAN_POINT('', (-27.559194119596043, 16.332046674246698, 13.0));
#2185 = CARTESIAN_POINT('', (-27.401760124292636, 16.523120152549154, 13.0));
#2186 = CARTESIAN_POINT('', (-27.374280973517827, 16.555228150649185, 13.0));
#2187 = PLANE('', #2188);
#2188 = AXIS2_PLACEMENT_3D('', #2189, #2190, #2191);
#2189 = CARTESIAN_POINT('', (30.750000000000085, 29.239590861319385, 13.0));
#2190 = DIRECTION('', (0.0, 0.0, 0.9999999999999999));
#2191 = DIRECTION('', (-1.0, 0.0, 0.0));
#2192 = CYLINDRICAL_SURFACE('', #2193, 7.749998771175666);
#2193 = AXIS2_PLACEMENT_3D('', #2194, #2195, #2196);
#2194 = CARTESIAN_POINT('', (-21.50000112882438, 11.500001428824433, 18.0000003));
#2195 = DIRECTION('', (0.0, 0.0, 1.0));
#2196 = DIRECTION('', (0.7071067762401919, -0.707106786132903, 0.0));
#2197 = SURFACE_CURVE('', #2198, (#561, #581), .CURVE_3D.);
#2198 = INTERSECTION_CURVE('', #2199, (#2216, #2221), .CURVE_3D.);
#2199 = B_SPLINE_CURVE_WITH_KNOTS('', 1, (#2200, #2201, #2202, #2203, #2204, #2205, #2206, #2207, #2208, #2209, #2210, #2211, #2212, #2213, #2214, #2215), .UNSPECIFIED., .U., .U., (2, 1, 1, 1, 1, 1, 1, 1, 1, 1, 1, 1, 1, 1, 1, 2), (0.0, 0.06666666666666667, 0.13333333333333333, 0.2, 0.26666666666666666, 0.3333333333333333, 0.4, 0.4666666666666667, 0.5333333333333333, 0.6, 0.6666666666666666, 0.7333333333333333, 0.8, 0.8666666666666667, 0.9333333333333333, 1.0), .UNSPECIFIED.);
#2200 = CARTESIAN_POINT('', (-27.374280975942867, 16.55522815281634, 13.000000000000002));
#2201 = CARTESIAN_POINT('', (-27.181152117581803, 16.77133943697423, 13.0));
#2202 = CARTESIAN_POINT('', (-27.140844026441812, 16.814450822470334, 13.000000000000002));
#2203 = CARTESIAN_POINT('', (-26.980077652788864, 16.980078275431396, 13.0));
#2204 = CARTESIAN_POINT('', (-26.820213596566262, 17.13540915598209, 13.000000000000002));
#2205 = CARTESIAN_POINT('', (-26.771338802493332, 17.181152727934744, 13.000000000000002));
#2206 = CARTESIAN_POINT('', (-26.555227506964854, 17.374281573572148, 13.0));
#2207 = CARTESIAN_POINT('', (-26.368442936976976, 17.52998943161981, 13.0));
#2208 = CARTESIAN_POINT('', (-26.33204601750836, 17.55919470408537, 13.0));
#2209 = CARTESIAN_POINT('', (-26.10210647373809, 17.73563350164119, 13.0));
#2210 = CARTESIAN_POINT('', (-25.86573046702199, 17.903351200531816, 13.000000000000002));
#2211 = CARTESIAN_POINT('', (-25.62324859070688, 18.062113232299282, 13.0));
#2212 = CARTESIAN_POINT('', (-25.37499997775369, 18.21169755380066, 13.0));
#2213 = CARTESIAN_POINT('', (-25.14256167248965, 18.340632513670144, 13.000000000000002));
#2214 = CARTESIAN_POINT('', (-25.121331826429014, 18.351894957755746, 13.0));
#2215 = CARTESIAN_POINT('', (-24.862598913360813, 18.48250936238621, 13.0));
#2216 = PLANE('', #2217);
#2217 = AXIS2_PLACEMENT_3D('', #2218, #2219, #2220);
#2218 = CARTESIAN_POINT('', (30.750000000000085, 29.239590861319385, 13.0));
#2219 = DIRECTION('', (0.0, 0.0, 0.9999999999999999));
#2220 = DIRECTION('', (-1.0, 0.0, 0.0));
#2221 = CYLINDRICAL_SURFACE('', #2222, 7.749998771175666);
#2222 = AXIS2_PLACEMENT_3D('', #2223, #2224, #2225);
#2223 = CARTESIAN_POINT('', (-21.50000112882438, 11.500001428824433, 18.0000003));
#2224 = DIRECTION('', (0.0, 0.0, 1.0));
#2225 = DIRECTION('', (0.7071067762401919, -0.707106786132903, 0.0));
#2226 = SURFACE_CURVE('', #2227, (#561, #581), .CURVE_3D.);
#2227 = INTERSECTION_CURVE('', #2228, (#2265, #2270), .CURVE_3D.);
#2228 = B_SPLINE_CURVE_WITH_KNOTS('', 1, (#2229, #2230, #2231, #2232, #2233, #2234, #2235, #2236, #2237, #2238, #2239, #2240, #2241, #2242, #2243, #2244, #2245, #2246, #2247, #2248, #2249, #2250, #2251, #2252, #2253, #2254, #2255, #2256, #2257, #2258, #2259, #2260, #2261, #2262, #2263, #2264), .UNSPECIFIED., .U., .U., (2, 1, 1, 1, 1, 1, 1, 1, 1, 1, 1, 1, 1, 1, 1, 1, 1, 1, 1, 1, 1, 1, 1, 1, 1, 1, 1, 1, 1, 1, 1, 1, 1, 1, 1, 2), (0.0, 0.02857142857142857, 0.05714285714285714, 0.08571428571428572, 0.11428571428571428, 0.14285714285714285, 0.17142857142857143, 0.2, 0.22857142857142856, 0.2571428571428571, 0.2857142857142857, 0.3142857142857143, 0.34285714285714286, 0.37142857142857144, 0.4, 0.42857142857142855, 0.45714285714285713, 0.4857142857142857, 0.5142857142857142, 0.5428571428571428, 0.5714285714285714, 0.6, 0.6285714285714286, 0.6571428571428571, 0.6857142857142857, 0.7142857142857143, 0.7428571428571429, 0.7714285714285715, 0.8, 0.8285714285714286, 0.8571428571428571, 0.8857142857142857, 0.9142857142857143, 0.9428571428571428, 0.9714285714285714, 1.0), .UNSPECIFIED.);
#2229 = CARTESIAN_POINT('', (-21.499999900000006, 19.250000200000002, 13.0));
#2230 = CARTESIAN_POINT('', (-21.68113726828956, 19.24788311688627, 13.000000000000002));
#2231 = CARTESIAN_POINT('', (-21.69321027772054, 19.247591452696838, 13.0));
#2232 = CARTESIAN_POINT('', (-21.707007571897975, 19.24723508257145, 13.0));
#2233 = CARTESIAN_POINT('', (-21.722926955579766, 19.24679334735366, 13.0));
#2234 = CARTESIAN_POINT('', (-21.74149879641442, 19.24623663244256, 13.0));
#2235 = CARTESIAN_POINT('', (-21.763446261596954, 19.245521270335573, 13.0));
#2236 = CARTESIAN_POINT('', (-21.78978166644839, 19.24458070682519, 13.0));
#2237 = CARTESIAN_POINT('', (-22.07915797513337, 19.22832972804916, 13.000000000000002));
#2238 = CARTESIAN_POINT('', (-22.36772445397372, 19.20126997265642, 13.000000000000002));
#2239 = CARTESIAN_POINT('', (-22.655077342813172, 19.163439292675193, 13.0));
#2240 = CARTESIAN_POINT('', (-22.940814752498255, 19.114890597752634, 13.0));
#2241 = CARTESIAN_POINT('', (-23.18646691417885, 19.06428025155782, 13.0));
#2242 = CARTESIAN_POINT('', (-23.224537053270012, 19.05569178765471, 13.0));
#2243 = CARTESIAN_POINT('', (-23.235039789735367, 19.05328692577001, 13.0));
#2244 = CARTESIAN_POINT('', (-23.2883081646045, 19.04085276663794, 13.000000000000002));
#2245 = CARTESIAN_POINT('', (-23.34409783347732, 19.02740392218908, 13.0));
#2246 = CARTESIAN_POINT('', (-23.402591854933007, 19.012832418681043, 13.0));
#2247 = CARTESIAN_POINT('', (-23.46399139429738, 18.997015713881638, 13.0));
#2248 = CARTESIAN_POINT('', (-23.50584743368256, 18.985925657302246, 13.0));
#2249 = CARTESIAN_POINT('', (-23.53031535451447, 18.979326605482072, 13.0));
#2250 = CARTESIAN_POINT('', (-23.603796007161364, 18.958991176981186, 13.0));
#2251 = CARTESIAN_POINT('', (-23.68154319853211, 18.936623992281568, 13.0));
#2252 = CARTESIAN_POINT('', (-23.763938481043084, 18.91195586867721, 13.0));
#2253 = CARTESIAN_POINT('', (-23.784352455580134, 18.90568978097467, 13.0));
#2254 = CARTESIAN_POINT('', (-23.858161269499647, 18.88251873013533, 13.0));
#2255 = CARTESIAN_POINT('', (-23.961100687875103, 18.84884282823323, 13.0));
#2256 = CARTESIAN_POINT('', (-24.059662604355935, 18.81509637584351, 13.0));
#2257 = CARTESIAN_POINT('', (-24.072962878472737, 18.81042883001453, 13.0));
#2258 = CARTESIAN_POINT('', (-24.207034537076837, 18.7618504412888, 13.0));
#2259 = CARTESIAN_POINT('', (-24.33139283372394, 18.71427214502647, 13.000000000000002));
#2260 = CARTESIAN_POINT('', (-24.35632524408578, 18.704437111221807, 13.0));
#2261 = CARTESIAN_POINT('', (-24.542454373400375, 18.62783133755495, 13.0));
#2262 = CARTESIAN_POINT('', (-24.599163104240958, 18.60335810038164, 13.0));
#2263 = CARTESIAN_POINT('', (-24.78245667426286, 18.5205403358774, 13.0));
#2264 = CARTESIAN_POINT('', (-24.862598914716898, 18.48250936534231, 13.0));
#2265 = PLANE('', #2266);
#2266 = AXIS2_PLACEMENT_3D('', #2267, #2268, #2269);
#2267 = CARTESIAN_POINT('', (30.750000000000085, 29.239590861319385, 13.0));
#2268 = DIRECTION('', (0.0, 0.0, 0.9999999999999999));
#2269 = DIRECTION('', (-1.0, 0.0, 0.0));
#2270 = CYLINDRICAL_SURFACE('', #2271, 7.749998771175666);
#2271 = AXIS2_PLACEMENT_3D('', #2272, #2273, #2274);
#2272 = CARTESIAN_POINT('', (-21.50000112882438, 11.500001428824433, 18.0000003));
#2273 = DIRECTION('', (0.0, 0.0, 1.0));
#2274 = DIRECTION('', (0.7071067762401919, -0.707106786132903, 0.0));
#2275 = SURFACE_CURVE('', #2276, (#561, #566), .CURVE_3D.);
#2276 = (
    BOUNDED_CURVE()
    B_SPLINE_CURVE(2, (#2277, #2278, #2279, #2280, #2281, #2282), .UNSPECIFIED., .U., .U.)
    B_SPLINE_CURVE_WITH_KNOTS((3, 1, 1, 1, 3), (0.0, 0.25, 0.5, 0.75, 1.0), .UNSPECIFIED.)
    CURVE()
    GEOMETRIC_REPRESENTATION_ITEM()
    RATIONAL_B_SPLINE_CURVE((1.0, 0.9267766685038639, 0.8535533370077278, 0.8535533370077278, 0.9267766685038639, 1.0))
    REPRESENTATION_ITEM('')
);
#2277 = CARTESIAN_POINT('', (-21.499999900000006, 19.250000200000002, 2.0000003));
#2278 = CARTESIAN_POINT('', (-22.978262598582006, 19.25000043439038, 2.0000003));
#2279 = CARTESIAN_POINT('', (-25.845116481621552, 18.115039430720117, 2.0000003));
#2280 = CARTESIAN_POINT('', (-28.11503906993011, 15.845116874168683, 2.0000003));
#2281 = CARTESIAN_POINT('', (-29.250000113708847, 12.978263007007683, 2.0000003));
#2282 = CARTESIAN_POINT('', (-29.249999899999963, 11.500000308425697, 2.0000003));
#2283 = SURFACE_CURVE('', #2284, (#561, #576), .CURVE_3D.);
#2284 = LINE('', #2285, #2286);
#2285 = CARTESIAN_POINT('', (-29.249999899999978, 11.500000308425697, 2.0000003));
#2286 = VECTOR('', #2287, 10.9999997);
#2287 = DIRECTION('', (0.0, 0.0, 1.0));
#2288 = SURFACE_CURVE('', #2289, (#561, #581), .CURVE_3D.);
#2289 = INTERSECTION_CURVE('', #2290, (#2329, #2334), .CURVE_3D.);
#2290 = B_SPLINE_CURVE_WITH_KNOTS('', 1, (#2291, #2292, #2293, #2294, #2295, #2296, #2297, #2298, #2299, #2300, #2301, #2302, #2303, #2304, #2305, #2306, #2307, #2308, #2309, #2310, #2311, #2312, #2313, #2314, #2315, #2316, #2317, #2318, #2319, #2320, #2321, #2322, #2323, #2324, #2325, #2326, #2327, #2328), .UNSPECIFIED., .U., .U., (2, 1, 1, 1, 1, 1, 1, 1, 1, 1, 1, 1, 1, 1, 1, 1, 1, 1, 1, 1, 1, 1, 1, 1, 1, 1, 1, 1, 1, 1, 1, 1, 1, 1, 1, 1, 1, 2), (0.0, 0.02702702702702703, 0.05405405405405406, 0.08108108108108109, 0.10810810810810811, 0.13513513513513514, 0.16216216216216217, 0.1891891891891892, 0.21621621621621623, 0.24324324324324326, 0.2702702702702703, 0.2972972972972973, 0.32432432432432434, 0.35135135135135137, 0.3783783783783784, 0.40540540540540543, 0.43243243243243246, 0.4594594594594595, 0.4864864864864865, 0.5135135135135135, 0.5405405405405406, 0.5675675675675675, 0.5945945945945946, 0.6216216216216216, 0.6486486486486487, 0.6756756756756757, 0.7027027027027027, 0.7297297297297297, 0.7567567567567568, 0.7837837837837838, 0.8108108108108109, 0.8378378378378378, 0.8648648648648649, 0.8918918918918919, 0.918918918918919, 0.9459459459459459, 0.972972972972973, 1.0), .UNSPECIFIED.);
#2291 = CARTESIAN_POINT('', (-29.249999899999978, 11.500000308425697, 13.0));
#2292 = CARTESIAN_POINT('', (-29.24788281435204, 11.681137676685637, 13.0));
#2293 = CARTESIAN_POINT('', (-29.247591149993724, 11.693210686112565, 13.000000000000002));
#2294 = CARTESIAN_POINT('', (-29.247234779675296, 11.70700798028497, 13.0));
#2295 = CARTESIAN_POINT('', (-29.246793044234792, 11.722927363960594, 13.000000000000002));
#2296 = CARTESIAN_POINT('', (-29.246236329063862, 11.74149920478743, 13.0));
#2297 = CARTESIAN_POINT('', (-29.24552096664607, 11.763446670070493, 13.0));
#2298 = CARTESIAN_POINT('', (-29.244580396267565, 11.789782248606514, 13.0));
#2299 = CARTESIAN_POINT('', (-29.244279658750983, 11.797711025818089, 13.0));
#2300 = CARTESIAN_POINT('', (-29.22832939396001, 12.079158730021675, 13.0));
#2301 = CARTESIAN_POINT('', (-29.2012696215823, 12.367725207269274, 13.000000000000002));
#2302 = CARTESIAN_POINT('', (-29.16343892468751, 12.655078093882025, 13.0));
#2303 = CARTESIAN_POINT('', (-29.114890212946506, 12.940815500709533, 13.0));
#2304 = CARTESIAN_POINT('', (-29.06427997039458, 13.186467129690527, 13.0));
#2305 = CARTESIAN_POINT('', (-29.05569138614871, 13.224537797996845, 13.0));
#2306 = CARTESIAN_POINT('', (-29.01249133817916, 13.403937301581891, 13.0));
#2307 = CARTESIAN_POINT('', (-28.985925239238355, 13.505848174302997, 13.0));
#2308 = CARTESIAN_POINT('', (-28.95345951191706, 13.623309952032884, 13.000000000000002));
#2309 = CARTESIAN_POINT('', (-28.905689346518017, 13.784353191477877, 13.0));
#2310 = CARTESIAN_POINT('', (-28.886823720574796, 13.844640623078021, 13.0));
#2311 = CARTESIAN_POINT('', (-28.815095925182135, 14.059663334921396, 13.0));
#2312 = CARTESIAN_POINT('', (-28.81216238882854, 14.068031541755118, 13.0));
#2313 = CARTESIAN_POINT('', (-28.72792928479754, 14.296344670508986, 13.0));
#2314 = CARTESIAN_POINT('', (-28.71427167837112, 14.331393558354875, 13.000000000000002));
#2315 = CARTESIAN_POINT('', (-28.63414030800803, 14.527630720078776, 13.0));
#2316 = CARTESIAN_POINT('', (-28.603357617965372, 14.599163822343499, 13.000000000000002));
#2317 = CARTESIAN_POINT('', (-28.530267781718692, 14.761570336946207, 13.0));
#2318 = CARTESIAN_POINT('', (-28.48250886736747, 14.86259962581589, 13.0));
#2319 = CARTESIAN_POINT('', (-28.415417686328254, 14.998500362570937, 13.0));
#2320 = CARTESIAN_POINT('', (-28.351894444547867, 15.121332529838014, 13.0));
#2321 = CARTESIAN_POINT('', (-28.28846727480419, 15.238879380578197, 13.0));
#2322 = CARTESIAN_POINT('', (-28.211697025657926, 15.375000672908484, 13.0));
#2323 = CARTESIAN_POINT('', (-28.14797957643026, 15.483324603435307, 13.0));
#2324 = CARTESIAN_POINT('', (-28.06211268954077, 15.623249277054839, 13.000000000000002));
#2325 = CARTESIAN_POINT('', (-27.992077983562268, 15.732662419903349, 13.0));
#2326 = CARTESIAN_POINT('', (-27.903350643497063, 15.865731144022732, 13.000000000000002));
#2327 = CARTESIAN_POINT('', (-27.818257402714067, 15.987998600244907, 13.0));
#2328 = CARTESIAN_POINT('', (-27.735633033972732, 16.102107000920782, 13.0));
#2329 = PLANE('', #2330);
#2330 = AXIS2_PLACEMENT_3D('', #2331, #2332, #2333);
#2331 = CARTESIAN_POINT('', (30.750000000000085, 29.239590861319385, 13.0));
#2332 = DIRECTION('', (0.0, 0.0, 0.9999999999999999));
#2333 = DIRECTION('', (-1.0, 0.0, 0.0));
#2334 = CYLINDRICAL_SURFACE('', #2335, 7.749998771175666);
#2335 = AXIS2_PLACEMENT_3D('', #2336, #2337, #2338);
#2336 = CARTESIAN_POINT('', (-21.50000112882438, 11.500001428824433, 18.0000003));
#2337 = DIRECTION('', (0.0, 0.0, 1.0));
#2338 = DIRECTION('', (0.7071067762401919, -0.707106786132903, 0.0));
#2339 = SURFACE_CURVE('', #2340, (#566, #576), .CURVE_3D.);
#2340 = LINE('', #2341, #2342);
#2341 = CARTESIAN_POINT('', (-29.249999899999978, 11.500000308425697, 2.0000003));
#2342 = VECTOR('', #2343, 23.000000108425695);
#2343 = DIRECTION('', (-1.2357264911E-15, -1.0, 0.0));
#2344 = SURFACE_CURVE('', #2345, (#566, #571), .CURVE_3D.);
#2345 = (
    BOUNDED_CURVE()
    B_SPLINE_CURVE(2, (#2346, #2347, #2348, #2349, #2350, #2351), .UNSPECIFIED., .U., .U.)
    B_SPLINE_CURVE_WITH_KNOTS((3, 1, 1, 1, 3), (0.0, 0.25, 0.5, 0.75, 1.0), .UNSPECIFIED.)
    CURVE()
    GEOMETRIC_REPRESENTATION_ITEM()
    RATIONAL_B_SPLINE_CURVE((1.0, 0.9267766685038589, 0.8535533370077177, 0.8535533370077177, 0.9267766685038589, 1.0))
    REPRESENTATION_ITEM('')
);
#2346 = CARTESIAN_POINT('', (-29.249999900000006, -11.499999799999998, 2.0000003));
#2347 = CARTESIAN_POINT('', (-29.250000134390415, -12.97826249858197, 2.0000003));
#2348 = CARTESIAN_POINT('', (-28.115039130720163, -15.845116381621555, 2.0000003));
#2349 = CARTESIAN_POINT('', (-25.845116574168717, -18.115038969930104, 2.0000003));
#2350 = CARTESIAN_POINT('', (-22.9782627070077, -19.25000001370877, 2.0000003));
#2351 = CARTESIAN_POINT('', (-21.50000000842573, -19.249999799999827, 2.0000003));
#2352 = SURFACE_CURVE('', #2353, (#571, #581), .CURVE_3D.);
#2353 = INTERSECTION_CURVE('', #2354, (#2367, #2372), .CURVE_3D.);
#2354 = B_SPLINE_CURVE_WITH_KNOTS('', 1, (#2355, #2356, #2357, #2358, #2359, #2360, #2361, #2362, #2363, #2364, #2365, #2366), .UNSPECIFIED., .U., .U., (2, 1, 1, 1, 1, 1, 1, 1, 1, 1, 1, 2), (0.0, 0.09090909090909091, 0.18181818181818182, 0.2727272727272727, 0.36363636363636365, 0.45454545454545453, 0.5454545454545454, 0.6363636363636364, 0.7272727272727273, 0.8181818181818182, 0.9090909090909091, 1.0), .UNSPECIFIED.);
#2355 = CARTESIAN_POINT('', (-24.059662870751907, -18.81509588262746, 13.0));
#2356 = CARTESIAN_POINT('', (-24.072963833386467, -18.810428093925054, 13.0));
#2357 = CARTESIAN_POINT('', (-24.20703555130325, -18.761849663210683, 13.0));
#2358 = CARTESIAN_POINT('', (-24.33139309644814, -18.714271641914763, 13.0));
#2359 = CARTESIAN_POINT('', (-24.35632647982547, -18.704436221291047, 13.0));
#2360 = CARTESIAN_POINT('', (-24.542455702675227, -18.627830370165128, 13.0));
#2361 = CARTESIAN_POINT('', (-24.599163362925964, -18.603357587518474, 13.0));
#2362 = CARTESIAN_POINT('', (-24.782458404669185, -18.520539126824957, 13.000000000000002));
#2363 = CARTESIAN_POINT('', (-24.86259916911051, -18.482508842832743, 13.0));
#2364 = CARTESIAN_POINT('', (-25.121332076063965, -18.35189442581978, 13.0));
#2365 = CARTESIAN_POINT('', (-25.142565262650777, -18.34063020194769, 13.0));
#2366 = CARTESIAN_POINT('', (-25.37500037123, -18.211696922872207, 13.0));
#2367 = PLANE('', #2368);
#2368 = AXIS2_PLACEMENT_3D('', #2369, #2370, #2371);
#2369 = CARTESIAN_POINT('', (30.750000000000085, 29.239590861319385, 13.0));
#2370 = DIRECTION('', (0.0, 0.0, 0.9999999999999999));
#2371 = DIRECTION('', (-1.0, 0.0, 0.0));
#2372 = CYLINDRICAL_SURFACE('', #2373, 7.749998771175425);
#2373 = AXIS2_PLACEMENT_3D('', #2374, #2375, #2376);
#2374 = CARTESIAN_POINT('', (-21.500001128824678, -11.500001028824485, 18.0000003));
#2375 = DIRECTION('', (0.0, 0.0, 1.0));
#2376 = DIRECTION('', (0.7071067861328995, 0.7071067762401956, 0.0));
#2377 = SURFACE_CURVE('', #2378, (#571, #581), .CURVE_3D.);
#2378 = INTERSECTION_CURVE('', #2379, (#2407, #2412), .CURVE_3D.);
#2379 = B_SPLINE_CURVE_WITH_KNOTS('', 1, (#2380, #2381, #2382, #2383, #2384, #2385, #2386, #2387, #2388, #2389, #2390, #2391, #2392, #2393, #2394, #2395, #2396, #2397, #2398, #2399, #2400, #2401, #2402, #2403, #2404, #2405, #2406), .UNSPECIFIED., .U., .U., (2, 1, 1, 1, 1, 1, 1, 1, 1, 1, 1, 1, 1, 1, 1, 1, 1, 1, 1, 1, 1, 1, 1, 1, 1, 1, 2), (0.0, 0.038461538461538464, 0.07692307692307693, 0.11538461538461539, 0.15384615384615385, 0.19230769230769232, 0.23076923076923078, 0.2692307692307692, 0.3076923076923077, 0.34615384615384615, 0.38461538461538464, 0.4230769230769231, 0.46153846153846156, 0.5, 0.5384615384615384, 0.5769230769230769, 0.6153846153846154, 0.6538461538461539, 0.6923076923076923, 0.7307692307692307, 0.7692307692307693, 0.8076923076923077, 0.8461538461538461, 0.8846153846153846, 0.9230769230769231, 0.9615384615384616, 1.0), .UNSPECIFIED.);
#2380 = CARTESIAN_POINT('', (-28.482509062386256, -14.862598813360805, 13.0));
#2381 = CARTESIAN_POINT('', (-28.415417296811995, -14.99850073252037, 13.000000000000002));
#2382 = CARTESIAN_POINT('', (-28.351894657698935, -15.121331726536525, 13.0));
#2383 = CARTESIAN_POINT('', (-28.288466830650094, -15.23887978700327, 13.0));
#2384 = CARTESIAN_POINT('', (-28.211697253739885, -15.374999877859011, 13.0));
#2385 = CARTESIAN_POINT('', (-28.147979069713372, -15.483325049121845, 13.0));
#2386 = CARTESIAN_POINT('', (-28.062112932234598, -15.623248490809857, 13.000000000000002));
#2387 = CARTESIAN_POINT('', (-27.992077404623075, -15.732662907883125, 13.0));
#2388 = CARTESIAN_POINT('', (-27.90335090046335, -15.865730367122467, 13.0));
#2389 = CARTESIAN_POINT('', (-27.818256739575702, -15.987999133818931, 13.0));
#2390 = CARTESIAN_POINT('', (-27.735633201568987, -16.10210637383595, 13.0));
#2391 = CARTESIAN_POINT('', (-27.62309042498731, -16.25081763488697, 13.0));
#2392 = CARTESIAN_POINT('', (-27.559194295641902, -16.332046053492206, 13.0));
#2393 = CARTESIAN_POINT('', (-27.40175924358006, -16.52312078731518, 13.000000000000002));
#2394 = CARTESIAN_POINT('', (-27.374281160119907, -16.55522753879876, 13.0));
#2395 = CARTESIAN_POINT('', (-27.181152309632438, -16.771338829992914, 13.0));
#2396 = CARTESIAN_POINT('', (-27.1408427944002, -16.81445173017903, 13.0));
#2397 = CARTESIAN_POINT('', (-26.980077852444452, -16.980077675775817, 13.0));
#2398 = CARTESIAN_POINT('', (-26.82021211529201, -17.135410154406486, 13.0));
#2399 = CARTESIAN_POINT('', (-26.77133900947466, -17.181152135884133, 13.0));
#2400 = CARTESIAN_POINT('', (-26.555227720982444, -17.374280989395103, 13.0));
#2401 = CARTESIAN_POINT('', (-26.368440463504243, -17.52999102863089, 13.0));
#2402 = CARTESIAN_POINT('', (-26.332046238262905, -17.559194128039508, 13.0));
#2403 = CARTESIAN_POINT('', (-26.102106700920814, -17.73563293397271, 13.0));
#2404 = CARTESIAN_POINT('', (-25.865730700315154, -17.903350641475214, 13.0));
#2405 = CARTESIAN_POINT('', (-25.62324882978423, -18.062112682076986, 13.0));
#2406 = CARTESIAN_POINT('', (-25.37500037290853, -18.21169692565789, 13.0));
#2407 = PLANE('', #2408);
#2408 = AXIS2_PLACEMENT_3D('', #2409, #2410, #2411);
#2409 = CARTESIAN_POINT('', (30.750000000000085, 29.239590861319385, 13.0));
#2410 = DIRECTION('', (0.0, 0.0, 0.9999999999999999));
#2411 = DIRECTION('', (-1.0, 0.0, 0.0));
#2412 = CYLINDRICAL_SURFACE('', #2413, 7.749998771175425);
#2413 = AXIS2_PLACEMENT_3D('', #2414, #2415, #2416);
#2414 = CARTESIAN_POINT('', (-21.500001128824678, -11.500001028824485, 18.0000003));
#2415 = DIRECTION('', (0.0, 0.0, 1.0));
#2416 = DIRECTION('', (0.7071067861328995, 0.7071067762401956, 0.0));
#2417 = SURFACE_CURVE('', #2418, (#571, #581), .CURVE_3D.);
#2418 = INTERSECTION_CURVE('', #2419, (#2434, #2439), .CURVE_3D.);
#2419 = B_SPLINE_CURVE_WITH_KNOTS('', 1, (#2420, #2421, #2422, #2423, #2424, #2425, #2426, #2427, #2428, #2429, #2430, #2431, #2432, #2433), .UNSPECIFIED., .U., .U., (2, 1, 1, 1, 1, 1, 1, 1, 1, 1, 1, 1, 1, 2), (0.0, 0.07692307692307693, 0.15384615384615385, 0.23076923076923078, 0.3076923076923077, 0.38461538461538464, 0.46153846153846156, 0.5384615384615384, 0.6153846153846154, 0.6923076923076923, 0.7692307692307693, 0.8461538461538461, 0.9230769230769231, 1.0), .UNSPECIFIED.);
#2420 = CARTESIAN_POINT('', (-29.055691484498084, -13.224536952487114, 13.0));
#2421 = CARTESIAN_POINT('', (-29.012491182625354, -13.403937515361463, 13.0));
#2422 = CARTESIAN_POINT('', (-28.98592535730228, -13.505847333682539, 13.0));
#2423 = CARTESIAN_POINT('', (-28.953459329351062, -13.623310192895161, 13.0));
#2424 = CARTESIAN_POINT('', (-28.9056894809747, -13.784352355580126, 13.0));
#2425 = CARTESIAN_POINT('', (-28.886823507925953, -13.844640893031624, 13.000000000000002));
#2426 = CARTESIAN_POINT('', (-28.815096075843528, -14.059662504355941, 13.0));
#2427 = CARTESIAN_POINT('', (-28.812162142538696, -14.068031843036295, 13.0));
#2428 = CARTESIAN_POINT('', (-28.72792902370017, -14.296344945387915, 13.0));
#2429 = CARTESIAN_POINT('', (-28.714271845026502, -14.331392733723916, 13.0));
#2430 = CARTESIAN_POINT('', (-28.63414000907244, -14.52763102447419, 13.0));
#2431 = CARTESIAN_POINT('', (-28.603357800381673, -14.599163004240921, 13.0));
#2432 = CARTESIAN_POINT('', (-28.53026744025702, -14.761570672962108, 13.0));
#2433 = CARTESIAN_POINT('', (-28.48250906534234, -14.862598814716875, 13.0));
#2434 = PLANE('', #2435);
#2435 = AXIS2_PLACEMENT_3D('', #2436, #2437, #2438);
#2436 = CARTESIAN_POINT('', (30.750000000000085, 29.239590861319385, 13.0));
#2437 = DIRECTION('', (0.0, 0.0, 0.9999999999999999));
#2438 = DIRECTION('', (-1.0, 0.0, 0.0));
#2439 = CYLINDRICAL_SURFACE('', #2440, 7.749998771175425);
#2440 = AXIS2_PLACEMENT_3D('', #2441, #2442, #2443);
#2441 = CARTESIAN_POINT('', (-21.500001128824678, -11.500001028824485, 18.0000003));
#2442 = DIRECTION('', (0.0, 0.0, 1.0));
#2443 = DIRECTION('', (0.7071067861328995, 0.7071067762401956, 0.0));
#2444 = SURFACE_CURVE('', #2445, (#571, #581), .CURVE_3D.);
#2445 = INTERSECTION_CURVE('', #2446, (#2461, #2466), .CURVE_3D.);
#2446 = B_SPLINE_CURVE_WITH_KNOTS('', 1, (#2447, #2448, #2449, #2450, #2451, #2452, #2453, #2454, #2455, #2456, #2457, #2458, #2459, #2460), .UNSPECIFIED., .U., .U., (2, 1, 1, 1, 1, 1, 1, 1, 1, 1, 1, 1, 1, 2), (0.0, 0.07692307692307693, 0.15384615384615385, 0.23076923076923078, 0.3076923076923077, 0.38461538461538464, 0.46153846153846156, 0.5384615384615384, 0.6153846153846154, 0.6923076923076923, 0.7692307692307693, 0.8461538461538461, 0.9230769230769231, 1.0), .UNSPECIFIED.);
#2447 = CARTESIAN_POINT('', (-29.249999900000006, -11.499999799999998, 13.0));
#2448 = CARTESIAN_POINT('', (-29.24788281688626, -11.681137168289553, 13.0));
#2449 = CARTESIAN_POINT('', (-29.247591152696856, -11.693210177720559, 13.0));
#2450 = CARTESIAN_POINT('', (-29.247234782571468, -11.707007471897953, 13.0));
#2451 = CARTESIAN_POINT('', (-29.246793047353663, -11.722926855579743, 13.0));
#2452 = CARTESIAN_POINT('', (-29.246236332442578, -11.741498696414396, 13.0));
#2453 = CARTESIAN_POINT('', (-29.245520970335576, -11.76344616159696, 13.0));
#2454 = CARTESIAN_POINT('', (-29.244580406825193, -11.789781566448383, 13.0));
#2455 = CARTESIAN_POINT('', (-29.228329428049165, -12.079157875133376, 13.0));
#2456 = CARTESIAN_POINT('', (-29.201269672656437, -12.367724353973713, 13.000000000000002));
#2457 = CARTESIAN_POINT('', (-29.163438992675225, -12.655077242813178, 13.0));
#2458 = CARTESIAN_POINT('', (-29.114890297752652, -12.940814652498233, 13.0));
#2459 = CARTESIAN_POINT('', (-29.064279839184934, -13.186467318203285, 13.0));
#2460 = CARTESIAN_POINT('', (-29.0556914876818, -13.224536953151414, 13.0));
#2461 = PLANE('', #2462);
#2462 = AXIS2_PLACEMENT_3D('', #2463, #2464, #2465);
#2463 = CARTESIAN_POINT('', (30.750000000000085, 29.239590861319385, 13.0));
#2464 = DIRECTION('', (0.0, 0.0, 0.9999999999999999));
#2465 = DIRECTION('', (-1.0, 0.0, 0.0));
#2466 = CYLINDRICAL_SURFACE('', #2467, 7.749998771175425);
#2467 = AXIS2_PLACEMENT_3D('', #2468, #2469, #2470);
#2468 = CARTESIAN_POINT('', (-21.500001128824678, -11.500001028824485, 18.0000003));
#2469 = DIRECTION('', (0.0, 0.0, 1.0));
#2470 = DIRECTION('', (0.7071067861328995, 0.7071067762401956, 0.0));
#2471 = SURFACE_CURVE('', #2472, (#571, #576), .CURVE_3D.);
#2472 = LINE('', #2473, #2474);
#2473 = CARTESIAN_POINT('', (-29.249999900000006, -11.499999799999998, 2.0000003));
#2474 = VECTOR('', #2475, 10.9999997);
#2475 = DIRECTION('', (0.0, 0.0, 1.0));
#2476 = SURFACE_CURVE('', #2477, (#571, #581), .CURVE_3D.);
#2477 = INTERSECTION_CURVE('', #2478, (#2507, #2512), .CURVE_3D.);
#2478 = B_SPLINE_CURVE_WITH_KNOTS('', 1, (#2479, #2480, #2481, #2482, #2483, #2484, #2485, #2486, #2487, #2488, #2489, #2490, #2491, #2492, #2493, #2494, #2495, #2496, #2497, #2498, #2499, #2500, #2501, #2502, #2503, #2504, #2505, #2506), .UNSPECIFIED., .U., .U., (2, 1, 1, 1, 1, 1, 1, 1, 1, 1, 1, 1, 1, 1, 1, 1, 1, 1, 1, 1, 1, 1, 1, 1, 1, 1, 1, 2), (0.0, 0.037037037037037035, 0.07407407407407407, 0.1111111111111111, 0.14814814814814814, 0.18518518518518517, 0.2222222222222222, 0.25925925925925924, 0.2962962962962963, 0.3333333333333333, 0.37037037037037035, 0.4074074074074074, 0.4444444444444444, 0.48148148148148145, 0.5185185185185185, 0.5555555555555556, 0.5925925925925926, 0.6296296296296297, 0.6666666666666666, 0.7037037037037037, 0.7407407407407407, 0.7777777777777778, 0.8148148148148148, 0.8518518518518519, 0.8888888888888888, 0.9259259259259259, 0.9629629629629629, 1.0), .UNSPECIFIED.);
#2479 = CARTESIAN_POINT('', (-21.50000000842573, -19.249999799999827, 13.0));
#2480 = CARTESIAN_POINT('', (-21.68113737668567, -19.247882714351917, 13.000000000000002));
#2481 = CARTESIAN_POINT('', (-21.693210386112582, -19.247591049993574, 13.0));
#2482 = CARTESIAN_POINT('', (-21.707007680285017, -19.24723467967516, 13.0));
#2483 = CARTESIAN_POINT('', (-21.72292706396064, -19.246792944234656, 13.0));
#2484 = CARTESIAN_POINT('', (-21.741498904787477, -19.246236229063726, 13.0));
#2485 = CARTESIAN_POINT('', (-21.763446369960036, -19.245520866649684, 13.000000000000002));
#2486 = CARTESIAN_POINT('', (-21.7897817747983, -19.244580302770856, 13.0));
#2487 = CARTESIAN_POINT('', (-22.079158256578182, -19.22832930695766, 13.0));
#2488 = CARTESIAN_POINT('', (-22.367724734433068, -19.20126954105612, 13.0));
#2489 = CARTESIAN_POINT('', (-22.655077621894833, -19.163438850610305, 13.0));
#2490 = CARTESIAN_POINT('', (-22.940815029811887, -19.11489014528196, 13.0));
#2491 = CARTESIAN_POINT('', (-23.18646733361227, -19.064279758044478, 13.0));
#2492 = CARTESIAN_POINT('', (-23.224537328427772, -19.05569132485165, 13.0));
#2493 = CARTESIAN_POINT('', (-23.23504024574737, -19.05328642102097, 13.0));
#2494 = CARTESIAN_POINT('', (-23.288308638880096, -19.040852254163696, 13.0));
#2495 = CARTESIAN_POINT('', (-23.34409832696892, -19.02740340129118, 13.0));
#2496 = CARTESIAN_POINT('', (-23.402592368668223, -19.012831888579754, 13.0));
#2497 = CARTESIAN_POINT('', (-23.463991929387333, -18.997015173704156, 13.0));
#2498 = CARTESIAN_POINT('', (-23.50584770629966, -18.985925184254626, 13.0));
#2499 = CARTESIAN_POINT('', (-23.53031594814766, -18.97932604433612, 13.000000000000002));
#2500 = CARTESIAN_POINT('', (-23.603796627842513, -18.958990601919027, 13.000000000000002));
#2501 = CARTESIAN_POINT('', (-23.681543848001922, -18.93662340175868, 13.0));
#2502 = CARTESIAN_POINT('', (-23.763939161212164, -18.911955260923463, 13.0));
#2503 = CARTESIAN_POINT('', (-23.784352725275255, -18.90568929778466, 13.0));
#2504 = CARTESIAN_POINT('', (-23.85816204414573, -18.882518082693906, 13.0));
#2505 = CARTESIAN_POINT('', (-23.961101503858288, -18.848842154963364, 13.0));
#2506 = CARTESIAN_POINT('', (-24.059662870751907, -18.81509588262746, 13.0));
#2507 = PLANE('', #2508);
#2508 = AXIS2_PLACEMENT_3D('', #2509, #2510, #2511);
#2509 = CARTESIAN_POINT('', (30.750000000000085, 29.239590861319385, 13.0));
#2510 = DIRECTION('', (0.0, 0.0, 0.9999999999999999));
#2511 = DIRECTION('', (-1.0, 0.0, 0.0));
#2512 = CYLINDRICAL_SURFACE('', #2513, 7.749998771175425);
#2513 = AXIS2_PLACEMENT_3D('', #2514, #2515, #2516);
#2514 = CARTESIAN_POINT('', (-21.500001128824678, -11.500001028824485, 18.0000003));
#2515 = DIRECTION('', (0.0, 0.0, 1.0));
#2516 = DIRECTION('', (0.7071067861328995, 0.7071067762401956, 0.0));
#2517 = SURFACE_CURVE('', #2518, (#576, #581), .CURVE_3D.);
#2518 = INTERSECTION_CURVE('', #2519, (#2524, #2529), .CURVE_3D.);
#2519 = B_SPLINE_CURVE_WITH_KNOTS('', 1, (#2520, #2521, #2522, #2523), .UNSPECIFIED., .U., .U., (2, 1, 1, 2), (0.0, 0.3333333333333333, 0.6666666666666666, 1.0), .UNSPECIFIED.);
#2520 = CARTESIAN_POINT('', (-29.249999899999978, 11.500000308425697, 13.0));
#2521 = CARTESIAN_POINT('', (-29.24999989999999, -4.3124993348669705, 13.0));
#2522 = CARTESIAN_POINT('', (-29.249999900000006, -10.40113068827931, 13.0));
#2523 = CARTESIAN_POINT('', (-29.249999900000006, -11.499999799999998, 13.0));
#2524 = PLANE('', #2525);
#2525 = AXIS2_PLACEMENT_3D('', #2526, #2527, #2528);
#2526 = CARTESIAN_POINT('', (30.750000000000085, 29.239590861319385, 13.0));
#2527 = DIRECTION('', (0.0, 0.0, 0.9999999999999999));
#2528 = DIRECTION('', (-1.0, 0.0, 0.0));
#2529 = PLANE('', #2530);
#2530 = AXIS2_PLACEMENT_3D('', #2531, #2532, #2533);
#2531 = CARTESIAN_POINT('', (-29.249999899999978, 11.500000308425697, 2.0000003));
#2532 = DIRECTION('', (-1.0, 1.2357264911E-15, 0.0));
#2533 = DIRECTION('', (-1.2357264911E-15, -1.0, 0.0));
#2534 = SURFACE_CURVE('', #2535, (#581, #591), .CURVE_3D.);
#2535 = LINE('', #2536, #2537);
#2536 = CARTESIAN_POINT('', (-30.749999999999943, 11.499999891574305, 13.0));
#2537 = VECTOR('', #2538, 22.999999891574305);
#2538 = DIRECTION('', (-2.4714530056E-15, -1.0, 0.0));
#2539 = SURFACE_CURVE('', #2540, (#581, #586), .CURVE_3D.);
#2540 = (
    BOUNDED_CURVE()
    B_SPLINE_CURVE(2, (#2541, #2542, #2543, #2544, #2545, #2546), .UNSPECIFIED., .U., .U.)
    B_SPLINE_CURVE_WITH_KNOTS((3, 1, 1, 1, 3), (0.0, 0.25, 0.5, 0.75, 1.0), .UNSPECIFIED.)
    CURVE()
    GEOMETRIC_REPRESENTATION_ITEM()
    RATIONAL_B_SPLINE_CURVE((1.0, 0.9267766707765097, 0.8535533415530194, 0.8535533415530194, 0.9267766707765097, 1.0))
    REPRESENTATION_ITEM('')
);
#2541 = CARTESIAN_POINT('', (-30.75, -11.5, 13.0));
#2542 = CARTESIAN_POINT('', (-30.750000234390416, -13.264378077954168, 13.0));
#2543 = CARTESIAN_POINT('', (-29.3953692782758, -16.686106909382744, 13.000000000000002));
#2544 = CARTESIAN_POINT('', (-26.686106816835622, -19.39536933906572, 13.000000000000002));
#2545 = CARTESIAN_POINT('', (-23.264377969528468, -20.750000255071782, 13.0));
#2546 = CARTESIAN_POINT('', (-21.49999989157429, -20.74999999999983, 13.0));
#2547 = SURFACE_CURVE('', #2548, (#586, #591), .CURVE_3D.);
#2548 = LINE('', #2549, #2550);
#2549 = CARTESIAN_POINT('', (-30.75, -11.5, 0.0));
#2550 = VECTOR('', #2551, 13.0);
#2551 = DIRECTION('', (0.0, 0.0, 1.0));
#2552 = CARTESIAN_POINT('', (-30.749999999999943, 11.499999891574305, 0.0));
#2553 = CARTESIAN_POINT('', (-30.75, -11.5, 0.0));
#2554 = CARTESIAN_POINT('', (-21.499999891574276, -20.7499999999998, 0.0));
#2555 = CARTESIAN_POINT('', (21.5, -20.75, 0.0));
#2556 = CARTESIAN_POINT('', (30.750000000000085, -11.499999891574419, 0.0));
#2557 = CARTESIAN_POINT('', (30.75, 19.989592000000002, 0.0));
#2558 = CARTESIAN_POINT('', (12.250000562528157, 20.0009185813619, 0.0));
#2559 = CARTESIAN_POINT('', (13.0, 20.75, 0.0));
#2560 = CARTESIAN_POINT('', (-21.5, 20.75, 0.0));
#2561 = CARTESIAN_POINT('', (-30.749999999999943, 11.499999891574305, 13.0));
#2562 = CARTESIAN_POINT('', (-21.5, 20.75, 13.0));
#2563 = CARTESIAN_POINT('', (13.0, 20.75, 13.0));
#2564 = CARTESIAN_POINT('', (12.250000562528157, 20.0009185813619, 13.0));
#2565 = CARTESIAN_POINT('', (30.75, 19.989592000000002, 13.0));
#2566 = CARTESIAN_POINT('', (30.750000000000085, -11.499999891574419, 13.0));
#2567 = CARTESIAN_POINT('', (21.5, -20.75, 13.0));
#2568 = CARTESIAN_POINT('', (-21.499999891574276, -20.7499999999998, 13.0));
#2569 = CARTESIAN_POINT('', (-2.999999900000006, -20.749999999999886, 9.3000003));
#2570 = CARTESIAN_POINT('', (3.000000099999994, -20.749999999999915, 9.3000003));
#2571 = CARTESIAN_POINT('', (4.300000100000005, -20.749999999999915, 8.0000003));
#2572 = CARTESIAN_POINT('', (3.000000099999994, -20.749999999999915, 6.7000003));
#2573 = CARTESIAN_POINT('', (-2.999999900000006, -20.749999999999886, 6.7000003));
#2574 = CARTESIAN_POINT('', (-4.299999900000003, -20.749999999999886, 8.0000003));
#2575 = CARTESIAN_POINT('', (-4.299999900000003, -19.249999799999884, 8.0000003));
#2576 = CARTESIAN_POINT('', (-2.999999900000006, -19.249999799999898, 9.3000003));
#2577 = CARTESIAN_POINT('', (-2.999999900000006, -19.249999799999898, 6.7000003));
#2578 = CARTESIAN_POINT('', (3.000000099999994, -19.249999799999912, 6.7000003));
#2579 = CARTESIAN_POINT('', (4.300000100000005, -19.249999799999927, 8.0000003));
#2580 = CARTESIAN_POINT('', (3.000000099999994, -19.249999799999912, 9.3000003));
#2581 = CARTESIAN_POINT('', (21.500000099999994, -19.249999799999998, 13.0));
#2582 = CARTESIAN_POINT('', (-21.50000000842573, -19.249999799999827, 13.0));
#2583 = CARTESIAN_POINT('', (-21.50000000842573, -19.249999799999813, 2.0000003));
#2584 = CARTESIAN_POINT('', (21.500000099999994, -19.249999799999998, 2.0000003));
#2585 = CARTESIAN_POINT('', (22.940815123276337, -19.11489016543949, 13.0));
#2586 = CARTESIAN_POINT('', (29.250000100000108, -11.499999908425579, 2.0000003));
#2587 = CARTESIAN_POINT('', (29.25000010000008, -11.499999908425565, 13.0));
#2588 = CARTESIAN_POINT('', (29.114890445281986, -12.94081492981168, 13.0));
#2589 = CARTESIAN_POINT('', (28.714271875366194, -14.33139315711, 12.999999999999998));
#2590 = CARTESIAN_POINT('', (27.181152435883888, -16.771338909474224, 13.0));
#2591 = CARTESIAN_POINT('', (26.102106813681445, -17.735632998357715, 13.0));
#2592 = CARTESIAN_POINT('', (29.250000099999994, 19.989592200000004, 13.0));
#2593 = CARTESIAN_POINT('', (29.250000099999994, 19.989592200000004, 2.0000003));
#2594 = CARTESIAN_POINT('', (16.2903949047394, 25.727411174015117, 13.0));
#2595 = CARTESIAN_POINT('', (17.71546900236015, 26.752717423341565, 13.0));
#2596 = CARTESIAN_POINT('', (18.237586904363496, 27.01947085444668, 13.0));
#2597 = CARTESIAN_POINT('', (19.05481102805436, 27.343745938848514, 12.999999999999998));
#2598 = CARTESIAN_POINT('', (27.134984894516748, 25.310253085642103, 13.0));
#2599 = CARTESIAN_POINT('', (29.227821555170777, 20.575486907902345, 13.000000000000002));
#2600 = CARTESIAN_POINT('', (13.749999537472092, 19.9990816186381, 2.0000003));
#2601 = CARTESIAN_POINT('', (13.749999537472064, 19.9990816186381, 13.0));
#2602 = CARTESIAN_POINT('', (13.772895485974459, 20.58494908177572, 13.0));
#2603 = CARTESIAN_POINT('', (14.022713410254454, 22.027426901661542, 13.0));
#2604 = CARTESIAN_POINT('', (14.301643018641954, 22.86121816587034, 13.0));
#2605 = CARTESIAN_POINT('', (14.415419094375608, 23.131453146433458, 13.0));
#2606 = CARTESIAN_POINT('', (14.970085421886466, 24.163653009337622, 13.0));
#2607 = CARTESIAN_POINT('', (13.000000099999994, 19.250000200000002, 2.0000003));
#2608 = CARTESIAN_POINT('', (13.000000099999994, 19.250000200000002, 13.0));
#2609 = CARTESIAN_POINT('', (-21.499999900000006, 19.250000200000002, 2.0000003));
#2610 = CARTESIAN_POINT('', (-21.499999900000006, 19.250000200000002, 13.0));
#2611 = CARTESIAN_POINT('', (-27.735633033972732, 16.102107000920782, 13.0));
#2612 = CARTESIAN_POINT('', (-27.374280973517827, 16.555228150649185, 13.0));
#2613 = CARTESIAN_POINT('', (-24.862598913360813, 18.48250936238621, 13.0));
#2614 = CARTESIAN_POINT('', (-29.249999899999978, 11.500000308425697, 2.0000003));
#2615 = CARTESIAN_POINT('', (-29.249999899999978, 11.500000308425697, 13.0));
#2616 = CARTESIAN_POINT('', (-29.249999900000006, -11.499999799999998, 2.0000003));
#2617 = CARTESIAN_POINT('', (-24.059662870751907, -18.81509588262746, 13.0));
#2618 = CARTESIAN_POINT('', (-25.37500037123, -18.211696922872207, 13.0));
#2619 = CARTESIAN_POINT('', (-28.482509062386256, -14.862598813360805, 13.0));
#2620 = CARTESIAN_POINT('', (-29.055691484498084, -13.224536952487114, 13.0));
#2621 = CARTESIAN_POINT('', (-29.249999900000006, -11.499999799999998, 13.0));
#2622 = CARTESIAN_POINT('', (-30.75, -11.5, 13.0));
#2623 = MANIFOLD_SOLID_BREP('', #2624);
#2624 = CLOSED_SHELL('', (#2625, #2723, #2730, #2748, #2755, #2776, #2783, #2826, #2833, #2840, #2861, #2921, #2928, #2943, #2955, #2962, #2969, #2989, #2996, #3011, #3018, #3033, #3040, #3047, #3054, #3061, #3068, #3075, #3082, #3089, #3096));
#2625 = ADVANCED_FACE('', (#2626, #2637), #3467, .F.);
#2626 = FACE_BOUND('', #2627, .F.);
#2627 = EDGE_LOOP('', (#2628, #2629, #2630, #2631, #2632, #2633, #2634, #2635, #2636));
#2628 = ORIENTED_EDGE('', *, *, #3108, .T.);
#2629 = ORIENTED_EDGE('', *, *, #3109, .T.);
#2630 = ORIENTED_EDGE('', *, *, #3110, .T.);
#2631 = ORIENTED_EDGE('', *, *, #3111, .T.);
#2632 = ORIENTED_EDGE('', *, *, #3112, .T.);
#2633 = ORIENTED_EDGE('', *, *, #3113, .T.);
#2634 = ORIENTED_EDGE('', *, *, #3114, .T.);
#2635 = ORIENTED_EDGE('', *, *, #3115, .T.);
#2636 = ORIENTED_EDGE('', *, *, #3116, .T.);
#2637 = FACE_BOUND('', #2638, .F.);
#2638 = EDGE_LOOP('', (#2639, #2640, #2641, #2642, #2643, #2644, #2645, #2646, #2647, #2648, #2649, #2650, #2651, #2652, #2653, #2654, #2655, #2656, #2657, #2658, #2659, #2660, #2661, #2662, #2663, #2664, #2665, #2666, #2667, #2668, #2669, #2670, #2671, #2672, #2673, #2674, #2675, #2676, #2677, #2678, #2679, #2680, #2681, #2682, #2683, #2684, #2685, #2686, #2687, #2688, #2689, #2690, #2691, #2692, #2693, #2694, #2695, #2696, #2697, #2698, #2699, #2700, #2701, #2702, #2703, #2704, #2705, #2706, #2707, #2708, #2709, #2710, #2711, #2712, #2713, #2714, #2715, #2716, #2717, #2718, #2719, #2720, #2721, #2722));
#2639 = ORIENTED_EDGE('', *, *, #3117, .T.);
#2640 = ORIENTED_EDGE('', *, *, #3118, .F.);
#2641 = ORIENTED_EDGE('', *, *, #3119, .F.);
#2642 = ORIENTED_EDGE('', *, *, #3120, .F.);
#2643 = ORIENTED_EDGE('', *, *, #3121, .F.);
#2644 = ORIENTED_EDGE('', *, *, #3122, .T.);
#2645 = ORIENTED_EDGE('', *, *, #3123, .F.);
#2646 = ORIENTED_EDGE('', *, *, #3124, .T.);
#2647 = ORIENTED_EDGE('', *, *, #3125, .F.);
#2648 = ORIENTED_EDGE('', *, *, #3126, .T.);
#2649 = ORIENTED_EDGE('', *, *, #3127, .F.);
#2650 = ORIENTED_EDGE('', *, *, #3128, .T.);
#2651 = ORIENTED_EDGE('', *, *, #3129, .T.);
#2652 = ORIENTED_EDGE('', *, *, #3130, .T.);
#2653 = ORIENTED_EDGE('', *, *, #3131, .T.);
#2654 = ORIENTED_EDGE('', *, *, #3132, .F.);
#2655 = ORIENTED_EDGE('', *, *, #3133, .T.);
#2656 = ORIENTED_EDGE('', *, *, #3134, .T.);
#2657 = ORIENTED_EDGE('', *, *, #3135, .T.);
#2658 = ORIENTED_EDGE('', *, *, #3136, .F.);
#2659 = ORIENTED_EDGE('', *, *, #3137, .T.);
#2660 = ORIENTED_EDGE('', *, *, #3138, .F.);
#2661 = ORIENTED_EDGE('', *, *, #3139, .F.);
#2662 = ORIENTED_EDGE('', *, *, #3140, .F.);
#2663 = ORIENTED_EDGE('', *, *, #3141, .F.);
#2664 = ORIENTED_EDGE('', *, *, #3142, .F.);
#2665 = ORIENTED_EDGE('', *, *, #3143, .T.);
#2666 = ORIENTED_EDGE('', *, *, #3144, .F.);
#2667 = ORIENTED_EDGE('', *, *, #3145, .F.);
#2668 = ORIENTED_EDGE('', *, *, #3146, .T.);
#2669 = ORIENTED_EDGE('', *, *, #3147, .F.);
#2670 = ORIENTED_EDGE('', *, *, #3148, .F.);
#2671 = ORIENTED_EDGE('', *, *, #3149, .F.);
#2672 = ORIENTED_EDGE('', *, *, #3150, .T.);
#2673 = ORIENTED_EDGE('', *, *, #3151, .T.);
#2674 = ORIENTED_EDGE('', *, *, #3152, .T.);
#2675 = ORIENTED_EDGE('', *, *, #3153, .T.);
#2676 = ORIENTED_EDGE('', *, *, #3154, .T.);
#2677 = ORIENTED_EDGE('', *, *, #3155, .F.);
#2678 = ORIENTED_EDGE('', *, *, #3156, .F.);
#2679 = ORIENTED_EDGE('', *, *, #3157, .F.);
#2680 = ORIENTED_EDGE('', *, *, #3158, .T.);
#2681 = ORIENTED_EDGE('', *, *, #3159, .T.);
#2682 = ORIENTED_EDGE('', *, *, #3160, .F.);
#2683 = ORIENTED_EDGE('', *, *, #3161, .F.);
#2684 = ORIENTED_EDGE('', *, *, #3162, .F.);
#2685 = ORIENTED_EDGE('', *, *, #3163, .T.);
#2686 = ORIENTED_EDGE('', *, *, #3164, .F.);
#2687 = ORIENTED_EDGE('', *, *, #3165, .F.);
#2688 = ORIENTED_EDGE('', *, *, #3166, .F.);
#2689 = ORIENTED_EDGE('', *, *, #3167, .T.);
#2690 = ORIENTED_EDGE('', *, *, #3168, .F.);
#2691 = ORIENTED_EDGE('', *, *, #3169, .F.);
#2692 = ORIENTED_EDGE('', *, *, #3170, .T.);
#2693 = ORIENTED_EDGE('', *, *, #3171, .F.);
#2694 = ORIENTED_EDGE('', *, *, #3172, .T.);
#2695 = ORIENTED_EDGE('', *, *, #3173, .F.);
#2696 = ORIENTED_EDGE('', *, *, #3174, .T.);
#2697 = ORIENTED_EDGE('', *, *, #3175, .F.);
#2698 = ORIENTED_EDGE('', *, *, #3176, .F.);
#2699 = ORIENTED_EDGE('', *, *, #3177, .F.);
#2700 = ORIENTED_EDGE('', *, *, #3178, .T.);
#2701 = ORIENTED_EDGE('', *, *, #3179, .F.);
#2702 = ORIENTED_EDGE('', *, *, #3180, .T.);
#2703 = ORIENTED_EDGE('', *, *, #3181, .T.);
#2704 = ORIENTED_EDGE('', *, *, #3182, .F.);
#2705 = ORIENTED_EDGE('', *, *, #3183, .T.);
#2706 = ORIENTED_EDGE('', *, *, #3184, .T.);
#2707 = ORIENTED_EDGE('', *, *, #3185, .F.);
#2708 = ORIENTED_EDGE('', *, *, #3186, .T.);
#2709 = ORIENTED_EDGE('', *, *, #3187, .T.);
#2710 = ORIENTED_EDGE('', *, *, #3188, .T.);
#2711 = ORIENTED_EDGE('', *, *, #3189, .F.);
#2712 = ORIENTED_EDGE('', *, *, #3190, .F.);
#2713 = ORIENTED_EDGE('', *, *, #3191, .F.);
#2714 = ORIENTED_EDGE('', *, *, #3192, .F.);
#2715 = ORIENTED_EDGE('', *, *, #3193, .F.);
#2716 = ORIENTED_EDGE('', *, *, #3194, .F.);
#2717 = ORIENTED_EDGE('', *, *, #3195, .F.);
#2718 = ORIENTED_EDGE('', *, *, #3196, .T.);
#2719 = ORIENTED_EDGE('', *, *, #3197, .F.);
#2720 = ORIENTED_EDGE('', *, *, #3198, .F.);
#2721 = ORIENTED_EDGE('', *, *, #3199, .T.);
#2722 = ORIENTED_EDGE('', *, *, #3200, .F.);
#2723 = ADVANCED_FACE('', (#2724), #3472, .T.);
#2724 = FACE_BOUND('', #2725, .T.);
#2725 = EDGE_LOOP('', (#2726, #2727, #2728, #2729));
#2726 = ORIENTED_EDGE('', *, *, #3201, .F.);
#2727 = ORIENTED_EDGE('', *, *, #3202, .T.);
#2728 = ORIENTED_EDGE('', *, *, #3203, .T.);
#2729 = ORIENTED_EDGE('', *, *, #3193, .F.);
#2730 = ADVANCED_FACE('', (#2731), #3477, .T.);
#2731 = FACE_BOUND('', #2732, .T.);
#2732 = EDGE_LOOP('', (#2733, #2734, #2735, #2736, #2737, #2738, #2739, #2740, #2741, #2742, #2743, #2744, #2745, #2746, #2747));
#2733 = ORIENTED_EDGE('', *, *, #3187, .T.);
#2734 = ORIENTED_EDGE('', *, *, #3188, .T.);
#2735 = ORIENTED_EDGE('', *, *, #3189, .F.);
#2736 = ORIENTED_EDGE('', *, *, #3190, .F.);
#2737 = ORIENTED_EDGE('', *, *, #3191, .F.);
#2738 = ORIENTED_EDGE('', *, *, #3192, .F.);
#2739 = ORIENTED_EDGE('', *, *, #3203, .F.);
#2740 = ORIENTED_EDGE('', *, *, #3204, .T.);
#2741 = ORIENTED_EDGE('', *, *, #3205, .T.);
#2742 = ORIENTED_EDGE('', *, *, #3181, .T.);
#2743 = ORIENTED_EDGE('', *, *, #3182, .F.);
#2744 = ORIENTED_EDGE('', *, *, #3183, .T.);
#2745 = ORIENTED_EDGE('', *, *, #3184, .T.);
#2746 = ORIENTED_EDGE('', *, *, #3185, .F.);
#2747 = ORIENTED_EDGE('', *, *, #3186, .T.);
#2748 = ADVANCED_FACE('', (#2749), #3482, .T.);
#2749 = FACE_BOUND('', #2750, .T.);
#2750 = EDGE_LOOP('', (#2751, #2752, #2753, #2754));
#2751 = ORIENTED_EDGE('', *, *, #3180, .T.);
#2752 = ORIENTED_EDGE('', *, *, #3205, .F.);
#2753 = ORIENTED_EDGE('', *, *, #3206, .T.);
#2754 = ORIENTED_EDGE('', *, *, #3207, .T.);
#2755 = ADVANCED_FACE('', (#2756), #3487, .T.);
#2756 = FACE_BOUND('', #2757, .T.);
#2757 = EDGE_LOOP('', (#2758, #2759, #2760, #2761, #2762, #2763, #2764, #2765, #2766, #2767, #2768, #2769, #2770, #2771, #2772, #2773, #2774, #2775));
#2758 = ORIENTED_EDGE('', *, *, #3177, .F.);
#2759 = ORIENTED_EDGE('', *, *, #3178, .T.);
#2760 = ORIENTED_EDGE('', *, *, #3179, .F.);
#2761 = ORIENTED_EDGE('', *, *, #3207, .F.);
#2762 = ORIENTED_EDGE('', *, *, #3208, .T.);
#2763 = ORIENTED_EDGE('', *, *, #3209, .T.);
#2764 = ORIENTED_EDGE('', *, *, #3165, .F.);
#2765 = ORIENTED_EDGE('', *, *, #3166, .F.);
#2766 = ORIENTED_EDGE('', *, *, #3167, .T.);
#2767 = ORIENTED_EDGE('', *, *, #3168, .F.);
#2768 = ORIENTED_EDGE('', *, *, #3169, .F.);
#2769 = ORIENTED_EDGE('', *, *, #3170, .T.);
#2770 = ORIENTED_EDGE('', *, *, #3171, .F.);
#2771 = ORIENTED_EDGE('', *, *, #3172, .T.);
#2772 = ORIENTED_EDGE('', *, *, #3173, .F.);
#2773 = ORIENTED_EDGE('', *, *, #3174, .T.);
#2774 = ORIENTED_EDGE('', *, *, #3175, .F.);
#2775 = ORIENTED_EDGE('', *, *, #3176, .F.);
#2776 = ADVANCED_FACE('', (#2777), #3492, .T.);
#2777 = FACE_BOUND('', #2778, .T.);
#2778 = EDGE_LOOP('', (#2779, #2780, #2781, #2782));
#2779 = ORIENTED_EDGE('', *, *, #3209, .F.);
#2780 = ORIENTED_EDGE('', *, *, #3210, .T.);
#2781 = ORIENTED_EDGE('', *, *, #3211, .T.);
#2782 = ORIENTED_EDGE('', *, *, #3164, .F.);
#2783 = ADVANCED_FACE('', (#2784), #3497, .T.);
#2784 = FACE_BOUND('', #2785, .T.);
#2785 = EDGE_LOOP('', (#2786, #2787, #2788, #2789, #2790, #2791, #2792, #2793, #2794, #2795, #2796, #2797, #2798, #2799, #2800, #2801, #2802, #2803, #2804, #2805, #2806, #2807, #2808, #2809, #2810, #2811, #2812, #2813, #2814, #2815, #2816, #2817, #2818, #2819, #2820, #2821, #2822, #2823, #2824, #2825));
#2786 = ORIENTED_EDGE('', *, *, #3129, .T.);
#2787 = ORIENTED_EDGE('', *, *, #3130, .T.);
#2788 = ORIENTED_EDGE('', *, *, #3131, .T.);
#2789 = ORIENTED_EDGE('', *, *, #3132, .F.);
#2790 = ORIENTED_EDGE('', *, *, #3133, .T.);
#2791 = ORIENTED_EDGE('', *, *, #3134, .T.);
#2792 = ORIENTED_EDGE('', *, *, #3135, .T.);
#2793 = ORIENTED_EDGE('', *, *, #3136, .F.);
#2794 = ORIENTED_EDGE('', *, *, #3137, .T.);
#2795 = ORIENTED_EDGE('', *, *, #3138, .F.);
#2796 = ORIENTED_EDGE('', *, *, #3139, .F.);
#2797 = ORIENTED_EDGE('', *, *, #3140, .F.);
#2798 = ORIENTED_EDGE('', *, *, #3141, .F.);
#2799 = ORIENTED_EDGE('', *, *, #3142, .F.);
#2800 = ORIENTED_EDGE('', *, *, #3143, .T.);
#2801 = ORIENTED_EDGE('', *, *, #3144, .F.);
#2802 = ORIENTED_EDGE('', *, *, #3145, .F.);
#2803 = ORIENTED_EDGE('', *, *, #3146, .T.);
#2804 = ORIENTED_EDGE('', *, *, #3147, .F.);
#2805 = ORIENTED_EDGE('', *, *, #3148, .F.);
#2806 = ORIENTED_EDGE('', *, *, #3149, .F.);
#2807 = ORIENTED_EDGE('', *, *, #3150, .T.);
#2808 = ORIENTED_EDGE('', *, *, #3151, .T.);
#2809 = ORIENTED_EDGE('', *, *, #3152, .T.);
#2810 = ORIENTED_EDGE('', *, *, #3153, .T.);
#2811 = ORIENTED_EDGE('', *, *, #3154, .T.);
#2812 = ORIENTED_EDGE('', *, *, #3155, .F.);
#2813 = ORIENTED_EDGE('', *, *, #3156, .F.);
#2814 = ORIENTED_EDGE('', *, *, #3157, .F.);
#2815 = ORIENTED_EDGE('', *, *, #3158, .T.);
#2816 = ORIENTED_EDGE('', *, *, #3159, .T.);
#2817 = ORIENTED_EDGE('', *, *, #3160, .F.);
#2818 = ORIENTED_EDGE('', *, *, #3161, .F.);
#2819 = ORIENTED_EDGE('', *, *, #3162, .F.);
#2820 = ORIENTED_EDGE('', *, *, #3163, .T.);
#2821 = ORIENTED_EDGE('', *, *, #3211, .F.);
#2822 = ORIENTED_EDGE('', *, *, #3212, .T.);
#2823 = ORIENTED_EDGE('', *, *, #3213, .T.);
#2824 = ORIENTED_EDGE('', *, *, #3127, .F.);
#2825 = ORIENTED_EDGE('', *, *, #3128, .T.);
#2826 = ADVANCED_FACE('', (#2827), #3502, .T.);
#2827 = FACE_BOUND('', #2828, .T.);
#2828 = EDGE_LOOP('', (#2829, #2830, #2831, #2832));
#2829 = ORIENTED_EDGE('', *, *, #3126, .T.);
#2830 = ORIENTED_EDGE('', *, *, #3213, .F.);
#2831 = ORIENTED_EDGE('', *, *, #3214, .T.);
#2832 = ORIENTED_EDGE('', *, *, #3215, .T.);
#2833 = ADVANCED_FACE('', (#2834), #3507, .T.);
#2834 = FACE_BOUND('', #2835, .T.);
#2835 = EDGE_LOOP('', (#2836, #2837, #2838, #2839));
#2836 = ORIENTED_EDGE('', *, *, #3215, .F.);
#2837 = ORIENTED_EDGE('', *, *, #3216, .T.);
#2838 = ORIENTED_EDGE('', *, *, #3217, .T.);
#2839 = ORIENTED_EDGE('', *, *, #3125, .F.);
#2840 = ADVANCED_FACE('', (#2841), #3512, .T.);
#2841 = FACE_BOUND('', #2842, .T.);
#2842 = EDGE_LOOP('', (#2843, #2844, #2845, #2846, #2847, #2848, #2849, #2850, #2851, #2852, #2853, #2854, #2855, #2856, #2857, #2858, #2859, #2860));
#2843 = ORIENTED_EDGE('', *, *, #3117, .T.);
#2844 = ORIENTED_EDGE('', *, *, #3118, .F.);
#2845 = ORIENTED_EDGE('', *, *, #3119, .F.);
#2846 = ORIENTED_EDGE('', *, *, #3120, .F.);
#2847 = ORIENTED_EDGE('', *, *, #3121, .F.);
#2848 = ORIENTED_EDGE('', *, *, #3122, .T.);
#2849 = ORIENTED_EDGE('', *, *, #3123, .F.);
#2850 = ORIENTED_EDGE('', *, *, #3124, .T.);
#2851 = ORIENTED_EDGE('', *, *, #3217, .F.);
#2852 = ORIENTED_EDGE('', *, *, #3218, .T.);
#2853 = ORIENTED_EDGE('', *, *, #3201, .T.);
#2854 = ORIENTED_EDGE('', *, *, #3194, .F.);
#2855 = ORIENTED_EDGE('', *, *, #3195, .F.);
#2856 = ORIENTED_EDGE('', *, *, #3196, .T.);
#2857 = ORIENTED_EDGE('', *, *, #3197, .F.);
#2858 = ORIENTED_EDGE('', *, *, #3198, .F.);
#2859 = ORIENTED_EDGE('', *, *, #3199, .T.);
#2860 = ORIENTED_EDGE('', *, *, #3200, .F.);
#2861 = ADVANCED_FACE('', (#2862, #2873), #3517, .F.);
#2862 = FACE_BOUND('', #2863, .F.);
#2863 = EDGE_LOOP('', (#2864, #2865, #2866, #2867, #2868, #2869, #2870, #2871, #2872));
#2864 = ORIENTED_EDGE('', *, *, #3202, .T.);
#2865 = ORIENTED_EDGE('', *, *, #3204, .T.);
#2866 = ORIENTED_EDGE('', *, *, #3206, .T.);
#2867 = ORIENTED_EDGE('', *, *, #3208, .T.);
#2868 = ORIENTED_EDGE('', *, *, #3210, .T.);
#2869 = ORIENTED_EDGE('', *, *, #3212, .T.);
#2870 = ORIENTED_EDGE('', *, *, #3214, .T.);
#2871 = ORIENTED_EDGE('', *, *, #3216, .T.);
#2872 = ORIENTED_EDGE('', *, *, #3218, .T.);
#2873 = FACE_BOUND('', #2874, .F.);
#2874 = EDGE_LOOP('', (#2875, #2876, #2877, #2878, #2879, #2880, #2881, #2882, #2883, #2884, #2885, #2886, #2887, #2888, #2889, #2890, #2891, #2892, #2893, #2894, #2895, #2896, #2897, #2898, #2899, #2900, #2901, #2902, #2903, #2904, #2905, #2906, #2907, #2908, #2909, #2910, #2911, #2912, #2913, #2914, #2915, #2916, #2917, #2918, #2919, #2920));
#2875 = ORIENTED_EDGE('', *, *, #3219, .T.);
#2876 = ORIENTED_EDGE('', *, *, #3220, .F.);
#2877 = ORIENTED_EDGE('', *, *, #3221, .F.);
#2878 = ORIENTED_EDGE('', *, *, #3222, .F.);
#2879 = ORIENTED_EDGE('', *, *, #3223, .T.);
#2880 = ORIENTED_EDGE('', *, *, #3224, .T.);
#2881 = ORIENTED_EDGE('', *, *, #3225, .F.);
#2882 = ORIENTED_EDGE('', *, *, #3226, .F.);
#2883 = ORIENTED_EDGE('', *, *, #3227, .T.);
#2884 = ORIENTED_EDGE('', *, *, #3228, .F.);
#2885 = ORIENTED_EDGE('', *, *, #3229, .F.);
#2886 = ORIENTED_EDGE('', *, *, #3230, .F.);
#2887 = ORIENTED_EDGE('', *, *, #3231, .T.);
#2888 = ORIENTED_EDGE('', *, *, #3232, .F.);
#2889 = ORIENTED_EDGE('', *, *, #3233, .F.);
#2890 = ORIENTED_EDGE('', *, *, #3234, .F.);
#2891 = ORIENTED_EDGE('', *, *, #3235, .F.);
#2892 = ORIENTED_EDGE('', *, *, #3236, .F.);
#2893 = ORIENTED_EDGE('', *, *, #3237, .T.);
#2894 = ORIENTED_EDGE('', *, *, #3238, .F.);
#2895 = ORIENTED_EDGE('', *, *, #3239, .T.);
#2896 = ORIENTED_EDGE('', *, *, #3240, .F.);
#2897 = ORIENTED_EDGE('', *, *, #3241, .F.);
#2898 = ORIENTED_EDGE('', *, *, #3242, .T.);
#2899 = ORIENTED_EDGE('', *, *, #3243, .F.);
#2900 = ORIENTED_EDGE('', *, *, #3244, .T.);
#2901 = ORIENTED_EDGE('', *, *, #3245, .T.);
#2902 = ORIENTED_EDGE('', *, *, #3246, .F.);
#2903 = ORIENTED_EDGE('', *, *, #3247, .T.);
#2904 = ORIENTED_EDGE('', *, *, #3248, .T.);
#2905 = ORIENTED_EDGE('', *, *, #3249, .F.);
#2906 = ORIENTED_EDGE('', *, *, #3250, .F.);
#2907 = ORIENTED_EDGE('', *, *, #3251, .F.);
#2908 = ORIENTED_EDGE('', *, *, #3252, .T.);
#2909 = ORIENTED_EDGE('', *, *, #3253, .F.);
#2910 = ORIENTED_EDGE('', *, *, #3254, .T.);
#2911 = ORIENTED_EDGE('', *, *, #3255, .T.);
#2912 = ORIENTED_EDGE('', *, *, #3256, .T.);
#2913 = ORIENTED_EDGE('', *, *, #3257, .T.);
#2914 = ORIENTED_EDGE('', *, *, #3258, .T.);
#2915 = ORIENTED_EDGE('', *, *, #3259, .T.);
#2916 = ORIENTED_EDGE('', *, *, #3260, .T.);
#2917 = ORIENTED_EDGE('', *, *, #3261, .F.);
#2918 = ORIENTED_EDGE('', *, *, #3262, .F.);
#2919 = ORIENTED_EDGE('', *, *, #3263, .T.);
#2920 = ORIENTED_EDGE('', *, *, #3264, .F.);
#2921 = ADVANCED_FACE('', (#2922), #3522, .F.);
#2922 = FACE_BOUND('', #2923, .F.);
#2923 = EDGE_LOOP('', (#2924, #2925, #2926, #2927));
#2924 = ORIENTED_EDGE('', *, *, #3265, .T.);
#2925 = ORIENTED_EDGE('', *, *, #3266, .F.);
#2926 = ORIENTED_EDGE('', *, *, #3267, .F.);
#2927 = ORIENTED_EDGE('', *, *, #3260, .F.);
#2928 = ADVANCED_FACE('', (#2929), #3527, .F.);
#2929 = FACE_BOUND('', #2930, .F.);
#2930 = EDGE_LOOP('', (#2931, #2932, #2933, #2934, #2935, #2936, #2937, #2938, #2939, #2940, #2941, #2942));
#2931 = ORIENTED_EDGE('', *, *, #3264, .T.);
#2932 = ORIENTED_EDGE('', *, *, #3263, .F.);
#2933 = ORIENTED_EDGE('', *, *, #3262, .T.);
#2934 = ORIENTED_EDGE('', *, *, #3261, .T.);
#2935 = ORIENTED_EDGE('', *, *, #3267, .T.);
#2936 = ORIENTED_EDGE('', *, *, #3268, .F.);
#2937 = ORIENTED_EDGE('', *, *, #3269, .F.);
#2938 = ORIENTED_EDGE('', *, *, #3223, .F.);
#2939 = ORIENTED_EDGE('', *, *, #3222, .T.);
#2940 = ORIENTED_EDGE('', *, *, #3221, .T.);
#2941 = ORIENTED_EDGE('', *, *, #3220, .T.);
#2942 = ORIENTED_EDGE('', *, *, #3219, .F.);
#2943 = ADVANCED_FACE('', (#2944), #3532, .F.);
#2944 = FACE_BOUND('', #2945, .F.);
#2945 = EDGE_LOOP('', (#2946, #2947, #2948, #2949, #2950, #2951, #2952, #2953, #2954));
#2946 = ORIENTED_EDGE('', *, *, #3266, .T.);
#2947 = ORIENTED_EDGE('', *, *, #3270, .T.);
#2948 = ORIENTED_EDGE('', *, *, #3271, .T.);
#2949 = ORIENTED_EDGE('', *, *, #3272, .T.);
#2950 = ORIENTED_EDGE('', *, *, #3273, .T.);
#2951 = ORIENTED_EDGE('', *, *, #3274, .T.);
#2952 = ORIENTED_EDGE('', *, *, #3275, .T.);
#2953 = ORIENTED_EDGE('', *, *, #3276, .T.);
#2954 = ORIENTED_EDGE('', *, *, #3268, .T.);
#2955 = ADVANCED_FACE('', (#2956), #3537, .F.);
#2956 = FACE_BOUND('', #2957, .F.);
#2957 = EDGE_LOOP('', (#2958, #2959, #2960, #2961));
#2958 = ORIENTED_EDGE('', *, *, #3269, .T.);
#2959 = ORIENTED_EDGE('', *, *, #3276, .F.);
#2960 = ORIENTED_EDGE('', *, *, #3277, .F.);
#2961 = ORIENTED_EDGE('', *, *, #3224, .F.);
#2962 = ADVANCED_FACE('', (#2963), #3542, .F.);
#2963 = FACE_BOUND('', #2964, .F.);
#2964 = EDGE_LOOP('', (#2965, #2966, #2967, #2968));
#2965 = ORIENTED_EDGE('', *, *, #3225, .T.);
#2966 = ORIENTED_EDGE('', *, *, #3277, .T.);
#2967 = ORIENTED_EDGE('', *, *, #3275, .F.);
#2968 = ORIENTED_EDGE('', *, *, #3278, .F.);
#2969 = ADVANCED_FACE('', (#2970), #3547, .F.);
#2970 = FACE_BOUND('', #2971, .F.);
#2971 = EDGE_LOOP('', (#2972, #2973, #2974, #2975, #2976, #2977, #2978, #2979, #2980, #2981, #2982, #2983, #2984, #2985, #2986, #2987, #2988));
#2972 = ORIENTED_EDGE('', *, *, #3238, .T.);
#2973 = ORIENTED_EDGE('', *, *, #3237, .F.);
#2974 = ORIENTED_EDGE('', *, *, #3236, .T.);
#2975 = ORIENTED_EDGE('', *, *, #3235, .T.);
#2976 = ORIENTED_EDGE('', *, *, #3234, .T.);
#2977 = ORIENTED_EDGE('', *, *, #3233, .T.);
#2978 = ORIENTED_EDGE('', *, *, #3232, .T.);
#2979 = ORIENTED_EDGE('', *, *, #3231, .F.);
#2980 = ORIENTED_EDGE('', *, *, #3230, .T.);
#2981 = ORIENTED_EDGE('', *, *, #3229, .T.);
#2982 = ORIENTED_EDGE('', *, *, #3228, .T.);
#2983 = ORIENTED_EDGE('', *, *, #3227, .F.);
#2984 = ORIENTED_EDGE('', *, *, #3226, .T.);
#2985 = ORIENTED_EDGE('', *, *, #3278, .T.);
#2986 = ORIENTED_EDGE('', *, *, #3274, .F.);
#2987 = ORIENTED_EDGE('', *, *, #3279, .F.);
#2988 = ORIENTED_EDGE('', *, *, #3239, .F.);
#2989 = ADVANCED_FACE('', (#2990), #3552, .F.);
#2990 = FACE_BOUND('', #2991, .F.);
#2991 = EDGE_LOOP('', (#2992, #2993, #2994, #2995));
#2992 = ORIENTED_EDGE('', *, *, #3240, .T.);
#2993 = ORIENTED_EDGE('', *, *, #3279, .T.);
#2994 = ORIENTED_EDGE('', *, *, #3273, .F.);
#2995 = ORIENTED_EDGE('', *, *, #3280, .F.);
#2996 = ADVANCED_FACE('', (#2997), #3557, .F.);
#2997 = FACE_BOUND('', #2998, .F.);
#2998 = EDGE_LOOP('', (#2999, #3000, #3001, #3002, #3003, #3004, #3005, #3006, #3007, #3008, #3009, #3010));
#2999 = ORIENTED_EDGE('', *, *, #3247, .F.);
#3000 = ORIENTED_EDGE('', *, *, #3246, .T.);
#3001 = ORIENTED_EDGE('', *, *, #3245, .F.);
#3002 = ORIENTED_EDGE('', *, *, #3244, .F.);
#3003 = ORIENTED_EDGE('', *, *, #3243, .T.);
#3004 = ORIENTED_EDGE('', *, *, #3242, .F.);
#3005 = ORIENTED_EDGE('', *, *, #3241, .T.);
#3006 = ORIENTED_EDGE('', *, *, #3280, .T.);
#3007 = ORIENTED_EDGE('', *, *, #3272, .F.);
#3008 = ORIENTED_EDGE('', *, *, #3281, .F.);
#3009 = ORIENTED_EDGE('', *, *, #3249, .T.);
#3010 = ORIENTED_EDGE('', *, *, #3248, .F.);
#3011 = ADVANCED_FACE('', (#3012), #3562, .F.);
#3012 = FACE_BOUND('', #3013, .F.);
#3013 = EDGE_LOOP('', (#3014, #3015, #3016, #3017));
#3014 = ORIENTED_EDGE('', *, *, #3250, .T.);
#3015 = ORIENTED_EDGE('', *, *, #3281, .T.);
#3016 = ORIENTED_EDGE('', *, *, #3271, .F.);
#3017 = ORIENTED_EDGE('', *, *, #3282, .F.);
#3018 = ADVANCED_FACE('', (#3019), #3567, .F.);
#3019 = FACE_BOUND('', #3020, .F.);
#3020 = EDGE_LOOP('', (#3021, #3022, #3023, #3024, #3025, #3026, #3027, #3028, #3029, #3030, #3031, #3032));
#3021 = ORIENTED_EDGE('', *, *, #3258, .F.);
#3022 = ORIENTED_EDGE('', *, *, #3257, .F.);
#3023 = ORIENTED_EDGE('', *, *, #3256, .F.);
#3024 = ORIENTED_EDGE('', *, *, #3255, .F.);
#3025 = ORIENTED_EDGE('', *, *, #3254, .F.);
#3026 = ORIENTED_EDGE('', *, *, #3253, .T.);
#3027 = ORIENTED_EDGE('', *, *, #3252, .F.);
#3028 = ORIENTED_EDGE('', *, *, #3251, .T.);
#3029 = ORIENTED_EDGE('', *, *, #3282, .T.);
#3030 = ORIENTED_EDGE('', *, *, #3270, .F.);
#3031 = ORIENTED_EDGE('', *, *, #3265, .F.);
#3032 = ORIENTED_EDGE('', *, *, #3259, .F.);
#3033 = ADVANCED_FACE('', (#3034), #3572, .T.);
#3034 = FACE_BOUND('', #3035, .T.);
#3035 = EDGE_LOOP('', (#3036, #3037, #3038, #3039));
#3036 = ORIENTED_EDGE('', *, *, #3116, .T.);
#3037 = ORIENTED_EDGE('', *, *, #3283, .T.);
#3038 = ORIENTED_EDGE('', *, *, #3284, .F.);
#3039 = ORIENTED_EDGE('', *, *, #3285, .F.);
#3040 = ADVANCED_FACE('', (#3041), #3577, .T.);
#3041 = FACE_BOUND('', #3042, .T.);
#3042 = EDGE_LOOP('', (#3043, #3044, #3045, #3046));
#3043 = ORIENTED_EDGE('', *, *, #3115, .T.);
#3044 = ORIENTED_EDGE('', *, *, #3285, .T.);
#3045 = ORIENTED_EDGE('', *, *, #3286, .F.);
#3046 = ORIENTED_EDGE('', *, *, #3287, .F.);
#3047 = ADVANCED_FACE('', (#3048), #3582, .T.);
#3048 = FACE_BOUND('', #3049, .T.);
#3049 = EDGE_LOOP('', (#3050, #3051, #3052, #3053));
#3050 = ORIENTED_EDGE('', *, *, #3114, .T.);
#3051 = ORIENTED_EDGE('', *, *, #3287, .T.);
#3052 = ORIENTED_EDGE('', *, *, #3288, .F.);
#3053 = ORIENTED_EDGE('', *, *, #3289, .F.);
#3054 = ADVANCED_FACE('', (#3055), #3587, .T.);
#3055 = FACE_BOUND('', #3056, .T.);
#3056 = EDGE_LOOP('', (#3057, #3058, #3059, #3060));
#3057 = ORIENTED_EDGE('', *, *, #3113, .T.);
#3058 = ORIENTED_EDGE('', *, *, #3289, .T.);
#3059 = ORIENTED_EDGE('', *, *, #3290, .F.);
#3060 = ORIENTED_EDGE('', *, *, #3291, .F.);
#3061 = ADVANCED_FACE('', (#3062), #3592, .T.);
#3062 = FACE_BOUND('', #3063, .T.);
#3063 = EDGE_LOOP('', (#3064, #3065, #3066, #3067));
#3064 = ORIENTED_EDGE('', *, *, #3112, .T.);
#3065 = ORIENTED_EDGE('', *, *, #3291, .T.);
#3066 = ORIENTED_EDGE('', *, *, #3292, .F.);
#3067 = ORIENTED_EDGE('', *, *, #3293, .F.);
#3068 = ADVANCED_FACE('', (#3069), #3597, .T.);
#3069 = FACE_BOUND('', #3070, .T.);
#3070 = EDGE_LOOP('', (#3071, #3072, #3073, #3074));
#3071 = ORIENTED_EDGE('', *, *, #3111, .T.);
#3072 = ORIENTED_EDGE('', *, *, #3293, .T.);
#3073 = ORIENTED_EDGE('', *, *, #3294, .F.);
#3074 = ORIENTED_EDGE('', *, *, #3295, .F.);
#3075 = ADVANCED_FACE('', (#3076), #3602, .T.);
#3076 = FACE_BOUND('', #3077, .T.);
#3077 = EDGE_LOOP('', (#3078, #3079, #3080, #3081));
#3078 = ORIENTED_EDGE('', *, *, #3110, .T.);
#3079 = ORIENTED_EDGE('', *, *, #3295, .T.);
#3080 = ORIENTED_EDGE('', *, *, #3296, .F.);
#3081 = ORIENTED_EDGE('', *, *, #3297, .F.);
#3082 = ADVANCED_FACE('', (#3083), #3607, .T.);
#3083 = FACE_BOUND('', #3084, .T.);
#3084 = EDGE_LOOP('', (#3085, #3086, #3087, #3088));
#3085 = ORIENTED_EDGE('', *, *, #3109, .T.);
#3086 = ORIENTED_EDGE('', *, *, #3297, .T.);
#3087 = ORIENTED_EDGE('', *, *, #3298, .F.);
#3088 = ORIENTED_EDGE('', *, *, #3299, .F.);
#3089 = ADVANCED_FACE('', (#3090), #3612, .T.);
#3090 = FACE_BOUND('', #3091, .T.);
#3091 = EDGE_LOOP('', (#3092, #3093, #3094, #3095));
#3092 = ORIENTED_EDGE('', *, *, #3108, .T.);
#3093 = ORIENTED_EDGE('', *, *, #3299, .T.);
#3094 = ORIENTED_EDGE('', *, *, #3300, .F.);
#3095 = ORIENTED_EDGE('', *, *, #3283, .F.);
#3096 = ADVANCED_FACE('', (#3097), #3617, .T.);
#3097 = FACE_BOUND('', #3098, .T.);
#3098 = EDGE_LOOP('', (#3099, #3100, #3101, #3102, #3103, #3104, #3105, #3106, #3107));
#3099 = ORIENTED_EDGE('', *, *, #3300, .T.);
#3100 = ORIENTED_EDGE('', *, *, #3298, .T.);
#3101 = ORIENTED_EDGE('', *, *, #3296, .T.);
#3102 = ORIENTED_EDGE('', *, *, #3294, .T.);
#3103 = ORIENTED_EDGE('', *, *, #3292, .T.);
#3104 = ORIENTED_EDGE('', *, *, #3290, .T.);
#3105 = ORIENTED_EDGE('', *, *, #3288, .T.);
#3106 = ORIENTED_EDGE('', *, *, #3286, .T.);
#3107 = ORIENTED_EDGE('', *, *, #3284, .T.);
#3108 = EDGE_CURVE('', #3301, #3302, #3622, .T.);
#3109 = EDGE_CURVE('', #3302, #3303, #3627, .T.);
#3110 = EDGE_CURVE('', #3303, #3304, #3635, .T.);
#3111 = EDGE_CURVE('', #3304, #3305, #3640, .T.);
#3112 = EDGE_CURVE('', #3305, #3306, #3648, .T.);
#3113 = EDGE_CURVE('', #3306, #3307, #3653, .T.);
#3114 = EDGE_CURVE('', #3307, #3308, #3661, .T.);
#3115 = EDGE_CURVE('', #3308, #3309, #3666, .T.);
#3116 = EDGE_CURVE('', #3309, #3301, #3671, .T.);
#3117 = EDGE_CURVE('', #3310, #3311, #3679, .T.);
#3118 = EDGE_CURVE('', #3312, #3311, #3695, .T.);
#3119 = EDGE_CURVE('', #3313, #3312, #3710, .T.);
#3120 = EDGE_CURVE('', #3314, #3313, #3726, .T.);
#3121 = EDGE_CURVE('', #3315, #3314, #3742, .T.);
#3122 = EDGE_CURVE('', #3315, #3316, #3781, .T.);
#3123 = EDGE_CURVE('', #3317, #3316, #3801, .T.);
#3124 = EDGE_CURVE('', #3317, #3318, #3817, .T.);
#3125 = EDGE_CURVE('', #3319, #3318, #3843, .T.);
#3126 = EDGE_CURVE('', #3319, #3320, #3864, .T.);
#3127 = EDGE_CURVE('', #3321, #3320, #3880, .T.);
#3128 = EDGE_CURVE('', #3321, #3322, #3905, .T.);
#3129 = EDGE_CURVE('', #3322, #3323, #3951, .T.);
#3130 = EDGE_CURVE('', #3323, #3324, #3966, .T.);
#3131 = EDGE_CURVE('', #3324, #3325, #3982, .T.);
#3132 = EDGE_CURVE('', #3326, #3325, #3998, .T.);
#3133 = EDGE_CURVE('', #3326, #3327, #4013, .T.);
#3134 = EDGE_CURVE('', #3327, #3328, #4028, .T.);
#3135 = EDGE_CURVE('', #3328, #3329, #4043, .T.);
#3136 = EDGE_CURVE('', #3330, #3329, #4063, .T.);
#3137 = EDGE_CURVE('', #3330, #3331, #4078, .T.);
#3138 = EDGE_CURVE('', #3332, #3331, #4093, .T.);
#3139 = EDGE_CURVE('', #3333, #3332, #4111, .T.);
#3140 = EDGE_CURVE('', #3334, #3333, #4128, .T.);
#3141 = EDGE_CURVE('', #3335, #3334, #4144, .T.);
#3142 = EDGE_CURVE('', #3336, #3335, #4173, .T.);
#3143 = EDGE_CURVE('', #3336, #3337, #4190, .T.);
#3144 = EDGE_CURVE('', #3338, #3337, #4206, .T.);
#3145 = EDGE_CURVE('', #3339, #3338, #4224, .T.);
#3146 = EDGE_CURVE('', #3339, #3340, #4244, .T.);
#3147 = EDGE_CURVE('', #3341, #3340, #4261, .T.);
#3148 = EDGE_CURVE('', #3342, #3341, #4282, .T.);
#3149 = EDGE_CURVE('', #3343, #3342, #4298, .T.);
#3150 = EDGE_CURVE('', #3343, #3344, #4315, .T.);
#3151 = EDGE_CURVE('', #3344, #3345, #4331, .T.);
#3152 = EDGE_CURVE('', #3345, #3346, #4350, .T.);
#3153 = EDGE_CURVE('', #3346, #3347, #4366, .T.);
#3154 = EDGE_CURVE('', #3347, #3348, #4396, .T.);
#3155 = EDGE_CURVE('', #3349, #3348, #4413, .T.);
#3156 = EDGE_CURVE('', #3350, #3349, #4441, .T.);
#3157 = EDGE_CURVE('', #3351, #3350, #4457, .T.);
#3158 = EDGE_CURVE('', #3351, #3352, #4474, .T.);
#3159 = EDGE_CURVE('', #3352, #3353, #4490, .T.);
#3160 = EDGE_CURVE('', #3354, #3353, #4507, .T.);
#3161 = EDGE_CURVE('', #3355, #3354, #4542, .T.);
#3162 = EDGE_CURVE('', #3356, #3355, #4558, .T.);
#3163 = EDGE_CURVE('', #3356, #3357, #4574, .T.);
#3164 = EDGE_CURVE('', #3358, #3357, #4601, .T.);
#3165 = EDGE_CURVE('', #3359, #3358, #4618, .T.);
#3166 = EDGE_CURVE('', #3360, #3359, #4645, .T.);
#3167 = EDGE_CURVE('', #3360, #3361, #4664, .T.);
#3168 = EDGE_CURVE('', #3362, #3361, #4680, .T.);
#3169 = EDGE_CURVE('', #3363, #3362, #4696, .T.);
#3170 = EDGE_CURVE('', #3363, #3364, #4712, .T.);
#3171 = EDGE_CURVE('', #3365, #3364, #4736, .T.);
#3172 = EDGE_CURVE('', #3365, #3366, #4752, .T.);
#3173 = EDGE_CURVE('', #3367, #3366, #4776, .T.);
#3174 = EDGE_CURVE('', #3367, #3368, #4793, .T.);
#3175 = EDGE_CURVE('', #3369, #3368, #4815, .T.);
#3176 = EDGE_CURVE('', #3370, #3369, #4832, .T.);
#3177 = EDGE_CURVE('', #3371, #3370, #4849, .T.);
#3178 = EDGE_CURVE('', #3371, #3372, #4874, .T.);
#3179 = EDGE_CURVE('', #3373, #3372, #4890, .T.);
#3180 = EDGE_CURVE('', #3373, #3374, #4916, .T.);
#3181 = EDGE_CURVE('', #3374, #3375, #4934, .T.);
#3182 = EDGE_CURVE('', #3376, #3375, #4961, .T.);
#3183 = EDGE_CURVE('', #3376, #3377, #4987, .T.);
#3184 = EDGE_CURVE('', #3377, #3378, #5004, .T.);
#3185 = EDGE_CURVE('', #3379, #3378, #5021, .T.);
#3186 = EDGE_CURVE('', #3379, #3380, #5037, .T.);
#3187 = EDGE_CURVE('', #3380, #3381, #5057, .T.);
#3188 = EDGE_CURVE('', #3381, #3382, #5072, .T.);
#3189 = EDGE_CURVE('', #3383, #3382, #5095, .T.);
#3190 = EDGE_CURVE('', #3384, #3383, #5130, .T.);
#3191 = EDGE_CURVE('', #3385, #3384, #5149, .T.);
#3192 = EDGE_CURVE('', #3386, #3385, #5165, .T.);
#3193 = EDGE_CURVE('', #3387, #3386, #5190, .T.);
#3194 = EDGE_CURVE('', #3388, #3387, #5207, .T.);
#3195 = EDGE_CURVE('', #3389, #3388, #5232, .T.);
#3196 = EDGE_CURVE('', #3389, #3390, #5260, .T.);
#3197 = EDGE_CURVE('', #3391, #3390, #5276, .T.);
#3198 = EDGE_CURVE('', #3392, #3391, #5292, .T.);
#3199 = EDGE_CURVE('', #3392, #3393, #5308, .T.);
#3200 = EDGE_CURVE('', #3310, #3393, #5324, .T.);
#3201 = EDGE_CURVE('', #3394, #3387, #5342, .T.);
#3202 = EDGE_CURVE('', #3394, #3395, #5347, .T.);
#3203 = EDGE_CURVE('', #3395, #3386, #5352, .T.);
#3204 = EDGE_CURVE('', #3395, #3396, #5357, .T.);
#3205 = EDGE_CURVE('', #3396, #3374, #5365, .T.);
#3206 = EDGE_CURVE('', #3396, #3397, #5370, .T.);
#3207 = EDGE_CURVE('', #3397, #3373, #5375, .T.);
#3208 = EDGE_CURVE('', #3397, #3398, #5380, .T.);
#3209 = EDGE_CURVE('', #3398, #3358, #5388, .T.);
#3210 = EDGE_CURVE('', #3398, #3399, #5393, .T.);
#3211 = EDGE_CURVE('', #3399, #3357, #5398, .T.);
#3212 = EDGE_CURVE('', #3399, #3400, #5403, .T.);
#3213 = EDGE_CURVE('', #3400, #3320, #5411, .T.);
#3214 = EDGE_CURVE('', #3400, #3401, #5416, .T.);
#3215 = EDGE_CURVE('', #3401, #3319, #5421, .T.);
#3216 = EDGE_CURVE('', #3401, #3402, #5426, .T.);
#3217 = EDGE_CURVE('', #3402, #3318, #5431, .T.);
#3218 = EDGE_CURVE('', #3402, #3394, #5436, .T.);
#3219 = EDGE_CURVE('', #3403, #3404, #5444, .T.);
#3220 = EDGE_CURVE('', #3405, #3404, #5461, .T.);
#3221 = EDGE_CURVE('', #3406, #3405, #5478, .T.);
#3222 = EDGE_CURVE('', #3407, #3406, #5514, .T.);
#3223 = EDGE_CURVE('', #3407, #3408, #5539, .T.);
#3224 = EDGE_CURVE('', #3408, #3409, #5561, .T.);
#3225 = EDGE_CURVE('', #3410, #3409, #5580, .T.);
#3226 = EDGE_CURVE('', #3411, #3410, #5599, .T.);
#3227 = EDGE_CURVE('', #3411, #3412, #5635, .T.);
#3228 = EDGE_CURVE('', #3413, #3412, #5717, .T.);
#3229 = EDGE_CURVE('', #3414, #3413, #5738, .T.);
#3230 = EDGE_CURVE('', #3415, #3414, #5755, .T.);
#3231 = EDGE_CURVE('', #3415, #3416, #5771, .T.);
#3232 = EDGE_CURVE('', #3417, #3416, #5793, .T.);
#3233 = EDGE_CURVE('', #3418, #3417, #5809, .T.);
#3234 = EDGE_CURVE('', #3419, #3418, #5834, .T.);
#3235 = EDGE_CURVE('', #3420, #3419, #5875, .T.);
#3236 = EDGE_CURVE('', #3421, #3420, #5892, .T.);
#3237 = EDGE_CURVE('', #3421, #3422, #5912, .T.);
#3238 = EDGE_CURVE('', #3423, #3422, #5981, .T.);
#3239 = EDGE_CURVE('', #3423, #3424, #5997, .T.);
#3240 = EDGE_CURVE('', #3425, #3424, #6028, .T.);
#3241 = EDGE_CURVE('', #3426, #3425, #6046, .T.);
#3242 = EDGE_CURVE('', #3426, #3427, #6068, .T.);
#3243 = EDGE_CURVE('', #3428, #3427, #6087, .T.);
#3244 = EDGE_CURVE('', #3428, #3429, #6122, .T.);
#3245 = EDGE_CURVE('', #3429, #3430, #6140, .T.);
#3246 = EDGE_CURVE('', #3431, #3430, #6157, .T.);
#3247 = EDGE_CURVE('', #3431, #3432, #6174, .T.);
#3248 = EDGE_CURVE('', #3432, #3433, #6210, .T.);
#3249 = EDGE_CURVE('', #3434, #3433, #6234, .T.);
#3250 = EDGE_CURVE('', #3435, #3434, #6256, .T.);
#3251 = EDGE_CURVE('', #3436, #3435, #6274, .T.);
#3252 = EDGE_CURVE('', #3436, #3437, #6296, .T.);
#3253 = EDGE_CURVE('', #3438, #3437, #6320, .T.);
#3254 = EDGE_CURVE('', #3438, #3439, #6356, .T.);
#3255 = EDGE_CURVE('', #3439, #3440, #6373, .T.);
#3256 = EDGE_CURVE('', #3440, #3441, #6390, .T.);
#3257 = EDGE_CURVE('', #3441, #3442, #6408, .T.);
#3258 = EDGE_CURVE('', #3442, #3443, #6443, .T.);
#3259 = EDGE_CURVE('', #3443, #3444, #6462, .T.);
#3260 = EDGE_CURVE('', #3444, #3445, #6484, .T.);
#3261 = EDGE_CURVE('', #3446, #3445, #6501, .T.);
#3262 = EDGE_CURVE('', #3447, #3446, #6524, .T.);
#3263 = EDGE_CURVE('', #3447, #3448, #6544, .T.);
#3264 = EDGE_CURVE('', #3403, #3448, #6579, .T.);
#3265 = EDGE_CURVE('', #3444, #3449, #6597, .T.);
#3266 = EDGE_CURVE('', #3450, #3449, #6602, .T.);
#3267 = EDGE_CURVE('', #3445, #3450, #6607, .T.);
#3268 = EDGE_CURVE('', #3451, #3450, #6612, .T.);
#3269 = EDGE_CURVE('', #3408, #3451, #6620, .T.);
#3270 = EDGE_CURVE('', #3449, #3452, #6625, .T.);
#3271 = EDGE_CURVE('', #3452, #3453, #6633, .T.);
#3272 = EDGE_CURVE('', #3453, #3454, #6638, .T.);
#3273 = EDGE_CURVE('', #3454, #3455, #6646, .T.);
#3274 = EDGE_CURVE('', #3455, #3456, #6651, .T.);
#3275 = EDGE_CURVE('', #3456, #3457, #6659, .T.);
#3276 = EDGE_CURVE('', #3457, #3451, #6664, .T.);
#3277 = EDGE_CURVE('', #3409, #3457, #6669, .T.);
#3278 = EDGE_CURVE('', #3410, #3456, #6674, .T.);
#3279 = EDGE_CURVE('', #3424, #3455, #6679, .T.);
#3280 = EDGE_CURVE('', #3425, #3454, #6684, .T.);
#3281 = EDGE_CURVE('', #3434, #3453, #6689, .T.);
#3282 = EDGE_CURVE('', #3435, #3452, #6694, .T.);
#3283 = EDGE_CURVE('', #3301, #3458, #6699, .T.);
#3284 = EDGE_CURVE('', #3459, #3458, #6704, .T.);
#3285 = EDGE_CURVE('', #3309, #3459, #6712, .T.);
#3286 = EDGE_CURVE('', #3460, #3459, #6717, .T.);
#3287 = EDGE_CURVE('', #3308, #3460, #6722, .T.);
#3288 = EDGE_CURVE('', #3461, #3460, #6727, .T.);
#3289 = EDGE_CURVE('', #3307, #3461, #6732, .T.);
#3290 = EDGE_CURVE('', #3462, #3461, #6737, .T.);
#3291 = EDGE_CURVE('', #3306, #3462, #6745, .T.);
#3292 = EDGE_CURVE('', #3463, #3462, #6750, .T.);
#3293 = EDGE_CURVE('', #3305, #3463, #6755, .T.);
#3294 = EDGE_CURVE('', #3464, #3463, #6760, .T.);
#3295 = EDGE_CURVE('', #3304, #3464, #6768, .T.);
#3296 = EDGE_CURVE('', #3465, #3464, #6773, .T.);
#3297 = EDGE_CURVE('', #3303, #3465, #6778, .T.);
#3298 = EDGE_CURVE('', #3466, #3465, #6783, .T.);
#3299 = EDGE_CURVE('', #3302, #3466, #6791, .T.);
#3300 = EDGE_CURVE('', #3458, #3466, #6796, .T.);
#3301 = VERTEX_POINT('', #6801);
#3302 = VERTEX_POINT('', #6802);
#3303 = VERTEX_POINT('', #6803);
#3304 = VERTEX_POINT('', #6804);
#3305 = VERTEX_POINT('', #6805);
#3306 = VERTEX_POINT('', #6806);
#3307 = VERTEX_POINT('', #6807);
#3308 = VERTEX_POINT('', #6808);
#3309 = VERTEX_POINT('', #6809);
#3310 = VERTEX_POINT('', #6810);
#3311 = VERTEX_POINT('', #6811);
#3312 = VERTEX_POINT('', #6812);
#3313 = VERTEX_POINT('', #6813);
#3314 = VERTEX_POINT('', #6814);
#3315 = VERTEX_POINT('', #6815);
#3316 = VERTEX_POINT('', #6816);
#3317 = VERTEX_POINT('', #6817);
#3318 = VERTEX_POINT('', #6818);
#3319 = VERTEX_POINT('', #6819);
#3320 = VERTEX_POINT('', #6820);
#3321 = VERTEX_POINT('', #6821);
#3322 = VERTEX_POINT('', #6822);
#3323 = VERTEX_POINT('', #6823);
#3324 = VERTEX_POINT('', #6824);
#3325 = VERTEX_POINT('', #6825);
#3326 = VERTEX_POINT('', #6826);
#3327 = VERTEX_POINT('', #6827);
#3328 = VERTEX_POINT('', #6828);
#3329 = VERTEX_POINT('', #6829);
#3330 = VERTEX_POINT('', #6830);
#3331 = VERTEX_POINT('', #6831);
#3332 = VERTEX_POINT('', #6832);
#3333 = VERTEX_POINT('', #6833);
#3334 = VERTEX_POINT('', #6834);
#3335 = VERTEX_POINT('', #6835);
#3336 = VERTEX_POINT('', #6836);
#3337 = VERTEX_POINT('', #6837);
#3338 = VERTEX_POINT('', #6838);
#3339 = VERTEX_POINT('', #6839);
#3340 = VERTEX_POINT('', #6840);
#3341 = VERTEX_POINT('', #6841);
#3342 = VERTEX_POINT('', #6842);
#3343 = VERTEX_POINT('', #6843);
#3344 = VERTEX_POINT('', #6844);
#3345 = VERTEX_POINT('', #6845);
#3346 = VERTEX_POINT('', #6846);
#3347 = VERTEX_POINT('', #6847);
#3348 = VERTEX_POINT('', #6848);
#3349 = VERTEX_POINT('', #6849);
#3350 = VERTEX_POINT('', #6850);
#3351 = VERTEX_POINT('', #6851);
#3352 = VERTEX_POINT('', #6852);
#3353 = VERTEX_POINT('', #6853);
#3354 = VERTEX_POINT('', #6854);
#3355 = VERTEX_POINT('', #6855);
#3356 = VERTEX_POINT('', #6856);
#3357 = VERTEX_POINT('', #6857);
#3358 = VERTEX_POINT('', #6858);
#3359 = VERTEX_POINT('', #6859);
#3360 = VERTEX_POINT('', #6860);
#3361 = VERTEX_POINT('', #6861);
#3362 = VERTEX_POINT('', #6862);
#3363 = VERTEX_POINT('', #6863);
#3364 = VERTEX_POINT('', #6864);
#3365 = VERTEX_POINT('', #6865);
#3366 = VERTEX_POINT('', #6866);
#3367 = VERTEX_POINT('', #6867);
#3368 = VERTEX_POINT('', #6868);
#3369 = VERTEX_POINT('', #6869);
#3370 = VERTEX_POINT('', #6870);
#3371 = VERTEX_POINT('', #6871);
#3372 = VERTEX_POINT('', #6872);
#3373 = VERTEX_POINT('', #6873);
#3374 = VERTEX_POINT('', #6874);
#3375 = VERTEX_POINT('', #6875);
#3376 = VERTEX_POINT('', #6876);
#3377 = VERTEX_POINT('', #6877);
#3378 = VERTEX_POINT('', #6878);
#3379 = VERTEX_POINT('', #6879);
#3380 = VERTEX_POINT('', #6880);
#3381 = VERTEX_POINT('', #6881);
#3382 = VERTEX_POINT('', #6882);
#3383 = VERTEX_POINT('', #6883);
#3384 = VERTEX_POINT('', #6884);
#3385 = VERTEX_POINT('', #6885);
#3386 = VERTEX_POINT('', #6886);
#3387 = VERTEX_POINT('', #6887);
#3388 = VERTEX_POINT('', #6888);
#3389 = VERTEX_POINT('', #6889);
#3390 = VERTEX_POINT('', #6890);
#3391 = VERTEX_POINT('', #6891);
#3392 = VERTEX_POINT('', #6892);
#3393 = VERTEX_POINT('', #6893);
#3394 = VERTEX_POINT('', #6894);
#3395 = VERTEX_POINT('', #6895);
#3396 = VERTEX_POINT('', #6896);
#3397 = VERTEX_POINT('', #6897);
#3398 = VERTEX_POINT('', #6898);
#3399 = VERTEX_POINT('', #6899);
#3400 = VERTEX_POINT('', #6900);
#3401 = VERTEX_POINT('', #6901);
#3402 = VERTEX_POINT('', #6902);
#3403 = VERTEX_POINT('', #6903);
#3404 = VERTEX_POINT('', #6904);
#3405 = VERTEX_POINT('', #6905);
#3406 = VERTEX_POINT('', #6906);
#3407 = VERTEX_POINT('', #6907);
#3408 = VERTEX_POINT('', #6908);
#3409 = VERTEX_POINT('', #6909);
#3410 = VERTEX_POINT('', #6910);
#3411 = VERTEX_POINT('', #6911);
#3412 = VERTEX_POINT('', #6912);
#3413 = VERTEX_POINT('', #6913);
#3414 = VERTEX_POINT('', #6914);
#3415 = VERTEX_POINT('', #6915);
#3416 = VERTEX_POINT('', #6916);
#3417 = VERTEX_POINT('', #6917);
#3418 = VERTEX_POINT('', #6918);
#3419 = VERTEX_POINT('', #6919);
#3420 = VERTEX_POINT('', #6920);
#3421 = VERTEX_POINT('', #6921);
#3422 = VERTEX_POINT('', #6922);
#3423 = VERTEX_POINT('', #6923);
#3424 = VERTEX_POINT('', #6924);
#3425 = VERTEX_POINT('', #6925);
#3426 = VERTEX_POINT('', #6926);
#3427 = VERTEX_POINT('', #6927);
#3428 = VERTEX_POINT('', #6928);
#3429 = VERTEX_POINT('', #6929);
#3430 = VERTEX_POINT('', #6930);
#3431 = VERTEX_POINT('', #6931);
#3432 = VERTEX_POINT('', #6932);
#3433 = VERTEX_POINT('', #6933);
#3434 = VERTEX_POINT('', #6934);
#3435 = VERTEX_POINT('', #6935);
#3436 = VERTEX_POINT('', #6936);
#3437 = VERTEX_POINT('', #6937);
#3438 = VERTEX_POINT('', #6938);
#3439 = VERTEX_POINT('', #6939);
#3440 = VERTEX_POINT('', #6940);
#3441 = VERTEX_POINT('', #6941);
#3442 = VERTEX_POINT('', #6942);
#3443 = VERTEX_POINT('', #6943);
#3444 = VERTEX_POINT('', #6944);
#3445 = VERTEX_POINT('', #6945);
#3446 = VERTEX_POINT('', #6946);
#3447 = VERTEX_POINT('', #6947);
#3448 = VERTEX_POINT('', #6948);
#3449 = VERTEX_POINT('', #6949);
#3450 = VERTEX_POINT('', #6950);
#3451 = VERTEX_POINT('', #6951);
#3452 = VERTEX_POINT('', #6952);
#3453 = VERTEX_POINT('', #6953);
#3454 = VERTEX_POINT('', #6954);
#3455 = VERTEX_POINT('', #6955);
#3456 = VERTEX_POINT('', #6956);
#3457 = VERTEX_POINT('', #6957);
#3458 = VERTEX_POINT('', #6958);
#3459 = VERTEX_POINT('', #6959);
#3460 = VERTEX_POINT('', #6960);
#3461 = VERTEX_POINT('', #6961);
#3462 = VERTEX_POINT('', #6962);
#3463 = VERTEX_POINT('', #6963);
#3464 = VERTEX_POINT('', #6964);
#3465 = VERTEX_POINT('', #6965);
#3466 = VERTEX_POINT('', #6966);
#3467 = PLANE('', #3468);
#3468 = AXIS2_PLACEMENT_3D('', #3469, #3470, #3471);
#3469 = CARTESIAN_POINT('', (30.750000000000085, 29.239590861319385, 13.0));
#3470 = DIRECTION('', (0.0, 0.0, 0.9999999999999999));
#3471 = DIRECTION('', (-1.0, 0.0, 0.0));
#3472 = PLANE('', #3473);
#3473 = AXIS2_PLACEMENT_3D('', #3474, #3475, #3476);
#3474 = CARTESIAN_POINT('', (-29.049999899999975, 11.500000337339216, 10.0000003));
#3475 = DIRECTION('', (-1.0, 1.2357264896E-15, 0.0));
#3476 = DIRECTION('', (-1.2357264896E-15, -1.0, 0.0));
#3477 = CYLINDRICAL_SURFACE('', #3478, 7.5499987711753755);
#3478 = AXIS2_PLACEMENT_3D('', #3479, #3480, #3481);
#3479 = CARTESIAN_POINT('', (-21.50000112882472, -11.5000010288245, 14.0000003));
#3480 = DIRECTION('', (0.0, 0.0, 1.0));
#3481 = DIRECTION('', (0.7071067876178976, 0.7071067747551972, 0.0));
#3482 = PLANE('', #3483);
#3483 = AXIS2_PLACEMENT_3D('', #3484, #3485, #3486);
#3484 = CARTESIAN_POINT('', (-21.500000037339262, -19.04999979999981, 10.0000003));
#3485 = DIRECTION('', (-4.2963049002E-15, -1.0, 0.0));
#3486 = DIRECTION('', (1.0, -4.2963049002E-15, 0.0));
#3487 = CYLINDRICAL_SURFACE('', #3488, 7.549998771177023);
#3488 = AXIS2_PLACEMENT_3D('', #3489, #3490, #3491);
#3489 = CARTESIAN_POINT('', (21.500001328823117, -11.500001028823078, 14.0000003));
#3490 = DIRECTION('', (0.0, 0.0, 1.0));
#3491 = DIRECTION('', (-0.7071067747551955, 0.7071067876178996, 0.0));
#3492 = PLANE('', #3493);
#3493 = AXIS2_PLACEMENT_3D('', #3494, #3495, #3496);
#3494 = CARTESIAN_POINT('', (29.05000010000009, -11.49999993733907, 10.0000003));
#3495 = DIRECTION('', (1.0, 2.7077241242E-15, -0.0));
#3496 = DIRECTION('', (-2.7077241242E-15, 1.0, 0.0));
#3497 = CYLINDRICAL_SURFACE('', #3498, 7.5500031876601605);
#3498 = AXIS2_PLACEMENT_3D('', #3499, #3500, #3501);
#3499 = CARTESIAN_POINT('', (21.499996912340293, 19.989589607327645, 14.0000003));
#3500 = DIRECTION('', (0.0, 0.0, 1.0));
#3501 = DIRECTION('', (-6.1221598933E-4, -0.9999998125957736, 0.0));
#3502 = PLANE('', #3503);
#3503 = AXIS2_PLACEMENT_3D('', #3504, #3505, #3506);
#3504 = CARTESIAN_POINT('', (13.94999938746463, 19.998836663608273, 10.0000003));
#3505 = DIRECTION('', (-0.7066736251094546, 0.7075396720853623, 0.0));
#3506 = DIRECTION('', (-0.7075396720853623, -0.7066736251094546, 0.0));
#3507 = PLANE('', #3508);
#3508 = AXIS2_PLACEMENT_3D('', #3509, #3510, #3511);
#3509 = CARTESIAN_POINT('', (13.000000099999994, 19.0500002, 10.0000003));
#3510 = DIRECTION('', (0.0, 1.0, -0.0));
#3511 = DIRECTION('', (-1.0, 0.0, 0.0));
#3512 = CYLINDRICAL_SURFACE('', #3513, 7.549998771175717);
#3513 = AXIS2_PLACEMENT_3D('', #3514, #3515, #3516);
#3514 = CARTESIAN_POINT('', (-21.500001128824337, 11.500001428824376, 14.0000003));
#3515 = DIRECTION('', (0.0, 0.0, 1.0));
#3516 = DIRECTION('', (0.7071067747551918, -0.7071067876179034, 0.0));
#3517 = PLANE('', #3518);
#3518 = AXIS2_PLACEMENT_3D('', #3519, #3520, #3521);
#3519 = CARTESIAN_POINT('', (29.05000010000009, 27.539591380085298, 10.0000003));
#3520 = DIRECTION('', (0.0, 0.0, 1.0));
#3521 = DIRECTION('', (-0.9999999999999999, 0.0, 0.0));
#3522 = PLANE('', #3523);
#3523 = AXIS2_PLACEMENT_3D('', #3524, #3525, #3526);
#3524 = CARTESIAN_POINT('', (-27.84999999999998, 11.50000031082034, 5.0));
#3525 = DIRECTION('', (-1.0, 6.1786324014E-16, 0.0));
#3526 = DIRECTION('', (-6.1786324014E-16, -1.0, 0.0));
#3527 = CYLINDRICAL_SURFACE('', #3528, 6.34999877117574);
#3528 = AXIS2_PLACEMENT_3D('', #3529, #3530, #3531);
#3529 = CARTESIAN_POINT('', (-21.500001228824303, 11.500001228824374, 13.0));
#3530 = DIRECTION('', (0.0, 0.0, 1.0));
#3531 = DIRECTION('', (0.7071067638807866, -0.707106798492308, 0.0));
#3532 = PLANE('', #3533);
#3533 = AXIS2_PLACEMENT_3D('', #3534, #3535, #3536);
#3534 = CARTESIAN_POINT('', (27.850000000000108, 26.339591405096513, 13.0));
#3535 = DIRECTION('', (0.0, 0.0, 1.0));
#3536 = DIRECTION('', (-0.9999999999999999, 0.0, 0.0));
#3537 = PLANE('', #3538);
#3538 = AXIS2_PLACEMENT_3D('', #3539, #3540, #3541);
#3539 = CARTESIAN_POINT('', (13.0, 17.849999999999994, 5.0));
#3540 = DIRECTION('', (0.0, 1.0, -0.0));
#3541 = DIRECTION('', (-1.0, 0.0, 0.0));
#3542 = PLANE('', #3543);
#3543 = AXIS2_PLACEMENT_3D('', #3544, #3545, #3546);
#3544 = CARTESIAN_POINT('', (15.1499983874198, 19.99736673342923, 5.0));
#3545 = DIRECTION('', (-0.7066736251094795, 0.7075396720853374, 0.0));
#3546 = DIRECTION('', (-0.7075396720853374, -0.7066736251094795, 0.0));
#3547 = CYLINDRICAL_SURFACE('', #3548, 6.350003187660196);
#3548 = AXIS2_PLACEMENT_3D('', #3549, #3550, #3551);
#3549 = CARTESIAN_POINT('', (21.499996812340328, 19.989589407327614, 13.0));
#3550 = DIRECTION('', (0.0, 0.0, 1.0));
#3551 = DIRECTION('', (-6.1218354208E-4, -0.999999812615638, 0.0));
#3552 = PLANE('', #3553);
#3553 = AXIS2_PLACEMENT_3D('', #3554, #3555, #3556);
#3554 = CARTESIAN_POINT('', (27.850000000000108, -11.500000310819999, 5.0));
#3555 = DIRECTION('', (1.0, 3.6102988124E-15, -0.0));
#3556 = DIRECTION('', (-3.6102988124E-15, 1.0, 0.0));
#3557 = CYLINDRICAL_SURFACE('', #3558, 6.3499987711770265);
#3558 = AXIS2_PLACEMENT_3D('', #3559, #3560, #3561);
#3559 = CARTESIAN_POINT('', (21.500001228823123, -11.50000122882308, 13.0));
#3560 = DIRECTION('', (0.0, 0.0, 1.0));
#3561 = DIRECTION('', (-0.7071067638808002, 0.7071067984922946, 0.0));
#3562 = PLANE('', #3563);
#3563 = AXIS2_PLACEMENT_3D('', #3564, #3565, #3566);
#3564 = CARTESIAN_POINT('', (-21.50000031082041, -17.849999999999824, 5.0));
#3565 = DIRECTION('', (-3.9658198919E-15, -1.0, 0.0));
#3566 = DIRECTION('', (1.0, -3.9658198919E-15, 0.0));
#3567 = CYLINDRICAL_SURFACE('', #3568, 6.3499987711753985);
#3568 = AXIS2_PLACEMENT_3D('', #3569, #3570, #3571);
#3569 = CARTESIAN_POINT('', (-21.500001228824715, -11.500001228824502, 13.0));
#3570 = DIRECTION('', (0.0, 0.0, 1.0));
#3571 = DIRECTION('', (0.7071067984923036, 0.7071067638807912, 0.0));
#3572 = CYLINDRICAL_SURFACE('', #3573, 9.249998771175639);
#3573 = AXIS2_PLACEMENT_3D('', #3574, #3575, #3576);
#3574 = CARTESIAN_POINT('', (-21.500001228824402, 11.500001228824445, 15.0));
#3575 = DIRECTION('', (0.0, 0.0, 1.0));
#3576 = DIRECTION('', (0.7071067853307959, -0.7071067770422991, 0.0));
#3577 = PLANE('', #3578);
#3578 = AXIS2_PLACEMENT_3D('', #3579, #3580, #3581);
#3579 = CARTESIAN_POINT('', (13.0, 20.75, 13.0));
#3580 = DIRECTION('', (0.0, 1.0, -0.0));
#3581 = DIRECTION('', (-1.0, 0.0, 0.0));
#3582 = PLANE('', #3583);
#3583 = AXIS2_PLACEMENT_3D('', #3584, #3585, #3586);
#3584 = CARTESIAN_POINT('', (12.250000562528157, 20.0009185813619, 13.0));
#3585 = DIRECTION('', (0.7066736251095611, -0.7075396720852558, 0.0));
#3586 = DIRECTION('', (0.7075396720852558, 0.7066736251095611, 0.0));
#3587 = CYLINDRICAL_SURFACE('', #3588, 9.250003187660097);
#3588 = AXIS2_PLACEMENT_3D('', #3589, #3590, #3591);
#3589 = CARTESIAN_POINT('', (21.49999681234027, 19.989589407327685, 15.0));
#3590 = DIRECTION('', (0.0, 0.0, 1.0));
#3591 = DIRECTION('', (-6.1224754514E-4, -0.9999998125764542, 0.0));
#3592 = PLANE('', #3593);
#3593 = AXIS2_PLACEMENT_3D('', #3594, #3595, #3596);
#3594 = CARTESIAN_POINT('', (30.750000000000085, -11.499999891574419, 13.0));
#3595 = DIRECTION('', (1.0, 2.7077241453E-15, -0.0));
#3596 = DIRECTION('', (-2.7077241453E-15, 1.0, 0.0));
#3597 = CYLINDRICAL_SURFACE('', #3598, 9.249998771177005);
#3598 = AXIS2_PLACEMENT_3D('', #3599, #3600, #3601);
#3599 = CARTESIAN_POINT('', (21.50000122882315, -11.500001228823066, 15.0));
#3600 = DIRECTION('', (0.0, 0.0, 1.0));
#3601 = DIRECTION('', (-0.7071067853307866, 0.7071067770423083, 0.0));
#3602 = PLANE('', #3603);
#3603 = AXIS2_PLACEMENT_3D('', #3604, #3605, #3606);
#3604 = CARTESIAN_POINT('', (-21.499999891574276, -20.7499999999998, 13.0));
#3605 = DIRECTION('', (-4.6267899189E-15, -1.0, 0.0));
#3606 = DIRECTION('', (1.0, -4.6267899189E-15, 0.0));
#3607 = CYLINDRICAL_SURFACE('', #3608, 9.249998771175337);
#3608 = AXIS2_PLACEMENT_3D('', #3609, #3610, #3611);
#3609 = CARTESIAN_POINT('', (-21.500001228824743, -11.500001228824587, 15.0));
#3610 = DIRECTION('', (0.0, 0.0, 1.0));
#3611 = DIRECTION('', (0.7071067770422945, 0.7071067853308004, 0.0));
#3612 = PLANE('', #3613);
#3613 = AXIS2_PLACEMENT_3D('', #3614, #3615, #3616);
#3614 = CARTESIAN_POINT('', (-30.749999999999943, 11.499999891574305, 13.0));
#3615 = DIRECTION('', (-1.0, 2.4714530056E-15, 0.0));
#3616 = DIRECTION('', (-2.4714530056E-15, -1.0, 0.0));
#3617 = PLANE('', #3618);
#3618 = AXIS2_PLACEMENT_3D('', #3619, #3620, #3621);
#3619 = CARTESIAN_POINT('', (30.750000000000085, 29.239590861319385, 15.0));
#3620 = DIRECTION('', (0.0, 0.0, 0.9999999999999999));
#3621 = DIRECTION('', (-1.0, 0.0, 0.0));
#3622 = SURFACE_CURVE('', #3623, (#3467, #3612), .CURVE_3D.);
#3623 = LINE('', #3624, #3625);
#3624 = CARTESIAN_POINT('', (-30.749999999999943, 11.499999891574305, 13.0));
#3625 = VECTOR('', #3626, 22.999999891574305);
#3626 = DIRECTION('', (-2.4714530056E-15, -1.0, 0.0));
#3627 = SURFACE_CURVE('', #3628, (#3467, #3607), .CURVE_3D.);
#3628 = (
    BOUNDED_CURVE()
    B_SPLINE_CURVE(2, (#3629, #3630, #3631, #3632, #3633, #3634), .UNSPECIFIED., .U., .U.)
    B_SPLINE_CURVE_WITH_KNOTS((3, 1, 1, 1, 3), (0.0, 0.25, 0.5, 0.75, 1.0), .UNSPECIFIED.)
    CURVE()
    GEOMETRIC_REPRESENTATION_ITEM()
    RATIONAL_B_SPLINE_CURVE((1.0, 0.9267766707765097, 0.8535533415530194, 0.8535533415530194, 0.9267766707765097, 1.0))
    REPRESENTATION_ITEM('')
);
#3629 = CARTESIAN_POINT('', (-30.75, -11.5, 13.0));
#3630 = CARTESIAN_POINT('', (-30.750000234390416, -13.264378077954168, 13.0));
#3631 = CARTESIAN_POINT('', (-29.3953692782758, -16.686106909382744, 13.000000000000002));
#3632 = CARTESIAN_POINT('', (-26.686106816835622, -19.39536933906572, 13.000000000000002));
#3633 = CARTESIAN_POINT('', (-23.264377969528468, -20.750000255071782, 13.0));
#3634 = CARTESIAN_POINT('', (-21.49999989157429, -20.74999999999983, 13.0));
#3635 = SURFACE_CURVE('', #3636, (#3467, #3602), .CURVE_3D.);
#3636 = LINE('', #3637, #3638);
#3637 = CARTESIAN_POINT('', (-21.499999891574276, -20.7499999999998, 13.0));
#3638 = VECTOR('', #3639, 42.99999989157428);
#3639 = DIRECTION('', (1.0, -4.6267899189E-15, 0.0));
#3640 = SURFACE_CURVE('', #3641, (#3467, #3597), .CURVE_3D.);
#3641 = (
    BOUNDED_CURVE()
    B_SPLINE_CURVE(2, (#3642, #3643, #3644, #3645, #3646, #3647), .UNSPECIFIED., .U., .U.)
    B_SPLINE_CURVE_WITH_KNOTS((3, 1, 1, 1, 3), (0.0, 0.25, 0.5, 0.75, 1.0), .UNSPECIFIED.)
    CURVE()
    GEOMETRIC_REPRESENTATION_ITEM()
    RATIONAL_B_SPLINE_CURVE((1.0, 0.9267766707765404, 0.8535533415530807, 0.8535533415530807, 0.9267766707765404, 1.0))
    REPRESENTATION_ITEM('')
);
#3642 = CARTESIAN_POINT('', (21.5, -20.75, 13.0));
#3643 = CARTESIAN_POINT('', (23.264378077954113, -20.750000234390164, 13.0));
#3644 = CARTESIAN_POINT('', (26.686106909382428, -19.39536927827534, 13.0));
#3645 = CARTESIAN_POINT('', (29.395369339065294, -16.68610681683537, 13.0));
#3646 = CARTESIAN_POINT('', (30.75000025507171, -13.264377969528542, 13.0));
#3647 = CARTESIAN_POINT('', (30.750000000000085, -11.49999989157439, 13.0));
#3648 = SURFACE_CURVE('', #3649, (#3467, #3592), .CURVE_3D.);
#3649 = LINE('', #3650, #3651);
#3650 = CARTESIAN_POINT('', (30.750000000000085, -11.499999891574419, 13.0));
#3651 = VECTOR('', #3652, 31.48959189157442);
#3652 = DIRECTION('', (-2.7077241453E-15, 1.0, 0.0));
#3653 = SURFACE_CURVE('', #3654, (#3467, #3587), .CURVE_3D.);
#3654 = (
    BOUNDED_CURVE()
    B_SPLINE_CURVE(2, (#3655, #3656, #3657, #3658, #3659, #3660), .UNSPECIFIED., .U., .U.)
    B_SPLINE_CURVE_WITH_KNOTS((3, 1, 1, 1, 3), (0.0, 0.25, 0.5, 0.75, 1.0), .UNSPECIFIED.)
    CURVE()
    GEOMETRIC_REPRESENTATION_ITEM()
    RATIONAL_B_SPLINE_CURVE((1.0, 0.7501531319584501, 0.5003062639169003, 0.5003062639169001, 0.75015313195845, 1.0))
    REPRESENTATION_ITEM('')
);
#3655 = CARTESIAN_POINT('', (30.75, 19.989592000000002, 13.0));
#3656 = CARTESIAN_POINT('', (30.749999135952475, 23.072296403384385, 13.000000000000002));
#3657 = CARTESIAN_POINT('', (26.127828756499458, 29.23676094937875, 13.0));
#3658 = CARTESIAN_POINT('', (16.883491451667815, 29.242420773260033, 13.0));
#3659 = CARTESIAN_POINT('', (12.253776182273773, 23.08362067260291, 13.0));
#3660 = CARTESIAN_POINT('', (12.250000562528186, 20.0009185813619, 13.0));
#3661 = SURFACE_CURVE('', #3662, (#3467, #3582), .CURVE_3D.);
#3662 = LINE('', #3663, #3664);
#3663 = CARTESIAN_POINT('', (12.250000562528157, 20.0009185813619, 13.0));
#3664 = VECTOR('', #3665, 1.060010437664152);
#3665 = DIRECTION('', (0.7075396720852559, 0.7066736251095611, 0.0));
#3666 = SURFACE_CURVE('', #3667, (#3467, #3577), .CURVE_3D.);
#3667 = LINE('', #3668, #3669);
#3668 = CARTESIAN_POINT('', (13.0, 20.75, 13.0));
#3669 = VECTOR('', #3670, 34.5);
#3670 = DIRECTION('', (-1.0, 0.0, 0.0));
#3671 = SURFACE_CURVE('', #3672, (#3467, #3572), .CURVE_3D.);
#3672 = (
    BOUNDED_CURVE()
    B_SPLINE_CURVE(2, (#3673, #3674, #3675, #3676, #3677, #3678), .UNSPECIFIED., .U., .U.)
    B_SPLINE_CURVE_WITH_KNOTS((3, 1, 1, 1, 3), (0.0, 0.25, 0.5, 0.75, 1.0), .UNSPECIFIED.)
    CURVE()
    GEOMETRIC_REPRESENTATION_ITEM()
    RATIONAL_B_SPLINE_CURVE((1.0, 0.9267766707765147, 0.8535533415530294, 0.8535533415530293, 0.9267766707765146, 1.0))
    REPRESENTATION_ITEM('')
);
#3673 = CARTESIAN_POINT('', (-21.5, 20.75, 13.0));
#3674 = CARTESIAN_POINT('', (-23.264378077954188, 20.750000234390388, 13.0));
#3675 = CARTESIAN_POINT('', (-26.686106909382715, 19.395369278275755, 13.0));
#3676 = CARTESIAN_POINT('', (-29.3953693390657, 16.686106816835593, 13.0));
#3677 = CARTESIAN_POINT('', (-30.750000255071846, 13.264377969528466, 13.000000000000002));
#3678 = CARTESIAN_POINT('', (-30.749999999999943, 11.49999989157429, 13.0));
#3679 = SURFACE_CURVE('', #3680, (#3467, #3512), .CURVE_3D.);
#3680 = INTERSECTION_CURVE('', #3681, (#3685, #3690), .CURVE_3D.);
#3681 = B_SPLINE_CURVE_WITH_KNOTS('', 1, (#3682, #3683, #3684), .UNSPECIFIED., .U., .U., (2, 1, 2), (0.0, 0.5, 1.0), .UNSPECIFIED.);
#3682 = CARTESIAN_POINT('', (-27.574713467799484, 15.983342977653535, 13.0));
#3683 = CARTESIAN_POINT('', (-27.442697800772876, 16.156914323647158, 13.0));
#3684 = CARTESIAN_POINT('', (-27.402827488905757, 16.20734911262123, 13.000000000000002));
#3685 = PLANE('', #3686);
#3686 = AXIS2_PLACEMENT_3D('', #3687, #3688, #3689);
#3687 = CARTESIAN_POINT('', (30.750000000000085, 29.239590861319385, 13.0));
#3688 = DIRECTION('', (0.0, 0.0, 0.9999999999999999));
#3689 = DIRECTION('', (-1.0, 0.0, 0.0));
#3690 = CYLINDRICAL_SURFACE('', #3691, 7.549998771175717);
#3691 = AXIS2_PLACEMENT_3D('', #3692, #3693, #3694);
#3692 = CARTESIAN_POINT('', (-21.500001128824337, 11.500001428824376, 14.0000003));
#3693 = DIRECTION('', (0.0, 0.0, 1.0));
#3694 = DIRECTION('', (0.7071067747551918, -0.7071067876179034, 0.0));
#3695 = SURFACE_CURVE('', #3696, (#3467, #3512), .CURVE_3D.);
#3696 = INTERSECTION_CURVE('', #3697, (#3700, #3705), .CURVE_3D.);
#3697 = B_SPLINE_CURVE_WITH_KNOTS('', 1, (#3698, #3699), .UNSPECIFIED., .U., .U., (2, 2), (0.0, 1.0), .UNSPECIFIED.);
#3698 = CARTESIAN_POINT('', (-27.222686734437985, 16.424770550728184, 13.0));
#3699 = CARTESIAN_POINT('', (-27.40282749866475, 16.20734912070688, 13.0));
#3700 = PLANE('', #3701);
#3701 = AXIS2_PLACEMENT_3D('', #3702, #3703, #3704);
#3702 = CARTESIAN_POINT('', (30.750000000000085, 29.239590861319385, 13.0));
#3703 = DIRECTION('', (0.0, 0.0, 0.9999999999999999));
#3704 = DIRECTION('', (-1.0, 0.0, 0.0));
#3705 = CYLINDRICAL_SURFACE('', #3706, 7.549998771175717);
#3706 = AXIS2_PLACEMENT_3D('', #3707, #3708, #3709);
#3707 = CARTESIAN_POINT('', (-21.500001128824337, 11.500001428824376, 14.0000003));
#3708 = DIRECTION('', (0.0, 0.0, 1.0));
#3709 = DIRECTION('', (0.7071067747551918, -0.7071067876179034, 0.0));
#3710 = SURFACE_CURVE('', #3711, (#3467, #3512), .CURVE_3D.);
#3711 = INTERSECTION_CURVE('', #3712, (#3716, #3721), .CURVE_3D.);
#3712 = B_SPLINE_CURVE_WITH_KNOTS('', 1, (#3713, #3714, #3715), .UNSPECIFIED., .U., .U., (2, 1, 2), (0.0, 0.5, 1.0), .UNSPECIFIED.);
#3713 = CARTESIAN_POINT('', (-27.0345413810918, 16.6353052610675, 13.0));
#3714 = CARTESIAN_POINT('', (-27.19405743362819, 16.45784412928174, 13.0));
#3715 = CARTESIAN_POINT('', (-27.222686734437985, 16.424770550728184, 13.0));
#3716 = PLANE('', #3717);
#3717 = AXIS2_PLACEMENT_3D('', #3718, #3719, #3720);
#3718 = CARTESIAN_POINT('', (30.750000000000085, 29.239590861319385, 13.0));
#3719 = DIRECTION('', (0.0, 0.0, 0.9999999999999999));
#3720 = DIRECTION('', (-1.0, 0.0, 0.0));
#3721 = CYLINDRICAL_SURFACE('', #3722, 7.549998771175717);
#3722 = AXIS2_PLACEMENT_3D('', #3723, #3724, #3725);
#3723 = CARTESIAN_POINT('', (-21.500001128824337, 11.500001428824376, 14.0000003));
#3724 = DIRECTION('', (0.0, 0.0, 1.0));
#3725 = DIRECTION('', (0.7071067747551918, -0.7071067876179034, 0.0));
#3726 = SURFACE_CURVE('', #3727, (#3467, #3512), .CURVE_3D.);
#3727 = INTERSECTION_CURVE('', #3728, (#3732, #3737), .CURVE_3D.);
#3728 = B_SPLINE_CURVE_WITH_KNOTS('', 1, (#3729, #3730, #3731), .UNSPECIFIED., .U., .U., (2, 1, 2), (0.0, 0.5, 1.0), .UNSPECIFIED.);
#3729 = CARTESIAN_POINT('', (-26.83865592127117, 16.8386572765546, 13.0));
#3730 = CARTESIAN_POINT('', (-26.881323596401074, 16.795645860308497, 13.0));
#3731 = CARTESIAN_POINT('', (-27.03454139021926, 16.635305269859828, 13.0));
#3732 = PLANE('', #3733);
#3733 = AXIS2_PLACEMENT_3D('', #3734, #3735, #3736);
#3734 = CARTESIAN_POINT('', (30.750000000000085, 29.239590861319385, 13.0));
#3735 = DIRECTION('', (0.0, 0.0, 0.9999999999999999));
#3736 = DIRECTION('', (-1.0, 0.0, 0.0));
#3737 = CYLINDRICAL_SURFACE('', #3738, 7.549998771175717);
#3738 = AXIS2_PLACEMENT_3D('', #3739, #3740, #3741);
#3739 = CARTESIAN_POINT('', (-21.500001128824337, 11.500001428824376, 14.0000003));
#3740 = DIRECTION('', (0.0, 0.0, 1.0));
#3741 = DIRECTION('', (0.7071067747551918, -0.7071067876179034, 0.0));
#3742 = SURFACE_CURVE('', #3743, (#3467, #3512), .CURVE_3D.);
#3743 = INTERSECTION_CURVE('', #3744, (#3771, #3776), .CURVE_3D.);
#3744 = B_SPLINE_CURVE_WITH_KNOTS('', 1, (#3745, #3746, #3747, #3748, #3749, #3750, #3751, #3752, #3753, #3754, #3755, #3756, #3757, #3758, #3759, #3760, #3761, #3762, #3763, #3764, #3765, #3766, #3767, #3768, #3769, #3770), .UNSPECIFIED., .U., .U., (2, 1, 1, 1, 1, 1, 1, 1, 1, 1, 1, 1, 1, 1, 1, 1, 1, 1, 1, 1, 1, 1, 1, 1, 1, 2), (0.0, 0.04, 0.08, 0.12, 0.16, 0.2, 0.24, 0.28, 0.32, 0.36, 0.4, 0.44, 0.48, 0.52, 0.56, 0.6, 0.64, 0.68, 0.72, 0.76, 0.8, 0.84, 0.88, 0.92, 0.96, 1.0), .UNSPECIFIED.);
#3745 = CARTESIAN_POINT('', (-23.725400930359015, 18.714575357806538, 13.0));
#3746 = CARTESIAN_POINT('', (-23.728428004309748, 18.71364094749795, 13.0));
#3747 = CARTESIAN_POINT('', (-23.811216452919794, 18.68754378838102, 13.0));
#3748 = CARTESIAN_POINT('', (-23.898871463047584, 18.658765467702764, 13.0));
#3749 = CARTESIAN_POINT('', (-23.991832812935314, 18.62694020383961, 13.0));
#3750 = CARTESIAN_POINT('', (-23.993606310887387, 18.626319878118025, 13.0));
#3751 = CARTESIAN_POINT('', (-24.100768224045453, 18.58791310725053, 13.0));
#3752 = CARTESIAN_POINT('', (-24.217620365394083, 18.5439369147428, 13.0));
#3753 = CARTESIAN_POINT('', (-24.258324153763, 18.528097581755702, 13.0));
#3754 = CARTESIAN_POINT('', (-24.35406755263378, 18.48976439284816, 13.0));
#3755 = CARTESIAN_POINT('', (-24.507742201539344, 18.425026705619985, 13.0));
#3756 = CARTESIAN_POINT('', (-24.51918423096248, 18.42004585357472, 13.0));
#3757 = CARTESIAN_POINT('', (-24.701397623506153, 18.337657600978233, 13.0));
#3758 = CARTESIAN_POINT('', (-24.775821705937275, 18.30231581374649, 13.0));
#3759 = CARTESIAN_POINT('', (-24.949446181537013, 18.21593846494011, 13.0));
#3760 = CARTESIAN_POINT('', (-25.027877647832284, 18.17507211844162, 13.0));
#3761 = CARTESIAN_POINT('', (-25.274999533483083, 18.038492729543435, 13.0));
#3762 = CARTESIAN_POINT('', (-25.33980955122763, 18.000643914301918, 13.0));
#3763 = CARTESIAN_POINT('', (-25.51684174045181, 17.892768665751973, 13.0));
#3764 = CARTESIAN_POINT('', (-25.75306603041159, 17.738103735427046, 13.0));
#3765 = CARTESIAN_POINT('', (-25.98334202220346, 17.57471425154361, 13.0));
#3766 = CARTESIAN_POINT('', (-26.20734765390455, 17.402828729158514, 13.0));
#3767 = CARTESIAN_POINT('', (-26.424769633261036, 17.22268756581137, 13.0));
#3768 = CARTESIAN_POINT('', (-26.42769579233436, 17.220168100169673, 13.0));
#3769 = CARTESIAN_POINT('', (-26.635303875856025, 17.034542705306436, 13.0));
#3770 = CARTESIAN_POINT('', (-26.83865593006348, 16.83865728568206, 13.0));
#3771 = PLANE('', #3772);
#3772 = AXIS2_PLACEMENT_3D('', #3773, #3774, #3775);
#3773 = CARTESIAN_POINT('', (30.750000000000085, 29.239590861319385, 13.0));
#3774 = DIRECTION('', (0.0, 0.0, 0.9999999999999999));
#3775 = DIRECTION('', (-1.0, 0.0, 0.0));
#3776 = CYLINDRICAL_SURFACE('', #3777, 7.549998771175717);
#3777 = AXIS2_PLACEMENT_3D('', #3778, #3779, #3780);
#3778 = CARTESIAN_POINT('', (-21.500001128824337, 11.500001428824376, 14.0000003));
#3779 = DIRECTION('', (0.0, 0.0, 1.0));
#3780 = DIRECTION('', (0.7071067747551918, -0.7071067876179034, 0.0));
#3781 = SURFACE_CURVE('', #3782, (#3467, #3512), .CURVE_3D.);
#3782 = INTERSECTION_CURVE('', #3783, (#3791, #3796), .CURVE_3D.);
#3783 = B_SPLINE_CURVE_WITH_KNOTS('', 1, (#3784, #3785, #3786, #3787, #3788, #3789, #3790), .UNSPECIFIED., .U., .U., (2, 1, 1, 1, 1, 1, 2), (0.0, 0.16666666666666666, 0.3333333333333333, 0.5, 0.6666666666666666, 0.8333333333333334, 1.0), .UNSPECIFIED.);
#3784 = CARTESIAN_POINT('', (-23.725400933867462, 18.714575369984644, 13.0));
#3785 = CARTESIAN_POINT('', (-23.655711403302575, 18.73570420445465, 13.0));
#3786 = CARTESIAN_POINT('', (-23.586776593481147, 18.755885220952052, 13.0));
#3787 = CARTESIAN_POINT('', (-23.52113905179715, 18.774441815622254, 13.0));
#3788 = CARTESIAN_POINT('', (-23.458568332324347, 18.79153734069706, 13.0));
#3789 = CARTESIAN_POINT('', (-23.454083133222042, 18.79274062372528, 13.0));
#3790 = CARTESIAN_POINT('', (-23.180033031902298, 18.8607061674615, 13.0));
#3791 = PLANE('', #3792);
#3792 = AXIS2_PLACEMENT_3D('', #3793, #3794, #3795);
#3793 = CARTESIAN_POINT('', (30.750000000000085, 29.239590861319385, 13.0));
#3794 = DIRECTION('', (0.0, 0.0, 0.9999999999999999));
#3795 = DIRECTION('', (-1.0, 0.0, 0.0));
#3796 = CYLINDRICAL_SURFACE('', #3797, 7.549998771175717);
#3797 = AXIS2_PLACEMENT_3D('', #3798, #3799, #3800);
#3798 = CARTESIAN_POINT('', (-21.500001128824337, 11.500001428824376, 14.0000003));
#3799 = DIRECTION('', (0.0, 0.0, 1.0));
#3800 = DIRECTION('', (0.7071067747551918, -0.7071067876179034, 0.0));
#3801 = SURFACE_CURVE('', #3802, (#3467, #3512), .CURVE_3D.);
#3802 = INTERSECTION_CURVE('', #3803, (#3807, #3812), .CURVE_3D.);
#3803 = B_SPLINE_CURVE_WITH_KNOTS('', 1, (#3804, #3805, #3806), .UNSPECIFIED., .U., .U., (2, 1, 2), (0.0, 0.5, 1.0), .UNSPECIFIED.);
#3804 = CARTESIAN_POINT('', (-22.625268386872392, 18.965673190386397, 13.0));
#3805 = CARTESIAN_POINT('', (-22.90363193297783, 18.918377397349175, 13.0));
#3806 = CARTESIAN_POINT('', (-23.180033031902298, 18.8607061674615, 13.0));
#3807 = PLANE('', #3808);
#3808 = AXIS2_PLACEMENT_3D('', #3809, #3810, #3811);
#3809 = CARTESIAN_POINT('', (30.750000000000085, 29.239590861319385, 13.0));
#3810 = DIRECTION('', (0.0, 0.0, 0.9999999999999999));
#3811 = DIRECTION('', (-1.0, 0.0, 0.0));
#3812 = CYLINDRICAL_SURFACE('', #3813, 7.549998771175717);
#3813 = AXIS2_PLACEMENT_3D('', #3814, #3815, #3816);
#3814 = CARTESIAN_POINT('', (-21.500001128824337, 11.500001428824376, 14.0000003));
#3815 = DIRECTION('', (0.0, 0.0, 1.0));
#3816 = DIRECTION('', (0.7071067747551918, -0.7071067876179034, 0.0));
#3817 = SURFACE_CURVE('', #3818, (#3467, #3512), .CURVE_3D.);
#3818 = INTERSECTION_CURVE('', #3819, (#3833, #3838), .CURVE_3D.);
#3819 = B_SPLINE_CURVE_WITH_KNOTS('', 1, (#3820, #3821, #3822, #3823, #3824, #3825, #3826, #3827, #3828, #3829, #3830, #3831, #3832), .UNSPECIFIED., .U., .U., (2, 1, 1, 1, 1, 1, 1, 1, 1, 1, 1, 1, 2), (0.0, 0.08333333333333333, 0.16666666666666666, 0.25, 0.3333333333333333, 0.4166666666666667, 0.5, 0.5833333333333334, 0.6666666666666666, 0.75, 0.8333333333333334, 0.9166666666666666, 1.0), .UNSPECIFIED.);
#3820 = CARTESIAN_POINT('', (-22.625268388526592, 18.965673202951393, 13.0));
#3821 = CARTESIAN_POINT('', (-22.345331055912368, 19.0025275873342, 13.0));
#3822 = CARTESIAN_POINT('', (-22.064211452495087, 19.02888900637646, 13.0));
#3823 = CARTESIAN_POINT('', (-21.782303426905187, 19.044720565893243, 13.0));
#3824 = CARTESIAN_POINT('', (-21.750946195427574, 19.045828621273344, 13.0));
#3825 = CARTESIAN_POINT('', (-21.7258585868517, 19.04662119222894, 13.0));
#3826 = CARTESIAN_POINT('', (-21.705331201040053, 19.047207601057835, 13.0));
#3827 = CARTESIAN_POINT('', (-21.68822424834255, 19.047653613579158, 13.0));
#3828 = CARTESIAN_POINT('', (-21.67374856802735, 19.048000718180816, 13.0));
#3829 = CARTESIAN_POINT('', (-21.661340428746342, 19.048276137329324, 13.0));
#3830 = CARTESIAN_POINT('', (-21.65058639944698, 19.04849833357477, 13.0));
#3831 = CARTESIAN_POINT('', (-21.641176388753962, 19.048680186775243, 13.0));
#3832 = CARTESIAN_POINT('', (-21.499999900000006, 19.0500002, 13.0));
#3833 = PLANE('', #3834);
#3834 = AXIS2_PLACEMENT_3D('', #3835, #3836, #3837);
#3835 = CARTESIAN_POINT('', (30.750000000000085, 29.239590861319385, 13.0));
#3836 = DIRECTION('', (0.0, 0.0, 0.9999999999999999));
#3837 = DIRECTION('', (-1.0, 0.0, 0.0));
#3838 = CYLINDRICAL_SURFACE('', #3839, 7.549998771175717);
#3839 = AXIS2_PLACEMENT_3D('', #3840, #3841, #3842);
#3840 = CARTESIAN_POINT('', (-21.500001128824337, 11.500001428824376, 14.0000003));
#3841 = DIRECTION('', (0.0, 0.0, 1.0));
#3842 = DIRECTION('', (0.7071067747551918, -0.7071067876179034, 0.0));
#3843 = SURFACE_CURVE('', #3844, (#3467, #3507), .CURVE_3D.);
#3844 = INTERSECTION_CURVE('', #3845, (#3854, #3859), .CURVE_3D.);
#3845 = B_SPLINE_CURVE_WITH_KNOTS('', 1, (#3846, #3847, #3848, #3849, #3850, #3851, #3852, #3853), .UNSPECIFIED., .U., .U., (2, 1, 1, 1, 1, 1, 1, 2), (0.0, 0.14285714285714285, 0.2857142857142857, 0.42857142857142855, 0.5714285714285714, 0.7142857142857143, 0.8571428571428571, 1.0), .UNSPECIFIED.);
#3846 = CARTESIAN_POINT('', (13.000000099999994, 19.0500002, 13.0));
#3847 = CARTESIAN_POINT('', (12.808460136822504, 19.0500002, 13.0));
#3848 = CARTESIAN_POINT('', (12.465848322502382, 19.0500002, 13.0));
#3849 = CARTESIAN_POINT('', (11.462447866293786, 19.0500002, 13.0));
#3850 = CARTESIAN_POINT('', (10.951959337861354, 19.0500002, 13.0));
#3851 = CARTESIAN_POINT('', (7.4399920886673385, 19.0500002, 13.0));
#3852 = CARTESIAN_POINT('', (-12.8749973125, 19.0500002, 13.0));
#3853 = CARTESIAN_POINT('', (-21.499999900000006, 19.0500002, 13.0));
#3854 = PLANE('', #3855);
#3855 = AXIS2_PLACEMENT_3D('', #3856, #3857, #3858);
#3856 = CARTESIAN_POINT('', (30.750000000000085, 29.239590861319385, 13.0));
#3857 = DIRECTION('', (0.0, 0.0, 0.9999999999999999));
#3858 = DIRECTION('', (-1.0, 0.0, 0.0));
#3859 = PLANE('', #3860);
#3860 = AXIS2_PLACEMENT_3D('', #3861, #3862, #3863);
#3861 = CARTESIAN_POINT('', (13.000000099999994, 19.0500002, 10.0000003));
#3862 = DIRECTION('', (0.0, 1.0, -0.0));
#3863 = DIRECTION('', (-1.0, 0.0, 0.0));
#3864 = SURFACE_CURVE('', #3865, (#3467, #3502), .CURVE_3D.);
#3865 = INTERSECTION_CURVE('', #3866, (#3870, #3875), .CURVE_3D.);
#3866 = B_SPLINE_CURVE_WITH_KNOTS('', 1, (#3867, #3868, #3869), .UNSPECIFIED., .U., .U., (2, 1, 2), (0.0, 0.5, 1.0), .UNSPECIFIED.);
#3867 = CARTESIAN_POINT('', (13.000000099999994, 19.0500002, 13.0));
#3868 = CARTESIAN_POINT('', (13.237499993116103, 19.287209387064806, 13.0));
#3869 = CARTESIAN_POINT('', (13.94999938746463, 19.998836663608287, 13.0));
#3870 = PLANE('', #3871);
#3871 = AXIS2_PLACEMENT_3D('', #3872, #3873, #3874);
#3872 = CARTESIAN_POINT('', (30.750000000000085, 29.239590861319385, 13.0));
#3873 = DIRECTION('', (0.0, 0.0, 0.9999999999999999));
#3874 = DIRECTION('', (-1.0, 0.0, 0.0));
#3875 = PLANE('', #3876);
#3876 = AXIS2_PLACEMENT_3D('', #3877, #3878, #3879);
#3877 = CARTESIAN_POINT('', (13.94999938746463, 19.998836663608273, 10.0000003));
#3878 = DIRECTION('', (-0.7066736251094546, 0.7075396720853623, 0.0));
#3879 = DIRECTION('', (-0.7075396720853623, -0.7066736251094546, 0.0));
#3880 = SURFACE_CURVE('', #3881, (#3467, #3497), .CURVE_3D.);
#3881 = INTERSECTION_CURVE('', #3882, (#3895, #3900), .CURVE_3D.);
#3882 = B_SPLINE_CURVE_WITH_KNOTS('', 1, (#3883, #3884, #3885, #3886, #3887, #3888, #3889, #3890, #3891, #3892, #3893, #3894), .UNSPECIFIED., .U., .U., (2, 1, 1, 1, 1, 1, 1, 1, 1, 1, 1, 2), (0.0, 0.09090909090909091, 0.18181818181818182, 0.2727272727272727, 0.36363636363636365, 0.45454545454545453, 0.5454545454545454, 0.6363636363636364, 0.7272727272727273, 0.8181818181818182, 0.9090909090909091, 1.0), .UNSPECIFIED.);
#3883 = CARTESIAN_POINT('', (13.972304522087256, 20.569585482817217, 13.0));
#3884 = CARTESIAN_POINT('', (13.95575263316789, 20.28442242411181, 13.0));
#3885 = CARTESIAN_POINT('', (13.95457972134713, 20.252700890900513, 13.0));
#3886 = CARTESIAN_POINT('', (13.953737485033514, 20.22732220808396, 13.0));
#3887 = CARTESIAN_POINT('', (13.953111894089545, 20.206556551771087, 13.0));
#3888 = CARTESIAN_POINT('', (13.952634228695246, 20.18925095862197, 13.0));
#3889 = CARTESIAN_POINT('', (13.95226105008905, 20.174607139916134, 13.0));
#3890 = CARTESIAN_POINT('', (13.951963799184028, 20.162054839693752, 13.0));
#3891 = CARTESIAN_POINT('', (13.951723068386883, 20.151175839313055, 13.0));
#3892 = CARTESIAN_POINT('', (13.95152529170332, 20.14165645485471, 13.0));
#3893 = CARTESIAN_POINT('', (13.950000734877676, 19.999878143584667, 13.0));
#3894 = CARTESIAN_POINT('', (13.94999938746463, 19.998836663608287, 13.0));
#3895 = PLANE('', #3896);
#3896 = AXIS2_PLACEMENT_3D('', #3897, #3898, #3899);
#3897 = CARTESIAN_POINT('', (30.750000000000085, 29.239590861319385, 13.0));
#3898 = DIRECTION('', (0.0, 0.0, 0.9999999999999999));
#3899 = DIRECTION('', (-1.0, 0.0, 0.0));
#3900 = CYLINDRICAL_SURFACE('', #3901, 7.5500031876601605);
#3901 = AXIS2_PLACEMENT_3D('', #3902, #3903, #3904);
#3902 = CARTESIAN_POINT('', (21.499996912340293, 19.989589607327645, 14.0000003));
#3903 = DIRECTION('', (0.0, 0.0, 1.0));
#3904 = DIRECTION('', (-6.1221598933E-4, -0.9999998125957736, 0.0));
#3905 = SURFACE_CURVE('', #3906, (#3467, #3497), .CURVE_3D.);
#3906 = INTERSECTION_CURVE('', #3907, (#3941, #3946), .CURVE_3D.);
#3907 = B_SPLINE_CURVE_WITH_KNOTS('', 1, (#3908, #3909, #3910, #3911, #3912, #3913, #3914, #3915, #3916, #3917, #3918, #3919, #3920, #3921, #3922, #3923, #3924, #3925, #3926, #3927, #3928, #3929, #3930, #3931, #3932, #3933, #3934, #3935, #3936, #3937, #3938, #3939, #3940), .UNSPECIFIED., .U., .U., (2, 1, 1, 1, 1, 1, 1, 1, 1, 1, 1, 1, 1, 1, 1, 1, 1, 1, 1, 1, 1, 1, 1, 1, 1, 1, 1, 1, 1, 1, 1, 1, 2), (0.0, 0.03125, 0.0625, 0.09375, 0.125, 0.15625, 0.1875, 0.21875, 0.25, 0.28125, 0.3125, 0.34375, 0.375, 0.40625, 0.4375, 0.46875, 0.5, 0.53125, 0.5625, 0.59375, 0.625, 0.65625, 0.6875, 0.71875, 0.75, 0.78125, 0.8125, 0.84375, 0.875, 0.90625, 0.9375, 0.96875, 1.0), .UNSPECIFIED.);
#3908 = CARTESIAN_POINT('', (13.972304509176212, 20.56958548405808, 13.0));
#3909 = CARTESIAN_POINT('', (13.984242218900704, 20.707906752966778, 13.0));
#3910 = CARTESIAN_POINT('', (13.98581325849679, 20.724158970961696, 13.0));
#3911 = CARTESIAN_POINT('', (13.987475003616339, 20.74096348538123, 13.0));
#3912 = CARTESIAN_POINT('', (13.989234271169465, 20.75835009126999, 13.0));
#3913 = CARTESIAN_POINT('', (13.991098531974615, 20.77635084621815, 13.0));
#3914 = CARTESIAN_POINT('', (13.993075988544717, 20.795000296081497, 13.0));
#3915 = CARTESIAN_POINT('', (13.994109950237657, 20.804579819426095, 13.0));
#3916 = CARTESIAN_POINT('', (13.99517566406655, 20.814335728953807, 13.0));
#3917 = CARTESIAN_POINT('', (13.996274402900696, 20.824273161141917, 13.0));
#3918 = CARTESIAN_POINT('', (13.99740750448268, 20.834397461683395, 13.0));
#3919 = CARTESIAN_POINT('', (13.998576375553995, 20.84471419705679, 13.0));
#3920 = CARTESIAN_POINT('', (13.99963132435579, 20.853918352803802, 13.0));
#3921 = CARTESIAN_POINT('', (13.999783779321263, 20.855240283390103, 13.0));
#3922 = CARTESIAN_POINT('', (14.001039898082439, 20.866055141157474, 13.0));
#3923 = CARTESIAN_POINT('', (14.00233800071888, 20.877091144600996, 13.0));
#3924 = CARTESIAN_POINT('', (14.003679944621382, 20.888355457350926, 13.0));
#3925 = CARTESIAN_POINT('', (14.005067692162697, 20.899855567477033, 13.0));
#3926 = CARTESIAN_POINT('', (14.006503318018872, 20.91159930659464, 13.0));
#3927 = CARTESIAN_POINT('', (14.007989017103057, 20.923594870364866, 13.0));
#3928 = CARTESIAN_POINT('', (14.00952711317197, 20.935850840510966, 13.0));
#3929 = CARTESIAN_POINT('', (14.011120068172005, 20.948376208484774, 13.0));
#3930 = CARTESIAN_POINT('', (14.01277049239934, 20.96118040093208, 13.0));
#3931 = CARTESIAN_POINT('', (14.014481155557576, 20.974273307119915, 13.0));
#3932 = CARTESIAN_POINT('', (14.016254998805778, 20.987665308507275, 13.0));
#3933 = CARTESIAN_POINT('', (14.018095147901136, 21.001367310660115, 13.0));
#3934 = CARTESIAN_POINT('', (14.020004927553543, 21.01539077773276, 13.0));
#3935 = CARTESIAN_POINT('', (14.021987877122655, 21.029747769763517, 13.0));
#3936 = CARTESIAN_POINT('', (14.024047767805655, 21.044450983059363, 13.0));
#3937 = CARTESIAN_POINT('', (14.026188621481992, 21.059513793976464, 13.0));
#3938 = CARTESIAN_POINT('', (14.028414731457815, 21.074950306817854, 13.0));
#3939 = CARTESIAN_POINT('', (14.037693963847516, 21.137014044314554, 13.0));
#3940 = CARTESIAN_POINT('', (14.086437816033254, 21.41846666965374, 13.0));
#3941 = PLANE('', #3942);
#3942 = AXIS2_PLACEMENT_3D('', #3943, #3944, #3945);
#3943 = CARTESIAN_POINT('', (30.750000000000085, 29.239590861319385, 13.0));
#3944 = DIRECTION('', (0.0, 0.0, 0.9999999999999999));
#3945 = DIRECTION('', (-1.0, 0.0, 0.0));
#3946 = CYLINDRICAL_SURFACE('', #3947, 7.5500031876601605);
#3947 = AXIS2_PLACEMENT_3D('', #3948, #3949, #3950);
#3948 = CARTESIAN_POINT('', (21.499996912340293, 19.989589607327645, 14.0000003));
#3949 = DIRECTION('', (0.0, 0.0, 1.0));
#3950 = DIRECTION('', (-6.1221598933E-4, -0.9999998125957736, 0.0));
#3951 = SURFACE_CURVE('', #3952, (#3467, #3497), .CURVE_3D.);
#3952 = INTERSECTION_CURVE('', #3953, (#3956, #3961), .CURVE_3D.);
#3953 = B_SPLINE_CURVE_WITH_KNOTS('', 1, (#3954, #3955), .UNSPECIFIED., .U., .U., (2, 2), (0.0, 1.0), .UNSPECIFIED.);
#3954 = CARTESIAN_POINT('', (14.086437816033254, 21.41846666965374, 13.0));
#3955 = CARTESIAN_POINT('', (14.145793511944333, 21.69787538068725, 13.0));
#3956 = PLANE('', #3957);
#3957 = AXIS2_PLACEMENT_3D('', #3958, #3959, #3960);
#3958 = CARTESIAN_POINT('', (30.750000000000085, 29.239590861319385, 13.0));
#3959 = DIRECTION('', (0.0, 0.0, 0.9999999999999999));
#3960 = DIRECTION('', (-1.0, 0.0, 0.0));
#3961 = CYLINDRICAL_SURFACE('', #3962, 7.5500031876601605);
#3962 = AXIS2_PLACEMENT_3D('', #3963, #3964, #3965);
#3963 = CARTESIAN_POINT('', (21.499996912340293, 19.989589607327645, 14.0000003));
#3964 = DIRECTION('', (0.0, 0.0, 1.0));
#3965 = DIRECTION('', (-6.1221598933E-4, -0.9999998125957736, 0.0));
#3966 = SURFACE_CURVE('', #3967, (#3467, #3497), .CURVE_3D.);
#3967 = INTERSECTION_CURVE('', #3968, (#3972, #3977), .CURVE_3D.);
#3968 = B_SPLINE_CURVE_WITH_KNOTS('', 1, (#3969, #3970, #3971), .UNSPECIFIED., .U., .U., (2, 1, 2), (0.0, 0.5, 1.0), .UNSPECIFIED.);
#3969 = CARTESIAN_POINT('', (14.145793499367926, 21.697875383860477, 13.0));
#3970 = CARTESIAN_POINT('', (14.21567566458944, 21.974838229854285, 13.0));
#3971 = CARTESIAN_POINT('', (14.295984208797961, 22.248958789395743, 13.0));
#3972 = PLANE('', #3973);
#3973 = AXIS2_PLACEMENT_3D('', #3974, #3975, #3976);
#3974 = CARTESIAN_POINT('', (30.750000000000085, 29.239590861319385, 13.0));
#3975 = DIRECTION('', (0.0, 0.0, 0.9999999999999999));
#3976 = DIRECTION('', (-1.0, 0.0, 0.0));
#3977 = CYLINDRICAL_SURFACE('', #3978, 7.5500031876601605);
#3978 = AXIS2_PLACEMENT_3D('', #3979, #3980, #3981);
#3979 = CARTESIAN_POINT('', (21.499996912340293, 19.989589607327645, 14.0000003));
#3980 = DIRECTION('', (0.0, 0.0, 1.0));
#3981 = DIRECTION('', (-6.1221598933E-4, -0.9999998125957736, 0.0));
#3982 = SURFACE_CURVE('', #3983, (#3467, #3497), .CURVE_3D.);
#3983 = INTERSECTION_CURVE('', #3984, (#3988, #3993), .CURVE_3D.);
#3984 = B_SPLINE_CURVE_WITH_KNOTS('', 1, (#3985, #3986, #3987), .UNSPECIFIED., .U., .U., (2, 1, 2), (0.0, 0.5, 1.0), .UNSPECIFIED.);
#3985 = CARTESIAN_POINT('', (14.295984208797961, 22.248958789395743, 13.0));
#3986 = CARTESIAN_POINT('', (14.386604795745313, 22.519846655384796, 13.0));
#3987 = CARTESIAN_POINT('', (14.48740684419468, 22.787111487460834, 13.0));
#3988 = PLANE('', #3989);
#3989 = AXIS2_PLACEMENT_3D('', #3990, #3991, #3992);
#3990 = CARTESIAN_POINT('', (30.750000000000085, 29.239590861319385, 13.0));
#3991 = DIRECTION('', (0.0, 0.0, 0.9999999999999999));
#3992 = DIRECTION('', (-1.0, 0.0, 0.0));
#3993 = CYLINDRICAL_SURFACE('', #3994, 7.5500031876601605);
#3994 = AXIS2_PLACEMENT_3D('', #3995, #3996, #3997);
#3995 = CARTESIAN_POINT('', (21.499996912340293, 19.989589607327645, 14.0000003));
#3996 = DIRECTION('', (0.0, 0.0, 1.0));
#3997 = DIRECTION('', (-6.1221598933E-4, -0.9999998125957736, 0.0));
#3998 = SURFACE_CURVE('', #3999, (#3467, #3497), .CURVE_3D.);
#3999 = INTERSECTION_CURVE('', #4000, (#4003, #4008), .CURVE_3D.);
#4000 = B_SPLINE_CURVE_WITH_KNOTS('', 1, (#4001, #4002), .UNSPECIFIED., .U., .U., (2, 2), (0.0, 1.0), .UNSPECIFIED.);
#4001 = CARTESIAN_POINT('', (14.598247047532936, 23.05037328826458, 13.0));
#4002 = CARTESIAN_POINT('', (14.48740684419468, 22.787111487460834, 13.0));
#4003 = PLANE('', #4004);
#4004 = AXIS2_PLACEMENT_3D('', #4005, #4006, #4007);
#4005 = CARTESIAN_POINT('', (30.750000000000085, 29.239590861319385, 13.0));
#4006 = DIRECTION('', (0.0, 0.0, 0.9999999999999999));
#4007 = DIRECTION('', (-1.0, 0.0, 0.0));
#4008 = CYLINDRICAL_SURFACE('', #4009, 7.5500031876601605);
#4009 = AXIS2_PLACEMENT_3D('', #4010, #4011, #4012);
#4010 = CARTESIAN_POINT('', (21.499996912340293, 19.989589607327645, 14.0000003));
#4011 = DIRECTION('', (0.0, 0.0, 1.0));
#4012 = DIRECTION('', (-6.1221598933E-4, -0.9999998125957736, 0.0));
#4013 = SURFACE_CURVE('', #4014, (#3467, #3497), .CURVE_3D.);
#4014 = INTERSECTION_CURVE('', #4015, (#4018, #4023), .CURVE_3D.);
#4015 = B_SPLINE_CURVE_WITH_KNOTS('', 1, (#4016, #4017), .UNSPECIFIED., .U., .U., (2, 2), (0.0, 1.0), .UNSPECIFIED.);
#4016 = CARTESIAN_POINT('', (14.59824703577766, 23.05037329374622, 13.0));
#4017 = CARTESIAN_POINT('', (14.718965966503134, 23.309253332685557, 13.0));
#4018 = PLANE('', #4019);
#4019 = AXIS2_PLACEMENT_3D('', #4020, #4021, #4022);
#4020 = CARTESIAN_POINT('', (30.750000000000085, 29.239590861319385, 13.0));
#4021 = DIRECTION('', (0.0, 0.0, 0.9999999999999999));
#4022 = DIRECTION('', (-1.0, 0.0, 0.0));
#4023 = CYLINDRICAL_SURFACE('', #4024, 7.5500031876601605);
#4024 = AXIS2_PLACEMENT_3D('', #4025, #4026, #4027);
#4025 = CARTESIAN_POINT('', (21.499996912340293, 19.989589607327645, 14.0000003));
#4026 = DIRECTION('', (0.0, 0.0, 1.0));
#4027 = DIRECTION('', (-6.1221598933E-4, -0.9999998125957736, 0.0));
#4028 = SURFACE_CURVE('', #4029, (#3467, #3497), .CURVE_3D.);
#4029 = INTERSECTION_CURVE('', #4030, (#4033, #4038), .CURVE_3D.);
#4030 = B_SPLINE_CURVE_WITH_KNOTS('', 1, (#4031, #4032), .UNSPECIFIED., .U., .U., (2, 2), (0.0, 1.0), .UNSPECIFIED.);
#4031 = CARTESIAN_POINT('', (14.718965954963608, 23.309253338607917, 13.0));
#4032 = CARTESIAN_POINT('', (14.84939073739622, 23.563381100892215, 13.0));
#4033 = PLANE('', #4034);
#4034 = AXIS2_PLACEMENT_3D('', #4035, #4036, #4037);
#4035 = CARTESIAN_POINT('', (30.750000000000085, 29.239590861319385, 13.0));
#4036 = DIRECTION('', (0.0, 0.0, 0.9999999999999999));
#4037 = DIRECTION('', (-1.0, 0.0, 0.0));
#4038 = CYLINDRICAL_SURFACE('', #4039, 7.5500031876601605);
#4039 = AXIS2_PLACEMENT_3D('', #4040, #4041, #4042);
#4040 = CARTESIAN_POINT('', (21.499996912340293, 19.989589607327645, 14.0000003));
#4041 = DIRECTION('', (0.0, 0.0, 1.0));
#4042 = DIRECTION('', (-6.1221598933E-4, -0.9999998125957736, 0.0));
#4043 = SURFACE_CURVE('', #4044, (#3467, #3497), .CURVE_3D.);
#4044 = INTERSECTION_CURVE('', #4045, (#4053, #4058), .CURVE_3D.);
#4045 = B_SPLINE_CURVE_WITH_KNOTS('', 1, (#4046, #4047, #4048, #4049, #4050, #4051, #4052), .UNSPECIFIED., .U., .U., (2, 1, 1, 1, 1, 1, 2), (0.0, 0.16666666666666666, 0.3333333333333333, 0.5, 0.6666666666666666, 0.8333333333333334, 1.0), .UNSPECIFIED.);
#4046 = CARTESIAN_POINT('', (14.84939073739622, 23.563381100892215, 13.0));
#4047 = CARTESIAN_POINT('', (14.989335669716922, 23.812394639954945, 13.0));
#4048 = CARTESIAN_POINT('', (15.138599465247694, 24.055935713330214, 13.0));
#4049 = CARTESIAN_POINT('', (15.296968796311461, 24.293656326772677, 13.0));
#4050 = CARTESIAN_POINT('', (15.464216977249379, 24.525216213303096, 13.0));
#4051 = CARTESIAN_POINT('', (15.640104613452507, 24.750283924243405, 13.0));
#4052 = CARTESIAN_POINT('', (15.824379491853506, 24.968536788202883, 13.0));
#4053 = PLANE('', #4054);
#4054 = AXIS2_PLACEMENT_3D('', #4055, #4056, #4057);
#4055 = CARTESIAN_POINT('', (30.750000000000085, 29.239590861319385, 13.0));
#4056 = DIRECTION('', (0.0, 0.0, 0.9999999999999999));
#4057 = DIRECTION('', (-1.0, 0.0, 0.0));
#4058 = CYLINDRICAL_SURFACE('', #4059, 7.5500031876601605);
#4059 = AXIS2_PLACEMENT_3D('', #4060, #4061, #4062);
#4060 = CARTESIAN_POINT('', (21.499996912340293, 19.989589607327645, 14.0000003));
#4061 = DIRECTION('', (0.0, 0.0, 1.0));
#4062 = DIRECTION('', (-6.1221598933E-4, -0.9999998125957736, 0.0));
#4063 = SURFACE_CURVE('', #4064, (#3467, #3497), .CURVE_3D.);
#4064 = INTERSECTION_CURVE('', #4065, (#4068, #4073), .CURVE_3D.);
#4065 = B_SPLINE_CURVE_WITH_KNOTS('', 1, (#4066, #4067), .UNSPECIFIED., .U., .U., (2, 2), (0.0, 1.0), .UNSPECIFIED.);
#4066 = CARTESIAN_POINT('', (16.016779211396596, 25.17966394031326, 13.0));
#4067 = CARTESIAN_POINT('', (15.824379491853506, 24.968536788202883, 13.0));
#4068 = PLANE('', #4069);
#4069 = AXIS2_PLACEMENT_3D('', #4070, #4071, #4072);
#4070 = CARTESIAN_POINT('', (30.750000000000085, 29.239590861319385, 13.0));
#4071 = DIRECTION('', (0.0, 0.0, 0.9999999999999999));
#4072 = DIRECTION('', (-1.0, 0.0, 0.0));
#4073 = CYLINDRICAL_SURFACE('', #4074, 7.5500031876601605);
#4074 = AXIS2_PLACEMENT_3D('', #4075, #4076, #4077);
#4075 = CARTESIAN_POINT('', (21.499996912340293, 19.989589607327645, 14.0000003));
#4076 = DIRECTION('', (0.0, 0.0, 1.0));
#4077 = DIRECTION('', (-6.1221598933E-4, -0.9999998125957736, 0.0));
#4078 = SURFACE_CURVE('', #4079, (#3467, #3497), .CURVE_3D.);
#4079 = INTERSECTION_CURVE('', #4080, (#4083, #4088), .CURVE_3D.);
#4080 = B_SPLINE_CURVE_WITH_KNOTS('', 1, (#4081, #4082), .UNSPECIFIED., .U., .U., (2, 2), (0.0, 1.0), .UNSPECIFIED.);
#4081 = CARTESIAN_POINT('', (16.016779202147063, 25.179663949406148, 13.0));
#4082 = CARTESIAN_POINT('', (16.217027001524656, 25.383361651016074, 13.0));
#4083 = PLANE('', #4084);
#4084 = AXIS2_PLACEMENT_3D('', #4085, #4086, #4087);
#4085 = CARTESIAN_POINT('', (30.750000000000085, 29.239590861319385, 13.0));
#4086 = DIRECTION('', (0.0, 0.0, 0.9999999999999999));
#4087 = DIRECTION('', (-1.0, 0.0, 0.0));
#4088 = CYLINDRICAL_SURFACE('', #4089, 7.5500031876601605);
#4089 = AXIS2_PLACEMENT_3D('', #4090, #4091, #4092);
#4090 = CARTESIAN_POINT('', (21.499996912340293, 19.989589607327645, 14.0000003));
#4091 = DIRECTION('', (0.0, 0.0, 1.0));
#4092 = DIRECTION('', (-6.1221598933E-4, -0.9999998125957736, 0.0));
#4093 = SURFACE_CURVE('', #4094, (#3467, #3497), .CURVE_3D.);
#4094 = INTERSECTION_CURVE('', #4095, (#4101, #4106), .CURVE_3D.);
#4095 = B_SPLINE_CURVE_WITH_KNOTS('', 1, (#4096, #4097, #4098, #4099, #4100), .UNSPECIFIED., .U., .U., (2, 1, 1, 1, 2), (0.0, 0.25, 0.5, 0.75, 1.0), .UNSPECIFIED.);
#4096 = CARTESIAN_POINT('', (16.63991083740666, 25.76731504923768, 13.0));
#4097 = CARTESIAN_POINT('', (16.63232148215252, 25.76092255908368, 13.0));
#4098 = CARTESIAN_POINT('', (16.597181172923342, 25.731100380547858, 13.0));
#4099 = CARTESIAN_POINT('', (16.424836685722823, 25.57933886895276, 13.0));
#4100 = CARTESIAN_POINT('', (16.217026992625676, 25.38336166045235, 13.0));
#4101 = PLANE('', #4102);
#4102 = AXIS2_PLACEMENT_3D('', #4103, #4104, #4105);
#4103 = CARTESIAN_POINT('', (30.750000000000085, 29.239590861319385, 13.0));
#4104 = DIRECTION('', (0.0, 0.0, 0.9999999999999999));
#4105 = DIRECTION('', (-1.0, 0.0, 0.0));
#4106 = CYLINDRICAL_SURFACE('', #4107, 7.5500031876601605);
#4107 = AXIS2_PLACEMENT_3D('', #4108, #4109, #4110);
#4108 = CARTESIAN_POINT('', (21.499996912340293, 19.989589607327645, 14.0000003));
#4109 = DIRECTION('', (0.0, 0.0, 1.0));
#4110 = DIRECTION('', (-6.1221598933E-4, -0.9999998125957736, 0.0));
#4111 = SURFACE_CURVE('', #4112, (#3467, #3497), .CURVE_3D.);
#4112 = INTERSECTION_CURVE('', #4113, (#4118, #4123), .CURVE_3D.);
#4113 = B_SPLINE_CURVE_WITH_KNOTS('', 1, (#4114, #4115, #4116, #4117), .UNSPECIFIED., .U., .U., (2, 1, 1, 2), (0.0, 0.3333333333333333, 0.6666666666666666, 1.0), .UNSPECIFIED.);
#4114 = CARTESIAN_POINT('', (16.861941029650524, 25.94702074521966, 13.0));
#4115 = CARTESIAN_POINT('', (16.8592019940632, 25.944887304351056, 13.0));
#4116 = CARTESIAN_POINT('', (16.81955752621127, 25.91378029352697, 13.0));
#4117 = CARTESIAN_POINT('', (16.63991082924653, 25.767315059319714, 13.0));
#4118 = PLANE('', #4119);
#4119 = AXIS2_PLACEMENT_3D('', #4120, #4121, #4122);
#4120 = CARTESIAN_POINT('', (30.750000000000085, 29.239590861319385, 13.0));
#4121 = DIRECTION('', (0.0, 0.0, 0.9999999999999999));
#4122 = DIRECTION('', (-1.0, 0.0, 0.0));
#4123 = CYLINDRICAL_SURFACE('', #4124, 7.5500031876601605);
#4124 = AXIS2_PLACEMENT_3D('', #4125, #4126, #4127);
#4125 = CARTESIAN_POINT('', (21.499996912340293, 19.989589607327645, 14.0000003));
#4126 = DIRECTION('', (0.0, 0.0, 1.0));
#4127 = DIRECTION('', (-6.1221598933E-4, -0.9999998125957736, 0.0));
#4128 = SURFACE_CURVE('', #4129, (#3467, #3497), .CURVE_3D.);
#4129 = INTERSECTION_CURVE('', #4130, (#4134, #4139), .CURVE_3D.);
#4130 = B_SPLINE_CURVE_WITH_KNOTS('', 1, (#4131, #4132, #4133), .UNSPECIFIED., .U., .U., (2, 1, 2), (0.0, 0.5, 1.0), .UNSPECIFIED.);
#4131 = CARTESIAN_POINT('', (17.090611108861793, 26.11819995339637, 13.0));
#4132 = CARTESIAN_POINT('', (17.05803339823919, 26.09462918730361, 13.0));
#4133 = CARTESIAN_POINT('', (16.861941029650524, 25.94702074521966, 13.0));
#4134 = PLANE('', #4135);
#4135 = AXIS2_PLACEMENT_3D('', #4136, #4137, #4138);
#4136 = CARTESIAN_POINT('', (30.750000000000085, 29.239590861319385, 13.0));
#4137 = DIRECTION('', (0.0, 0.0, 0.9999999999999999));
#4138 = DIRECTION('', (-1.0, 0.0, 0.0));
#4139 = CYLINDRICAL_SURFACE('', #4140, 7.5500031876601605);
#4140 = AXIS2_PLACEMENT_3D('', #4141, #4142, #4143);
#4141 = CARTESIAN_POINT('', (21.499996912340293, 19.989589607327645, 14.0000003));
#4142 = DIRECTION('', (0.0, 0.0, 1.0));
#4143 = DIRECTION('', (-6.1221598933E-4, -0.9999998125957736, 0.0));
#4144 = SURFACE_CURVE('', #4145, (#3467, #3497), .CURVE_3D.);
#4145 = INTERSECTION_CURVE('', #4146, (#4163, #4168), .CURVE_3D.);
#4146 = B_SPLINE_CURVE_WITH_KNOTS('', 1, (#4147, #4148, #4149, #4150, #4151, #4152, #4153, #4154, #4155, #4156, #4157, #4158, #4159, #4160, #4161, #4162), .UNSPECIFIED., .U., .U., (2, 1, 1, 1, 1, 1, 1, 1, 1, 1, 1, 1, 1, 1, 1, 2), (0.0, 0.06666666666666667, 0.13333333333333333, 0.2, 0.26666666666666666, 0.3333333333333333, 0.4, 0.4666666666666667, 0.5333333333333333, 0.6, 0.6666666666666666, 0.7333333333333333, 0.8, 0.8666666666666667, 0.9333333333333333, 1.0), .UNSPECIFIED.);
#4147 = CARTESIAN_POINT('', (18.583107698353558, 26.953374888839875, 13.0));
#4148 = CARTESIAN_POINT('', (18.32177869532029, 26.838054917065364, 13.0));
#4149 = CARTESIAN_POINT('', (18.319528915483374, 26.837010395817856, 13.0));
#4150 = CARTESIAN_POINT('', (18.23295111759836, 26.796127634014738, 13.0));
#4151 = CARTESIAN_POINT('', (18.06499827754709, 26.712931969028958, 13.0));
#4152 = CARTESIAN_POINT('', (17.97127351922086, 26.664217638051937, 13.0));
#4153 = CARTESIAN_POINT('', (17.897915101024182, 26.62491588101338, 13.0));
#4154 = CARTESIAN_POINT('', (17.813134625686672, 26.578185407111533, 13.0));
#4155 = CARTESIAN_POINT('', (17.656080150562673, 26.487808752770775, 13.0));
#4156 = CARTESIAN_POINT('', (17.593224373862142, 26.450214690573986, 13.0));
#4157 = CARTESIAN_POINT('', (17.566548250688072, 26.434008103966818, 13.0));
#4158 = CARTESIAN_POINT('', (17.368285010883255, 26.308727594192362, 13.0));
#4159 = CARTESIAN_POINT('', (17.325592109746367, 26.280606431161402, 13.0));
#4160 = CARTESIAN_POINT('', (17.314564837310286, 26.273275347320435, 13.0));
#4161 = CARTESIAN_POINT('', (17.10367793762495, 26.127580125912402, 13.0));
#4162 = CARTESIAN_POINT('', (17.090611101487212, 26.118199964066434, 13.0));
#4163 = PLANE('', #4164);
#4164 = AXIS2_PLACEMENT_3D('', #4165, #4166, #4167);
#4165 = CARTESIAN_POINT('', (30.750000000000085, 29.239590861319385, 13.0));
#4166 = DIRECTION('', (0.0, 0.0, 0.9999999999999999));
#4167 = DIRECTION('', (-1.0, 0.0, 0.0));
#4168 = CYLINDRICAL_SURFACE('', #4169, 7.5500031876601605);
#4169 = AXIS2_PLACEMENT_3D('', #4170, #4171, #4172);
#4170 = CARTESIAN_POINT('', (21.499996912340293, 19.989589607327645, 14.0000003));
#4171 = DIRECTION('', (0.0, 0.0, 1.0));
#4172 = DIRECTION('', (-6.1221598933E-4, -0.9999998125957736, 0.0));
#4173 = SURFACE_CURVE('', #4174, (#3467, #3497), .CURVE_3D.);
#4174 = INTERSECTION_CURVE('', #4175, (#4180, #4185), .CURVE_3D.);
#4175 = B_SPLINE_CURVE_WITH_KNOTS('', 1, (#4176, #4177, #4178, #4179), .UNSPECIFIED., .U., .U., (2, 1, 1, 2), (0.0, 0.3333333333333333, 0.6666666666666666, 1.0), .UNSPECIFIED.);
#4176 = CARTESIAN_POINT('', (18.848612480729997, 27.058727371545643, 13.0));
#4177 = CARTESIAN_POINT('', (18.7210094107123, 27.00954520544036, 13.0));
#4178 = CARTESIAN_POINT('', (18.607175833785107, 26.963407381054267, 13.0));
#4179 = CARTESIAN_POINT('', (18.583107698353558, 26.953374888839875, 13.0));
#4180 = PLANE('', #4181);
#4181 = AXIS2_PLACEMENT_3D('', #4182, #4183, #4184);
#4182 = CARTESIAN_POINT('', (30.750000000000085, 29.239590861319385, 13.0));
#4183 = DIRECTION('', (0.0, 0.0, 0.9999999999999999));
#4184 = DIRECTION('', (-1.0, 0.0, 0.0));
#4185 = CYLINDRICAL_SURFACE('', #4186, 7.5500031876601605);
#4186 = AXIS2_PLACEMENT_3D('', #4187, #4188, #4189);
#4187 = CARTESIAN_POINT('', (21.499996912340293, 19.989589607327645, 14.0000003));
#4188 = DIRECTION('', (0.0, 0.0, 1.0));
#4189 = DIRECTION('', (-6.1221598933E-4, -0.9999998125957736, 0.0));
#4190 = SURFACE_CURVE('', #4191, (#3467, #3497), .CURVE_3D.);
#4191 = INTERSECTION_CURVE('', #4192, (#4196, #4201), .CURVE_3D.);
#4192 = B_SPLINE_CURVE_WITH_KNOTS('', 1, (#4193, #4194, #4195), .UNSPECIFIED., .U., .U., (2, 1, 2), (0.0, 0.5, 1.0), .UNSPECIFIED.);
#4193 = CARTESIAN_POINT('', (18.848612480729997, 27.058727371545643, 13.000000000000002));
#4194 = CARTESIAN_POINT('', (19.042418828246127, 27.128417108693583, 13.0));
#4195 = CARTESIAN_POINT('', (19.11791303894151, 27.153961481955037, 13.000000000000002));
#4196 = PLANE('', #4197);
#4197 = AXIS2_PLACEMENT_3D('', #4198, #4199, #4200);
#4198 = CARTESIAN_POINT('', (30.750000000000085, 29.239590861319385, 13.0));
#4199 = DIRECTION('', (0.0, 0.0, 0.9999999999999999));
#4200 = DIRECTION('', (-1.0, 0.0, 0.0));
#4201 = CYLINDRICAL_SURFACE('', #4202, 7.5500031876601605);
#4202 = AXIS2_PLACEMENT_3D('', #4203, #4204, #4205);
#4203 = CARTESIAN_POINT('', (21.499996912340293, 19.989589607327645, 14.0000003));
#4204 = DIRECTION('', (0.0, 0.0, 1.0));
#4205 = DIRECTION('', (-6.1221598933E-4, -0.9999998125957736, 0.0));
#4206 = SURFACE_CURVE('', #4207, (#3467, #3497), .CURVE_3D.);
#4207 = INTERSECTION_CURVE('', #4208, (#4214, #4219), .CURVE_3D.);
#4208 = B_SPLINE_CURVE_WITH_KNOTS('', 1, (#4209, #4210, #4211, #4212, #4213), .UNSPECIFIED., .U., .U., (2, 1, 1, 1, 2), (0.0, 0.25, 0.5, 0.75, 1.0), .UNSPECIFIED.);
#4209 = CARTESIAN_POINT('', (19.66635146846454, 27.313542933504166, 12.999999999999998));
#4210 = CARTESIAN_POINT('', (19.571231542897095, 27.28906988220443, 13.0));
#4211 = CARTESIAN_POINT('', (19.390622598632376, 27.238940484361237, 13.0));
#4212 = CARTESIAN_POINT('', (19.191403456886235, 27.177979162096733, 13.0));
#4213 = CARTESIAN_POINT('', (19.11791303508275, 27.153961494338276, 13.0));
#4214 = PLANE('', #4215);
#4215 = AXIS2_PLACEMENT_3D('', #4216, #4217, #4218);
#4216 = CARTESIAN_POINT('', (30.750000000000085, 29.239590861319385, 13.0));
#4217 = DIRECTION('', (0.0, 0.0, 0.9999999999999999));
#4218 = DIRECTION('', (-1.0, 0.0, 0.0));
#4219 = CYLINDRICAL_SURFACE('', #4220, 7.5500031876601605);
#4220 = AXIS2_PLACEMENT_3D('', #4221, #4222, #4223);
#4221 = CARTESIAN_POINT('', (21.499996912340293, 19.989589607327645, 14.0000003));
#4222 = DIRECTION('', (0.0, 0.0, 1.0));
#4223 = DIRECTION('', (-6.1221598933E-4, -0.9999998125957736, 0.0));
#4224 = SURFACE_CURVE('', #4225, (#3467, #3497), .CURVE_3D.);
#4225 = INTERSECTION_CURVE('', #4226, (#4234, #4239), .CURVE_3D.);
#4226 = B_SPLINE_CURVE_WITH_KNOTS('', 1, (#4227, #4228, #4229, #4230, #4231, #4232, #4233), .UNSPECIFIED., .U., .U., (2, 1, 1, 1, 1, 1, 2), (0.0, 0.16666666666666666, 0.3333333333333333, 0.5, 0.6666666666666666, 0.8333333333333334, 1.0), .UNSPECIFIED.);
#4227 = CARTESIAN_POINT('', (20.791512927251887, 27.50627761312859, 13.0));
#4228 = CARTESIAN_POINT('', (20.507688955305184, 27.47409847912968, 13.0));
#4229 = CARTESIAN_POINT('', (20.309974562754917, 27.44521801418685, 13.0));
#4230 = CARTESIAN_POINT('', (20.22528466448975, 27.431206153405412, 13.0));
#4231 = CARTESIAN_POINT('', (19.94470496296671, 27.377662095188896, 13.0));
#4232 = CARTESIAN_POINT('', (19.79638924357812, 27.344878115918817, 13.0));
#4233 = CARTESIAN_POINT('', (19.66635146555302, 27.313542946143713, 13.0));
#4234 = PLANE('', #4235);
#4235 = AXIS2_PLACEMENT_3D('', #4236, #4237, #4238);
#4236 = CARTESIAN_POINT('', (30.750000000000085, 29.239590861319385, 13.0));
#4237 = DIRECTION('', (0.0, 0.0, 0.9999999999999999));
#4238 = DIRECTION('', (-1.0, 0.0, 0.0));
#4239 = CYLINDRICAL_SURFACE('', #4240, 7.5500031876601605);
#4240 = AXIS2_PLACEMENT_3D('', #4241, #4242, #4243);
#4241 = CARTESIAN_POINT('', (21.499996912340293, 19.989589607327645, 14.0000003));
#4242 = DIRECTION('', (0.0, 0.0, 1.0));
#4243 = DIRECTION('', (-6.1221598933E-4, -0.9999998125957736, 0.0));
#4244 = SURFACE_CURVE('', #4245, (#3467, #3497), .CURVE_3D.);
#4245 = INTERSECTION_CURVE('', #4246, (#4251, #4256), .CURVE_3D.);
#4246 = B_SPLINE_CURVE_WITH_KNOTS('', 1, (#4247, #4248, #4249, #4250), .UNSPECIFIED., .U., .U., (2, 1, 1, 2), (0.0, 0.3333333333333333, 0.6666666666666666, 1.0), .UNSPECIFIED.);
#4247 = CARTESIAN_POINT('', (20.791512927251887, 27.50627761312859, 13.0));
#4248 = CARTESIAN_POINT('', (20.872705330438436, 27.513488424095016, 13.0));
#4249 = CARTESIAN_POINT('', (21.07635236819533, 27.527697687867146, 13.0));
#4250 = CARTESIAN_POINT('', (21.36179752005137, 27.53832783737836, 13.0));
#4251 = PLANE('', #4252);
#4252 = AXIS2_PLACEMENT_3D('', #4253, #4254, #4255);
#4253 = CARTESIAN_POINT('', (30.750000000000085, 29.239590861319385, 13.0));
#4254 = DIRECTION('', (0.0, 0.0, 0.9999999999999999));
#4255 = DIRECTION('', (-1.0, 0.0, 0.0));
#4256 = CYLINDRICAL_SURFACE('', #4257, 7.5500031876601605);
#4257 = AXIS2_PLACEMENT_3D('', #4258, #4259, #4260);
#4258 = CARTESIAN_POINT('', (21.499996912340293, 19.989589607327645, 14.0000003));
#4259 = DIRECTION('', (0.0, 0.0, 1.0));
#4260 = DIRECTION('', (-6.1221598933E-4, -0.9999998125957736, 0.0));
#4261 = SURFACE_CURVE('', #4262, (#3467, #3497), .CURVE_3D.);
#4262 = INTERSECTION_CURVE('', #4263, (#4272, #4277), .CURVE_3D.);
#4263 = B_SPLINE_CURVE_WITH_KNOTS('', 1, (#4264, #4265, #4266, #4267, #4268, #4269, #4270, #4271), .UNSPECIFIED., .U., .U., (2, 1, 1, 1, 1, 1, 1, 2), (0.0, 0.14285714285714285, 0.2857142857142857, 0.42857142857142855, 0.5714285714285714, 0.7142857142857143, 0.8571428571428571, 1.0), .UNSPECIFIED.);
#4264 = CARTESIAN_POINT('', (22.78382063140694, 27.429639660387807, 13.0));
#4265 = CARTESIAN_POINT('', (22.699147771652747, 27.44375524476078, 13.0));
#4266 = CARTESIAN_POINT('', (22.50146975405653, 27.47287767347767, 13.0));
#4267 = CARTESIAN_POINT('', (22.217684719853594, 27.505404423076186, 13.0));
#4268 = CARTESIAN_POINT('', (21.937512998080535, 27.526905297173542, 13.0));
#4269 = CARTESIAN_POINT('', (21.932872406363686, 27.527173234747806, 13.0));
#4270 = CARTESIAN_POINT('', (21.64744048637624, 27.538152949193034, 13.0));
#4271 = CARTESIAN_POINT('', (21.361797520059326, 27.538327850348907, 13.0));
#4272 = PLANE('', #4273);
#4273 = AXIS2_PLACEMENT_3D('', #4274, #4275, #4276);
#4274 = CARTESIAN_POINT('', (30.750000000000085, 29.239590861319385, 13.0));
#4275 = DIRECTION('', (0.0, 0.0, 0.9999999999999999));
#4276 = DIRECTION('', (-1.0, 0.0, 0.0));
#4277 = CYLINDRICAL_SURFACE('', #4278, 7.5500031876601605);
#4278 = AXIS2_PLACEMENT_3D('', #4279, #4280, #4281);
#4279 = CARTESIAN_POINT('', (21.499996912340293, 19.989589607327645, 14.0000003));
#4280 = DIRECTION('', (0.0, 0.0, 1.0));
#4281 = DIRECTION('', (-6.1221598933E-4, -0.9999998125957736, 0.0));
#4282 = SURFACE_CURVE('', #4283, (#3467, #3497), .CURVE_3D.);
#4283 = INTERSECTION_CURVE('', #4284, (#4288, #4293), .CURVE_3D.);
#4284 = B_SPLINE_CURVE_WITH_KNOTS('', 1, (#4285, #4286, #4287), .UNSPECIFIED., .U., .U., (2, 1, 2), (0.0, 0.5, 1.0), .UNSPECIFIED.);
#4285 = CARTESIAN_POINT('', (23.0643352245269, 27.37575191145308, 13.0));
#4286 = CARTESIAN_POINT('', (23.007702002702388, 27.38751995940416, 13.0));
#4287 = CARTESIAN_POINT('', (22.78382063140694, 27.429639660387807, 13.0));
#4288 = PLANE('', #4289);
#4289 = AXIS2_PLACEMENT_3D('', #4290, #4291, #4292);
#4290 = CARTESIAN_POINT('', (30.750000000000085, 29.239590861319385, 13.0));
#4291 = DIRECTION('', (0.0, 0.0, 0.9999999999999999));
#4292 = DIRECTION('', (-1.0, 0.0, 0.0));
#4293 = CYLINDRICAL_SURFACE('', #4294, 7.5500031876601605);
#4294 = AXIS2_PLACEMENT_3D('', #4295, #4296, #4297);
#4295 = CARTESIAN_POINT('', (21.499996912340293, 19.989589607327645, 14.0000003));
#4296 = DIRECTION('', (0.0, 0.0, 1.0));
#4297 = DIRECTION('', (-6.1221598933E-4, -0.9999998125957736, 0.0));
#4298 = SURFACE_CURVE('', #4299, (#3467, #3497), .CURVE_3D.);
#4299 = INTERSECTION_CURVE('', #4300, (#4305, #4310), .CURVE_3D.);
#4300 = B_SPLINE_CURVE_WITH_KNOTS('', 1, (#4301, #4302, #4303, #4304), .UNSPECIFIED., .U., .U., (2, 1, 1, 2), (0.0, 0.3333333333333333, 0.6666666666666666, 1.0), .UNSPECIFIED.);
#4301 = CARTESIAN_POINT('', (23.61824663785694, 27.236352073010323, 13.0));
#4302 = CARTESIAN_POINT('', (23.43769900177341, 27.286702649228886, 13.0));
#4303 = CARTESIAN_POINT('', (23.34260999498349, 27.311291947722992, 13.0));
#4304 = CARTESIAN_POINT('', (23.064335227453938, 27.37575192408903, 13.0));
#4305 = PLANE('', #4306);
#4306 = AXIS2_PLACEMENT_3D('', #4307, #4308, #4309);
#4307 = CARTESIAN_POINT('', (30.750000000000085, 29.239590861319385, 13.0));
#4308 = DIRECTION('', (0.0, 0.0, 0.9999999999999999));
#4309 = DIRECTION('', (-1.0, 0.0, 0.0));
#4310 = CYLINDRICAL_SURFACE('', #4311, 7.5500031876601605);
#4311 = AXIS2_PLACEMENT_3D('', #4312, #4313, #4314);
#4312 = CARTESIAN_POINT('', (21.499996912340293, 19.989589607327645, 14.0000003));
#4313 = DIRECTION('', (0.0, 0.0, 1.0));
#4314 = DIRECTION('', (-6.1221598933E-4, -0.9999998125957736, 0.0));
#4315 = SURFACE_CURVE('', #4316, (#3467, #3497), .CURVE_3D.);
#4316 = INTERSECTION_CURVE('', #4317, (#4321, #4326), .CURVE_3D.);
#4317 = B_SPLINE_CURVE_WITH_KNOTS('', 1, (#4318, #4319, #4320), .UNSPECIFIED., .U., .U., (2, 1, 2), (0.0, 0.5, 1.0), .UNSPECIFIED.);
#4318 = CARTESIAN_POINT('', (23.61824663785694, 27.236352073010323, 13.0));
#4319 = CARTESIAN_POINT('', (23.620009375109248, 27.235836587067098, 13.0));
#4320 = CARTESIAN_POINT('', (23.890852584768055, 27.15103897819374, 13.000000000000002));
#4321 = PLANE('', #4322);
#4322 = AXIS2_PLACEMENT_3D('', #4323, #4324, #4325);
#4323 = CARTESIAN_POINT('', (30.750000000000085, 29.239590861319385, 13.0));
#4324 = DIRECTION('', (0.0, 0.0, 0.9999999999999999));
#4325 = DIRECTION('', (-1.0, 0.0, 0.0));
#4326 = CYLINDRICAL_SURFACE('', #4327, 7.5500031876601605);
#4327 = AXIS2_PLACEMENT_3D('', #4328, #4329, #4330);
#4328 = CARTESIAN_POINT('', (21.499996912340293, 19.989589607327645, 14.0000003));
#4329 = DIRECTION('', (0.0, 0.0, 1.0));
#4330 = DIRECTION('', (-6.1221598933E-4, -0.9999998125957736, 0.0));
#4331 = SURFACE_CURVE('', #4332, (#3467, #3497), .CURVE_3D.);
#4332 = INTERSECTION_CURVE('', #4333, (#4340, #4345), .CURVE_3D.);
#4333 = B_SPLINE_CURVE_WITH_KNOTS('', 1, (#4334, #4335, #4336, #4337, #4338, #4339), .UNSPECIFIED., .U., .U., (2, 1, 1, 1, 1, 2), (0.0, 0.2, 0.4, 0.6, 0.8, 1.0), .UNSPECIFIED.);
#4334 = CARTESIAN_POINT('', (23.890852589107425, 27.15103899041685, 13.0));
#4335 = CARTESIAN_POINT('', (23.96631460089577, 27.125402468718903, 13.0));
#4336 = CARTESIAN_POINT('', (24.094269300896002, 27.079885715929592, 13.0));
#4337 = CARTESIAN_POINT('', (24.160035674846796, 27.055475391547574, 13.0));
#4338 = CARTESIAN_POINT('', (24.40135524327593, 26.95985990116769, 13.0));
#4339 = CARTESIAN_POINT('', (24.425411246423437, 26.94979785937005, 12.999999999999998));
#4340 = PLANE('', #4341);
#4341 = AXIS2_PLACEMENT_3D('', #4342, #4343, #4344);
#4342 = CARTESIAN_POINT('', (30.750000000000085, 29.239590861319385, 13.0));
#4343 = DIRECTION('', (0.0, 0.0, 0.9999999999999999));
#4344 = DIRECTION('', (-1.0, 0.0, 0.0));
#4345 = CYLINDRICAL_SURFACE('', #4346, 7.5500031876601605);
#4346 = AXIS2_PLACEMENT_3D('', #4347, #4348, #4349);
#4347 = CARTESIAN_POINT('', (21.499996912340293, 19.989589607327645, 14.0000003));
#4348 = DIRECTION('', (0.0, 0.0, 1.0));
#4349 = DIRECTION('', (-6.1221598933E-4, -0.9999998125957736, 0.0));
#4350 = SURFACE_CURVE('', #4351, (#3467, #3497), .CURVE_3D.);
#4351 = INTERSECTION_CURVE('', #4352, (#4356, #4361), .CURVE_3D.);
#4352 = B_SPLINE_CURVE_WITH_KNOTS('', 1, (#4353, #4354, #4355), .UNSPECIFIED., .U., .U., (2, 1, 2), (0.0, 0.5, 1.0), .UNSPECIFIED.);
#4353 = CARTESIAN_POINT('', (24.42541125167446, 26.949797871230146, 13.0));
#4354 = CARTESIAN_POINT('', (24.49911933559943, 26.918356656664983, 13.0));
#4355 = CARTESIAN_POINT('', (24.686599462334385, 26.83415768181048, 12.999999999999998));
#4356 = PLANE('', #4357);
#4357 = AXIS2_PLACEMENT_3D('', #4358, #4359, #4360);
#4358 = CARTESIAN_POINT('', (30.750000000000085, 29.239590861319385, 13.0));
#4359 = DIRECTION('', (0.0, 0.0, 0.9999999999999999));
#4360 = DIRECTION('', (-1.0, 0.0, 0.0));
#4361 = CYLINDRICAL_SURFACE('', #4362, 7.5500031876601605);
#4362 = AXIS2_PLACEMENT_3D('', #4363, #4364, #4365);
#4363 = CARTESIAN_POINT('', (21.499996912340293, 19.989589607327645, 14.0000003));
#4364 = DIRECTION('', (0.0, 0.0, 1.0));
#4365 = DIRECTION('', (-6.1221598933E-4, -0.9999998125957736, 0.0));
#4366 = SURFACE_CURVE('', #4367, (#3467, #3497), .CURVE_3D.);
#4367 = INTERSECTION_CURVE('', #4368, (#4386, #4391), .CURVE_3D.);
#4368 = B_SPLINE_CURVE_WITH_KNOTS('', 1, (#4369, #4370, #4371, #4372, #4373, #4374, #4375, #4376, #4377, #4378, #4379, #4380, #4381, #4382, #4383, #4384, #4385), .UNSPECIFIED., .U., .U., (2, 1, 1, 1, 1, 1, 1, 1, 1, 1, 1, 1, 1, 1, 1, 1, 2), (0.0, 0.0625, 0.125, 0.1875, 0.25, 0.3125, 0.375, 0.4375, 0.5, 0.5625, 0.625, 0.6875, 0.75, 0.8125, 0.875, 0.9375, 1.0), .UNSPECIFIED.);
#4369 = CARTESIAN_POINT('', (24.686599468030266, 26.834157693463453, 13.0));
#4370 = CARTESIAN_POINT('', (24.775374823362938, 26.792122052944023, 13.0));
#4371 = CARTESIAN_POINT('', (24.85588210701428, 26.75276805343171, 13.0));
#4372 = CARTESIAN_POINT('', (24.943226466030865, 26.708720382529933, 13.0));
#4373 = CARTESIAN_POINT('', (25.11020095081153, 26.6205001733272, 13.0));
#4374 = CARTESIAN_POINT('', (25.178780629855225, 26.582699533108155, 13.0));
#4375 = CARTESIAN_POINT('', (25.194924916599803, 26.573665486068506, 13.0));
#4376 = CARTESIAN_POINT('', (25.414677534778207, 26.445426017738583, 13.0));
#4377 = CARTESIAN_POINT('', (25.4413345452528, 26.42918631807484, 13.0));
#4378 = CARTESIAN_POINT('', (25.471818040232478, 26.410429510463985, 13.0));
#4379 = CARTESIAN_POINT('', (25.682102647784745, 26.27548968219689, 13.0));
#4380 = CARTESIAN_POINT('', (25.69312018062962, 26.268145602985342, 13.0));
#4381 = CARTESIAN_POINT('', (25.741634776655047, 26.235472760388546, 13.0));
#4382 = CARTESIAN_POINT('', (25.916884595121473, 26.112795575721535, 13.0));
#4383 = CARTESIAN_POINT('', (25.949432678902525, 26.089185454014157, 13.0));
#4384 = CARTESIAN_POINT('', (25.992089119493983, 26.05783941564205, 13.0));
#4385 = CARTESIAN_POINT('', (26.14534378609474, 25.94133729655124, 13.0));
#4386 = PLANE('', #4387);
#4387 = AXIS2_PLACEMENT_3D('', #4388, #4389, #4390);
#4388 = CARTESIAN_POINT('', (30.750000000000085, 29.239590861319385, 13.0));
#4389 = DIRECTION('', (0.0, 0.0, 0.9999999999999999));
#4390 = DIRECTION('', (-1.0, 0.0, 0.0));
#4391 = CYLINDRICAL_SURFACE('', #4392, 7.5500031876601605);
#4392 = AXIS2_PLACEMENT_3D('', #4393, #4394, #4395);
#4393 = CARTESIAN_POINT('', (21.499996912340293, 19.989589607327645, 14.0000003));
#4394 = DIRECTION('', (0.0, 0.0, 1.0));
#4395 = DIRECTION('', (-6.1221598933E-4, -0.9999998125957736, 0.0));
#4396 = SURFACE_CURVE('', #4397, (#3467, #3497), .CURVE_3D.);
#4397 = INTERSECTION_CURVE('', #4398, (#4403, #4408), .CURVE_3D.);
#4398 = B_SPLINE_CURVE_WITH_KNOTS('', 1, (#4399, #4400, #4401, #4402), .UNSPECIFIED., .U., .U., (2, 1, 1, 2), (0.0, 0.3333333333333333, 0.6666666666666666, 1.0), .UNSPECIFIED.);
#4399 = CARTESIAN_POINT('', (26.14534378609474, 25.94133729655124, 13.0));
#4400 = CARTESIAN_POINT('', (26.187686925147517, 25.90804468255682, 13.0));
#4401 = CARTESIAN_POINT('', (26.22540472367689, 25.877973863661254, 13.0));
#4402 = CARTESIAN_POINT('', (26.367154822511708, 25.761358990741556, 13.0));
#4403 = PLANE('', #4404);
#4404 = AXIS2_PLACEMENT_3D('', #4405, #4406, #4407);
#4405 = CARTESIAN_POINT('', (30.750000000000085, 29.239590861319385, 13.0));
#4406 = DIRECTION('', (0.0, 0.0, 0.9999999999999999));
#4407 = DIRECTION('', (-1.0, 0.0, 0.0));
#4408 = CYLINDRICAL_SURFACE('', #4409, 7.5500031876601605);
#4409 = AXIS2_PLACEMENT_3D('', #4410, #4411, #4412);
#4410 = CARTESIAN_POINT('', (21.499996912340293, 19.989589607327645, 14.0000003));
#4411 = DIRECTION('', (0.0, 0.0, 1.0));
#4412 = DIRECTION('', (-6.1221598933E-4, -0.9999998125957736, 0.0));
#4413 = SURFACE_CURVE('', #4414, (#3467, #3497), .CURVE_3D.);
#4414 = INTERSECTION_CURVE('', #4415, (#4431, #4436), .CURVE_3D.);
#4415 = B_SPLINE_CURVE_WITH_KNOTS('', 1, (#4416, #4417, #4418, #4419, #4420, #4421, #4422, #4423, #4424, #4425, #4426, #4427, #4428, #4429, #4430), .UNSPECIFIED., .U., .U., (2, 1, 1, 1, 1, 1, 1, 1, 1, 1, 1, 1, 1, 1, 2), (0.0, 0.07142857142857142, 0.14285714285714285, 0.21428571428571427, 0.2857142857142857, 0.35714285714285715, 0.42857142857142855, 0.5, 0.5714285714285714, 0.6428571428571429, 0.7142857142857143, 0.7857142857142857, 0.8571428571428571, 0.9285714285714286, 1.0), .UNSPECIFIED.);
#4416 = CARTESIAN_POINT('', (27.70829080460797, 24.286057351988404, 13.0));
#4417 = CARTESIAN_POINT('', (27.655373967269185, 24.361532132719915, 13.0));
#4418 = CARTESIAN_POINT('', (27.541326299367114, 24.517821864083558, 13.0));
#4419 = CARTESIAN_POINT('', (27.536105210455958, 24.524779211643846, 13.0));
#4420 = CARTESIAN_POINT('', (27.41022302316, 24.687650425650816, 13.0));
#4421 = CARTESIAN_POINT('', (27.365714826912097, 24.74310425234033, 13.0));
#4422 = CARTESIAN_POINT('', (27.27817675557523, 24.849135453691474, 13.0));
#4423 = CARTESIAN_POINT('', (27.18170691051165, 24.96158313410926, 13.0));
#4424 = CARTESIAN_POINT('', (27.13999277027085, 25.008851989013294, 13.0));
#4425 = CARTESIAN_POINT('', (26.995514309467353, 25.16663863853762, 13.0));
#4426 = CARTESIAN_POINT('', (26.989566345159943, 25.172945236254776, 13.0));
#4427 = CARTESIAN_POINT('', (26.78956815576464, 25.376888020671444, 13.0));
#4428 = CARTESIAN_POINT('', (26.581998614427903, 25.573119569068453, 13.0));
#4429 = CARTESIAN_POINT('', (26.40983942178147, 25.725092607602605, 13.0));
#4430 = CARTESIAN_POINT('', (26.367154831059338, 25.761359000497222, 13.0));
#4431 = PLANE('', #4432);
#4432 = AXIS2_PLACEMENT_3D('', #4433, #4434, #4435);
#4433 = CARTESIAN_POINT('', (30.750000000000085, 29.239590861319385, 13.0));
#4434 = DIRECTION('', (0.0, 0.0, 0.9999999999999999));
#4435 = DIRECTION('', (-1.0, 0.0, 0.0));
#4436 = CYLINDRICAL_SURFACE('', #4437, 7.5500031876601605);
#4437 = AXIS2_PLACEMENT_3D('', #4438, #4439, #4440);
#4438 = CARTESIAN_POINT('', (21.499996912340293, 19.989589607327645, 14.0000003));
#4439 = DIRECTION('', (0.0, 0.0, 1.0));
#4440 = DIRECTION('', (-6.1221598933E-4, -0.9999998125957736, 0.0));
#4441 = SURFACE_CURVE('', #4442, (#3467, #3497), .CURVE_3D.);
#4442 = INTERSECTION_CURVE('', #4443, (#4447, #4452), .CURVE_3D.);
#4443 = B_SPLINE_CURVE_WITH_KNOTS('', 1, (#4444, #4445, #4446), .UNSPECIFIED., .U., .U., (2, 1, 2), (0.0, 0.5, 1.0), .UNSPECIFIED.);
#4444 = CARTESIAN_POINT('', (27.866368922682284, 24.04814298995214, 13.0));
#4445 = CARTESIAN_POINT('', (27.768840885093084, 24.19721879476323, 13.0));
#4446 = CARTESIAN_POINT('', (27.70829080460797, 24.286057351988404, 13.0));
#4447 = PLANE('', #4448);
#4448 = AXIS2_PLACEMENT_3D('', #4449, #4450, #4451);
#4449 = CARTESIAN_POINT('', (30.750000000000085, 29.239590861319385, 13.0));
#4450 = DIRECTION('', (0.0, 0.0, 0.9999999999999999));
#4451 = DIRECTION('', (-1.0, 0.0, 0.0));
#4452 = CYLINDRICAL_SURFACE('', #4453, 7.5500031876601605);
#4453 = AXIS2_PLACEMENT_3D('', #4454, #4455, #4456);
#4454 = CARTESIAN_POINT('', (21.499996912340293, 19.989589607327645, 14.0000003));
#4455 = DIRECTION('', (0.0, 0.0, 1.0));
#4456 = DIRECTION('', (-6.1221598933E-4, -0.9999998125957736, 0.0));
#4457 = SURFACE_CURVE('', #4458, (#3467, #3497), .CURVE_3D.);
#4458 = INTERSECTION_CURVE('', #4459, (#4464, #4469), .CURVE_3D.);
#4459 = B_SPLINE_CURVE_WITH_KNOTS('', 1, (#4460, #4461, #4462, #4463), .UNSPECIFIED., .U., .U., (2, 1, 1, 2), (0.0, 0.3333333333333333, 0.6666666666666666, 1.0), .UNSPECIFIED.);
#4460 = CARTESIAN_POINT('', (28.015334384765737, 23.804419322280538, 13.0));
#4461 = CARTESIAN_POINT('', (27.9781761003662, 23.867184550266686, 13.0));
#4462 = CARTESIAN_POINT('', (27.87657299644212, 24.032091997845043, 13.0));
#4463 = CARTESIAN_POINT('', (27.866368922682284, 24.04814298995214, 13.000000000000004));
#4464 = PLANE('', #4465);
#4465 = AXIS2_PLACEMENT_3D('', #4466, #4467, #4468);
#4466 = CARTESIAN_POINT('', (30.750000000000085, 29.239590861319385, 13.0));
#4467 = DIRECTION('', (0.0, 0.0, 0.9999999999999999));
#4468 = DIRECTION('', (-1.0, 0.0, 0.0));
#4469 = CYLINDRICAL_SURFACE('', #4470, 7.5500031876601605);
#4470 = AXIS2_PLACEMENT_3D('', #4471, #4472, #4473);
#4471 = CARTESIAN_POINT('', (21.499996912340293, 19.989589607327645, 14.0000003));
#4472 = DIRECTION('', (0.0, 0.0, 1.0));
#4473 = DIRECTION('', (-6.1221598933E-4, -0.9999998125957736, 0.0));
#4474 = SURFACE_CURVE('', #4475, (#3467, #3497), .CURVE_3D.);
#4475 = INTERSECTION_CURVE('', #4476, (#4480, #4485), .CURVE_3D.);
#4476 = B_SPLINE_CURVE_WITH_KNOTS('', 1, (#4477, #4478, #4479), .UNSPECIFIED., .U., .U., (2, 1, 2), (0.0, 0.5, 1.0), .UNSPECIFIED.);
#4477 = CARTESIAN_POINT('', (28.015334384765737, 23.804419322280538, 13.0));
#4478 = CARTESIAN_POINT('', (28.074210739967185, 23.702036331836695, 13.0));
#4479 = CARTESIAN_POINT('', (28.15497427792124, 23.555234598274396, 12.999999999999998));
#4480 = PLANE('', #4481);
#4481 = AXIS2_PLACEMENT_3D('', #4482, #4483, #4484);
#4482 = CARTESIAN_POINT('', (30.750000000000085, 29.239590861319385, 13.0));
#4483 = DIRECTION('', (0.0, 0.0, 0.9999999999999999));
#4484 = DIRECTION('', (-1.0, 0.0, 0.0));
#4485 = CYLINDRICAL_SURFACE('', #4486, 7.5500031876601605);
#4486 = AXIS2_PLACEMENT_3D('', #4487, #4488, #4489);
#4487 = CARTESIAN_POINT('', (21.499996912340293, 19.989589607327645, 14.0000003));
#4488 = DIRECTION('', (0.0, 0.0, 1.0));
#4489 = DIRECTION('', (-6.1221598933E-4, -0.9999998125957736, 0.0));
#4490 = SURFACE_CURVE('', #4491, (#3467, #3497), .CURVE_3D.);
#4491 = INTERSECTION_CURVE('', #4492, (#4497, #4502), .CURVE_3D.);
#4492 = B_SPLINE_CURVE_WITH_KNOTS('', 1, (#4493, #4494, #4495, #4496), .UNSPECIFIED., .U., .U., (2, 1, 1, 2), (0.0, 0.3333333333333333, 0.6666666666666666, 1.0), .UNSPECIFIED.);
#4493 = CARTESIAN_POINT('', (28.154974289467987, 23.55523460418263, 13.0));
#4494 = CARTESIAN_POINT('', (28.164893627722734, 23.536658806957504, 13.0));
#4495 = CARTESIAN_POINT('', (28.24992155891769, 23.372054004657713, 13.0));
#4496 = CARTESIAN_POINT('', (28.285088077902344, 23.300946702669393, 13.000000000000002));
#4497 = PLANE('', #4498);
#4498 = AXIS2_PLACEMENT_3D('', #4499, #4500, #4501);
#4499 = CARTESIAN_POINT('', (30.750000000000085, 29.239590861319385, 13.0));
#4500 = DIRECTION('', (0.0, 0.0, 0.9999999999999999));
#4501 = DIRECTION('', (-1.0, 0.0, 0.0));
#4502 = CYLINDRICAL_SURFACE('', #4503, 7.5500031876601605);
#4503 = AXIS2_PLACEMENT_3D('', #4504, #4505, #4506);
#4504 = CARTESIAN_POINT('', (21.499996912340293, 19.989589607327645, 14.0000003));
#4505 = DIRECTION('', (0.0, 0.0, 1.0));
#4506 = DIRECTION('', (-6.1221598933E-4, -0.9999998125957736, 0.0));
#4507 = SURFACE_CURVE('', #4508, (#3467, #3497), .CURVE_3D.);
#4508 = INTERSECTION_CURVE('', #4509, (#4532, #4537), .CURVE_3D.);
#4509 = B_SPLINE_CURVE_WITH_KNOTS('', 1, (#4510, #4511, #4512, #4513, #4514, #4515, #4516, #4517, #4518, #4519, #4520, #4521, #4522, #4523, #4524, #4525, #4526, #4527, #4528, #4529, #4530, #4531), .UNSPECIFIED., .U., .U., (2, 1, 1, 1, 1, 1, 1, 1, 1, 1, 1, 1, 1, 1, 1, 1, 1, 1, 1, 1, 1, 2), (0.0, 0.047619047619047616, 0.09523809523809523, 0.14285714285714285, 0.19047619047619047, 0.23809523809523808, 0.2857142857142857, 0.3333333333333333, 0.38095238095238093, 0.42857142857142855, 0.47619047619047616, 0.5238095238095238, 0.5714285714285714, 0.6190476190476191, 0.6666666666666666, 0.7142857142857143, 0.7619047619047619, 0.8095238095238095, 0.8571428571428571, 0.9047619047619048, 0.9523809523809523, 1.0), .UNSPECIFIED.);
#4510 = CARTESIAN_POINT('', (28.963699313251027, 21.127875425704545, 13.0));
#4511 = CARTESIAN_POINT('', (28.95679718808401, 21.17224669260085, 13.0));
#4512 = CARTESIAN_POINT('', (28.915300013759577, 21.409388201410678, 13.0));
#4513 = CARTESIAN_POINT('', (28.903676434359113, 21.468804827949086, 13.0));
#4514 = CARTESIAN_POINT('', (28.871919784908584, 21.619712699177654, 13.0));
#4515 = CARTESIAN_POINT('', (28.85628664614245, 21.68886871507759, 13.0));
#4516 = CARTESIAN_POINT('', (28.836503097343297, 21.77234733935157, 13.0));
#4517 = CARTESIAN_POINT('', (28.797331271655082, 21.92645805460083, 13.0));
#4518 = CARTESIAN_POINT('', (28.786743680568406, 21.965916925712847, 13.0));
#4519 = CARTESIAN_POINT('', (28.754162395298692, 22.082346468392387, 13.0));
#4520 = CARTESIAN_POINT('', (28.707032949090404, 22.239296187898546, 13.0));
#4521 = CARTESIAN_POINT('', (28.70677065899332, 22.240136273858056, 13.0));
#4522 = CARTESIAN_POINT('', (28.655515163505214, 22.398138276324033, 13.0));
#4523 = CARTESIAN_POINT('', (28.61648205267855, 22.51113424921354, 13.0));
#4524 = CARTESIAN_POINT('', (28.599744523106324, 22.557883203687055, 13.0));
#4525 = CARTESIAN_POINT('', (28.539412317610754, 22.718907999476016, 13.0));
#4526 = CARTESIAN_POINT('', (28.516007098339713, 22.778522952467142, 13.0));
#4527 = CARTESIAN_POINT('', (28.474378255206744, 22.88105169733589, 13.0));
#4528 = CARTESIAN_POINT('', (28.405489613160796, 23.041919650523056, 13.0));
#4529 = CARTESIAN_POINT('', (28.404704610398028, 23.043694998119065, 13.0));
#4530 = CARTESIAN_POINT('', (28.329794693691525, 23.207727329602506, 13.0));
#4531 = CARTESIAN_POINT('', (28.285088089664328, 23.30094670813662, 13.0));
#4532 = PLANE('', #4533);
#4533 = AXIS2_PLACEMENT_3D('', #4534, #4535, #4536);
#4534 = CARTESIAN_POINT('', (30.750000000000085, 29.239590861319385, 13.0));
#4535 = DIRECTION('', (0.0, 0.0, 0.9999999999999999));
#4536 = DIRECTION('', (-1.0, 0.0, 0.0));
#4537 = CYLINDRICAL_SURFACE('', #4538, 7.5500031876601605);
#4538 = AXIS2_PLACEMENT_3D('', #4539, #4540, #4541);
#4539 = CARTESIAN_POINT('', (21.499996912340293, 19.989589607327645, 14.0000003));
#4540 = DIRECTION('', (0.0, 0.0, 1.0));
#4541 = DIRECTION('', (-6.1221598933E-4, -0.9999998125957736, 0.0));
#4542 = SURFACE_CURVE('', #4543, (#3467, #3497), .CURVE_3D.);
#4543 = INTERSECTION_CURVE('', #4544, (#4548, #4553), .CURVE_3D.);
#4544 = B_SPLINE_CURVE_WITH_KNOTS('', 1, (#4545, #4546, #4547), .UNSPECIFIED., .U., .U., (2, 1, 2), (0.0, 0.5, 1.0), .UNSPECIFIED.);
#4545 = CARTESIAN_POINT('', (29.001415331892275, 20.844732655398914, 13.000000000000002));
#4546 = CARTESIAN_POINT('', (28.996944524919513, 20.883079746009287, 13.0));
#4547 = CARTESIAN_POINT('', (28.963699313251027, 21.127875425704545, 12.999999999999998));
#4548 = PLANE('', #4549);
#4549 = AXIS2_PLACEMENT_3D('', #4550, #4551, #4552);
#4550 = CARTESIAN_POINT('', (30.750000000000085, 29.239590861319385, 13.0));
#4551 = DIRECTION('', (0.0, 0.0, 0.9999999999999999));
#4552 = DIRECTION('', (-1.0, 0.0, 0.0));
#4553 = CYLINDRICAL_SURFACE('', #4554, 7.5500031876601605);
#4554 = AXIS2_PLACEMENT_3D('', #4555, #4556, #4557);
#4555 = CARTESIAN_POINT('', (21.499996912340293, 19.989589607327645, 14.0000003));
#4556 = DIRECTION('', (0.0, 0.0, 1.0));
#4557 = DIRECTION('', (-6.1221598933E-4, -0.9999998125957736, 0.0));
#4558 = SURFACE_CURVE('', #4559, (#3467, #3497), .CURVE_3D.);
#4559 = INTERSECTION_CURVE('', #4560, (#4564, #4569), .CURVE_3D.);
#4560 = B_SPLINE_CURVE_WITH_KNOTS('', 1, (#4561, #4562, #4563), .UNSPECIFIED., .U., .U., (2, 1, 2), (0.0, 0.5, 1.0), .UNSPECIFIED.);
#4561 = CARTESIAN_POINT('', (29.028393928707885, 20.560366535562878, 13.000000000000002));
#4562 = CARTESIAN_POINT('', (29.025153728556774, 20.601605150454816, 13.0));
#4563 = CARTESIAN_POINT('', (29.001415344804826, 20.84473265662396, 13.0));
#4564 = PLANE('', #4565);
#4565 = AXIS2_PLACEMENT_3D('', #4566, #4567, #4568);
#4566 = CARTESIAN_POINT('', (30.750000000000085, 29.239590861319385, 13.0));
#4567 = DIRECTION('', (0.0, 0.0, 0.9999999999999999));
#4568 = DIRECTION('', (-1.0, 0.0, 0.0));
#4569 = CYLINDRICAL_SURFACE('', #4570, 7.5500031876601605);
#4570 = AXIS2_PLACEMENT_3D('', #4571, #4572, #4573);
#4571 = CARTESIAN_POINT('', (21.499996912340293, 19.989589607327645, 14.0000003));
#4572 = DIRECTION('', (0.0, 0.0, 1.0));
#4573 = DIRECTION('', (-6.1221598933E-4, -0.9999998125957736, 0.0));
#4574 = SURFACE_CURVE('', #4575, (#3467, #3497), .CURVE_3D.);
#4575 = INTERSECTION_CURVE('', #4576, (#4591, #4596), .CURVE_3D.);
#4576 = B_SPLINE_CURVE_WITH_KNOTS('', 1, (#4577, #4578, #4579, #4580, #4581, #4582, #4583, #4584, #4585, #4586, #4587, #4588, #4589, #4590), .UNSPECIFIED., .U., .U., (2, 1, 1, 1, 1, 1, 1, 1, 1, 1, 1, 1, 1, 2), (0.0, 0.07692307692307693, 0.15384615384615385, 0.23076923076923078, 0.3076923076923077, 0.38461538461538464, 0.46153846153846156, 0.5384615384615384, 0.6153846153846154, 0.6923076923076923, 0.7692307692307693, 0.8461538461538461, 0.9230769230769231, 1.0), .UNSPECIFIED.);
#4577 = CARTESIAN_POINT('', (29.028393941657555, 20.560366536298616, 13.0));
#4578 = CARTESIAN_POINT('', (29.04241058217943, 20.32803334962793, 13.0));
#4579 = CARTESIAN_POINT('', (29.044596564800003, 20.275184106195496, 13.0));
#4580 = CARTESIAN_POINT('', (29.0457306089709, 20.243461845297574, 13.0));
#4581 = CARTESIAN_POINT('', (29.046541770188156, 20.218082150244427, 13.0));
#4582 = CARTESIAN_POINT('', (29.047141934534295, 20.19731574350442, 13.0));
#4583 = CARTESIAN_POINT('', (29.047598410052842, 20.18000957845919, 13.0));
#4584 = CARTESIAN_POINT('', (29.04795365802275, 20.165365313798873, 13.0));
#4585 = CARTESIAN_POINT('', (29.048235539270024, 20.152812659022487, 13.0));
#4586 = CARTESIAN_POINT('', (29.048462949293253, 20.141933372038437, 13.0));
#4587 = CARTESIAN_POINT('', (29.048649069991995, 20.132413752551926, 13.0));
#4588 = CARTESIAN_POINT('', (29.04964806018529, 20.062498314087463, 13.0));
#4589 = CARTESIAN_POINT('', (29.050000027875058, 19.990633204180966, 13.0));
#4590 = CARTESIAN_POINT('', (29.050000100000005, 19.989592200000004, 13.0));
#4591 = PLANE('', #4592);
#4592 = AXIS2_PLACEMENT_3D('', #4593, #4594, #4595);
#4593 = CARTESIAN_POINT('', (30.750000000000085, 29.239590861319385, 13.0));
#4594 = DIRECTION('', (0.0, 0.0, 0.9999999999999999));
#4595 = DIRECTION('', (-1.0, 0.0, 0.0));
#4596 = CYLINDRICAL_SURFACE('', #4597, 7.5500031876601605);
#4597 = AXIS2_PLACEMENT_3D('', #4598, #4599, #4600);
#4598 = CARTESIAN_POINT('', (21.499996912340293, 19.989589607327645, 14.0000003));
#4599 = DIRECTION('', (0.0, 0.0, 1.0));
#4600 = DIRECTION('', (-6.1221598933E-4, -0.9999998125957736, 0.0));
#4601 = SURFACE_CURVE('', #4602, (#3467, #3492), .CURVE_3D.);
#4602 = INTERSECTION_CURVE('', #4603, (#4608, #4613), .CURVE_3D.);
#4603 = B_SPLINE_CURVE_WITH_KNOTS('', 1, (#4604, #4605, #4606, #4607), .UNSPECIFIED., .U., .U., (2, 1, 1, 2), (0.0, 0.3333333333333333, 0.6666666666666666, 1.0), .UNSPECIFIED.);
#4604 = CARTESIAN_POINT('', (29.050000100000062, -11.49999993733907, 13.0));
#4605 = CARTESIAN_POINT('', (29.05000010000009, -8.605320979021002, 13.0));
#4606 = CARTESIAN_POINT('', (29.050000100000034, 12.117191803945829, 13.0));
#4607 = CARTESIAN_POINT('', (29.050000100000005, 19.989592200000004, 13.0));
#4608 = PLANE('', #4609);
#4609 = AXIS2_PLACEMENT_3D('', #4610, #4611, #4612);
#4610 = CARTESIAN_POINT('', (30.750000000000085, 29.239590861319385, 13.0));
#4611 = DIRECTION('', (0.0, 0.0, 0.9999999999999999));
#4612 = DIRECTION('', (-1.0, 0.0, 0.0));
#4613 = PLANE('', #4614);
#4614 = AXIS2_PLACEMENT_3D('', #4615, #4616, #4617);
#4615 = CARTESIAN_POINT('', (29.05000010000009, -11.49999993733907, 10.0000003));
#4616 = DIRECTION('', (1.0, 2.7077241242E-15, -0.0));
#4617 = DIRECTION('', (-2.7077241242E-15, 1.0, 0.0));
#4618 = SURFACE_CURVE('', #4619, (#3467, #3487), .CURVE_3D.);
#4619 = INTERSECTION_CURVE('', #4620, (#4635, #4640), .CURVE_3D.);
#4620 = B_SPLINE_CURVE_WITH_KNOTS('', 1, (#4621, #4622, #4623, #4624, #4625, #4626, #4627, #4628, #4629, #4630, #4631, #4632, #4633, #4634), .UNSPECIFIED., .U., .U., (2, 1, 1, 1, 1, 1, 1, 1, 1, 1, 1, 1, 1, 2), (0.0, 0.07692307692307693, 0.15384615384615385, 0.23076923076923078, 0.3076923076923077, 0.38461538461538464, 0.46153846153846156, 0.5384615384615384, 0.6153846153846154, 0.6923076923076923, 0.7692307692307693, 0.8461538461538461, 0.9230769230769231, 1.0), .UNSPECIFIED.);
#4621 = CARTESIAN_POINT('', (28.918377145899882, -12.90363263340646, 13.0));
#4622 = CARTESIAN_POINT('', (28.965672981466383, -12.625269094527042, 13.0));
#4623 = CARTESIAN_POINT('', (29.002527396071514, -12.345331765891657, 13.0));
#4624 = CARTESIAN_POINT('', (29.02888884546374, -12.064212165320384, 13.0));
#4625 = CARTESIAN_POINT('', (29.044720460757986, -11.782303464148214, 13.0));
#4626 = CARTESIAN_POINT('', (29.045828516708497, -11.750946232690751, 13.0));
#4627 = CARTESIAN_POINT('', (29.046621088120446, -11.725858624129302, 13.0));
#4628 = CARTESIAN_POINT('', (29.047207497322773, -11.705331238328313, 13.0));
#4629 = CARTESIAN_POINT('', (29.04765351015527, -11.688224285638938, 13.0));
#4630 = CARTESIAN_POINT('', (29.048000615020243, -11.673748605330033, 13.0));
#4631 = CARTESIAN_POINT('', (29.04827603439449, -11.661340466054043, 13.0));
#4632 = CARTESIAN_POINT('', (29.04849823083555, -11.650586436758715, 13.0));
#4633 = CARTESIAN_POINT('', (29.048680084207206, -11.641176426069023, 13.0));
#4634 = CARTESIAN_POINT('', (29.050000100000062, -11.49999993733907, 13.0));
#4635 = PLANE('', #4636);
#4636 = AXIS2_PLACEMENT_3D('', #4637, #4638, #4639);
#4637 = CARTESIAN_POINT('', (30.750000000000085, 29.239590861319385, 13.0));
#4638 = DIRECTION('', (0.0, 0.0, 0.9999999999999999));
#4639 = DIRECTION('', (-1.0, 0.0, 0.0));
#4640 = CYLINDRICAL_SURFACE('', #4641, 7.549998771177023);
#4641 = AXIS2_PLACEMENT_3D('', #4642, #4643, #4644);
#4642 = CARTESIAN_POINT('', (21.500001328823117, -11.500001028823078, 14.0000003));
#4643 = DIRECTION('', (0.0, 0.0, 1.0));
#4644 = DIRECTION('', (-0.7071067747551955, 0.7071067876178996, 0.0));
#4645 = SURFACE_CURVE('', #4646, (#3467, #3487), .CURVE_3D.);
#4646 = INTERSECTION_CURVE('', #4647, (#4654, #4659), .CURVE_3D.);
#4647 = B_SPLINE_CURVE_WITH_KNOTS('', 1, (#4648, #4649, #4650, #4651, #4652, #4653), .UNSPECIFIED., .U., .U., (2, 1, 1, 1, 1, 2), (0.0, 0.2, 0.4, 0.6, 0.8, 1.0), .UNSPECIFIED.);
#4648 = CARTESIAN_POINT('', (28.71457481791498, -13.725402256452, 13.0));
#4649 = CARTESIAN_POINT('', (28.72793167322689, -13.6816298655462, 13.0));
#4650 = CARTESIAN_POINT('', (28.791537189595033, -13.458568422570835, 13.0));
#4651 = CARTESIAN_POINT('', (28.7927403127606, -13.454083820552484, 13.0));
#4652 = CARTESIAN_POINT('', (28.860706036900524, -13.180033065797915, 13.0));
#4653 = CARTESIAN_POINT('', (28.918377145899882, -12.90363263340646, 13.0));
#4654 = PLANE('', #4655);
#4655 = AXIS2_PLACEMENT_3D('', #4656, #4657, #4658);
#4656 = CARTESIAN_POINT('', (30.750000000000085, 29.239590861319385, 13.0));
#4657 = DIRECTION('', (0.0, 0.0, 0.9999999999999999));
#4658 = DIRECTION('', (-1.0, 0.0, 0.0));
#4659 = CYLINDRICAL_SURFACE('', #4660, 7.549998771177023);
#4660 = AXIS2_PLACEMENT_3D('', #4661, #4662, #4663);
#4661 = CARTESIAN_POINT('', (21.500001328823117, -11.500001028823078, 14.0000003));
#4662 = DIRECTION('', (0.0, 0.0, 1.0));
#4663 = DIRECTION('', (-0.7071067747551955, 0.7071067876178996, 0.0));
#4664 = SURFACE_CURVE('', #4665, (#3467, #3487), .CURVE_3D.);
#4665 = INTERSECTION_CURVE('', #4666, (#4670, #4675), .CURVE_3D.);
#4666 = B_SPLINE_CURVE_WITH_KNOTS('', 1, (#4667, #4668, #4669), .UNSPECIFIED., .U., .U., (2, 1, 2), (0.0, 0.5, 1.0), .UNSPECIFIED.);
#4667 = CARTESIAN_POINT('', (28.714574829953392, -13.725402260413347, 13.0));
#4668 = CARTESIAN_POINT('', (28.65574732216777, -13.90785914829496, 13.0));
#4669 = CARTESIAN_POINT('', (28.626319509062455, -13.993606979803502, 13.0));
#4670 = PLANE('', #4671);
#4671 = AXIS2_PLACEMENT_3D('', #4672, #4673, #4674);
#4672 = CARTESIAN_POINT('', (30.750000000000085, 29.239590861319385, 13.0));
#4673 = DIRECTION('', (0.0, 0.0, 0.9999999999999999));
#4674 = DIRECTION('', (-1.0, 0.0, 0.0));
#4675 = CYLINDRICAL_SURFACE('', #4676, 7.549998771177023);
#4676 = AXIS2_PLACEMENT_3D('', #4677, #4678, #4679);
#4677 = CARTESIAN_POINT('', (21.500001328823117, -11.500001028823078, 14.0000003));
#4678 = DIRECTION('', (0.0, 0.0, 1.0));
#4679 = DIRECTION('', (-0.7071067747551955, 0.7071067876178996, 0.0));
#4680 = SURFACE_CURVE('', #4681, (#3467, #3487), .CURVE_3D.);
#4681 = INTERSECTION_CURVE('', #4682, (#4686, #4691), .CURVE_3D.);
#4682 = B_SPLINE_CURVE_WITH_KNOTS('', 1, (#4683, #4684, #4685), .UNSPECIFIED., .U., .U., (2, 1, 2), (0.0, 0.5, 1.0), .UNSPECIFIED.);
#4683 = CARTESIAN_POINT('', (28.528096924813326, -14.258325438145263, 13.0));
#4684 = CARTESIAN_POINT('', (28.57443398250416, -14.137212448733493, 13.0));
#4685 = CARTESIAN_POINT('', (28.626319509062455, -13.993606979803502, 13.0));
#4686 = PLANE('', #4687);
#4687 = AXIS2_PLACEMENT_3D('', #4688, #4689, #4690);
#4688 = CARTESIAN_POINT('', (30.750000000000085, 29.239590861319385, 13.0));
#4689 = DIRECTION('', (0.0, 0.0, 0.9999999999999999));
#4690 = DIRECTION('', (-1.0, 0.0, 0.0));
#4691 = CYLINDRICAL_SURFACE('', #4692, 7.549998771177023);
#4692 = AXIS2_PLACEMENT_3D('', #4693, #4694, #4695);
#4693 = CARTESIAN_POINT('', (21.500001328823117, -11.500001028823078, 14.0000003));
#4694 = DIRECTION('', (0.0, 0.0, 1.0));
#4695 = DIRECTION('', (-0.7071067747551955, 0.7071067876178996, 0.0));
#4696 = SURFACE_CURVE('', #4697, (#3467, #3487), .CURVE_3D.);
#4697 = INTERSECTION_CURVE('', #4698, (#4702, #4707), .CURVE_3D.);
#4698 = B_SPLINE_CURVE_WITH_KNOTS('', 1, (#4699, #4700, #4701), .UNSPECIFIED., .U., .U., (2, 1, 2), (0.0, 0.5, 1.0), .UNSPECIFIED.);
#4699 = CARTESIAN_POINT('', (28.420045145258086, -14.519185493551888, 13.0));
#4700 = CARTESIAN_POINT('', (28.483232400416654, -14.370012395613315, 13.0));
#4701 = CARTESIAN_POINT('', (28.528096936522047, -14.258325442995186, 13.0));
#4702 = PLANE('', #4703);
#4703 = AXIS2_PLACEMENT_3D('', #4704, #4705, #4706);
#4704 = CARTESIAN_POINT('', (30.750000000000085, 29.239590861319385, 13.0));
#4705 = DIRECTION('', (0.0, 0.0, 0.9999999999999999));
#4706 = DIRECTION('', (-1.0, 0.0, 0.0));
#4707 = CYLINDRICAL_SURFACE('', #4708, 7.549998771177023);
#4708 = AXIS2_PLACEMENT_3D('', #4709, #4710, #4711);
#4709 = CARTESIAN_POINT('', (21.500001328823117, -11.500001028823078, 14.0000003));
#4710 = DIRECTION('', (0.0, 0.0, 1.0));
#4711 = DIRECTION('', (-0.7071067747551955, 0.7071067876178996, 0.0));
#4712 = SURFACE_CURVE('', #4713, (#3467, #3487), .CURVE_3D.);
#4713 = INTERSECTION_CURVE('', #4714, (#4726, #4731), .CURVE_3D.);
#4714 = B_SPLINE_CURVE_WITH_KNOTS('', 1, (#4715, #4716, #4717, #4718, #4719, #4720, #4721, #4722, #4723, #4724, #4725), .UNSPECIFIED., .U., .U., (2, 1, 1, 1, 1, 1, 1, 1, 1, 1, 2), (0.0, 0.1, 0.2, 0.3, 0.4, 0.5, 0.6, 0.7, 0.8, 0.9, 1.0), .UNSPECIFIED.);
#4715 = CARTESIAN_POINT('', (28.420045156777263, -14.519185498836194, 13.0));
#4716 = CARTESIAN_POINT('', (28.38120501928185, -14.606690137052539, 13.0));
#4717 = CARTESIAN_POINT('', (28.30231536029129, -14.775822339893935, 13.0));
#4718 = CARTESIAN_POINT('', (28.26717296306697, -14.847816662555033, 13.0));
#4719 = CARTESIAN_POINT('', (28.17507163779004, -15.027878268059553, 13.0));
#4720 = CARTESIAN_POINT('', (28.139625482021017, -15.094145231417826, 13.0));
#4721 = CARTESIAN_POINT('', (28.03849222222786, -15.275000138973681, 13.0));
#4722 = CARTESIAN_POINT('', (27.996586750453844, -15.34666962700382, 13.0));
#4723 = CARTESIAN_POINT('', (27.89276813234207, -15.516842330219063, 13.0));
#4724 = CARTESIAN_POINT('', (27.83541464917073, -15.60670524329197, 13.0));
#4725 = CARTESIAN_POINT('', (27.738103176528966, -15.753066603490751, 13.0));
#4726 = PLANE('', #4727);
#4727 = AXIS2_PLACEMENT_3D('', #4728, #4729, #4730);
#4728 = CARTESIAN_POINT('', (30.750000000000085, 29.239590861319385, 13.0));
#4729 = DIRECTION('', (0.0, 0.0, 0.9999999999999999));
#4730 = DIRECTION('', (-1.0, 0.0, 0.0));
#4731 = CYLINDRICAL_SURFACE('', #4732, 7.549998771177023);
#4732 = AXIS2_PLACEMENT_3D('', #4733, #4734, #4735);
#4733 = CARTESIAN_POINT('', (21.500001328823117, -11.500001028823078, 14.0000003));
#4734 = DIRECTION('', (0.0, 0.0, 1.0));
#4735 = DIRECTION('', (-0.7071067747551955, 0.7071067876178996, 0.0));
#4736 = SURFACE_CURVE('', #4737, (#3467, #3487), .CURVE_3D.);
#4737 = INTERSECTION_CURVE('', #4738, (#4742, #4747), .CURVE_3D.);
#4738 = B_SPLINE_CURVE_WITH_KNOTS('', 1, (#4739, #4740, #4741), .UNSPECIFIED., .U., .U., (2, 1, 2), (0.0, 0.5, 1.0), .UNSPECIFIED.);
#4739 = CARTESIAN_POINT('', (27.574713255273906, -15.98334311526665, 13.0));
#4740 = CARTESIAN_POINT('', (27.652487359903688, -15.876003437658426, 13.0));
#4741 = CARTESIAN_POINT('', (27.738103176528966, -15.753066603490751, 13.0));
#4742 = PLANE('', #4743);
#4743 = AXIS2_PLACEMENT_3D('', #4744, #4745, #4746);
#4744 = CARTESIAN_POINT('', (30.750000000000085, 29.239590861319385, 13.0));
#4745 = DIRECTION('', (0.0, 0.0, 0.9999999999999999));
#4746 = DIRECTION('', (-1.0, 0.0, 0.0));
#4747 = CYLINDRICAL_SURFACE('', #4748, 7.549998771177023);
#4748 = AXIS2_PLACEMENT_3D('', #4749, #4750, #4751);
#4749 = CARTESIAN_POINT('', (21.500001328823117, -11.500001028823078, 14.0000003));
#4750 = DIRECTION('', (0.0, 0.0, 1.0));
#4751 = DIRECTION('', (-0.7071067747551955, 0.7071067876178996, 0.0));
#4752 = SURFACE_CURVE('', #4753, (#3467, #3487), .CURVE_3D.);
#4753 = INTERSECTION_CURVE('', #4754, (#4766, #4771), .CURVE_3D.);
#4754 = B_SPLINE_CURVE_WITH_KNOTS('', 1, (#4755, #4756, #4757, #4758, #4759, #4760, #4761, #4762, #4763, #4764, #4765), .UNSPECIFIED., .U., .U., (2, 1, 1, 1, 1, 1, 1, 1, 1, 1, 2), (0.0, 0.1, 0.2, 0.3, 0.4, 0.5, 0.6, 0.7, 0.8, 0.9, 1.0), .UNSPECIFIED.);
#4755 = CARTESIAN_POINT('', (27.5747132653284, -15.983343122981722, 13.0));
#4756 = CARTESIAN_POINT('', (27.442697531762803, -16.156914522151126, 13.0));
#4757 = CARTESIAN_POINT('', (27.40282812124434, -16.207348190808148, 13.0));
#4758 = CARTESIAN_POINT('', (27.22268693443769, -16.42477015072781, 13.0));
#4759 = CARTESIAN_POINT('', (27.19405696082029, -16.457844501997243, 13.0));
#4760 = CARTESIAN_POINT('', (27.03454205121659, -16.635304373022223, 13.0));
#4761 = CARTESIAN_POINT('', (26.88132295242113, -16.795646317942328, 13.0));
#4762 = CARTESIAN_POINT('', (26.83865660931579, -16.838656406429166, 13.0));
#4763 = CARTESIAN_POINT('', (26.635304572345575, -17.034541844630866, 13.0));
#4764 = CARTESIAN_POINT('', (26.42769452088487, -17.22016896776357, 13.0));
#4765 = CARTESIAN_POINT('', (26.424770346628634, -17.222686724022253, 13.0));
#4766 = PLANE('', #4767);
#4767 = AXIS2_PLACEMENT_3D('', #4768, #4769, #4770);
#4768 = CARTESIAN_POINT('', (30.750000000000085, 29.239590861319385, 13.0));
#4769 = DIRECTION('', (0.0, 0.0, 0.9999999999999999));
#4770 = DIRECTION('', (-1.0, 0.0, 0.0));
#4771 = CYLINDRICAL_SURFACE('', #4772, 7.549998771177023);
#4772 = AXIS2_PLACEMENT_3D('', #4773, #4774, #4775);
#4773 = CARTESIAN_POINT('', (21.500001328823117, -11.500001028823078, 14.0000003));
#4774 = DIRECTION('', (0.0, 0.0, 1.0));
#4775 = DIRECTION('', (-0.7071067747551955, 0.7071067876178996, 0.0));
#4776 = SURFACE_CURVE('', #4777, (#3467, #3487), .CURVE_3D.);
#4777 = INTERSECTION_CURVE('', #4778, (#4783, #4788), .CURVE_3D.);
#4778 = B_SPLINE_CURVE_WITH_KNOTS('', 1, (#4779, #4780, #4781, #4782), .UNSPECIFIED., .U., .U., (2, 1, 1, 2), (0.0, 0.3333333333333333, 0.6666666666666666, 1.0), .UNSPECIFIED.);
#4779 = CARTESIAN_POINT('', (25.75306622307761, -17.73810332509069, 13.0));
#4780 = CARTESIAN_POINT('', (25.983342767150447, -17.574713449353908, 13.0));
#4781 = CARTESIAN_POINT('', (26.207348383432134, -17.402827906873824, 13.0));
#4782 = CARTESIAN_POINT('', (26.424770346628662, -17.22268672402224, 13.0));
#4783 = PLANE('', #4784);
#4784 = AXIS2_PLACEMENT_3D('', #4785, #4786, #4787);
#4785 = CARTESIAN_POINT('', (30.750000000000085, 29.239590861319385, 13.0));
#4786 = DIRECTION('', (0.0, 0.0, 0.9999999999999999));
#4787 = DIRECTION('', (-1.0, 0.0, 0.0));
#4788 = CYLINDRICAL_SURFACE('', #4789, 7.549998771177023);
#4789 = AXIS2_PLACEMENT_3D('', #4790, #4791, #4792);
#4790 = CARTESIAN_POINT('', (21.500001328823117, -11.500001028823078, 14.0000003));
#4791 = DIRECTION('', (0.0, 0.0, 1.0));
#4792 = DIRECTION('', (-0.7071067747551955, 0.7071067876178996, 0.0));
#4793 = SURFACE_CURVE('', #4794, (#3467, #3487), .CURVE_3D.);
#4794 = INTERSECTION_CURVE('', #4795, (#4805, #4810), .CURVE_3D.);
#4795 = B_SPLINE_CURVE_WITH_KNOTS('', 1, (#4796, #4797, #4798, #4799, #4800, #4801, #4802, #4803, #4804), .UNSPECIFIED., .U., .U., (2, 1, 1, 1, 1, 1, 1, 1, 2), (0.0, 0.125, 0.25, 0.375, 0.5, 0.625, 0.75, 0.875, 1.0), .UNSPECIFIED.);
#4796 = CARTESIAN_POINT('', (25.753066230019755, -17.738103335693637, 13.0));
#4797 = CARTESIAN_POINT('', (25.516842513930754, -17.892767905410835, 13.0));
#4798 = CARTESIAN_POINT('', (25.339812019442462, -18.00064217450864, 13.0));
#4799 = CARTESIAN_POINT('', (25.275000320034565, -18.03849199089737, 13.0));
#4800 = CARTESIAN_POINT('', (25.027878446635953, -18.17507140196426, 13.0));
#4801 = CARTESIAN_POINT('', (24.949447476640643, -18.215937502471505, 13.0));
#4802 = CARTESIAN_POINT('', (24.7758225161557, -18.302315119880433, 13.0));
#4803 = CARTESIAN_POINT('', (24.701398664690743, -18.337656807134408, 13.0));
#4804 = CARTESIAN_POINT('', (24.51918505174217, -18.420045182731002, 13.0));
#4805 = PLANE('', #4806);
#4806 = AXIS2_PLACEMENT_3D('', #4807, #4808, #4809);
#4807 = CARTESIAN_POINT('', (30.750000000000085, 29.239590861319385, 13.0));
#4808 = DIRECTION('', (0.0, 0.0, 0.9999999999999999));
#4809 = DIRECTION('', (-1.0, 0.0, 0.0));
#4810 = CYLINDRICAL_SURFACE('', #4811, 7.549998771177023);
#4811 = AXIS2_PLACEMENT_3D('', #4812, #4813, #4814);
#4812 = CARTESIAN_POINT('', (21.500001328823117, -11.500001028823078, 14.0000003));
#4813 = DIRECTION('', (0.0, 0.0, 1.0));
#4814 = DIRECTION('', (-0.7071067747551955, 0.7071067876178996, 0.0));
#4815 = SURFACE_CURVE('', #4816, (#3467, #3487), .CURVE_3D.);
#4816 = INTERSECTION_CURVE('', #4817, (#4822, #4827), .CURVE_3D.);
#4817 = B_SPLINE_CURVE_WITH_KNOTS('', 1, (#4818, #4819, #4820, #4821), .UNSPECIFIED., .U., .U., (2, 1, 1, 2), (0.0, 0.3333333333333333, 0.6666666666666666, 1.0), .UNSPECIFIED.);
#4818 = CARTESIAN_POINT('', (24.258324984235742, -18.528096934313098, 13.0));
#4819 = CARTESIAN_POINT('', (24.3540683924586, -18.489763731593854, 13.0));
#4820 = CARTESIAN_POINT('', (24.507743080470448, -18.4250260107399, 13.0));
#4821 = CARTESIAN_POINT('', (24.51918505174217, -18.420045182731002, 13.0));
#4822 = PLANE('', #4823);
#4823 = AXIS2_PLACEMENT_3D('', #4824, #4825, #4826);
#4824 = CARTESIAN_POINT('', (30.750000000000085, 29.239590861319385, 13.0));
#4825 = DIRECTION('', (0.0, 0.0, 0.9999999999999999));
#4826 = DIRECTION('', (-1.0, 0.0, 0.0));
#4827 = CYLINDRICAL_SURFACE('', #4828, 7.549998771177023);
#4828 = AXIS2_PLACEMENT_3D('', #4829, #4830, #4831);
#4829 = CARTESIAN_POINT('', (21.500001328823117, -11.500001028823078, 14.0000003));
#4830 = DIRECTION('', (0.0, 0.0, 1.0));
#4831 = DIRECTION('', (-0.7071067747551955, 0.7071067876178996, 0.0));
#4832 = SURFACE_CURVE('', #4833, (#3467, #3487), .CURVE_3D.);
#4833 = INTERSECTION_CURVE('', #4834, (#4839, #4844), .CURVE_3D.);
#4834 = B_SPLINE_CURVE_WITH_KNOTS('', 1, (#4835, #4836, #4837, #4838), .UNSPECIFIED., .U., .U., (2, 1, 1, 2), (0.0, 0.3333333333333333, 0.6666666666666666, 1.0), .UNSPECIFIED.);
#4835 = CARTESIAN_POINT('', (23.993606506478557, -18.62631946623587, 13.0));
#4836 = CARTESIAN_POINT('', (24.10076893161593, -18.587912521007354, 13.0));
#4837 = CARTESIAN_POINT('', (24.217621101522354, -18.54393630789889, 13.0));
#4838 = CARTESIAN_POINT('', (24.258324984235742, -18.528096934313098, 13.0));
#4839 = PLANE('', #4840);
#4840 = AXIS2_PLACEMENT_3D('', #4841, #4842, #4843);
#4841 = CARTESIAN_POINT('', (30.750000000000085, 29.239590861319385, 13.0));
#4842 = DIRECTION('', (0.0, 0.0, 0.9999999999999999));
#4843 = DIRECTION('', (-1.0, 0.0, 0.0));
#4844 = CYLINDRICAL_SURFACE('', #4845, 7.549998771177023);
#4845 = AXIS2_PLACEMENT_3D('', #4846, #4847, #4848);
#4846 = CARTESIAN_POINT('', (21.500001328823117, -11.500001028823078, 14.0000003));
#4847 = DIRECTION('', (0.0, 0.0, 1.0));
#4848 = DIRECTION('', (-0.7071067747551955, 0.7071067876178996, 0.0));
#4849 = SURFACE_CURVE('', #4850, (#3467, #3487), .CURVE_3D.);
#4850 = INTERSECTION_CURVE('', #4851, (#4864, #4869), .CURVE_3D.);
#4851 = B_SPLINE_CURVE_WITH_KNOTS('', 1, (#4852, #4853, #4854, #4855, #4856, #4857, #4858, #4859, #4860, #4861, #4862, #4863), .UNSPECIFIED., .U., .U., (2, 1, 1, 1, 1, 1, 1, 1, 1, 1, 1, 2), (0.0, 0.09090909090909091, 0.18181818181818182, 0.2727272727272727, 0.36363636363636365, 0.45454545454545453, 0.5454545454545454, 0.6363636363636364, 0.7272727272727273, 0.8181818181818182, 0.9090909090909091, 1.0), .UNSPECIFIED.);
#4852 = CARTESIAN_POINT('', (23.18003256854118, -18.86070590587194, 13.0));
#4853 = CARTESIAN_POINT('', (23.454083987893114, -18.792740048306527, 13.0));
#4854 = CARTESIAN_POINT('', (23.45856881517514, -18.791536864720698, 13.0));
#4855 = CARTESIAN_POINT('', (23.52113954884817, -18.774441333089, 13.0));
#4856 = CARTESIAN_POINT('', (23.586777105858005, -18.7558847311129, 13.0));
#4857 = CARTESIAN_POINT('', (23.65571193172761, -18.73570370660771, 13.0));
#4858 = CARTESIAN_POINT('', (23.72540178152161, -18.714574770209595, 13.0));
#4859 = CARTESIAN_POINT('', (23.728428578019134, -18.713640432051875, 13.0));
#4860 = CARTESIAN_POINT('', (23.811217046414612, -18.687543261849086, 13.0));
#4861 = CARTESIAN_POINT('', (23.898872077397556, -18.65876492885556, 13.0));
#4862 = CARTESIAN_POINT('', (23.991833449296053, -18.62693965127201, 13.0));
#4863 = CARTESIAN_POINT('', (23.993606510439918, -18.62631947827427, 13.0));
#4864 = PLANE('', #4865);
#4865 = AXIS2_PLACEMENT_3D('', #4866, #4867, #4868);
#4866 = CARTESIAN_POINT('', (30.750000000000085, 29.239590861319385, 13.0));
#4867 = DIRECTION('', (0.0, 0.0, 0.9999999999999999));
#4868 = DIRECTION('', (-1.0, 0.0, 0.0));
#4869 = CYLINDRICAL_SURFACE('', #4870, 7.549998771177023);
#4870 = AXIS2_PLACEMENT_3D('', #4871, #4872, #4873);
#4871 = CARTESIAN_POINT('', (21.500001328823117, -11.500001028823078, 14.0000003));
#4872 = DIRECTION('', (0.0, 0.0, 1.0));
#4873 = DIRECTION('', (-0.7071067747551955, 0.7071067876178996, 0.0));
#4874 = SURFACE_CURVE('', #4875, (#3467, #3487), .CURVE_3D.);
#4875 = INTERSECTION_CURVE('', #4876, (#4880, #4885), .CURVE_3D.);
#4876 = B_SPLINE_CURVE_WITH_KNOTS('', 1, (#4877, #4878, #4879), .UNSPECIFIED., .U., .U., (2, 1, 2), (0.0, 0.5, 1.0), .UNSPECIFIED.);
#4877 = CARTESIAN_POINT('', (23.180032571129743, -18.86070591827817, 13.0));
#4878 = CARTESIAN_POINT('', (22.903632798461672, -18.918376871432756, 13.0));
#4879 = CARTESIAN_POINT('', (22.625269258721914, -18.965672701935674, 13.0));
#4880 = PLANE('', #4881);
#4881 = AXIS2_PLACEMENT_3D('', #4882, #4883, #4884);
#4882 = CARTESIAN_POINT('', (30.750000000000085, 29.239590861319385, 13.0));
#4883 = DIRECTION('', (0.0, 0.0, 0.9999999999999999));
#4884 = DIRECTION('', (-1.0, 0.0, 0.0));
#4885 = CYLINDRICAL_SURFACE('', #4886, 7.549998771177023);
#4886 = AXIS2_PLACEMENT_3D('', #4887, #4888, #4889);
#4887 = CARTESIAN_POINT('', (21.500001328823117, -11.500001028823078, 14.0000003));
#4888 = DIRECTION('', (0.0, 0.0, 1.0));
#4889 = DIRECTION('', (-0.7071067747551955, 0.7071067876178996, 0.0));
#4890 = SURFACE_CURVE('', #4891, (#3467, #3487), .CURVE_3D.);
#4891 = INTERSECTION_CURVE('', #4892, (#4906, #4911), .CURVE_3D.);
#4892 = B_SPLINE_CURVE_WITH_KNOTS('', 1, (#4893, #4894, #4895, #4896, #4897, #4898, #4899, #4900, #4901, #4902, #4903, #4904, #4905), .UNSPECIFIED., .U., .U., (2, 1, 1, 1, 1, 1, 1, 1, 1, 1, 1, 1, 2), (0.0, 0.08333333333333333, 0.16666666666666666, 0.25, 0.3333333333333333, 0.4166666666666667, 0.5, 0.5833333333333334, 0.6666666666666666, 0.75, 0.8333333333333334, 0.9166666666666666, 1.0), .UNSPECIFIED.);
#4893 = CARTESIAN_POINT('', (21.500000099999994, -19.049999799999995, 13.0));
#4894 = CARTESIAN_POINT('', (21.64117658875398, -19.04867978677521, 13.0));
#4895 = CARTESIAN_POINT('', (21.650586599446996, -19.04849793357475, 13.0));
#4896 = CARTESIAN_POINT('', (21.66134062874636, -19.048275737329305, 13.0));
#4897 = CARTESIAN_POINT('', (21.673748768027338, -19.048000318180797, 13.0));
#4898 = CARTESIAN_POINT('', (21.688224448342567, -19.04765321357914, 13.0));
#4899 = CARTESIAN_POINT('', (21.70533140104004, -19.0472072010578, 13.0));
#4900 = CARTESIAN_POINT('', (21.72585878685169, -19.046620792228907, 13.0));
#4901 = CARTESIAN_POINT('', (21.750946395427547, -19.04582822127331, 13.0));
#4902 = CARTESIAN_POINT('', (21.78230362690519, -19.044720165893196, 13.0));
#4903 = CARTESIAN_POINT('', (22.06421232836533, -19.02888855572705, 13.0));
#4904 = CARTESIAN_POINT('', (22.34533192941612, -19.002527111448558, 13.0));
#4905 = CARTESIAN_POINT('', (22.625269258721914, -18.965672701935674, 13.0));
#4906 = PLANE('', #4907);
#4907 = AXIS2_PLACEMENT_3D('', #4908, #4909, #4910);
#4908 = CARTESIAN_POINT('', (30.750000000000085, 29.239590861319385, 13.0));
#4909 = DIRECTION('', (0.0, 0.0, 0.9999999999999999));
#4910 = DIRECTION('', (-1.0, 0.0, 0.0));
#4911 = CYLINDRICAL_SURFACE('', #4912, 7.549998771177023);
#4912 = AXIS2_PLACEMENT_3D('', #4913, #4914, #4915);
#4913 = CARTESIAN_POINT('', (21.500001328823117, -11.500001028823078, 14.0000003));
#4914 = DIRECTION('', (0.0, 0.0, 1.0));
#4915 = DIRECTION('', (-0.7071067747551955, 0.7071067876178996, 0.0));
#4916 = SURFACE_CURVE('', #4917, (#3467, #3482), .CURVE_3D.);
#4917 = INTERSECTION_CURVE('', #4918, (#4924, #4929), .CURVE_3D.);
#4918 = B_SPLINE_CURVE_WITH_KNOTS('', 1, (#4919, #4920, #4921, #4922, #4923), .UNSPECIFIED., .U., .U., (2, 1, 1, 1, 2), (0.0, 0.25, 0.5, 0.75, 1.0), .UNSPECIFIED.);
#4919 = CARTESIAN_POINT('', (21.500000099999994, -19.049999799999995, 13.0));
#4920 = CARTESIAN_POINT('', (21.114119105994973, -19.049999799999995, 13.0));
#4921 = CARTESIAN_POINT('', (10.749996840665176, -19.049999799999952, 13.0));
#4922 = CARTESIAN_POINT('', (-20.09205598455729, -19.04999979999981, 13.0));
#4923 = CARTESIAN_POINT('', (-21.500000037339262, -19.04999979999981, 13.0));
#4924 = PLANE('', #4925);
#4925 = AXIS2_PLACEMENT_3D('', #4926, #4927, #4928);
#4926 = CARTESIAN_POINT('', (30.750000000000085, 29.239590861319385, 13.0));
#4927 = DIRECTION('', (0.0, 0.0, 0.9999999999999999));
#4928 = DIRECTION('', (-1.0, 0.0, 0.0));
#4929 = PLANE('', #4930);
#4930 = AXIS2_PLACEMENT_3D('', #4931, #4932, #4933);
#4931 = CARTESIAN_POINT('', (-21.500000037339262, -19.04999979999981, 10.0000003));
#4932 = DIRECTION('', (-4.2963049002E-15, -1.0, 0.0));
#4933 = DIRECTION('', (1.0, -4.2963049002E-15, 0.0));
#4934 = SURFACE_CURVE('', #4935, (#3467, #3477), .CURVE_3D.);
#4935 = INTERSECTION_CURVE('', #4936, (#4951, #4956), .CURVE_3D.);
#4936 = B_SPLINE_CURVE_WITH_KNOTS('', 1, (#4937, #4938, #4939, #4940, #4941, #4942, #4943, #4944, #4945, #4946, #4947, #4948, #4949, #4950), .UNSPECIFIED., .U., .U., (2, 1, 1, 1, 1, 1, 1, 1, 1, 1, 1, 1, 1, 2), (0.0, 0.07692307692307693, 0.15384615384615385, 0.23076923076923078, 0.3076923076923077, 0.38461538461538464, 0.46153846153846156, 0.5384615384615384, 0.6153846153846154, 0.6923076923076923, 0.7692307692307693, 0.8461538461538461, 0.9230769230769231, 1.0), .UNSPECIFIED.);
#4937 = CARTESIAN_POINT('', (-21.500000037339262, -19.04999979999981, 13.0));
#4938 = CARTESIAN_POINT('', (-21.641176526069202, -19.048679784206968, 13.0));
#4939 = CARTESIAN_POINT('', (-21.650586536758908, -19.04849793083531, 13.0));
#4940 = CARTESIAN_POINT('', (-21.661340566054236, -19.048275734394252, 13.0));
#4941 = CARTESIAN_POINT('', (-21.673748705330212, -19.04800031502002, 13.0));
#4942 = CARTESIAN_POINT('', (-21.688224385639145, -19.04765321015506, 13.0));
#4943 = CARTESIAN_POINT('', (-21.705331338328506, -19.047207197322535, 13.0));
#4944 = CARTESIAN_POINT('', (-21.725858724129495, -19.046620788120237, 13.0));
#4945 = CARTESIAN_POINT('', (-21.750946332690944, -19.045828216708287, 13.0));
#4946 = CARTESIAN_POINT('', (-21.782303564148407, -19.044720160757777, 13.0));
#4947 = CARTESIAN_POINT('', (-22.06421226532059, -19.028888545463573, 13.0));
#4948 = CARTESIAN_POINT('', (-22.345331865891865, -19.002527096071418, 13.0));
#4949 = CARTESIAN_POINT('', (-22.625269194527277, -18.96567268146633, 13.0));
#4950 = CARTESIAN_POINT('', (-22.903632733406695, -18.918376845899843, 13.0));
#4951 = PLANE('', #4952);
#4952 = AXIS2_PLACEMENT_3D('', #4953, #4954, #4955);
#4953 = CARTESIAN_POINT('', (30.750000000000085, 29.239590861319385, 13.0));
#4954 = DIRECTION('', (0.0, 0.0, 0.9999999999999999));
#4955 = DIRECTION('', (-1.0, 0.0, 0.0));
#4956 = CYLINDRICAL_SURFACE('', #4957, 7.5499987711753755);
#4957 = AXIS2_PLACEMENT_3D('', #4958, #4959, #4960);
#4958 = CARTESIAN_POINT('', (-21.50000112882472, -11.5000010288245, 14.0000003));
#4959 = DIRECTION('', (0.0, 0.0, 1.0));
#4960 = DIRECTION('', (0.7071067876178976, 0.7071067747551972, 0.0));
#4961 = SURFACE_CURVE('', #4962, (#3467, #3477), .CURVE_3D.);
#4962 = INTERSECTION_CURVE('', #4963, (#4977, #4982), .CURVE_3D.);
#4963 = B_SPLINE_CURVE_WITH_KNOTS('', 1, (#4964, #4965, #4966, #4967, #4968, #4969, #4970, #4971, #4972, #4973, #4974, #4975, #4976), .UNSPECIFIED., .U., .U., (2, 1, 1, 1, 1, 1, 1, 1, 1, 1, 1, 1, 2), (0.0, 0.08333333333333333, 0.16666666666666666, 0.25, 0.3333333333333333, 0.4166666666666667, 0.5, 0.5833333333333334, 0.6666666666666666, 0.75, 0.8333333333333334, 0.9166666666666666, 1.0), .UNSPECIFIED.);
#4964 = CARTESIAN_POINT('', (-23.993607079803795, -18.626319209062558, 13.0));
#4965 = CARTESIAN_POINT('', (-23.991833499253033, -18.626939563878352, 13.0));
#4966 = CARTESIAN_POINT('', (-23.898872116832152, -18.658764848622297, 13.0));
#4967 = CARTESIAN_POINT('', (-23.811217076261926, -18.687543187939923, 13.0));
#4968 = CARTESIAN_POINT('', (-23.728428599110572, -18.713640363752816, 13.0));
#4969 = CARTESIAN_POINT('', (-23.725401712759393, -18.714574729728312, 13.0));
#4970 = CARTESIAN_POINT('', (-23.655711939105544, -18.73570364482441, 13.0));
#4971 = CARTESIAN_POINT('', (-23.586777106912123, -18.755884673290353, 13.0));
#4972 = CARTESIAN_POINT('', (-23.521139544056496, -18.774441278852265, 13.0));
#4973 = CARTESIAN_POINT('', (-23.45856880497044, -18.791536813740237, 13.0));
#4974 = CARTESIAN_POINT('', (-23.454083920552748, -18.792740012760646, 13.0));
#4975 = CARTESIAN_POINT('', (-23.18003316579818, -18.860705736900513, 13.0));
#4976 = CARTESIAN_POINT('', (-22.903632733406695, -18.918376845899843, 13.0));
#4977 = PLANE('', #4978);
#4978 = AXIS2_PLACEMENT_3D('', #4979, #4980, #4981);
#4979 = CARTESIAN_POINT('', (30.750000000000085, 29.239590861319385, 13.0));
#4980 = DIRECTION('', (0.0, 0.0, 0.9999999999999999));
#4981 = DIRECTION('', (-1.0, 0.0, 0.0));
#4982 = CYLINDRICAL_SURFACE('', #4983, 7.5499987711753755);
#4983 = AXIS2_PLACEMENT_3D('', #4984, #4985, #4986);
#4984 = CARTESIAN_POINT('', (-21.50000112882472, -11.5000010288245, 14.0000003));
#4985 = DIRECTION('', (0.0, 0.0, 1.0));
#4986 = DIRECTION('', (0.7071067876178976, 0.7071067747551972, 0.0));
#4987 = SURFACE_CURVE('', #4988, (#3467, #3477), .CURVE_3D.);
#4988 = INTERSECTION_CURVE('', #4989, (#4994, #4999), .CURVE_3D.);
#4989 = B_SPLINE_CURVE_WITH_KNOTS('', 1, (#4990, #4991, #4992, #4993), .UNSPECIFIED., .U., .U., (2, 1, 1, 2), (0.0, 0.3333333333333333, 0.6666666666666666, 1.0), .UNSPECIFIED.);
#4990 = CARTESIAN_POINT('', (-23.993607079803795, -18.626319209062558, 13.0));
#4991 = CARTESIAN_POINT('', (-24.1007690078889, -18.587912419634733, 13.0));
#4992 = CARTESIAN_POINT('', (-24.21762119350278, -18.54393619525021, 13.0));
#4993 = CARTESIAN_POINT('', (-24.25832553814557, -18.528096624813458, 13.0));
#4994 = PLANE('', #4995);
#4995 = AXIS2_PLACEMENT_3D('', #4996, #4997, #4998);
#4996 = CARTESIAN_POINT('', (30.750000000000085, 29.239590861319385, 13.0));
#4997 = DIRECTION('', (0.0, 0.0, 0.9999999999999999));
#4998 = DIRECTION('', (-1.0, 0.0, 0.0));
#4999 = CYLINDRICAL_SURFACE('', #5000, 7.5499987711753755);
#5000 = AXIS2_PLACEMENT_3D('', #5001, #5002, #5003);
#5001 = CARTESIAN_POINT('', (-21.50000112882472, -11.5000010288245, 14.0000003));
#5002 = DIRECTION('', (0.0, 0.0, 1.0));
#5003 = DIRECTION('', (0.7071067876178976, 0.7071067747551972, 0.0));
#5004 = SURFACE_CURVE('', #5005, (#3467, #3477), .CURVE_3D.);
#5005 = INTERSECTION_CURVE('', #5006, (#5011, #5016), .CURVE_3D.);
#5006 = B_SPLINE_CURVE_WITH_KNOTS('', 1, (#5007, #5008, #5009, #5010), .UNSPECIFIED., .U., .U., (2, 1, 1, 2), (0.0, 0.3333333333333333, 0.6666666666666666, 1.0), .UNSPECIFIED.);
#5007 = CARTESIAN_POINT('', (-24.25832554299548, -18.52809663652215, 13.0));
#5008 = CARTESIAN_POINT('', (-24.35406852675098, -18.489763595095553, 13.0));
#5009 = CARTESIAN_POINT('', (-24.50774324009292, -18.425025854545595, 13.0));
#5010 = CARTESIAN_POINT('', (-24.519184977622317, -18.420045127810383, 13.0));
#5011 = PLANE('', #5012);
#5012 = AXIS2_PLACEMENT_3D('', #5013, #5014, #5015);
#5013 = CARTESIAN_POINT('', (30.750000000000085, 29.239590861319385, 13.0));
#5014 = DIRECTION('', (0.0, 0.0, 0.9999999999999999));
#5015 = DIRECTION('', (-1.0, 0.0, 0.0));
#5016 = CYLINDRICAL_SURFACE('', #5017, 7.5499987711753755);
#5017 = AXIS2_PLACEMENT_3D('', #5018, #5019, #5020);
#5018 = CARTESIAN_POINT('', (-21.50000112882472, -11.5000010288245, 14.0000003));
#5019 = DIRECTION('', (0.0, 0.0, 1.0));
#5020 = DIRECTION('', (0.7071067876178976, 0.7071067747551972, 0.0));
#5021 = SURFACE_CURVE('', #5022, (#3467, #3477), .CURVE_3D.);
#5022 = INTERSECTION_CURVE('', #5023, (#5027, #5032), .CURVE_3D.);
#5023 = B_SPLINE_CURVE_WITH_KNOTS('', 1, (#5024, #5025, #5026), .UNSPECIFIED., .U., .U., (2, 1, 2), (0.0, 0.5, 1.0), .UNSPECIFIED.);
#5024 = CARTESIAN_POINT('', (-24.775822439894284, -18.30231506029145, 13.0));
#5025 = CARTESIAN_POINT('', (-24.701398900802587, -18.337656602946737, 13.0));
#5026 = CARTESIAN_POINT('', (-24.519184977622317, -18.420045127810383, 13.0));
#5027 = PLANE('', #5028);
#5028 = AXIS2_PLACEMENT_3D('', #5029, #5030, #5031);
#5029 = CARTESIAN_POINT('', (30.750000000000085, 29.239590861319385, 13.0));
#5030 = DIRECTION('', (0.0, 0.0, 0.9999999999999999));
#5031 = DIRECTION('', (-1.0, 0.0, 0.0));
#5032 = CYLINDRICAL_SURFACE('', #5033, 7.5499987711753755);
#5033 = AXIS2_PLACEMENT_3D('', #5034, #5035, #5036);
#5034 = CARTESIAN_POINT('', (-21.50000112882472, -11.5000010288245, 14.0000003));
#5035 = DIRECTION('', (0.0, 0.0, 1.0));
#5036 = DIRECTION('', (0.7071067876178976, 0.7071067747551972, 0.0));
#5037 = SURFACE_CURVE('', #5038, (#3467, #3477), .CURVE_3D.);
#5038 = INTERSECTION_CURVE('', #5039, (#5047, #5052), .CURVE_3D.);
#5039 = B_SPLINE_CURVE_WITH_KNOTS('', 1, (#5040, #5041, #5042, #5043, #5044, #5045, #5046), .UNSPECIFIED., .U., .U., (2, 1, 1, 1, 1, 1, 2), (0.0, 0.16666666666666666, 0.3333333333333333, 0.5, 0.6666666666666666, 0.8333333333333334, 1.0), .UNSPECIFIED.);
#5040 = CARTESIAN_POINT('', (-24.775822439894284, -18.30231506029145, 13.0));
#5041 = CARTESIAN_POINT('', (-24.949447842633305, -18.215937211766146, 13.0));
#5042 = CARTESIAN_POINT('', (-25.027878368059916, -18.17507133779023, 13.0));
#5043 = CARTESIAN_POINT('', (-25.27500023897406, -18.03849192222806, 13.0));
#5044 = CARTESIAN_POINT('', (-25.33981298760814, -18.00064148449468, 13.0));
#5045 = CARTESIAN_POINT('', (-25.516842430219455, -17.8927678323423, 13.0));
#5046 = CARTESIAN_POINT('', (-25.753066703491157, -17.73810287652921, 13.0));
#5047 = PLANE('', #5048);
#5048 = AXIS2_PLACEMENT_3D('', #5049, #5050, #5051);
#5049 = CARTESIAN_POINT('', (30.750000000000085, 29.239590861319385, 13.0));
#5050 = DIRECTION('', (0.0, 0.0, 0.9999999999999999));
#5051 = DIRECTION('', (-1.0, 0.0, 0.0));
#5052 = CYLINDRICAL_SURFACE('', #5053, 7.5499987711753755);
#5053 = AXIS2_PLACEMENT_3D('', #5054, #5055, #5056);
#5054 = CARTESIAN_POINT('', (-21.50000112882472, -11.5000010288245, 14.0000003));
#5055 = DIRECTION('', (0.0, 0.0, 1.0));
#5056 = DIRECTION('', (0.7071067876178976, 0.7071067747551972, 0.0));
#5057 = SURFACE_CURVE('', #5058, (#3467, #3477), .CURVE_3D.);
#5058 = INTERSECTION_CURVE('', #5059, (#5062, #5067), .CURVE_3D.);
#5059 = B_SPLINE_CURVE_WITH_KNOTS('', 1, (#5060, #5061), .UNSPECIFIED., .U., .U., (2, 2), (0.0, 1.0), .UNSPECIFIED.);
#5060 = CARTESIAN_POINT('', (-25.753066703491157, -17.73810287652921, 13.000000000000002));
#5061 = CARTESIAN_POINT('', (-25.98334321526707, -17.574712955274137, 13.000000000000002));
#5062 = PLANE('', #5063);
#5063 = AXIS2_PLACEMENT_3D('', #5064, #5065, #5066);
#5064 = CARTESIAN_POINT('', (30.750000000000085, 29.239590861319385, 13.0));
#5065 = DIRECTION('', (0.0, 0.0, 0.9999999999999999));
#5066 = DIRECTION('', (-1.0, 0.0, 0.0));
#5067 = CYLINDRICAL_SURFACE('', #5068, 7.5499987711753755);
#5068 = AXIS2_PLACEMENT_3D('', #5069, #5070, #5071);
#5069 = CARTESIAN_POINT('', (-21.50000112882472, -11.5000010288245, 14.0000003));
#5070 = DIRECTION('', (0.0, 0.0, 1.0));
#5071 = DIRECTION('', (0.7071067876178976, 0.7071067747551972, 0.0));
#5072 = SURFACE_CURVE('', #5073, (#3467, #3477), .CURVE_3D.);
#5073 = INTERSECTION_CURVE('', #5074, (#5085, #5090), .CURVE_3D.);
#5074 = B_SPLINE_CURVE_WITH_KNOTS('', 1, (#5075, #5076, #5077, #5078, #5079, #5080, #5081, #5082, #5083, #5084), .UNSPECIFIED., .U., .U., (2, 1, 1, 1, 1, 1, 1, 1, 1, 2), (0.0, 0.1111111111111111, 0.2222222222222222, 0.3333333333333333, 0.4444444444444444, 0.5555555555555556, 0.6666666666666666, 0.7777777777777778, 0.8888888888888888, 1.0), .UNSPECIFIED.);
#5075 = CARTESIAN_POINT('', (-25.983343222982143, -17.57471296532863, 13.0));
#5076 = CARTESIAN_POINT('', (-26.207348290808568, -17.40282782124457, 13.0));
#5077 = CARTESIAN_POINT('', (-26.424770250728244, -17.22268663443795, 13.0));
#5078 = CARTESIAN_POINT('', (-26.42769346149305, -17.22016970809537, 13.0));
#5079 = CARTESIAN_POINT('', (-26.63530447302267, -17.03454175121682, 13.0));
#5080 = CARTESIAN_POINT('', (-26.838656506429615, -16.838656309316008, 13.0));
#5081 = CARTESIAN_POINT('', (-26.881322209797503, -16.795646869345518, 13.0));
#5082 = CARTESIAN_POINT('', (-27.034541944631314, -16.63530427234582, 13.0));
#5083 = CARTESIAN_POINT('', (-27.194056285962944, -16.457845047368977, 13.0));
#5084 = CARTESIAN_POINT('', (-27.222686824022688, -16.424770046628907, 13.0));
#5085 = PLANE('', #5086);
#5086 = AXIS2_PLACEMENT_3D('', #5087, #5088, #5089);
#5087 = CARTESIAN_POINT('', (30.750000000000085, 29.239590861319385, 13.0));
#5088 = DIRECTION('', (0.0, 0.0, 0.9999999999999999));
#5089 = DIRECTION('', (-1.0, 0.0, 0.0));
#5090 = CYLINDRICAL_SURFACE('', #5091, 7.5499987711753755);
#5091 = AXIS2_PLACEMENT_3D('', #5092, #5093, #5094);
#5092 = CARTESIAN_POINT('', (-21.50000112882472, -11.5000010288245, 14.0000003));
#5093 = DIRECTION('', (0.0, 0.0, 1.0));
#5094 = DIRECTION('', (0.7071067876178976, 0.7071067747551972, 0.0));
#5095 = SURFACE_CURVE('', #5096, (#3467, #3477), .CURVE_3D.);
#5096 = INTERSECTION_CURVE('', #5097, (#5120, #5125), .CURVE_3D.);
#5097 = B_SPLINE_CURVE_WITH_KNOTS('', 1, (#5098, #5099, #5100, #5101, #5102, #5103, #5104, #5105, #5106, #5107, #5108, #5109, #5110, #5111, #5112, #5113, #5114, #5115, #5116, #5117, #5118, #5119), .UNSPECIFIED., .U., .U., (2, 1, 1, 1, 1, 1, 1, 1, 1, 1, 1, 1, 1, 1, 1, 1, 1, 1, 1, 1, 1, 2), (0.0, 0.047619047619047616, 0.09523809523809523, 0.14285714285714285, 0.19047619047619047, 0.23809523809523808, 0.2857142857142857, 0.3333333333333333, 0.38095238095238093, 0.42857142857142855, 0.47619047619047616, 0.5238095238095238, 0.5714285714285714, 0.6190476190476191, 0.6666666666666666, 0.7142857142857143, 0.7619047619047619, 0.8095238095238095, 0.8571428571428571, 0.9047619047619048, 0.9523809523809523, 1.0), .UNSPECIFIED.);
#5098 = CARTESIAN_POINT('', (-28.714574870209916, -13.725401481521715, 13.0));
#5099 = CARTESIAN_POINT('', (-28.655747001147148, -13.907859507948672, 13.0));
#5100 = CARTESIAN_POINT('', (-28.626319578118085, -13.99360621088735, 13.0));
#5101 = CARTESIAN_POINT('', (-28.57443364517019, -14.137212817138732, 13.0));
#5102 = CARTESIAN_POINT('', (-28.52809728175575, -14.258324053762976, 13.0));
#5103 = CARTESIAN_POINT('', (-28.483232045280346, -14.37001277308758, 13.0));
#5104 = CARTESIAN_POINT('', (-28.420045553574766, -14.519184130962458, 13.0));
#5105 = CARTESIAN_POINT('', (-28.381204644642366, -14.606690523873624, 13.0));
#5106 = CARTESIAN_POINT('', (-28.30231551374652, -14.775821605937253, 13.0));
#5107 = CARTESIAN_POINT('', (-28.267172566973812, -14.847817058932606, 13.0));
#5108 = CARTESIAN_POINT('', (-28.175071818441666, -15.027877547832276, 13.0));
#5109 = CARTESIAN_POINT('', (-28.139625062229328, -15.094145637449827, 13.0));
#5110 = CARTESIAN_POINT('', (-28.03849242954348, -15.27499943348306, 13.0));
#5111 = CARTESIAN_POINT('', (-27.99658630437287, -15.346670042607428, 13.0));
#5112 = CARTESIAN_POINT('', (-27.89276836575202, -15.516841640451815, 13.0));
#5113 = CARTESIAN_POINT('', (-27.835414173809, -15.606705668093412, 13.0));
#5114 = CARTESIAN_POINT('', (-27.738103435427092, -15.753065930411566, 13.0));
#5115 = CARTESIAN_POINT('', (-27.65248685181885, -15.876003870814316, 13.0));
#5116 = CARTESIAN_POINT('', (-27.574713951543657, -15.983341922203408, 13.0));
#5117 = CARTESIAN_POINT('', (-27.442696987041302, -16.156914962051644, 13.0));
#5118 = CARTESIAN_POINT('', (-27.402828006874287, -16.207348083432365, 13.0));
#5119 = CARTESIAN_POINT('', (-27.222686824022688, -16.424770046628907, 13.0));
#5120 = PLANE('', #5121);
#5121 = AXIS2_PLACEMENT_3D('', #5122, #5123, #5124);
#5122 = CARTESIAN_POINT('', (30.750000000000085, 29.239590861319385, 13.0));
#5123 = DIRECTION('', (0.0, 0.0, 0.9999999999999999));
#5124 = DIRECTION('', (-1.0, 0.0, 0.0));
#5125 = CYLINDRICAL_SURFACE('', #5126, 7.5499987711753755);
#5126 = AXIS2_PLACEMENT_3D('', #5127, #5128, #5129);
#5127 = CARTESIAN_POINT('', (-21.50000112882472, -11.5000010288245, 14.0000003));
#5128 = DIRECTION('', (0.0, 0.0, 1.0));
#5129 = DIRECTION('', (0.7071067876178976, 0.7071067747551972, 0.0));
#5130 = SURFACE_CURVE('', #5131, (#3467, #3477), .CURVE_3D.);
#5131 = INTERSECTION_CURVE('', #5132, (#5139, #5144), .CURVE_3D.);
#5132 = B_SPLINE_CURVE_WITH_KNOTS('', 1, (#5133, #5134, #5135, #5136, #5137, #5138), .UNSPECIFIED., .U., .U., (2, 1, 1, 1, 1, 2), (0.0, 0.2, 0.4, 0.6, 0.8, 1.0), .UNSPECIFIED.);
#5133 = CARTESIAN_POINT('', (-28.918376971432977, -12.903632498461732, 13.0));
#5134 = CARTESIAN_POINT('', (-28.860706018172976, -13.180032271591898, 13.0));
#5135 = CARTESIAN_POINT('', (-28.792740323602672, -13.454083033679765, 13.0));
#5136 = CARTESIAN_POINT('', (-28.79153688886609, -13.45856879757477, 13.0));
#5137 = CARTESIAN_POINT('', (-28.727931367210687, -13.681630216788307, 13.0));
#5138 = CARTESIAN_POINT('', (-28.714574870209916, -13.725401481521715, 13.0));
#5139 = PLANE('', #5140);
#5140 = AXIS2_PLACEMENT_3D('', #5141, #5142, #5143);
#5141 = CARTESIAN_POINT('', (30.750000000000085, 29.239590861319385, 13.0));
#5142 = DIRECTION('', (0.0, 0.0, 0.9999999999999999));
#5143 = DIRECTION('', (-1.0, 0.0, 0.0));
#5144 = CYLINDRICAL_SURFACE('', #5145, 7.5499987711753755);
#5145 = AXIS2_PLACEMENT_3D('', #5146, #5147, #5148);
#5146 = CARTESIAN_POINT('', (-21.50000112882472, -11.5000010288245, 14.0000003));
#5147 = DIRECTION('', (0.0, 0.0, 1.0));
#5148 = DIRECTION('', (0.7071067876178976, 0.7071067747551972, 0.0));
#5149 = SURFACE_CURVE('', #5150, (#3467, #3477), .CURVE_3D.);
#5150 = INTERSECTION_CURVE('', #5151, (#5155, #5160), .CURVE_3D.);
#5151 = B_SPLINE_CURVE_WITH_KNOTS('', 1, (#5152, #5153, #5154), .UNSPECIFIED., .U., .U., (2, 1, 2), (0.0, 0.5, 1.0), .UNSPECIFIED.);
#5152 = CARTESIAN_POINT('', (-29.002527274716158, -12.345330954729107, 13.0));
#5153 = CARTESIAN_POINT('', (-28.965672902880783, -12.625268288995244, 13.0));
#5154 = CARTESIAN_POINT('', (-28.918376971432977, -12.903632498461732, 13.0));
#5155 = PLANE('', #5156);
#5156 = AXIS2_PLACEMENT_3D('', #5157, #5158, #5159);
#5157 = CARTESIAN_POINT('', (30.750000000000085, 29.239590861319385, 13.0));
#5158 = DIRECTION('', (0.0, 0.0, 0.9999999999999999));
#5159 = DIRECTION('', (-1.0, 0.0, 0.0));
#5160 = CYLINDRICAL_SURFACE('', #5161, 7.5499987711753755);
#5161 = AXIS2_PLACEMENT_3D('', #5162, #5163, #5164);
#5162 = CARTESIAN_POINT('', (-21.50000112882472, -11.5000010288245, 14.0000003));
#5163 = DIRECTION('', (0.0, 0.0, 1.0));
#5164 = DIRECTION('', (0.7071067876178976, 0.7071067747551972, 0.0));
#5165 = SURFACE_CURVE('', #5166, (#3467, #3477), .CURVE_3D.);
#5166 = INTERSECTION_CURVE('', #5167, (#5180, #5185), .CURVE_3D.);
#5167 = B_SPLINE_CURVE_WITH_KNOTS('', 1, (#5168, #5169, #5170, #5171, #5172, #5173, #5174, #5175, #5176, #5177, #5178, #5179), .UNSPECIFIED., .U., .U., (2, 1, 1, 1, 1, 1, 1, 1, 1, 1, 1, 2), (0.0, 0.09090909090909091, 0.18181818181818182, 0.2727272727272727, 0.36363636363636365, 0.45454545454545453, 0.5454545454545454, 0.6363636363636364, 0.7272727272727273, 0.8181818181818182, 0.9090909090909091, 1.0), .UNSPECIFIED.);
#5168 = CARTESIAN_POINT('', (-29.049999900000003, -11.499999799999998, 13.0));
#5169 = CARTESIAN_POINT('', (-29.04867988677526, -11.64117628875394, 13.0));
#5170 = CARTESIAN_POINT('', (-29.048498033574788, -11.65058629944697, 13.0));
#5171 = CARTESIAN_POINT('', (-29.048275837329328, -11.66134032874632, 13.0));
#5172 = CARTESIAN_POINT('', (-29.04800041818082, -11.673748468027355, 13.0));
#5173 = CARTESIAN_POINT('', (-29.04765331357916, -11.688224148342556, 13.0));
#5174 = CARTESIAN_POINT('', (-29.047207301057853, -11.70533110104003, 13.0));
#5175 = CARTESIAN_POINT('', (-29.04662089222893, -11.725858486851692, 13.0));
#5176 = CARTESIAN_POINT('', (-29.045828321273362, -11.750946095427565, 13.0));
#5177 = CARTESIAN_POINT('', (-29.044720265893247, -11.78230332690518, 13.0));
#5178 = CARTESIAN_POINT('', (-29.028888706341064, -12.064211352967689, 13.0));
#5179 = CARTESIAN_POINT('', (-29.002527287334217, -12.345330955912345, 13.0));
#5180 = PLANE('', #5181);
#5181 = AXIS2_PLACEMENT_3D('', #5182, #5183, #5184);
#5182 = CARTESIAN_POINT('', (30.750000000000085, 29.239590861319385, 13.0));
#5183 = DIRECTION('', (0.0, 0.0, 0.9999999999999999));
#5184 = DIRECTION('', (-1.0, 0.0, 0.0));
#5185 = CYLINDRICAL_SURFACE('', #5186, 7.5499987711753755);
#5186 = AXIS2_PLACEMENT_3D('', #5187, #5188, #5189);
#5187 = CARTESIAN_POINT('', (-21.50000112882472, -11.5000010288245, 14.0000003));
#5188 = DIRECTION('', (0.0, 0.0, 1.0));
#5189 = DIRECTION('', (0.7071067876178976, 0.7071067747551972, 0.0));
#5190 = SURFACE_CURVE('', #5191, (#3467, #3472), .CURVE_3D.);
#5191 = INTERSECTION_CURVE('', #5192, (#5197, #5202), .CURVE_3D.);
#5192 = B_SPLINE_CURVE_WITH_KNOTS('', 1, (#5193, #5194, #5195, #5196), .UNSPECIFIED., .U., .U., (2, 1, 1, 2), (0.0, 0.3333333333333333, 0.6666666666666666, 1.0), .UNSPECIFIED.);
#5193 = CARTESIAN_POINT('', (-29.049999899999975, 11.500000337339216, 13.0));
#5194 = CARTESIAN_POINT('', (-29.04999989999999, -5.74999804066519, 13.0));
#5195 = CARTESIAN_POINT('', (-29.049999900000003, -10.254614789817609, 13.0));
#5196 = CARTESIAN_POINT('', (-29.049999900000003, -11.499999799999998, 13.0));
#5197 = PLANE('', #5198);
#5198 = AXIS2_PLACEMENT_3D('', #5199, #5200, #5201);
#5199 = CARTESIAN_POINT('', (30.750000000000085, 29.239590861319385, 13.0));
#5200 = DIRECTION('', (0.0, 0.0, 0.9999999999999999));
#5201 = DIRECTION('', (-1.0, 0.0, 0.0));
#5202 = PLANE('', #5203);
#5203 = AXIS2_PLACEMENT_3D('', #5204, #5205, #5206);
#5204 = CARTESIAN_POINT('', (-29.049999899999975, 11.500000337339216, 10.0000003));
#5205 = DIRECTION('', (-1.0, 1.2357264896E-15, 0.0));
#5206 = DIRECTION('', (-1.2357264896E-15, -1.0, 0.0));
#5207 = SURFACE_CURVE('', #5208, (#3467, #3512), .CURVE_3D.);
#5208 = INTERSECTION_CURVE('', #5209, (#5222, #5227), .CURVE_3D.);
#5209 = B_SPLINE_CURVE_WITH_KNOTS('', 1, (#5210, #5211, #5212, #5213, #5214, #5215, #5216, #5217, #5218, #5219, #5220, #5221), .UNSPECIFIED., .U., .U., (2, 1, 1, 1, 1, 1, 1, 1, 1, 1, 1, 2), (0.0, 0.09090909090909091, 0.18181818181818182, 0.2727272727272727, 0.36363636363636365, 0.45454545454545453, 0.5454545454545454, 0.6363636363636364, 0.7272727272727273, 0.8181818181818182, 0.9090909090909091, 1.0), .UNSPECIFIED.);
#5210 = CARTESIAN_POINT('', (-29.028888645463738, 12.064212565320545, 13.0));
#5211 = CARTESIAN_POINT('', (-29.042439803356103, 11.83778876677863, 13.0));
#5212 = CARTESIAN_POINT('', (-29.04472023543326, 11.782304540966237, 13.0));
#5213 = CARTESIAN_POINT('', (-29.045828316708466, 11.750946632690898, 13.0));
#5214 = CARTESIAN_POINT('', (-29.0466208881204, 11.725859024129463, 13.0));
#5215 = CARTESIAN_POINT('', (-29.0472072973227, 11.705331638328488, 13.0));
#5216 = CARTESIAN_POINT('', (-29.047653310155226, 11.6882246856391, 13.0));
#5217 = CARTESIAN_POINT('', (-29.048000415020198, 11.67374900533018, 13.0));
#5218 = CARTESIAN_POINT('', (-29.048275834394417, 11.661340866054204, 13.0));
#5219 = CARTESIAN_POINT('', (-29.048498030835475, 11.650586836758876, 13.0));
#5220 = CARTESIAN_POINT('', (-29.048679884207132, 11.64117682606917, 13.0));
#5221 = CARTESIAN_POINT('', (-29.049999899999975, 11.500000337339216, 13.0));
#5222 = PLANE('', #5223);
#5223 = AXIS2_PLACEMENT_3D('', #5224, #5225, #5226);
#5224 = CARTESIAN_POINT('', (30.750000000000085, 29.239590861319385, 13.0));
#5225 = DIRECTION('', (0.0, 0.0, 0.9999999999999999));
#5226 = DIRECTION('', (-1.0, 0.0, 0.0));
#5227 = CYLINDRICAL_SURFACE('', #5228, 7.549998771175717);
#5228 = AXIS2_PLACEMENT_3D('', #5229, #5230, #5231);
#5229 = CARTESIAN_POINT('', (-21.500001128824337, 11.500001428824376, 14.0000003));
#5230 = DIRECTION('', (0.0, 0.0, 1.0));
#5231 = DIRECTION('', (0.7071067747551918, -0.7071067876179034, 0.0));
#5232 = SURFACE_CURVE('', #5233, (#3467, #3512), .CURVE_3D.);
#5233 = INTERSECTION_CURVE('', #5234, (#5250, #5255), .CURVE_3D.);
#5234 = B_SPLINE_CURVE_WITH_KNOTS('', 1, (#5235, #5236, #5237, #5238, #5239, #5240, #5241, #5242, #5243, #5244, #5245, #5246, #5247, #5248, #5249), .UNSPECIFIED., .U., .U., (2, 1, 1, 1, 1, 1, 1, 1, 1, 1, 1, 1, 1, 1, 2), (0.0, 0.07142857142857142, 0.14285714285714285, 0.21428571428571427, 0.2857142857142857, 0.35714285714285715, 0.42857142857142855, 0.5, 0.5714285714285714, 0.6428571428571429, 0.7142857142857143, 0.7857142857142857, 0.8571428571428571, 0.9285714285714286, 1.0), .UNSPECIFIED.);
#5235 = CARTESIAN_POINT('', (-28.420045227810462, 14.51918527762227, 13.0));
#5236 = CARTESIAN_POINT('', (-28.483232344238417, 14.370012445671051, 13.0));
#5237 = CARTESIAN_POINT('', (-28.528096736695403, 14.258325842554243, 13.0));
#5238 = CARTESIAN_POINT('', (-28.5744339040198, 14.137212522763349, 13.0));
#5239 = CARTESIAN_POINT('', (-28.62631908536747, 13.993608019087901, 13.0));
#5240 = CARTESIAN_POINT('', (-28.655747224430627, 13.907859244387893, 13.0));
#5241 = CARTESIAN_POINT('', (-28.714574630093267, 13.725402659960679, 13.0));
#5242 = CARTESIAN_POINT('', (-28.727931558808933, 13.681629982006001, 13.0));
#5243 = CARTESIAN_POINT('', (-28.791537065450427, 13.458568540170006, 13.0));
#5244 = CARTESIAN_POINT('', (-28.79273993746486, 13.454084874766068, 13.0));
#5245 = CARTESIAN_POINT('', (-28.860705686189135, 13.180034126108524, 13.0));
#5246 = CARTESIAN_POINT('', (-28.918376819983678, 12.903633698890559, 13.0));
#5247 = CARTESIAN_POINT('', (-28.965672680521465, 12.62527016425392, 13.0));
#5248 = CARTESIAN_POINT('', (-29.002527120239023, 12.345332838924662, 13.0));
#5249 = CARTESIAN_POINT('', (-29.028888645463738, 12.064212565320545, 13.0));
#5250 = PLANE('', #5251);
#5251 = AXIS2_PLACEMENT_3D('', #5252, #5253, #5254);
#5252 = CARTESIAN_POINT('', (30.750000000000085, 29.239590861319385, 13.0));
#5253 = DIRECTION('', (0.0, 0.0, 0.9999999999999999));
#5254 = DIRECTION('', (-1.0, 0.0, 0.0));
#5255 = CYLINDRICAL_SURFACE('', #5256, 7.549998771175717);
#5256 = AXIS2_PLACEMENT_3D('', #5257, #5258, #5259);
#5257 = CARTESIAN_POINT('', (-21.500001128824337, 11.500001428824376, 14.0000003));
#5258 = DIRECTION('', (0.0, 0.0, 1.0));
#5259 = DIRECTION('', (0.7071067747551918, -0.7071067876179034, 0.0));
#5260 = SURFACE_CURVE('', #5261, (#3467, #3512), .CURVE_3D.);
#5261 = INTERSECTION_CURVE('', #5262, (#5266, #5271), .CURVE_3D.);
#5262 = B_SPLINE_CURVE_WITH_KNOTS('', 1, (#5263, #5264, #5265), .UNSPECIFIED., .U., .U., (2, 1, 2), (0.0, 0.5, 1.0), .UNSPECIFIED.);
#5263 = CARTESIAN_POINT('', (-28.420045227810476, 14.51918527762227, 13.0));
#5264 = CARTESIAN_POINT('', (-28.38120498906946, 14.606690160979937, 13.0));
#5265 = CARTESIAN_POINT('', (-28.302314854906598, 14.775823344828467, 13.0));
#5266 = PLANE('', #5267);
#5267 = AXIS2_PLACEMENT_3D('', #5268, #5269, #5270);
#5268 = CARTESIAN_POINT('', (30.750000000000085, 29.239590861319385, 13.0));
#5269 = DIRECTION('', (0.0, 0.0, 0.9999999999999999));
#5270 = DIRECTION('', (-1.0, 0.0, 0.0));
#5271 = CYLINDRICAL_SURFACE('', #5272, 7.549998771175717);
#5272 = AXIS2_PLACEMENT_3D('', #5273, #5274, #5275);
#5273 = CARTESIAN_POINT('', (-21.500001128824337, 11.500001428824376, 14.0000003));
#5274 = DIRECTION('', (0.0, 0.0, 1.0));
#5275 = DIRECTION('', (0.7071067747551918, -0.7071067876179034, 0.0));
#5276 = SURFACE_CURVE('', #5277, (#3467, #3512), .CURVE_3D.);
#5277 = INTERSECTION_CURVE('', #5278, (#5282, #5287), .CURVE_3D.);
#5278 = B_SPLINE_CURVE_WITH_KNOTS('', 1, (#5279, #5280, #5281), .UNSPECIFIED., .U., .U., (2, 1, 2), (0.0, 0.5, 1.0), .UNSPECIFIED.);
#5279 = CARTESIAN_POINT('', (-28.175071437790308, 15.02787866805987, 13.0));
#5280 = CARTESIAN_POINT('', (-28.26717296325546, 14.84781665790095, 13.0));
#5281 = CARTESIAN_POINT('', (-28.302314866220115, 14.775823350539795, 13.0));
#5282 = PLANE('', #5283);
#5283 = AXIS2_PLACEMENT_3D('', #5284, #5285, #5286);
#5284 = CARTESIAN_POINT('', (30.750000000000085, 29.239590861319385, 13.0));
#5285 = DIRECTION('', (0.0, 0.0, 0.9999999999999999));
#5286 = DIRECTION('', (-1.0, 0.0, 0.0));
#5287 = CYLINDRICAL_SURFACE('', #5288, 7.549998771175717);
#5288 = AXIS2_PLACEMENT_3D('', #5289, #5290, #5291);
#5289 = CARTESIAN_POINT('', (-21.500001128824337, 11.500001428824376, 14.0000003));
#5290 = DIRECTION('', (0.0, 0.0, 1.0));
#5291 = DIRECTION('', (0.7071067747551918, -0.7071067876179034, 0.0));
#5292 = SURFACE_CURVE('', #5293, (#3467, #3512), .CURVE_3D.);
#5293 = INTERSECTION_CURVE('', #5294, (#5298, #5303), .CURVE_3D.);
#5294 = B_SPLINE_CURVE_WITH_KNOTS('', 1, (#5295, #5296, #5297), .UNSPECIFIED., .U., .U., (2, 1, 2), (0.0, 0.5, 1.0), .UNSPECIFIED.);
#5295 = CARTESIAN_POINT('', (-28.03849167249031, 15.27500111939527, 13.0));
#5296 = CARTESIAN_POINT('', (-28.139625518052753, 15.094145195386602, 13.0));
#5297 = CARTESIAN_POINT('', (-28.175071437790308, 15.02787866805987, 13.0));
#5298 = PLANE('', #5299);
#5299 = AXIS2_PLACEMENT_3D('', #5300, #5301, #5302);
#5300 = CARTESIAN_POINT('', (30.750000000000085, 29.239590861319385, 13.0));
#5301 = DIRECTION('', (0.0, 0.0, 0.9999999999999999));
#5302 = DIRECTION('', (-1.0, 0.0, 0.0));
#5303 = CYLINDRICAL_SURFACE('', #5304, 7.549998771175717);
#5304 = AXIS2_PLACEMENT_3D('', #5305, #5306, #5307);
#5305 = CARTESIAN_POINT('', (-21.500001128824337, 11.500001428824376, 14.0000003));
#5306 = DIRECTION('', (0.0, 0.0, 1.0));
#5307 = DIRECTION('', (0.7071067747551918, -0.7071067876179034, 0.0));
#5308 = SURFACE_CURVE('', #5309, (#3467, #3512), .CURVE_3D.);
#5309 = INTERSECTION_CURVE('', #5310, (#5314, #5319), .CURVE_3D.);
#5310 = B_SPLINE_CURVE_WITH_KNOTS('', 1, (#5311, #5312, #5313), .UNSPECIFIED., .U., .U., (2, 1, 2), (0.0, 0.5, 1.0), .UNSPECIFIED.);
#5311 = CARTESIAN_POINT('', (-28.0384916833454, 15.2750011259361, 13.0));
#5312 = CARTESIAN_POINT('', (-27.99658682910413, 15.346669556395966, 13.0));
#5313 = CARTESIAN_POINT('', (-27.892767932342352, 15.516842730219409, 13.0));
#5314 = PLANE('', #5315);
#5315 = AXIS2_PLACEMENT_3D('', #5316, #5317, #5318);
#5316 = CARTESIAN_POINT('', (30.750000000000085, 29.239590861319385, 13.0));
#5317 = DIRECTION('', (0.0, 0.0, 0.9999999999999999));
#5318 = DIRECTION('', (-1.0, 0.0, 0.0));
#5319 = CYLINDRICAL_SURFACE('', #5320, 7.549998771175717);
#5320 = AXIS2_PLACEMENT_3D('', #5321, #5322, #5323);
#5321 = CARTESIAN_POINT('', (-21.500001128824337, 11.500001428824376, 14.0000003));
#5322 = DIRECTION('', (0.0, 0.0, 1.0));
#5323 = DIRECTION('', (0.7071067747551918, -0.7071067876179034, 0.0));
#5324 = SURFACE_CURVE('', #5325, (#3467, #3512), .CURVE_3D.);
#5325 = INTERSECTION_CURVE('', #5326, (#5332, #5337), .CURVE_3D.);
#5326 = B_SPLINE_CURVE_WITH_KNOTS('', 1, (#5327, #5328, #5329, #5330, #5331), .UNSPECIFIED., .U., .U., (2, 1, 1, 1, 2), (0.0, 0.25, 0.5, 0.75, 1.0), .UNSPECIFIED.);
#5327 = CARTESIAN_POINT('', (-27.574713467799484, 15.983342977653535, 13.0));
#5328 = CARTESIAN_POINT('', (-27.652487552017078, 15.876003286363272, 13.0));
#5329 = CARTESIAN_POINT('', (-27.738102594997372, 15.753067563095598, 13.0));
#5330 = CARTESIAN_POINT('', (-27.83541477901659, 15.606705134439466, 13.0));
#5331 = CARTESIAN_POINT('', (-27.892767932342352, 15.516842730219409, 13.0));
#5332 = PLANE('', #5333);
#5333 = AXIS2_PLACEMENT_3D('', #5334, #5335, #5336);
#5334 = CARTESIAN_POINT('', (30.750000000000085, 29.239590861319385, 13.0));
#5335 = DIRECTION('', (0.0, 0.0, 0.9999999999999999));
#5336 = DIRECTION('', (-1.0, 0.0, 0.0));
#5337 = CYLINDRICAL_SURFACE('', #5338, 7.549998771175717);
#5338 = AXIS2_PLACEMENT_3D('', #5339, #5340, #5341);
#5339 = CARTESIAN_POINT('', (-21.500001128824337, 11.500001428824376, 14.0000003));
#5340 = DIRECTION('', (0.0, 0.0, 1.0));
#5341 = DIRECTION('', (0.7071067747551918, -0.7071067876179034, 0.0));
#5342 = SURFACE_CURVE('', #5343, (#3472, #3512), .CURVE_3D.);
#5343 = LINE('', #5344, #5345);
#5344 = CARTESIAN_POINT('', (-29.049999899999975, 11.500000337339216, 10.0000003));
#5345 = VECTOR('', #5346, 2.9999997);
#5346 = DIRECTION('', (0.0, 0.0, 1.0));
#5347 = SURFACE_CURVE('', #5348, (#3472, #3517), .CURVE_3D.);
#5348 = LINE('', #5349, #5350);
#5349 = CARTESIAN_POINT('', (-29.049999899999975, 11.500000337339216, 10.0000003));
#5350 = VECTOR('', #5351, 23.000000137339214);
#5351 = DIRECTION('', (-1.2357264896E-15, -1.0, 0.0));
#5352 = SURFACE_CURVE('', #5353, (#3472, #3477), .CURVE_3D.);
#5353 = LINE('', #5354, #5355);
#5354 = CARTESIAN_POINT('', (-29.049999900000003, -11.499999799999998, 10.0000003));
#5355 = VECTOR('', #5356, 2.9999997);
#5356 = DIRECTION('', (0.0, 0.0, 1.0));
#5357 = SURFACE_CURVE('', #5358, (#3477, #3517), .CURVE_3D.);
#5358 = (
    BOUNDED_CURVE()
    B_SPLINE_CURVE(2, (#5359, #5360, #5361, #5362, #5363, #5364), .UNSPECIFIED., .U., .U.)
    B_SPLINE_CURVE_WITH_KNOTS((3, 1, 1, 1, 3), (0.0, 0.25, 0.5, 0.75, 1.0), .UNSPECIFIED.)
    CURVE()
    GEOMETRIC_REPRESENTATION_ITEM()
    RATIONAL_B_SPLINE_CURVE((1.0, 0.9267766681326088, 0.8535533362652177, 0.8535533362652177, 0.9267766681326088, 1.0))
    REPRESENTATION_ITEM('')
);
#5359 = CARTESIAN_POINT('', (-29.049999900000003, -11.499999799999998, 10.0000003));
#5360 = CARTESIAN_POINT('', (-29.050000134390398, -12.940113781332354, 10.000000300000002));
#5361 = CARTESIAN_POINT('', (-27.94432845771275, -15.732984337920065, 10.0000003));
#5362 = CARTESIAN_POINT('', (-25.732984555146466, -17.94432828071203, 10.0000003));
#5363 = CARTESIAN_POINT('', (-22.9401140186716, -19.05000000819369, 10.000000300000002));
#5364 = CARTESIAN_POINT('', (-21.500000037339262, -19.04999979999981, 10.0000003));
#5365 = SURFACE_CURVE('', #5366, (#3477, #3482), .CURVE_3D.);
#5366 = LINE('', #5367, #5368);
#5367 = CARTESIAN_POINT('', (-21.500000037339262, -19.04999979999981, 10.0000003));
#5368 = VECTOR('', #5369, 2.9999997);
#5369 = DIRECTION('', (0.0, 0.0, 1.0));
#5370 = SURFACE_CURVE('', #5371, (#3482, #3517), .CURVE_3D.);
#5371 = LINE('', #5372, #5373);
#5372 = CARTESIAN_POINT('', (-21.500000037339262, -19.04999979999981, 10.0000003));
#5373 = VECTOR('', #5374, 43.000000137339256);
#5374 = DIRECTION('', (1.0, -4.2963049002E-15, 0.0));
#5375 = SURFACE_CURVE('', #5376, (#3482, #3487), .CURVE_3D.);
#5376 = LINE('', #5377, #5378);
#5377 = CARTESIAN_POINT('', (21.500000099999994, -19.049999799999995, 10.0000003));
#5378 = VECTOR('', #5379, 2.9999997);
#5379 = DIRECTION('', (0.0, 0.0, 1.0));
#5380 = SURFACE_CURVE('', #5381, (#3487, #3517), .CURVE_3D.);
#5381 = (
    BOUNDED_CURVE()
    B_SPLINE_CURVE(2, (#5382, #5383, #5384, #5385, #5386, #5387), .UNSPECIFIED., .U., .U.)
    B_SPLINE_CURVE_WITH_KNOTS((3, 1, 1, 1, 3), (0.0, 0.25, 0.5, 0.75, 1.0), .UNSPECIFIED.)
    CURVE()
    GEOMETRIC_REPRESENTATION_ITEM()
    RATIONAL_B_SPLINE_CURVE((1.0, 0.9267766681326415, 0.8535533362652828, 0.8535533362652827, 0.9267766681326414, 1.0))
    REPRESENTATION_ITEM('')
);
#5382 = CARTESIAN_POINT('', (21.500000099999994, -19.049999799999995, 10.0000003));
#5383 = CARTESIAN_POINT('', (22.940114081332347, -19.050000034390166, 10.0000003));
#5384 = CARTESIAN_POINT('', (25.732984637919845, -17.944328357712262, 10.000000299999998));
#5385 = CARTESIAN_POINT('', (27.944328580711726, -15.732984455146097, 10.0000003));
#5386 = CARTESIAN_POINT('', (29.050000308193688, -12.940113918671415, 10.000000300000002));
#5387 = CARTESIAN_POINT('', (29.050000100000062, -11.49999993733907, 10.0000003));
#5388 = SURFACE_CURVE('', #5389, (#3487, #3492), .CURVE_3D.);
#5389 = LINE('', #5390, #5391);
#5390 = CARTESIAN_POINT('', (29.05000010000009, -11.49999993733907, 10.0000003));
#5391 = VECTOR('', #5392, 2.9999997);
#5392 = DIRECTION('', (0.0, 0.0, 1.0));
#5393 = SURFACE_CURVE('', #5394, (#3492, #3517), .CURVE_3D.);
#5394 = LINE('', #5395, #5396);
#5395 = CARTESIAN_POINT('', (29.05000010000009, -11.49999993733907, 10.0000003));
#5396 = VECTOR('', #5397, 31.489592137339073);
#5397 = DIRECTION('', (-2.7077241242E-15, 1.0, 0.0));
#5398 = SURFACE_CURVE('', #5399, (#3492, #3497), .CURVE_3D.);
#5399 = LINE('', #5400, #5401);
#5400 = CARTESIAN_POINT('', (29.050000100000005, 19.989592200000004, 10.0000003));
#5401 = VECTOR('', #5402, 2.9999997);
#5402 = DIRECTION('', (0.0, 0.0, 1.0));
#5403 = SURFACE_CURVE('', #5404, (#3497, #3517), .CURVE_3D.);
#5404 = (
    BOUNDED_CURVE()
    B_SPLINE_CURVE(2, (#5405, #5406, #5407, #5408, #5409, #5410), .UNSPECIFIED., .U., .U.)
    B_SPLINE_CURVE_WITH_KNOTS((3, 1, 1, 1, 3), (0.0, 0.25, 0.5, 0.75, 1.0), .UNSPECIFIED.)
    CURVE()
    GEOMETRIC_REPRESENTATION_ITEM()
    RATIONAL_B_SPLINE_CURVE((1.0, 0.7501531398473702, 0.5003062796947404, 0.5003062796947404, 0.7501531398473702, 1.0))
    REPRESENTATION_ITEM('')
);
#5405 = CARTESIAN_POINT('', (29.050000100000005, 19.989592200000004, 10.0000003));
#5406 = CARTESIAN_POINT('', (29.04999923595247, 22.50574569257408, 10.0000003));
#5407 = CARTESIAN_POINT('', (25.277308326963468, 27.5372816790123, 10.0000003));
#5408 = CARTESIAN_POINT('', (17.731929963059788, 27.54190108115829, 10.0000003));
#5409 = CARTESIAN_POINT('', (13.953081109733914, 22.514988268973372, 10.0000003));
#5410 = CARTESIAN_POINT('', (13.94999938746463, 19.998836663608287, 10.0000003));
#5411 = SURFACE_CURVE('', #5412, (#3497, #3502), .CURVE_3D.);
#5412 = LINE('', #5413, #5414);
#5413 = CARTESIAN_POINT('', (13.94999938746463, 19.998836663608273, 10.0000003));
#5414 = VECTOR('', #5415, 2.9999997);
#5415 = DIRECTION('', (0.0, 0.0, 1.0));
#5416 = SURFACE_CURVE('', #5417, (#3502, #3517), .CURVE_3D.);
#5417 = LINE('', #5418, #5419);
#5418 = CARTESIAN_POINT('', (13.94999938746463, 19.998836663608273, 10.0000003));
#5419 = VECTOR('', #5420, 1.3426798877081496);
#5420 = DIRECTION('', (-0.7075396720853623, -0.7066736251094546, 0.0));
#5421 = SURFACE_CURVE('', #5422, (#3502, #3507), .CURVE_3D.);
#5422 = LINE('', #5423, #5424);
#5423 = CARTESIAN_POINT('', (13.000000099999994, 19.0500002, 10.0000003));
#5424 = VECTOR('', #5425, 2.9999997);
#5425 = DIRECTION('', (0.0, 0.0, 1.0));
#5426 = SURFACE_CURVE('', #5427, (#3507, #3517), .CURVE_3D.);
#5427 = LINE('', #5428, #5429);
#5428 = CARTESIAN_POINT('', (13.000000099999994, 19.0500002, 10.0000003));
#5429 = VECTOR('', #5430, 34.5);
#5430 = DIRECTION('', (-1.0, 0.0, 0.0));
#5431 = SURFACE_CURVE('', #5432, (#3507, #3512), .CURVE_3D.);
#5432 = LINE('', #5433, #5434);
#5433 = CARTESIAN_POINT('', (-21.499999900000006, 19.0500002, 10.0000003));
#5434 = VECTOR('', #5435, 2.9999997);
#5435 = DIRECTION('', (0.0, 0.0, 1.0));
#5436 = SURFACE_CURVE('', #5437, (#3512, #3517), .CURVE_3D.);
#5437 = (
    BOUNDED_CURVE()
    B_SPLINE_CURVE(2, (#5438, #5439, #5440, #5441, #5442, #5443), .UNSPECIFIED., .U., .U.)
    B_SPLINE_CURVE_WITH_KNOTS((3, 1, 1, 1, 3), (0.0, 0.25, 0.5, 0.75, 1.0), .UNSPECIFIED.)
    CURVE()
    GEOMETRIC_REPRESENTATION_ITEM()
    RATIONAL_B_SPLINE_CURVE((1.0, 0.9267766681326138, 0.8535533362652277, 0.8535533362652277, 0.9267766681326138, 1.0))
    REPRESENTATION_ITEM('')
);
#5438 = CARTESIAN_POINT('', (-21.499999900000006, 19.0500002, 10.0000003));
#5439 = CARTESIAN_POINT('', (-22.940113881332373, 19.050000434390395, 10.000000300000002));
#5440 = CARTESIAN_POINT('', (-25.732984437920084, 17.94432875771268, 10.0000003));
#5441 = CARTESIAN_POINT('', (-27.944328380712054, 15.732984855146436, 10.0000003));
#5442 = CARTESIAN_POINT('', (-29.0500001081938, 12.940114318671583, 10.000000300000002));
#5443 = CARTESIAN_POINT('', (-29.04999989999999, 11.500000337339216, 10.0000003));
#5444 = SURFACE_CURVE('', #5445, (#3517, #3527), .CURVE_3D.);
#5445 = INTERSECTION_CURVE('', #5446, (#5451, #5456), .CURVE_3D.);
#5446 = B_SPLINE_CURVE_WITH_KNOTS('', 1, (#5447, #5448, #5449, #5450), .UNSPECIFIED., .U., .U., (2, 1, 1, 2), (0.0, 0.3333333333333333, 0.6666666666666666, 1.0), .UNSPECIFIED.);
#5447 = CARTESIAN_POINT('', (-26.162948391082736, 15.810384979873731, 10.0000003));
#5448 = CARTESIAN_POINT('', (-25.99012852201372, 15.990128318884189, 10.0000003));
#5449 = CARTESIAN_POINT('', (-25.961221154831463, 16.01885076888766, 10.0000003));
#5450 = CARTESIAN_POINT('', (-25.810384975298888, 16.162948403311887, 10.0000003));
#5451 = PLANE('', #5452);
#5452 = AXIS2_PLACEMENT_3D('', #5453, #5454, #5455);
#5453 = CARTESIAN_POINT('', (29.05000010000009, 27.539591380085298, 10.0000003));
#5454 = DIRECTION('', (0.0, 0.0, 1.0));
#5455 = DIRECTION('', (-0.9999999999999999, 0.0, 0.0));
#5456 = CYLINDRICAL_SURFACE('', #5457, 6.34999877117574);
#5457 = AXIS2_PLACEMENT_3D('', #5458, #5459, #5460);
#5458 = CARTESIAN_POINT('', (-21.500001228824303, 11.500001228824374, 13.0));
#5459 = DIRECTION('', (0.0, 0.0, 1.0));
#5460 = DIRECTION('', (0.7071067638807866, -0.707106798492308, 0.0));
#5461 = SURFACE_CURVE('', #5462, (#3517, #3527), .CURVE_3D.);
#5462 = INTERSECTION_CURVE('', #5463, (#5468, #5473), .CURVE_3D.);
#5463 = B_SPLINE_CURVE_WITH_KNOTS('', 1, (#5464, #5465, #5466, #5467), .UNSPECIFIED., .U., .U., (2, 1, 1, 2), (0.0, 0.3333333333333333, 0.6666666666666666, 1.0), .UNSPECIFIED.);
#5464 = CARTESIAN_POINT('', (-25.431246797692324, 16.48676297079571, 10.0000003));
#5465 = CARTESIAN_POINT('', (-25.623995565436218, 16.328578152259084, 10.0000003));
#5466 = CARTESIAN_POINT('', (-25.65503963228329, 16.30189046741728, 10.0000003));
#5467 = CARTESIAN_POINT('', (-25.810384975298888, 16.1629484033119, 10.0000003));
#5468 = PLANE('', #5469);
#5469 = AXIS2_PLACEMENT_3D('', #5470, #5471, #5472);
#5470 = CARTESIAN_POINT('', (29.05000010000009, 27.539591380085298, 10.0000003));
#5471 = DIRECTION('', (0.0, 0.0, 1.0));
#5472 = DIRECTION('', (-0.9999999999999999, 0.0, 0.0));
#5473 = CYLINDRICAL_SURFACE('', #5474, 6.34999877117574);
#5474 = AXIS2_PLACEMENT_3D('', #5475, #5476, #5477);
#5475 = CARTESIAN_POINT('', (-21.500001228824303, 11.500001228824374, 13.0));
#5476 = DIRECTION('', (0.0, 0.0, 1.0));
#5477 = DIRECTION('', (0.7071067638807866, -0.707106798492308, 0.0));
#5478 = SURFACE_CURVE('', #5479, (#3517, #3527), .CURVE_3D.);
#5479 = INTERSECTION_CURVE('', #5480, (#5504, #5509), .CURVE_3D.);
#5480 = B_SPLINE_CURVE_WITH_KNOTS('', 1, (#5481, #5482, #5483, #5484, #5485, #5486, #5487, #5488, #5489, #5490, #5491, #5492, #5493, #5494, #5495, #5496, #5497, #5498, #5499, #5500, #5501, #5502, #5503), .UNSPECIFIED., .U., .U., (2, 1, 1, 1, 1, 1, 1, 1, 1, 1, 1, 1, 1, 1, 1, 1, 1, 1, 1, 1, 1, 1, 2), (0.0, 0.045454545454545456, 0.09090909090909091, 0.13636363636363635, 0.18181818181818182, 0.22727272727272727, 0.2727272727272727, 0.3181818181818182, 0.36363636363636365, 0.4090909090909091, 0.45454545454545453, 0.5, 0.5454545454545454, 0.5909090909090909, 0.6363636363636364, 0.6818181818181818, 0.7272727272727273, 0.7727272727272727, 0.8181818181818182, 0.8636363636363636, 0.9090909090909091, 0.9545454545454546, 1.0), .UNSPECIFIED.);
#5481 = CARTESIAN_POINT('', (-23.223646930816088, 17.61159102919045, 10.0000003));
#5482 = CARTESIAN_POINT('', (-23.232138997319595, 17.609189648318875, 10.0000003));
#5483 = CARTESIAN_POINT('', (-23.29999339938442, 17.589542474259503, 10.0000003));
#5484 = CARTESIAN_POINT('', (-23.37217943046373, 17.56773830085045, 10.0000003));
#5485 = CARTESIAN_POINT('', (-23.449124002401447, 17.543460900854654, 10.0000003));
#5486 = CARTESIAN_POINT('', (-23.46225828767487, 17.53920909318245, 10.0000003));
#5487 = CARTESIAN_POINT('', (-23.539621414341127, 17.51352215194136, 10.0000003));
#5488 = CARTESIAN_POINT('', (-23.638908695063463, 17.478927490687767, 10.0000003));
#5489 = CARTESIAN_POINT('', (-23.697843697034926, 17.457515213605546, 10.0000003));
#5490 = CARTESIAN_POINT('', (-23.753794702863246, 17.436574261333362, 10.0000003));
#5491 = CARTESIAN_POINT('', (-23.889519846728092, 17.38325586963542, 10.0000003));
#5492 = CARTESIAN_POINT('', (-23.93004019115321, 17.366635275319595, 10.0000003));
#5493 = CARTESIAN_POINT('', (-24.0620330006968, 17.310205837428896, 10.0000003));
#5494 = CARTESIAN_POINT('', (-24.15848973971157, 17.26670940866265, 10.0000003));
#5495 = CARTESIAN_POINT('', (-24.29763465183464, 17.20050398072169, 10.0000003));
#5496 = CARTESIAN_POINT('', (-24.382840089912946, 17.15789169214466, 10.0000003));
#5497 = CARTESIAN_POINT('', (-24.602745309629654, 17.040349914869395, 10.0000003));
#5498 = CARTESIAN_POINT('', (-24.815201885545235, 16.915897184214444, 10.0000003));
#5499 = CARTESIAN_POINT('', (-24.817866320805962, 16.914265317815875, 10.0000003));
#5500 = CARTESIAN_POINT('', (-25.027871422292208, 16.779832314377614, 10.0000003));
#5501 = CARTESIAN_POINT('', (-25.045264795467716, 16.768168902405407, 10.0000003));
#5502 = CARTESIAN_POINT('', (-25.23243680130392, 16.63725819059124, 10.0000003));
#5503 = CARTESIAN_POINT('', (-25.431246797692324, 16.48676297079571, 10.0000003));
#5504 = PLANE('', #5505);
#5505 = AXIS2_PLACEMENT_3D('', #5506, #5507, #5508);
#5506 = CARTESIAN_POINT('', (29.05000010000009, 27.539591380085298, 10.0000003));
#5507 = DIRECTION('', (0.0, 0.0, 1.0));
#5508 = DIRECTION('', (-0.9999999999999999, 0.0, 0.0));
#5509 = CYLINDRICAL_SURFACE('', #5510, 6.34999877117574);
#5510 = AXIS2_PLACEMENT_3D('', #5511, #5512, #5513);
#5511 = CARTESIAN_POINT('', (-21.500001228824303, 11.500001228824374, 13.0));
#5512 = DIRECTION('', (0.0, 0.0, 1.0));
#5513 = DIRECTION('', (0.7071067638807866, -0.707106798492308, 0.0));
#5514 = SURFACE_CURVE('', #5515, (#3517, #3527), .CURVE_3D.);
#5515 = INTERSECTION_CURVE('', #5516, (#5529, #5534), .CURVE_3D.);
#5516 = B_SPLINE_CURVE_WITH_KNOTS('', 1, (#5517, #5518, #5519, #5520, #5521, #5522, #5523, #5524, #5525, #5526, #5527, #5528), .UNSPECIFIED., .U., .U., (2, 1, 1, 1, 1, 1, 1, 1, 1, 1, 1, 2), (0.0, 0.09090909090909091, 0.18181818181818182, 0.2727272727272727, 0.36363636363636365, 0.45454545454545453, 0.5454545454545454, 0.6363636363636364, 0.7272727272727273, 0.8181818181818182, 0.9090909090909091, 1.0), .UNSPECIFIED.);
#5517 = CARTESIAN_POINT('', (-22.49335918353418, 17.771821089737784, 10.0000003));
#5518 = CARTESIAN_POINT('', (-22.738823885404088, 17.72798668316497, 10.0000003));
#5519 = CARTESIAN_POINT('', (-22.845654340273796, 17.705780962071415, 10.0000003));
#5520 = CARTESIAN_POINT('', (-22.88458424189156, 17.69721142970178, 10.0000003));
#5521 = CARTESIAN_POINT('', (-22.925234570132062, 17.687989134174387, 10.0000003));
#5522 = CARTESIAN_POINT('', (-22.967721803471477, 17.67804952166661, 10.0000003));
#5523 = CARTESIAN_POINT('', (-22.98237841170703, 17.674549170301717, 10.0000003));
#5524 = CARTESIAN_POINT('', (-23.01436454035752, 17.66678224930949, 10.0000003));
#5525 = CARTESIAN_POINT('', (-23.06448671799933, 17.654257442867973, 10.0000003));
#5526 = CARTESIAN_POINT('', (-23.117226455802808, 17.64060925728195, 10.0000003));
#5527 = CARTESIAN_POINT('', (-23.17279387578995, 17.625705200956148, 10.0000003));
#5528 = CARTESIAN_POINT('', (-23.223646930816088, 17.61159102919045, 10.0000003));
#5529 = PLANE('', #5530);
#5530 = AXIS2_PLACEMENT_3D('', #5531, #5532, #5533);
#5531 = CARTESIAN_POINT('', (29.05000010000009, 27.539591380085298, 10.0000003));
#5532 = DIRECTION('', (0.0, 0.0, 1.0));
#5533 = DIRECTION('', (-0.9999999999999999, 0.0, 0.0));
#5534 = CYLINDRICAL_SURFACE('', #5535, 6.34999877117574);
#5535 = AXIS2_PLACEMENT_3D('', #5536, #5537, #5538);
#5536 = CARTESIAN_POINT('', (-21.500001228824303, 11.500001228824374, 13.0));
#5537 = DIRECTION('', (0.0, 0.0, 1.0));
#5538 = DIRECTION('', (0.7071067638807866, -0.707106798492308, 0.0));
#5539 = SURFACE_CURVE('', #5540, (#3517, #3527), .CURVE_3D.);
#5540 = INTERSECTION_CURVE('', #5541, (#5551, #5556), .CURVE_3D.);
#5541 = B_SPLINE_CURVE_WITH_KNOTS('', 1, (#5542, #5543, #5544, #5545, #5546, #5547, #5548, #5549, #5550), .UNSPECIFIED., .U., .U., (2, 1, 1, 1, 1, 1, 1, 1, 2), (0.0, 0.125, 0.25, 0.375, 0.5, 0.625, 0.75, 0.875, 1.0), .UNSPECIFIED.);
#5542 = CARTESIAN_POINT('', (-22.493359182501237, 17.771821083953427, 10.0000003));
#5543 = CARTESIAN_POINT('', (-22.246362794809755, 17.805984800540458, 10.0000003));
#5544 = CARTESIAN_POINT('', (-21.998215570380495, 17.83042513752126, 10.0000003));
#5545 = CARTESIAN_POINT('', (-21.749299811482985, 17.845104428191405, 10.0000003));
#5546 = CARTESIAN_POINT('', (-21.73012972899525, 17.845828619113405, 10.0000003));
#5547 = CARTESIAN_POINT('', (-21.713697323985116, 17.846403230970665, 10.0000003));
#5548 = CARTESIAN_POINT('', (-21.699455230109947, 17.84686679344007, 10.0000003));
#5549 = CARTESIAN_POINT('', (-21.686992882940956, 17.847246183544826, 10.0000003));
#5550 = CARTESIAN_POINT('', (-21.5, 17.849999999999994, 10.0000003));
#5551 = PLANE('', #5552);
#5552 = AXIS2_PLACEMENT_3D('', #5553, #5554, #5555);
#5553 = CARTESIAN_POINT('', (29.05000010000009, 27.539591380085298, 10.0000003));
#5554 = DIRECTION('', (0.0, 0.0, 1.0));
#5555 = DIRECTION('', (-0.9999999999999999, 0.0, 0.0));
#5556 = CYLINDRICAL_SURFACE('', #5557, 6.34999877117574);
#5557 = AXIS2_PLACEMENT_3D('', #5558, #5559, #5560);
#5558 = CARTESIAN_POINT('', (-21.500001228824303, 11.500001228824374, 13.0));
#5559 = DIRECTION('', (0.0, 0.0, 1.0));
#5560 = DIRECTION('', (0.7071067638807866, -0.707106798492308, 0.0));
#5561 = SURFACE_CURVE('', #5562, (#3517, #3537), .CURVE_3D.);
#5562 = INTERSECTION_CURVE('', #5563, (#5570, #5575), .CURVE_3D.);
#5563 = B_SPLINE_CURVE_WITH_KNOTS('', 1, (#5564, #5565, #5566, #5567, #5568, #5569), .UNSPECIFIED., .U., .U., (2, 1, 1, 1, 1, 2), (0.0, 0.2, 0.4, 0.6, 0.8, 1.0), .UNSPECIFIED.);
#5564 = CARTESIAN_POINT('', (-21.5, 17.849999999999994, 10.0000003));
#5565 = CARTESIAN_POINT('', (-8.562501293750003, 17.849999999999994, 10.0000003));
#5566 = CARTESIAN_POINT('', (6.316555155907366, 17.849999999999994, 10.0000003));
#5567 = CARTESIAN_POINT('', (11.348281330441893, 17.849999999999994, 10.0000003));
#5568 = CARTESIAN_POINT('', (11.913385741343632, 17.849999999999994, 10.0000003));
#5569 = CARTESIAN_POINT('', (13.0, 17.849999999999994, 10.0000003));
#5570 = PLANE('', #5571);
#5571 = AXIS2_PLACEMENT_3D('', #5572, #5573, #5574);
#5572 = CARTESIAN_POINT('', (29.05000010000009, 27.539591380085298, 10.0000003));
#5573 = DIRECTION('', (0.0, 0.0, 1.0));
#5574 = DIRECTION('', (-0.9999999999999999, 0.0, 0.0));
#5575 = PLANE('', #5576);
#5576 = AXIS2_PLACEMENT_3D('', #5577, #5578, #5579);
#5577 = CARTESIAN_POINT('', (13.0, 17.849999999999994, 5.0));
#5578 = DIRECTION('', (0.0, 1.0, -0.0));
#5579 = DIRECTION('', (-1.0, 0.0, 0.0));
#5580 = SURFACE_CURVE('', #5581, (#3517, #3542), .CURVE_3D.);
#5581 = INTERSECTION_CURVE('', #5582, (#5589, #5594), .CURVE_3D.);
#5582 = B_SPLINE_CURVE_WITH_KNOTS('', 1, (#5583, #5584, #5585, #5586, #5587, #5588), .UNSPECIFIED., .U., .U., (2, 1, 1, 1, 1, 2), (0.0, 0.2, 0.4, 0.6, 0.8, 1.0), .UNSPECIFIED.);
#5583 = CARTESIAN_POINT('', (15.1499983874198, 19.99736673342923, 10.0000003));
#5584 = CARTESIAN_POINT('', (14.27627767426344, 19.124715477168678, 10.0000003));
#5585 = CARTESIAN_POINT('', (13.806249314657492, 18.655262444509702, 10.0000003));
#5586 = CARTESIAN_POINT('', (13.41347916871078, 18.262973059445414, 10.0000003));
#5587 = CARTESIAN_POINT('', (13.218933118854267, 18.068665139017952, 10.0000003));
#5588 = CARTESIAN_POINT('', (13.0, 17.849999999999994, 10.0000003));
#5589 = PLANE('', #5590);
#5590 = AXIS2_PLACEMENT_3D('', #5591, #5592, #5593);
#5591 = CARTESIAN_POINT('', (29.05000010000009, 27.539591380085298, 10.0000003));
#5592 = DIRECTION('', (0.0, 0.0, 1.0));
#5593 = DIRECTION('', (-0.9999999999999999, 0.0, 0.0));
#5594 = PLANE('', #5595);
#5595 = AXIS2_PLACEMENT_3D('', #5596, #5597, #5598);
#5596 = CARTESIAN_POINT('', (15.1499983874198, 19.99736673342923, 5.0));
#5597 = DIRECTION('', (-0.7066736251094795, 0.7075396720853374, 0.0));
#5598 = DIRECTION('', (-0.7075396720853374, -0.7066736251094795, 0.0));
#5599 = SURFACE_CURVE('', #5600, (#3517, #3547), .CURVE_3D.);
#5600 = INTERSECTION_CURVE('', #5601, (#5625, #5630), .CURVE_3D.);
#5601 = B_SPLINE_CURVE_WITH_KNOTS('', 1, (#5602, #5603, #5604, #5605, #5606, #5607, #5608, #5609, #5610, #5611, #5612, #5613, #5614, #5615, #5616, #5617, #5618, #5619, #5620, #5621, #5622, #5623, #5624), .UNSPECIFIED., .U., .U., (2, 1, 1, 1, 1, 1, 1, 1, 1, 1, 1, 1, 1, 1, 1, 1, 1, 1, 1, 1, 1, 1, 2), (0.0, 0.045454545454545456, 0.09090909090909091, 0.13636363636363635, 0.18181818181818182, 0.22727272727272727, 0.2727272727272727, 0.3181818181818182, 0.36363636363636365, 0.4090909090909091, 0.45454545454545453, 0.5, 0.5454545454545454, 0.5909090909090909, 0.6363636363636364, 0.6818181818181818, 0.7272727272727273, 0.7727272727272727, 0.8181818181818182, 0.8636363636363636, 0.9090909090909091, 0.9545454545454546, 1.0), .UNSPECIFIED.);
#5602 = CARTESIAN_POINT('', (15.331595833713124, 21.497359233980745, 10.0000003));
#5603 = CARTESIAN_POINT('', (15.28484813741045, 21.291306516307998, 10.0000003));
#5604 = CARTESIAN_POINT('', (15.280115032090038, 21.26849953826141, 10.0000003));
#5605 = CARTESIAN_POINT('', (15.276548477245967, 21.251029577809746, 10.0000003));
#5606 = CARTESIAN_POINT('', (15.23450216012327, 21.022118945081473, 10.0000003));
#5607 = CARTESIAN_POINT('', (15.231333998909378, 21.002706880675376, 10.0000003));
#5608 = CARTESIAN_POINT('', (15.230927842322842, 21.00019058111431, 10.0000003));
#5609 = CARTESIAN_POINT('', (15.196897031231089, 20.759961806025245, 10.0000003));
#5610 = CARTESIAN_POINT('', (15.196023836342277, 20.752783485646376, 10.0000003));
#5611 = CARTESIAN_POINT('', (15.194357085084448, 20.738887821410174, 10.0000003));
#5612 = CARTESIAN_POINT('', (15.17094699878777, 20.505020237667438, 10.0000003));
#5613 = CARTESIAN_POINT('', (15.170673778635631, 20.501654264850373, 10.0000003));
#5614 = CARTESIAN_POINT('', (15.169323445390233, 20.484680514381054, 10.0000003));
#5615 = CARTESIAN_POINT('', (15.155643747364138, 20.257404026460776, 10.0000003));
#5616 = CARTESIAN_POINT('', (15.155323877153023, 20.249715970362374, 10.0000003));
#5617 = CARTESIAN_POINT('', (15.154843459739226, 20.237721257902365, 10.0000003));
#5618 = CARTESIAN_POINT('', (15.154558047905084, 20.23031200721634, 10.0000003));
#5619 = CARTESIAN_POINT('', (15.153948883181727, 20.21367904143959, 10.0000003));
#5620 = CARTESIAN_POINT('', (15.153456223740704, 20.199263059826222, 10.0000003));
#5621 = CARTESIAN_POINT('', (15.153052020251181, 20.18664850878511, 10.0000003));
#5622 = CARTESIAN_POINT('', (15.150053492460813, 20.017163264730925, 10.0000003));
#5623 = CARTESIAN_POINT('', (15.149999330931166, 19.99810230294375, 10.0000003));
#5624 = CARTESIAN_POINT('', (15.1499983874198, 19.99736673342923, 10.0000003));
#5625 = PLANE('', #5626);
#5626 = AXIS2_PLACEMENT_3D('', #5627, #5628, #5629);
#5627 = CARTESIAN_POINT('', (29.05000010000009, 27.539591380085298, 10.0000003));
#5628 = DIRECTION('', (0.0, 0.0, 1.0));
#5629 = DIRECTION('', (-0.9999999999999999, 0.0, 0.0));
#5630 = CYLINDRICAL_SURFACE('', #5631, 6.350003187660196);
#5631 = AXIS2_PLACEMENT_3D('', #5632, #5633, #5634);
#5632 = CARTESIAN_POINT('', (21.499996812340328, 19.989589407327614, 13.0));
#5633 = DIRECTION('', (0.0, 0.0, 1.0));
#5634 = DIRECTION('', (-6.1218354208E-4, -0.999999812615638, 0.0));
#5635 = SURFACE_CURVE('', #5636, (#3517, #3547), .CURVE_3D.);
#5636 = INTERSECTION_CURVE('', #5637, (#5707, #5712), .CURVE_3D.);
#5637 = B_SPLINE_CURVE_WITH_KNOTS('', 1, (#5638, #5639, #5640, #5641, #5642, #5643, #5644, #5645, #5646, #5647, #5648, #5649, #5650, #5651, #5652, #5653, #5654, #5655, #5656, #5657, #5658, #5659, #5660, #5661, #5662, #5663, #5664, #5665, #5666, #5667, #5668, #5669, #5670, #5671, #5672, #5673, #5674, #5675, #5676, #5677, #5678, #5679, #5680, #5681, #5682, #5683, #5684, #5685, #5686, #5687, #5688, #5689, #5690, #5691, #5692, #5693, #5694, #5695, #5696, #5697, #5698, #5699, #5700, #5701, #5702, #5703, #5704, #5705, #5706), .UNSPECIFIED., .U., .U., (2, 1, 1, 1, 1, 1, 1, 1, 1, 1, 1, 1, 1, 1, 1, 1, 1, 1, 1, 1, 1, 1, 1, 1, 1, 1, 1, 1, 1, 1, 1, 1, 1, 1, 1, 1, 1, 1, 1, 1, 1, 1, 1, 1, 1, 1, 1, 1, 1, 1, 1, 1, 1, 1, 1, 1, 1, 1, 1, 1, 1, 1, 1, 1, 1, 1, 1, 1, 2), (0.0, 0.014705882352941176, 0.029411764705882353, 0.04411764705882353, 0.058823529411764705, 0.07352941176470588, 0.08823529411764706, 0.10294117647058823, 0.11764705882352941, 0.1323529411764706, 0.14705882352941177, 0.16176470588235295, 0.17647058823529413, 0.19117647058823528, 0.20588235294117646, 0.22058823529411764, 0.23529411764705882, 0.25, 0.2647058823529412, 0.27941176470588236, 0.29411764705882354, 0.3088235294117647, 0.3235294117647059, 0.3382352941176471, 0.35294117647058826, 0.36764705882352944, 0.38235294117647056, 0.39705882352941174, 0.4117647058823529, 0.4264705882352941, 0.4411764705882353, 0.45588235294117646, 0.47058823529411764, 0.4852941176470588, 0.5, 0.5147058823529411, 0.5294117647058824, 0.5441176470588235, 0.5588235294117647, 0.5735294117647058, 0.5882352941176471, 0.6029411764705882, 0.6176470588235294, 0.6323529411764706, 0.6470588235294118, 0.6617647058823529, 0.6764705882352942, 0.6911764705882353, 0.7058823529411765, 0.7205882352941176, 0.7352941176470589, 0.75, 0.7647058823529411, 0.7794117647058824, 0.7941176470588235, 0.8088235294117647, 0.8235294117647058, 0.8382352941176471, 0.8529411764705882, 0.8676470588235294, 0.8823529411764706, 0.8970588235294118, 0.9117647058823529, 0.9264705882352942, 0.9411764705882353, 0.9558823529411765, 0.9705882352941176, 0.9852941176470589, 1.0), .UNSPECIFIED.);
#5638 = CARTESIAN_POINT('', (15.331595833713124, 21.497359233980745, 10.0000003));
#5639 = CARTESIAN_POINT('', (15.343061555737393, 21.543516281184424, 10.0000003));
#5640 = CARTESIAN_POINT('', (15.349099435271512, 21.56724651204408, 10.0000003));
#5641 = CARTESIAN_POINT('', (15.396389094993395, 21.741306655069806, 10.0000003));
#5642 = CARTESIAN_POINT('', (15.420982242715155, 21.824833899372095, 10.0000003));
#5643 = CARTESIAN_POINT('', (15.428498491257955, 21.84954871343851, 10.0000003));
#5644 = CARTESIAN_POINT('', (15.47082588950633, 21.982486410824677, 10.0000003));
#5645 = CARTESIAN_POINT('', (15.515165064287743, 22.111929962185982, 10.0000003));
#5646 = CARTESIAN_POINT('', (15.524362465213017, 22.13768964538143, 10.0000003));
#5647 = CARTESIAN_POINT('', (15.55478860915278, 22.220517443828598, 10.0000003));
#5648 = CARTESIAN_POINT('', (15.626961658070115, 22.4041284026642, 10.0000003));
#5649 = CARTESIAN_POINT('', (15.632439282175483, 22.417409234559514, 10.0000003));
#5650 = CARTESIAN_POINT('', (15.64814447760429, 22.455023392600623, 10.0000003));
#5651 = CARTESIAN_POINT('', (15.690056439506975, 22.552231276066948, 10.0000003));
#5652 = CARTESIAN_POINT('', (15.696113069870648, 22.565918964505926, 10.0000003));
#5653 = CARTESIAN_POINT('', (15.750746219019732, 22.68563430652675, 10.0000003));
#5654 = CARTESIAN_POINT('', (15.757909046361505, 22.700856375202775, 10.0000003));
#5655 = CARTESIAN_POINT('', (15.764596285259955, 22.714974018214818, 10.0000003));
#5656 = CARTESIAN_POINT('', (15.8312827878039, 22.85109631651352, 10.0000003));
#5657 = CARTESIAN_POINT('', (15.838521780743974, 22.86539206917797, 10.0000003));
#5658 = CARTESIAN_POINT('', (15.862431619105166, 22.911985543260954, 10.0000003));
#5659 = CARTESIAN_POINT('', (15.910023789703757, 23.002020666209688, 10.0000003));
#5660 = CARTESIAN_POINT('', (15.918010676209178, 23.01679459682734, 10.0000003));
#5661 = CARTESIAN_POINT('', (15.983024217983484, 23.13371947404086, 10.0000003));
#5662 = CARTESIAN_POINT('', (15.9941518972729, 23.153165272471483, 10.0000003));
#5663 = CARTESIAN_POINT('', (16.00296161337775, 23.168448401473327, 10.0000003));
#5664 = CARTESIAN_POINT('', (16.08452727623302, 23.305495043317336, 10.0000003));
#5665 = CARTESIAN_POINT('', (16.0940195569724, 23.320948048743958, 10.0000003));
#5666 = CARTESIAN_POINT('', (16.112333482647216, 23.35048576532128, 10.0000003));
#5667 = CARTESIAN_POINT('', (16.18112585599593, 23.458328693156233, 10.0000003));
#5668 = CARTESIAN_POINT('', (16.19160570604288, 23.47434540249813, 10.0000003));
#5669 = CARTESIAN_POINT('', (16.250155107995425, 23.56194193229146, 10.0000003));
#5670 = CARTESIAN_POINT('', (16.28391693603217, 23.611060269735276, 10.0000003));
#5671 = CARTESIAN_POINT('', (16.29549597861819, 23.62768115370787, 10.0000003));
#5672 = CARTESIAN_POINT('', (16.393235666736246, 23.76364969898208, 10.0000003));
#5673 = CARTESIAN_POINT('', (16.396271339630005, 23.7677538799919, 10.0000003));
#5674 = CARTESIAN_POINT('', (16.405953530864878, 23.780798123522146, 10.0000003));
#5675 = CARTESIAN_POINT('', (16.510388173692576, 23.917228152989736, 10.0000003));
#5676 = CARTESIAN_POINT('', (16.52415393325367, 23.934653174358147, 10.0000003));
#5677 = CARTESIAN_POINT('', (16.550451317901945, 23.967596431175053, 10.0000003));
#5678 = CARTESIAN_POINT('', (16.634804339592364, 24.070329865432143, 10.0000003));
#5679 = CARTESIAN_POINT('', (16.650076003583763, 24.08846835553831, 10.0000003));
#5680 = CARTESIAN_POINT('', (16.71245144266311, 24.16115384007668, 10.0000003));
#5681 = CARTESIAN_POINT('', (16.766866886125342, 24.222794054502472, 10.0000003));
#5682 = CARTESIAN_POINT('', (16.78384707207755, 24.241703247609166, 10.0000003));
#5683 = CARTESIAN_POINT('', (16.88201575814776, 24.34812029128534, 10.0000003));
#5684 = CARTESIAN_POINT('', (16.907026474675718, 24.374468420553356, 10.0000003));
#5685 = CARTESIAN_POINT('', (16.925957811748788, 24.394212853703294, 10.0000003));
#5686 = CARTESIAN_POINT('', (17.055942924358476, 24.52532810394672, 10.0000003));
#5687 = CARTESIAN_POINT('', (17.058876357375823, 24.528200382922506, 10.0000003));
#5688 = CARTESIAN_POINT('', (17.076997178123833, 24.545861427193785, 10.0000003));
#5689 = CARTESIAN_POINT('', (17.215144434603815, 24.67601454641823, 10.0000003));
#5690 = CARTESIAN_POINT('', (17.23790587340227, 24.696724556387693, 10.0000003));
#5691 = CARTESIAN_POINT('', (17.242753805438326, 24.701109593369353, 10.0000003));
#5692 = CARTESIAN_POINT('', (17.384460634445645, 24.825383287522953, 10.0000003));
#5693 = CARTESIAN_POINT('', (17.410065963280033, 24.847058515124345, 10.0000003));
#5694 = CARTESIAN_POINT('', (17.433357580997267, 24.866574730803208, 10.0000003));
#5695 = CARTESIAN_POINT('', (17.564813103387365, 24.973249674649793, 10.0000003));
#5696 = CARTESIAN_POINT('', (17.593754950817697, 24.995966840420607, 10.0000003));
#5697 = CARTESIAN_POINT('', (17.63038653530114, 25.02433436483315, 10.0000003));
#5698 = CARTESIAN_POINT('', (17.75735126953495, 25.119418334710446, 10.0000003));
#5699 = CARTESIAN_POINT('', (17.790247237610487, 25.143257865434563, 10.0000003));
#5700 = CARTESIAN_POINT('', (17.83352936799176, 25.174139239552844, 10.0000003));
#5701 = CARTESIAN_POINT('', (17.96353078161198, 25.263672123478273, 10.0000003));
#5702 = CARTESIAN_POINT('', (18.001166305154783, 25.28871438842424, 10.0000003));
#5703 = CARTESIAN_POINT('', (18.042465118950275, 25.31575266735804, 10.0000003));
#5704 = CARTESIAN_POINT('', (18.185225517458377, 25.405753340031396, 10.0000003));
#5705 = CARTESIAN_POINT('', (18.228615775660927, 25.43207106518821, 10.0000003));
#5706 = CARTESIAN_POINT('', (18.25686393565536, 25.448951057507955, 10.000000300000002));
#5707 = PLANE('', #5708);
#5708 = AXIS2_PLACEMENT_3D('', #5709, #5710, #5711);
#5709 = CARTESIAN_POINT('', (29.05000010000009, 27.539591380085298, 10.0000003));
#5710 = DIRECTION('', (0.0, 0.0, 1.0));
#5711 = DIRECTION('', (-0.9999999999999999, 0.0, 0.0));
#5712 = CYLINDRICAL_SURFACE('', #5713, 6.350003187660196);
#5713 = AXIS2_PLACEMENT_3D('', #5714, #5715, #5716);
#5714 = CARTESIAN_POINT('', (21.499996812340328, 19.989589407327614, 13.0));
#5715 = DIRECTION('', (0.0, 0.0, 1.0));
#5716 = DIRECTION('', (-6.1218354208E-4, -0.999999812615638, 0.0));
#5717 = SURFACE_CURVE('', #5718, (#3517, #3547), .CURVE_3D.);
#5718 = INTERSECTION_CURVE('', #5719, (#5728, #5733), .CURVE_3D.);
#5719 = B_SPLINE_CURVE_WITH_KNOTS('', 1, (#5720, #5721, #5722, #5723, #5724, #5725, #5726, #5727), .UNSPECIFIED., .U., .U., (2, 1, 1, 1, 1, 1, 1, 2), (0.0, 0.14285714285714285, 0.2857142857142857, 0.42857142857142855, 0.5714285714285714, 0.7142857142857143, 0.8571428571428571, 1.0), .UNSPECIFIED.);
#5720 = CARTESIAN_POINT('', (18.929408807599515, 25.79601841259216, 10.0000003));
#5721 = CARTESIAN_POINT('', (18.74907053858135, 25.712783019257685, 10.0000003));
#5722 = CARTESIAN_POINT('', (18.700686133296415, 25.689273627131854, 10.0000003));
#5723 = CARTESIAN_POINT('', (18.685811977317087, 25.681944297671308, 10.0000003));
#5724 = CARTESIAN_POINT('', (18.47638629329262, 25.573523496515875, 10.0000003));
#5725 = CARTESIAN_POINT('', (18.47537296258642, 25.57297467531643, 10.0000003));
#5726 = CARTESIAN_POINT('', (18.424891361281254, 25.5453312073181, 10.0000003));
#5727 = CARTESIAN_POINT('', (18.25686393565536, 25.448951057507955, 10.0000003));
#5728 = PLANE('', #5729);
#5729 = AXIS2_PLACEMENT_3D('', #5730, #5731, #5732);
#5730 = CARTESIAN_POINT('', (29.05000010000009, 27.539591380085298, 10.0000003));
#5731 = DIRECTION('', (0.0, 0.0, 1.0));
#5732 = DIRECTION('', (-0.9999999999999999, 0.0, 0.0));
#5733 = CYLINDRICAL_SURFACE('', #5734, 6.350003187660196);
#5734 = AXIS2_PLACEMENT_3D('', #5735, #5736, #5737);
#5735 = CARTESIAN_POINT('', (21.499996812340328, 19.989589407327614, 13.0));
#5736 = DIRECTION('', (0.0, 0.0, 1.0));
#5737 = DIRECTION('', (-6.1218354208E-4, -0.999999812615638, 0.0));
#5738 = SURFACE_CURVE('', #5739, (#3517, #3547), .CURVE_3D.);
#5739 = INTERSECTION_CURVE('', #5740, (#5745, #5750), .CURVE_3D.);
#5740 = B_SPLINE_CURVE_WITH_KNOTS('', 1, (#5741, #5742, #5743, #5744), .UNSPECIFIED., .U., .U., (2, 1, 1, 2), (0.0, 0.3333333333333333, 0.6666666666666666, 1.0), .UNSPECIFIED.);
#5741 = CARTESIAN_POINT('', (19.162193222301596, 25.893589310587828, 10.0000003));
#5742 = CARTESIAN_POINT('', (19.05433495678446, 25.849732628407935, 10.0000003));
#5743 = CARTESIAN_POINT('', (18.97652136595451, 25.81664802680129, 10.0000003));
#5744 = CARTESIAN_POINT('', (18.929408810145816, 25.796018407136202, 10.0000003));
#5745 = PLANE('', #5746);
#5746 = AXIS2_PLACEMENT_3D('', #5747, #5748, #5749);
#5747 = CARTESIAN_POINT('', (29.05000010000009, 27.539591380085298, 10.0000003));
#5748 = DIRECTION('', (0.0, 0.0, 1.0));
#5749 = DIRECTION('', (-0.9999999999999999, 0.0, 0.0));
#5750 = CYLINDRICAL_SURFACE('', #5751, 6.350003187660196);
#5751 = AXIS2_PLACEMENT_3D('', #5752, #5753, #5754);
#5752 = CARTESIAN_POINT('', (21.499996812340328, 19.989589407327614, 13.0));
#5753 = DIRECTION('', (0.0, 0.0, 1.0));
#5754 = DIRECTION('', (-6.1218354208E-4, -0.999999812615638, 0.0));
#5755 = SURFACE_CURVE('', #5756, (#3517, #3547), .CURVE_3D.);
#5756 = INTERSECTION_CURVE('', #5757, (#5761, #5766), .CURVE_3D.);
#5757 = B_SPLINE_CURVE_WITH_KNOTS('', 1, (#5758, #5759, #5760), .UNSPECIFIED., .U., .U., (2, 1, 2), (0.0, 0.5, 1.0), .UNSPECIFIED.);
#5758 = CARTESIAN_POINT('', (19.398670739834785, 25.98183182734894, 10.0000003));
#5759 = CARTESIAN_POINT('', (19.304810403931555, 25.948087298208506, 10.0000003));
#5760 = CARTESIAN_POINT('', (19.162193222301596, 25.893589310587828, 10.0000003));
#5761 = PLANE('', #5762);
#5762 = AXIS2_PLACEMENT_3D('', #5763, #5764, #5765);
#5763 = CARTESIAN_POINT('', (29.05000010000009, 27.539591380085298, 10.0000003));
#5764 = DIRECTION('', (0.0, 0.0, 1.0));
#5765 = DIRECTION('', (-0.9999999999999999, 0.0, 0.0));
#5766 = CYLINDRICAL_SURFACE('', #5767, 6.350003187660196);
#5767 = AXIS2_PLACEMENT_3D('', #5768, #5769, #5770);
#5768 = CARTESIAN_POINT('', (21.499996812340328, 19.989589407327614, 13.0));
#5769 = DIRECTION('', (0.0, 0.0, 1.0));
#5770 = DIRECTION('', (-6.1218354208E-4, -0.999999812615638, 0.0));
#5771 = SURFACE_CURVE('', #5772, (#3517, #3547), .CURVE_3D.);
#5772 = INTERSECTION_CURVE('', #5773, (#5783, #5788), .CURVE_3D.);
#5773 = B_SPLINE_CURVE_WITH_KNOTS('', 1, (#5774, #5775, #5776, #5777, #5778, #5779, #5780, #5781, #5782), .UNSPECIFIED., .U., .U., (2, 1, 1, 1, 1, 1, 1, 1, 2), (0.0, 0.125, 0.25, 0.375, 0.5, 0.625, 0.75, 0.875, 1.0), .UNSPECIFIED.);
#5774 = CARTESIAN_POINT('', (19.398670741939725, 25.981831821708, 10.0000003));
#5775 = CARTESIAN_POINT('', (19.400720608647646, 25.982550270198715, 10.0000003));
#5776 = CARTESIAN_POINT('', (19.63846857697922, 26.06060687660309, 10.0000003));
#5777 = CARTESIAN_POINT('', (19.68732097471363, 26.075371755635757, 10.0000003));
#5778 = CARTESIAN_POINT('', (19.825823811452608, 26.114920847045255, 10.0000003));
#5779 = CARTESIAN_POINT('', (19.881207577588583, 26.12978988424581, 10.0000003));
#5780 = CARTESIAN_POINT('', (20.126504220907833, 26.189271543096737, 10.0000003));
#5781 = CARTESIAN_POINT('', (20.172260542021633, 26.19923165787432, 10.0000003));
#5782 = CARTESIAN_POINT('', (20.373971242860165, 26.238957927439984, 10.0000003));
#5783 = PLANE('', #5784);
#5784 = AXIS2_PLACEMENT_3D('', #5785, #5786, #5787);
#5785 = CARTESIAN_POINT('', (29.05000010000009, 27.539591380085298, 10.0000003));
#5786 = DIRECTION('', (0.0, 0.0, 1.0));
#5787 = DIRECTION('', (-0.9999999999999999, 0.0, 0.0));
#5788 = CYLINDRICAL_SURFACE('', #5789, 6.350003187660196);
#5789 = AXIS2_PLACEMENT_3D('', #5790, #5791, #5792);
#5790 = CARTESIAN_POINT('', (21.499996812340328, 19.989589407327614, 13.0));
#5791 = DIRECTION('', (0.0, 0.0, 1.0));
#5792 = DIRECTION('', (-6.1218354208E-4, -0.999999812615638, 0.0));
#5793 = SURFACE_CURVE('', #5794, (#3517, #3547), .CURVE_3D.);
#5794 = INTERSECTION_CURVE('', #5795, (#5799, #5804), .CURVE_3D.);
#5795 = B_SPLINE_CURVE_WITH_KNOTS('', 1, (#5796, #5797, #5798), .UNSPECIFIED., .U., .U., (2, 1, 2), (0.0, 0.5, 1.0), .UNSPECIFIED.);
#5796 = CARTESIAN_POINT('', (20.62321675882464, 26.27877037316503, 10.0000003));
#5797 = CARTESIAN_POINT('', (20.40583143044634, 26.244614794994675, 10.0000003));
#5798 = CARTESIAN_POINT('', (20.373971242860165, 26.238957927439984, 10.0000003));
#5799 = PLANE('', #5800);
#5800 = AXIS2_PLACEMENT_3D('', #5801, #5802, #5803);
#5801 = CARTESIAN_POINT('', (29.05000010000009, 27.539591380085298, 10.0000003));
#5802 = DIRECTION('', (0.0, 0.0, 1.0));
#5803 = DIRECTION('', (-0.9999999999999999, 0.0, 0.0));
#5804 = CYLINDRICAL_SURFACE('', #5805, 6.350003187660196);
#5805 = AXIS2_PLACEMENT_3D('', #5806, #5807, #5808);
#5806 = CARTESIAN_POINT('', (21.499996812340328, 19.989589407327614, 13.0));
#5807 = DIRECTION('', (0.0, 0.0, 1.0));
#5808 = DIRECTION('', (-6.1218354208E-4, -0.999999812615638, 0.0));
#5809 = SURFACE_CURVE('', #5810, (#3517, #3547), .CURVE_3D.);
#5810 = INTERSECTION_CURVE('', #5811, (#5824, #5829), .CURVE_3D.);
#5811 = B_SPLINE_CURVE_WITH_KNOTS('', 1, (#5812, #5813, #5814, #5815, #5816, #5817, #5818, #5819, #5820, #5821, #5822, #5823), .UNSPECIFIED., .U., .U., (2, 1, 1, 1, 1, 1, 1, 1, 1, 1, 1, 2), (0.0, 0.09090909090909091, 0.18181818181818182, 0.2727272727272727, 0.36363636363636365, 0.45454545454545453, 0.5454545454545454, 0.6363636363636364, 0.7272727272727273, 0.8181818181818182, 0.9090909090909091, 1.0), .UNSPECIFIED.);
#5812 = CARTESIAN_POINT('', (22.633673057502023, 26.237574574919705, 10.0000003));
#5813 = CARTESIAN_POINT('', (22.42217361159635, 26.272274377482375, 10.0000003));
#5814 = CARTESIAN_POINT('', (22.38447587340886, 26.277692243145907, 10.0000003));
#5815 = CARTESIAN_POINT('', (22.13388153467298, 26.307874826813503, 10.0000003));
#5816 = CARTESIAN_POINT('', (22.012682830929947, 26.318862156201476, 10.0000003));
#5817 = CARTESIAN_POINT('', (21.88228567541529, 26.328074692351436, 10.0000003));
#5818 = CARTESIAN_POINT('', (21.630085810211284, 26.338259924524706, 10.0000003));
#5819 = CARTESIAN_POINT('', (21.377680407949185, 26.338414430945093, 10.0000003));
#5820 = CARTESIAN_POINT('', (21.125468262260114, 26.328537967496686, 10.0000003));
#5821 = CARTESIAN_POINT('', (20.995060943917252, 26.319485160977464, 10.0000003));
#5822 = CARTESIAN_POINT('', (20.87384786143511, 26.308646138721542, 10.0000003));
#5823 = CARTESIAN_POINT('', (20.623216759774323, 26.278770367219522, 10.0000003));
#5824 = PLANE('', #5825);
#5825 = AXIS2_PLACEMENT_3D('', #5826, #5827, #5828);
#5826 = CARTESIAN_POINT('', (29.05000010000009, 27.539591380085298, 10.0000003));
#5827 = DIRECTION('', (0.0, 0.0, 1.0));
#5828 = DIRECTION('', (-0.9999999999999999, 0.0, 0.0));
#5829 = CYLINDRICAL_SURFACE('', #5830, 6.350003187660196);
#5830 = AXIS2_PLACEMENT_3D('', #5831, #5832, #5833);
#5831 = CARTESIAN_POINT('', (21.499996812340328, 19.989589407327614, 13.0));
#5832 = DIRECTION('', (0.0, 0.0, 1.0));
#5833 = DIRECTION('', (-6.1218354208E-4, -0.999999812615638, 0.0));
#5834 = SURFACE_CURVE('', #5835, (#3517, #3547), .CURVE_3D.);
#5835 = INTERSECTION_CURVE('', #5836, (#5865, #5870), .CURVE_3D.);
#5836 = B_SPLINE_CURVE_WITH_KNOTS('', 1, (#5837, #5838, #5839, #5840, #5841, #5842, #5843, #5844, #5845, #5846, #5847, #5848, #5849, #5850, #5851, #5852, #5853, #5854, #5855, #5856, #5857, #5858, #5859, #5860, #5861, #5862, #5863, #5864), .UNSPECIFIED., .U., .U., (2, 1, 1, 1, 1, 1, 1, 1, 1, 1, 1, 1, 1, 1, 1, 1, 1, 1, 1, 1, 1, 1, 1, 1, 1, 1, 1, 2), (0.0, 0.037037037037037035, 0.07407407407407407, 0.1111111111111111, 0.14814814814814814, 0.18518518518518517, 0.2222222222222222, 0.25925925925925924, 0.2962962962962963, 0.3333333333333333, 0.37037037037037035, 0.4074074074074074, 0.4444444444444444, 0.48148148148148145, 0.5185185185185185, 0.5555555555555556, 0.5925925925925926, 0.6296296296296297, 0.6666666666666666, 0.7037037037037037, 0.7407407407407407, 0.7777777777777778, 0.8148148148148148, 0.8518518518518519, 0.8888888888888888, 0.9259259259259259, 0.9629629629629629, 1.0), .UNSPECIFIED.);
#5837 = CARTESIAN_POINT('', (25.17280880544064, 25.16964660263281, 10.0000003));
#5838 = CARTESIAN_POINT('', (25.07851159172742, 25.235232595441218, 10.0000003));
#5839 = CARTESIAN_POINT('', (25.042917943701866, 25.259338010462912, 10.0000003));
#5840 = CARTESIAN_POINT('', (24.96404658434321, 25.31151571839031, 10.0000003));
#5841 = CARTESIAN_POINT('', (24.86227845909673, 25.3763883279464, 10.0000003));
#5842 = CARTESIAN_POINT('', (24.821397341511158, 25.401690571211972, 10.0000003));
#5843 = CARTESIAN_POINT('', (24.749811259363156, 25.44497633615461, 10.0000003));
#5844 = CARTESIAN_POINT('', (24.62925748891422, 25.515009581517347, 10.0000003));
#5845 = CARTESIAN_POINT('', (24.581902577948085, 25.541561789752464, 10.0000003));
#5846 = CARTESIAN_POINT('', (24.530441316453647, 25.56981759180036, 10.0000003));
#5847 = CARTESIAN_POINT('', (24.37655931100025, 25.650678408093995, 10.0000003));
#5848 = CARTESIAN_POINT('', (24.32114942529347, 25.678494259557283, 10.0000003));
#5849 = CARTESIAN_POINT('', (24.306283354123707, 25.685842239558667, 10.0000003));
#5850 = CARTESIAN_POINT('', (24.100267708441493, 25.782786430576863, 10.0000003));
#5851 = CARTESIAN_POINT('', (24.07769153582214, 25.792866963659776, 10.0000003));
#5852 = CARTESIAN_POINT('', (24.030605213173033, 25.813553830719087, 10.0000003));
#5853 = CARTESIAN_POINT('', (23.84502703036884, 25.89072266796728, 10.0000003));
#5854 = CARTESIAN_POINT('', (23.78987499019013, 25.912342011809912, 10.0000003));
#5855 = CARTESIAN_POINT('', (23.702477344678215, 25.945394977354837, 10.0000003));
#5856 = CARTESIAN_POINT('', (23.60865744131803, 25.979254743145134, 10.0000003));
#5857 = CARTESIAN_POINT('', (23.43496354719096, 26.037600999439206, 10.0000003));
#5858 = CARTESIAN_POINT('', (23.368956226154694, 26.058323310936288, 10.0000003));
#5859 = CARTESIAN_POINT('', (23.320122932546212, 26.073147690917807, 10.0000003));
#5860 = CARTESIAN_POINT('', (23.12630210624178, 26.127803445166535, 10.0000003));
#5861 = CARTESIAN_POINT('', (23.00614816046121, 26.158385772895883, 10.0000003));
#5862 = CARTESIAN_POINT('', (22.88107846845122, 26.18758536912435, 10.0000003));
#5863 = CARTESIAN_POINT('', (22.835335395446833, 26.19760127520945, 10.0000003));
#5864 = CARTESIAN_POINT('', (22.633673057502023, 26.237574574919705, 10.0000003));
#5865 = PLANE('', #5866);
#5866 = AXIS2_PLACEMENT_3D('', #5867, #5868, #5869);
#5867 = CARTESIAN_POINT('', (29.05000010000009, 27.539591380085298, 10.0000003));
#5868 = DIRECTION('', (0.0, 0.0, 1.0));
#5869 = DIRECTION('', (-0.9999999999999999, 0.0, 0.0));
#5870 = CYLINDRICAL_SURFACE('', #5871, 6.350003187660196);
#5871 = AXIS2_PLACEMENT_3D('', #5872, #5873, #5874);
#5872 = CARTESIAN_POINT('', (21.499996812340328, 19.989589407327614, 13.0));
#5873 = DIRECTION('', (0.0, 0.0, 1.0));
#5874 = DIRECTION('', (-6.1218354208E-4, -0.999999812615638, 0.0));
#5875 = SURFACE_CURVE('', #5876, (#3517, #3547), .CURVE_3D.);
#5876 = INTERSECTION_CURVE('', #5877, (#5882, #5887), .CURVE_3D.);
#5877 = B_SPLINE_CURVE_WITH_KNOTS('', 1, (#5878, #5879, #5880, #5881), .UNSPECIFIED., .U., .U., (2, 1, 1, 2), (0.0, 0.3333333333333333, 0.6666666666666666, 1.0), .UNSPECIFIED.);
#5878 = CARTESIAN_POINT('', (25.3757683240284, 25.019592953298712, 10.0000003));
#5879 = CARTESIAN_POINT('', (25.280135005798996, 25.09185319134052, 10.0000003));
#5880 = CARTESIAN_POINT('', (25.248920672641987, 25.11483187700216, 10.0000003));
#5881 = CARTESIAN_POINT('', (25.172808802056494, 25.169646597653013, 10.0000003));
#5882 = PLANE('', #5883);
#5883 = AXIS2_PLACEMENT_3D('', #5884, #5885, #5886);
#5884 = CARTESIAN_POINT('', (29.05000010000009, 27.539591380085298, 10.0000003));
#5885 = DIRECTION('', (0.0, 0.0, 1.0));
#5886 = DIRECTION('', (-0.9999999999999999, 0.0, 0.0));
#5887 = CYLINDRICAL_SURFACE('', #5888, 6.350003187660196);
#5888 = AXIS2_PLACEMENT_3D('', #5889, #5890, #5891);
#5889 = CARTESIAN_POINT('', (21.499996812340328, 19.989589407327614, 13.0));
#5890 = DIRECTION('', (0.0, 0.0, 1.0));
#5891 = DIRECTION('', (-6.1218354208E-4, -0.999999812615638, 0.0));
#5892 = SURFACE_CURVE('', #5893, (#3517, #3547), .CURVE_3D.);
#5893 = INTERSECTION_CURVE('', #5894, (#5902, #5907), .CURVE_3D.);
#5894 = B_SPLINE_CURVE_WITH_KNOTS('', 1, (#5895, #5896, #5897, #5898, #5899, #5900, #5901), .UNSPECIFIED., .U., .U., (2, 1, 1, 1, 1, 1, 2), (0.0, 0.16666666666666666, 0.3333333333333333, 0.5, 0.6666666666666666, 0.8333333333333334, 1.0), .UNSPECIFIED.);
#5895 = CARTESIAN_POINT('', (25.76300503308002, 24.695893837897373, 10.000000299999998));
#5896 = CARTESIAN_POINT('', (25.645881399098243, 24.799389972483937, 10.0000003));
#5897 = CARTESIAN_POINT('', (25.621451000999713, 24.82034047254271, 10.0000003));
#5898 = CARTESIAN_POINT('', (25.572603750082862, 24.861592405473857, 10.0000003));
#5899 = CARTESIAN_POINT('', (25.46882222978246, 24.946500268858216, 10.0000003));
#5900 = CARTESIAN_POINT('', (25.441279720481305, 24.968427577151004, 10.0000003));
#5901 = CARTESIAN_POINT('', (25.3757683240284, 25.019592953298712, 10.0000003));
#5902 = PLANE('', #5903);
#5903 = AXIS2_PLACEMENT_3D('', #5904, #5905, #5906);
#5904 = CARTESIAN_POINT('', (29.05000010000009, 27.539591380085298, 10.0000003));
#5905 = DIRECTION('', (0.0, 0.0, 1.0));
#5906 = DIRECTION('', (-0.9999999999999999, 0.0, 0.0));
#5907 = CYLINDRICAL_SURFACE('', #5908, 6.350003187660196);
#5908 = AXIS2_PLACEMENT_3D('', #5909, #5910, #5911);
#5909 = CARTESIAN_POINT('', (21.499996812340328, 19.989589407327614, 13.0));
#5910 = DIRECTION('', (0.0, 0.0, 1.0));
#5911 = DIRECTION('', (-6.1218354208E-4, -0.999999812615638, 0.0));
#5912 = SURFACE_CURVE('', #5913, (#3517, #3547), .CURVE_3D.);
#5913 = INTERSECTION_CURVE('', #5914, (#5971, #5976), .CURVE_3D.);
#5914 = B_SPLINE_CURVE_WITH_KNOTS('', 1, (#5915, #5916, #5917, #5918, #5919, #5920, #5921, #5922, #5923, #5924, #5925, #5926, #5927, #5928, #5929, #5930, #5931, #5932, #5933, #5934, #5935, #5936, #5937, #5938, #5939, #5940, #5941, #5942, #5943, #5944, #5945, #5946, #5947, #5948, #5949, #5950, #5951, #5952, #5953, #5954, #5955, #5956, #5957, #5958, #5959, #5960, #5961, #5962, #5963, #5964, #5965, #5966, #5967, #5968, #5969, #5970), .UNSPECIFIED., .U., .U., (2, 1, 1, 1, 1, 1, 1, 1, 1, 1, 1, 1, 1, 1, 1, 1, 1, 1, 1, 1, 1, 1, 1, 1, 1, 1, 1, 1, 1, 1, 1, 1, 1, 1, 1, 1, 1, 1, 1, 1, 1, 1, 1, 1, 1, 1, 1, 1, 1, 1, 1, 1, 1, 1, 1, 2), (0.0, 0.01818181818181818, 0.03636363636363636, 0.05454545454545454, 0.07272727272727272, 0.09090909090909091, 0.10909090909090909, 0.12727272727272726, 0.14545454545454545, 0.16363636363636364, 0.18181818181818182, 0.2, 0.21818181818181817, 0.23636363636363636, 0.2545454545454545, 0.2727272727272727, 0.2909090909090909, 0.3090909090909091, 0.32727272727272727, 0.34545454545454546, 0.36363636363636365, 0.38181818181818183, 0.4, 0.41818181818181815, 0.43636363636363634, 0.45454545454545453, 0.4727272727272727, 0.4909090909090909, 0.509090909090909, 0.5272727272727272, 0.5454545454545454, 0.5636363636363636, 0.5818181818181818, 0.6, 0.6181818181818182, 0.6363636363636364, 0.6545454545454545, 0.6727272727272727, 0.6909090909090909, 0.7090909090909091, 0.7272727272727273, 0.7454545454545455, 0.7636363636363637, 0.7818181818181819, 0.8, 0.8181818181818182, 0.8363636363636363, 0.8545454545454545, 0.8727272727272727, 0.8909090909090909, 0.9090909090909091, 0.9272727272727272, 0.9454545454545454, 0.9636363636363636, 0.9818181818181818, 1.0), .UNSPECIFIED.);
#5915 = CARTESIAN_POINT('', (25.76300503308002, 24.695893837897373, 10.0000003));
#5916 = CARTESIAN_POINT('', (25.790584181262602, 24.670764528270993, 10.0000003));
#5917 = CARTESIAN_POINT('', (25.81235135056744, 24.650720044836802, 10.0000003));
#5918 = CARTESIAN_POINT('', (25.94667043116877, 24.522759844329713, 10.0000003));
#5919 = CARTESIAN_POINT('', (25.949601065901476, 24.519883268655505, 10.0000003));
#5920 = CARTESIAN_POINT('', (25.969069417715104, 24.50067913500797, 10.0000003));
#5921 = CARTESIAN_POINT('', (26.098332696036152, 24.368841350754707, 10.0000003));
#5922 = CARTESIAN_POINT('', (26.116474719903238, 24.349712365717465, 10.0000003));
#5923 = CARTESIAN_POINT('', (26.123310430927347, 24.342463362254676, 10.0000003));
#5924 = CARTESIAN_POINT('', (26.238306462366495, 24.21699548478972, 10.0000003));
#5925 = CARTESIAN_POINT('', (26.2546085556732, 24.198651969639542, 10.0000003));
#5926 = CARTESIAN_POINT('', (26.29264572163669, 24.15528945840127, 10.0000003));
#5927 = CARTESIAN_POINT('', (26.37018222594972, 24.064369710652088, 10.0000003));
#5928 = CARTESIAN_POINT('', (26.384868325059557, 24.046752306142352, 10.0000003));
#5929 = CARTESIAN_POINT('', (26.454408758169535, 23.961533862417525, 10.0000003));
#5930 = CARTESIAN_POINT('', (26.49441083432515, 23.911115776013162, 10.0000003));
#5931 = CARTESIAN_POINT('', (26.507668630301055, 23.894171772561663, 10.0000003));
#5932 = CARTESIAN_POINT('', (26.60834395935308, 23.761502702845064, 10.0000003));
#5933 = CARTESIAN_POINT('', (26.611375205764546, 23.757393993891355, 10.0000003));
#5934 = CARTESIAN_POINT('', (26.623363320196745, 23.74107659369386, 10.0000003));
#5935 = CARTESIAN_POINT('', (26.72050702420171, 23.60467081874087, 10.0000003));
#5936 = CARTESIAN_POINT('', (26.73167272172836, 23.58849308239641, 10.0000003));
#5937 = CARTESIAN_POINT('', (26.754208111780315, 23.55551202344418, 10.0000003));
#5938 = CARTESIAN_POINT('', (26.823111015997426, 23.451813498590155, 10.0000003));
#5939 = CARTESIAN_POINT('', (26.833228921567155, 23.4362074239356, 10.0000003));
#5940 = CARTESIAN_POINT('', (26.891770754080426, 23.34388728385366, 10.0000003));
#5941 = CARTESIAN_POINT('', (26.919522387553513, 23.29886168728656, 10.0000003));
#5942 = CARTESIAN_POINT('', (26.928696809345013, 23.283789890876847, 10.0000003));
#5943 = CARTESIAN_POINT('', (27.009711184846424, 23.14642136622163, 10.0000003));
#5944 = CARTESIAN_POINT('', (27.01822432413303, 23.131516461125756, 10.0000003));
#5945 = CARTESIAN_POINT('', (27.02081454104149, 23.12696284537313, 10.0000003));
#5946 = CARTESIAN_POINT('', (27.093654161484437, 22.99517386690634, 10.0000003));
#5947 = CARTESIAN_POINT('', (27.10137946715531, 22.98075186323541, 10.0000003));
#5948 = CARTESIAN_POINT('', (27.14113558701004, 22.905081442681592, 10.0000003));
#5949 = CARTESIAN_POINT('', (27.17221030656384, 22.84415321975908, 10.0000003));
#5950 = CARTESIAN_POINT('', (27.179218121851534, 22.830185436489216, 10.0000003));
#5951 = CARTESIAN_POINT('', (27.24540003679064, 22.69382354507728, 10.0000003));
#5952 = CARTESIAN_POINT('', (27.251871887598924, 22.680030561100324, 10.0000003));
#5953 = CARTESIAN_POINT('', (27.25254378802478, 22.678593642325808, 10.0000003));
#5954 = CARTESIAN_POINT('', (27.31307061021488, 22.545115479149004, 10.0000003));
#5955 = CARTESIAN_POINT('', (27.318936253738457, 22.531731075416957, 10.0000003));
#5956 = CARTESIAN_POINT('', (27.35486312217563, 22.447857288834925, 10.0000003));
#5957 = CARTESIAN_POINT('', (27.37598400157424, 22.3969354637253, 10.0000003));
#5958 = CARTESIAN_POINT('', (27.386452984625635, 22.37122208577722, 10.0000003));
#5959 = CARTESIAN_POINT('', (27.447931927713427, 22.2132369393358, 10.0000003));
#5960 = CARTESIAN_POINT('', (27.487422735112716, 22.104600353542253, 10.0000003));
#5961 = CARTESIAN_POINT('', (27.49608940888686, 22.07990375137601, 10.0000003));
#5962 = CARTESIAN_POINT('', (27.5316031584714, 21.97510328756269, 10.0000003));
#5963 = CARTESIAN_POINT('', (27.581253956861588, 21.81738918451981, 10.0000003));
#5964 = CARTESIAN_POINT('', (27.588335897270326, 21.79365915936279, 10.0000003));
#5965 = CARTESIAN_POINT('', (27.60574461619362, 21.733832578171416, 10.0000003));
#5966 = CARTESIAN_POINT('', (27.65883013131858, 21.53597636806478, 10.0000003));
#5967 = CARTESIAN_POINT('', (27.664514270194502, 21.513159226898125, 10.0000003));
#5968 = CARTESIAN_POINT('', (27.670239159405043, 21.48980601228301, 10.0000003));
#5969 = CARTESIAN_POINT('', (27.72143986854084, 21.260882757325575, 10.0000003));
#5970 = CARTESIAN_POINT('', (27.72498488844434, 21.243409145430974, 10.0000003));
#5971 = PLANE('', #5972);
#5972 = AXIS2_PLACEMENT_3D('', #5973, #5974, #5975);
#5973 = CARTESIAN_POINT('', (29.05000010000009, 27.539591380085298, 10.0000003));
#5974 = DIRECTION('', (0.0, 0.0, 1.0));
#5975 = DIRECTION('', (-0.9999999999999999, 0.0, 0.0));
#5976 = CYLINDRICAL_SURFACE('', #5977, 6.350003187660196);
#5977 = AXIS2_PLACEMENT_3D('', #5978, #5979, #5980);
#5978 = CARTESIAN_POINT('', (21.499996812340328, 19.989589407327614, 13.0));
#5979 = DIRECTION('', (0.0, 0.0, 1.0));
#5980 = DIRECTION('', (-6.1218354208E-4, -0.999999812615638, 0.0));
#5981 = SURFACE_CURVE('', #5982, (#3517, #3547), .CURVE_3D.);
#5982 = INTERSECTION_CURVE('', #5983, (#5987, #5992), .CURVE_3D.);
#5983 = B_SPLINE_CURVE_WITH_KNOTS('', 1, (#5984, #5985, #5986), .UNSPECIFIED., .U., .U., (2, 1, 2), (0.0, 0.5, 1.0), .UNSPECIFIED.);
#5984 = CARTESIAN_POINT('', (27.76989535462863, 20.99503097833295, 10.000000299999998));
#5985 = CARTESIAN_POINT('', (27.72588016854567, 21.238956014140854, 10.0000003));
#5986 = CARTESIAN_POINT('', (27.724984882566787, 21.243409144125067, 10.0000003));
#5987 = PLANE('', #5988);
#5988 = AXIS2_PLACEMENT_3D('', #5989, #5990, #5991);
#5989 = CARTESIAN_POINT('', (29.05000010000009, 27.539591380085298, 10.0000003));
#5990 = DIRECTION('', (0.0, 0.0, 1.0));
#5991 = DIRECTION('', (-0.9999999999999999, 0.0, 0.0));
#5992 = CYLINDRICAL_SURFACE('', #5993, 6.350003187660196);
#5993 = AXIS2_PLACEMENT_3D('', #5994, #5995, #5996);
#5994 = CARTESIAN_POINT('', (21.499996812340328, 19.989589407327614, 13.0));
#5995 = DIRECTION('', (0.0, 0.0, 1.0));
#5996 = DIRECTION('', (-6.1218354208E-4, -0.999999812615638, 0.0));
#5997 = SURFACE_CURVE('', #5998, (#3517, #3547), .CURVE_3D.);
#5998 = INTERSECTION_CURVE('', #5999, (#6018, #6023), .CURVE_3D.);
#5999 = B_SPLINE_CURVE_WITH_KNOTS('', 1, (#6000, #6001, #6002, #6003, #6004, #6005, #6006, #6007, #6008, #6009, #6010, #6011, #6012, #6013, #6014, #6015, #6016, #6017), .UNSPECIFIED., .U., .U., (2, 1, 1, 1, 1, 1, 1, 1, 1, 1, 1, 1, 1, 1, 1, 1, 1, 2), (0.0, 0.058823529411764705, 0.11764705882352941, 0.17647058823529413, 0.23529411764705882, 0.29411764705882354, 0.35294117647058826, 0.4117647058823529, 0.47058823529411764, 0.5294117647058824, 0.5882352941176471, 0.6470588235294118, 0.7058823529411765, 0.7647058823529411, 0.8235294117647058, 0.8823529411764706, 0.9411764705882353, 1.0), .UNSPECIFIED.);
#6000 = CARTESIAN_POINT('', (27.76989535462863, 20.99503097833295, 10.0000003));
#6001 = CARTESIAN_POINT('', (27.77029849494241, 20.99251377758327, 10.0000003));
#6002 = CARTESIAN_POINT('', (27.773627102124408, 20.971477114959256, 10.0000003));
#6003 = CARTESIAN_POINT('', (27.804899456794544, 20.745064838595283, 10.0000003));
#6004 = CARTESIAN_POINT('', (27.80654927746309, 20.73116643498443, 10.0000003));
#6005 = CARTESIAN_POINT('', (27.808906714500665, 20.710835779739952, 10.0000003));
#6006 = CARTESIAN_POINT('', (27.82994203317901, 20.493904769453394, 10.0000003));
#6007 = CARTESIAN_POINT('', (27.831271638946987, 20.4769286662341, 10.0000003));
#6008 = CARTESIAN_POINT('', (27.83275491080218, 20.457259536436425, 10.0000003));
#6009 = CARTESIAN_POINT('', (27.844983482299966, 20.24194756814107, 10.0000003));
#6010 = CARTESIAN_POINT('', (27.84544922901719, 20.229951864846, 10.0000003));
#6011 = CARTESIAN_POINT('', (27.84572555340455, 20.222542681883084, 10.0000003));
#6012 = CARTESIAN_POINT('', (27.84614222407049, 20.21090117039273, 10.0000003));
#6013 = CARTESIAN_POINT('', (27.84631435281932, 20.205908982732268, 10.0000003));
#6014 = CARTESIAN_POINT('', (27.84678936144101, 20.191492408728337, 10.0000003));
#6015 = CARTESIAN_POINT('', (27.847178119789362, 20.178877372248948, 10.0000003));
#6016 = CARTESIAN_POINT('', (27.849999957144178, 19.990327157872258, 10.0000003));
#6017 = CARTESIAN_POINT('', (27.849999999999994, 19.989592000000002, 10.0000003));
#6018 = PLANE('', #6019);
#6019 = AXIS2_PLACEMENT_3D('', #6020, #6021, #6022);
#6020 = CARTESIAN_POINT('', (29.05000010000009, 27.539591380085298, 10.0000003));
#6021 = DIRECTION('', (0.0, 0.0, 1.0));
#6022 = DIRECTION('', (-0.9999999999999999, 0.0, 0.0));
#6023 = CYLINDRICAL_SURFACE('', #6024, 6.350003187660196);
#6024 = AXIS2_PLACEMENT_3D('', #6025, #6026, #6027);
#6025 = CARTESIAN_POINT('', (21.499996812340328, 19.989589407327614, 13.0));
#6026 = DIRECTION('', (0.0, 0.0, 1.0));
#6027 = DIRECTION('', (-6.1218354208E-4, -0.999999812615638, 0.0));
#6028 = SURFACE_CURVE('', #6029, (#3517, #3552), .CURVE_3D.);
#6029 = INTERSECTION_CURVE('', #6030, (#6036, #6041), .CURVE_3D.);
#6030 = B_SPLINE_CURVE_WITH_KNOTS('', 1, (#6031, #6032, #6033, #6034, #6035), .UNSPECIFIED., .U., .U., (2, 1, 1, 1, 2), (0.0, 0.25, 0.5, 0.75, 1.0), .UNSPECIFIED.);
#6031 = CARTESIAN_POINT('', (27.85000000000008, -11.500000310819985, 10.0000003));
#6032 = CARTESIAN_POINT('', (27.850000000000108, -9.215887587195368, 10.0000003));
#6033 = CARTESIAN_POINT('', (27.850000000000023, 8.180996064302207, 10.0000003));
#6034 = CARTESIAN_POINT('', (27.849999999999994, 19.91934232498697, 10.0000003));
#6035 = CARTESIAN_POINT('', (27.849999999999994, 19.989592000000002, 10.0000003));
#6036 = PLANE('', #6037);
#6037 = AXIS2_PLACEMENT_3D('', #6038, #6039, #6040);
#6038 = CARTESIAN_POINT('', (29.05000010000009, 27.539591380085298, 10.0000003));
#6039 = DIRECTION('', (0.0, 0.0, 1.0));
#6040 = DIRECTION('', (-0.9999999999999999, 0.0, 0.0));
#6041 = PLANE('', #6042);
#6042 = AXIS2_PLACEMENT_3D('', #6043, #6044, #6045);
#6043 = CARTESIAN_POINT('', (27.850000000000108, -11.500000310819999, 5.0));
#6044 = DIRECTION('', (1.0, 3.6102988124E-15, -0.0));
#6045 = DIRECTION('', (-3.6102988124E-15, 1.0, 0.0));
#6046 = SURFACE_CURVE('', #6047, (#3517, #3557), .CURVE_3D.);
#6047 = INTERSECTION_CURVE('', #6048, (#6058, #6063), .CURVE_3D.);
#6048 = B_SPLINE_CURVE_WITH_KNOTS('', 1, (#6049, #6050, #6051, #6052, #6053, #6054, #6055, #6056, #6057), .UNSPECIFIED., .U., .U., (2, 1, 1, 1, 1, 1, 1, 1, 2), (0.0, 0.125, 0.25, 0.375, 0.5, 0.625, 0.75, 0.875, 1.0), .UNSPECIFIED.);
#6049 = CARTESIAN_POINT('', (27.771821134748564, -12.493358899346248, 10.0000003));
#6050 = CARTESIAN_POINT('', (27.805984834332264, -12.24636250930294, 10.0000003));
#6051 = CARTESIAN_POINT('', (27.830425160078107, -11.998215283767152, 10.0000003));
#6052 = CARTESIAN_POINT('', (27.845104415988715, -11.74930012206336, 10.0000003));
#6053 = CARTESIAN_POINT('', (27.845828607849057, -11.730130039611069, 10.0000003));
#6054 = CARTESIAN_POINT('', (27.846403220510638, -11.713697634629057, 10.0000003));
#6055 = CARTESIAN_POINT('', (27.84686678367717, -11.699455540776583, 10.0000003));
#6056 = CARTESIAN_POINT('', (27.847246174391927, -11.686993193626137, 10.0000003));
#6057 = CARTESIAN_POINT('', (27.85000000000008, -11.500000310819985, 10.0000003));
#6058 = PLANE('', #6059);
#6059 = AXIS2_PLACEMENT_3D('', #6060, #6061, #6062);
#6060 = CARTESIAN_POINT('', (29.05000010000009, 27.539591380085298, 10.0000003));
#6061 = DIRECTION('', (0.0, 0.0, 1.0));
#6062 = DIRECTION('', (-0.9999999999999999, 0.0, 0.0));
#6063 = CYLINDRICAL_SURFACE('', #6064, 6.3499987711770265);
#6064 = AXIS2_PLACEMENT_3D('', #6065, #6066, #6067);
#6065 = CARTESIAN_POINT('', (21.500001228823123, -11.50000122882308, 13.0));
#6066 = DIRECTION('', (0.0, 0.0, 1.0));
#6067 = DIRECTION('', (-0.7071067638808002, 0.7071067984922946, 0.0));
#6068 = SURFACE_CURVE('', #6069, (#3517, #3557), .CURVE_3D.);
#6069 = INTERSECTION_CURVE('', #6070, (#6077, #6082), .CURVE_3D.);
#6070 = B_SPLINE_CURVE_WITH_KNOTS('', 1, (#6071, #6072, #6073, #6074, #6075, #6076), .UNSPECIFIED., .U., .U., (2, 1, 1, 1, 1, 2), (0.0, 0.2, 0.4, 0.6, 0.8, 1.0), .UNSPECIFIED.);
#6071 = CARTESIAN_POINT('', (27.77182112892808, -12.493358898541175, 10.0000003));
#6072 = CARTESIAN_POINT('', (27.72798673925314, -12.738823603428656, 10.0000003));
#6073 = CARTESIAN_POINT('', (27.705780993330848, -12.84565419611306, 10.0000003));
#6074 = CARTESIAN_POINT('', (27.674549237416898, -12.982378132151013, 10.0000003));
#6075 = CARTESIAN_POINT('', (27.618492732725826, -13.198985075309054, 10.0000003));
#6076 = CARTESIAN_POINT('', (27.611591026056487, -13.223646941927399, 10.0000003));
#6077 = PLANE('', #6078);
#6078 = AXIS2_PLACEMENT_3D('', #6079, #6080, #6081);
#6079 = CARTESIAN_POINT('', (29.05000010000009, 27.539591380085298, 10.0000003));
#6080 = DIRECTION('', (0.0, 0.0, 1.0));
#6081 = DIRECTION('', (-0.9999999999999999, 0.0, 0.0));
#6082 = CYLINDRICAL_SURFACE('', #6083, 6.3499987711770265);
#6083 = AXIS2_PLACEMENT_3D('', #6084, #6085, #6086);
#6084 = CARTESIAN_POINT('', (21.500001228823123, -11.50000122882308, 13.0));
#6085 = DIRECTION('', (0.0, 0.0, 1.0));
#6086 = DIRECTION('', (-0.7071067638808002, 0.7071067984922946, 0.0));
#6087 = SURFACE_CURVE('', #6088, (#3517, #3557), .CURVE_3D.);
#6088 = INTERSECTION_CURVE('', #6089, (#6112, #6117), .CURVE_3D.);
#6089 = B_SPLINE_CURVE_WITH_KNOTS('', 1, (#6090, #6091, #6092, #6093, #6094, #6095, #6096, #6097, #6098, #6099, #6100, #6101, #6102, #6103, #6104, #6105, #6106, #6107, #6108, #6109, #6110, #6111), .UNSPECIFIED., .U., .U., (2, 1, 1, 1, 1, 1, 1, 1, 1, 1, 1, 1, 1, 1, 1, 1, 1, 1, 1, 1, 1, 2), (0.0, 0.047619047619047616, 0.09523809523809523, 0.14285714285714285, 0.19047619047619047, 0.23809523809523808, 0.2857142857142857, 0.3333333333333333, 0.38095238095238093, 0.42857142857142855, 0.47619047619047616, 0.5238095238095238, 0.5714285714285714, 0.6190476190476191, 0.6666666666666666, 0.7142857142857143, 0.7619047619047619, 0.8095238095238095, 0.8571428571428571, 0.9047619047619048, 0.9523809523809523, 1.0), .UNSPECIFIED.);
#6090 = CARTESIAN_POINT('', (26.4867627783685, -15.431247041784346, 10.000000300000002));
#6091 = CARTESIAN_POINT('', (26.56738440949988, -15.326763841547347, 10.0000003));
#6092 = CARTESIAN_POINT('', (26.63725818380493, -15.23243681064372, 10.0000003));
#6093 = CARTESIAN_POINT('', (26.719970335120678, -15.115856165521834, 10.0000003));
#6094 = CARTESIAN_POINT('', (26.779832307963233, -15.027871431891185, 10.0000003));
#6095 = CARTESIAN_POINT('', (26.856429206703467, -14.910450423831037, 10.0000003));
#6096 = CARTESIAN_POINT('', (26.91426531178331, -14.817866330649395, 10.0000003));
#6097 = CARTESIAN_POINT('', (26.97930413355178, -14.709319547747171, 10.0000003));
#6098 = CARTESIAN_POINT('', (27.040349909227984, -14.602745319702308, 10.0000003));
#6099 = CARTESIAN_POINT('', (27.090429394328225, -14.511578443552423, 10.0000003));
#6100 = CARTESIAN_POINT('', (27.157891686903042, -14.382840100199346, 10.0000003));
#6101 = CARTESIAN_POINT('', (27.191163383231242, -14.316587411808172, 10.0000003));
#6102 = CARTESIAN_POINT('', (27.26670940382894, -14.158489750195827, 10.0000003));
#6103 = CARTESIAN_POINT('', (27.282536342740286, -14.12388614441386, 10.0000003));
#6104 = CARTESIAN_POINT('', (27.365240964544455, -13.93340362802985, 10.0000003));
#6105 = CARTESIAN_POINT('', (27.36663527090127, -13.93004020181914, 10.0000003));
#6106 = CARTESIAN_POINT('', (27.438889855407098, -13.747685876406337, 10.0000003));
#6107 = CARTESIAN_POINT('', (27.457515313193596, -13.697843427088742, 10.0000003));
#6108 = CARTESIAN_POINT('', (27.505386690790203, -13.563452184659951, 10.0000003));
#6109 = CARTESIAN_POINT('', (27.539209182095703, -13.462258014026986, 10.0000003));
#6110 = CARTESIAN_POINT('', (27.565141436894635, -13.38057525033463, 10.0000003));
#6111 = CARTESIAN_POINT('', (27.61159102037101, -13.2236469404438, 10.0000003));
#6112 = PLANE('', #6113);
#6113 = AXIS2_PLACEMENT_3D('', #6114, #6115, #6116);
#6114 = CARTESIAN_POINT('', (29.05000010000009, 27.539591380085298, 10.0000003));
#6115 = DIRECTION('', (0.0, 0.0, 1.0));
#6116 = DIRECTION('', (-0.9999999999999999, 0.0, 0.0));
#6117 = CYLINDRICAL_SURFACE('', #6118, 6.3499987711770265);
#6118 = AXIS2_PLACEMENT_3D('', #6119, #6120, #6121);
#6119 = CARTESIAN_POINT('', (21.500001228823123, -11.50000122882308, 13.0));
#6120 = DIRECTION('', (0.0, 0.0, 1.0));
#6121 = DIRECTION('', (-0.7071067638808002, 0.7071067984922946, 0.0));
#6122 = SURFACE_CURVE('', #6123, (#3517, #3557), .CURVE_3D.);
#6123 = INTERSECTION_CURVE('', #6124, (#6130, #6135), .CURVE_3D.);
#6124 = B_SPLINE_CURVE_WITH_KNOTS('', 1, (#6125, #6126, #6127, #6128, #6129), .UNSPECIFIED., .U., .U., (2, 1, 1, 1, 2), (0.0, 0.25, 0.5, 0.75, 1.0), .UNSPECIFIED.);
#6125 = CARTESIAN_POINT('', (26.4867627783685, -15.431247041784346, 10.0000003));
#6126 = CARTESIAN_POINT('', (26.395038004245833, -15.544886809554498, 10.0000003));
#6127 = CARTESIAN_POINT('', (26.328578144760883, -15.623995574214774, 10.0000003));
#6128 = CARTESIAN_POINT('', (26.19755394614606, -15.772644773740154, 10.0000003));
#6129 = CARTESIAN_POINT('', (26.162948395474814, -15.810384983776316, 10.0000003));
#6130 = PLANE('', #6131);
#6131 = AXIS2_PLACEMENT_3D('', #6132, #6133, #6134);
#6132 = CARTESIAN_POINT('', (29.05000010000009, 27.539591380085298, 10.0000003));
#6133 = DIRECTION('', (0.0, 0.0, 1.0));
#6134 = DIRECTION('', (-0.9999999999999999, 0.0, 0.0));
#6135 = CYLINDRICAL_SURFACE('', #6136, 6.3499987711770265);
#6136 = AXIS2_PLACEMENT_3D('', #6137, #6138, #6139);
#6137 = CARTESIAN_POINT('', (21.500001228823123, -11.50000122882308, 13.0));
#6138 = DIRECTION('', (0.0, 0.0, 1.0));
#6139 = DIRECTION('', (-0.7071067638808002, 0.7071067984922946, 0.0));
#6140 = SURFACE_CURVE('', #6141, (#3517, #3557), .CURVE_3D.);
#6141 = INTERSECTION_CURVE('', #6142, (#6147, #6152), .CURVE_3D.);
#6142 = B_SPLINE_CURVE_WITH_KNOTS('', 1, (#6143, #6144, #6145, #6146), .UNSPECIFIED., .U., .U., (2, 1, 1, 2), (0.0, 0.3333333333333333, 0.6666666666666666, 1.0), .UNSPECIFIED.);
#6143 = CARTESIAN_POINT('', (26.16294839108255, -15.810384979873263, 10.0000003));
#6144 = CARTESIAN_POINT('', (25.990128310557168, -15.990128530340073, 10.0000003));
#6145 = CARTESIAN_POINT('', (25.961222079829867, -16.018849855685062, 10.0000003));
#6146 = CARTESIAN_POINT('', (25.81038519506322, -16.162948200163214, 10.0000003));
#6147 = PLANE('', #6148);
#6148 = AXIS2_PLACEMENT_3D('', #6149, #6150, #6151);
#6149 = CARTESIAN_POINT('', (29.05000010000009, 27.539591380085298, 10.0000003));
#6150 = DIRECTION('', (0.0, 0.0, 1.0));
#6151 = DIRECTION('', (-0.9999999999999999, 0.0, 0.0));
#6152 = CYLINDRICAL_SURFACE('', #6153, 6.3499987711770265);
#6153 = AXIS2_PLACEMENT_3D('', #6154, #6155, #6156);
#6154 = CARTESIAN_POINT('', (21.500001228823123, -11.50000122882308, 13.0));
#6155 = DIRECTION('', (0.0, 0.0, 1.0));
#6156 = DIRECTION('', (-0.7071067638808002, 0.7071067984922946, 0.0));
#6157 = SURFACE_CURVE('', #6158, (#3517, #3557), .CURVE_3D.);
#6158 = INTERSECTION_CURVE('', #6159, (#6164, #6169), .CURVE_3D.);
#6159 = B_SPLINE_CURVE_WITH_KNOTS('', 1, (#6160, #6161, #6162, #6163), .UNSPECIFIED., .U., .U., (2, 1, 1, 2), (0.0, 0.3333333333333333, 0.6666666666666666, 1.0), .UNSPECIFIED.);
#6160 = CARTESIAN_POINT('', (25.431247032718034, -16.486762785515808, 10.0000003));
#6161 = CARTESIAN_POINT('', (25.623995337865438, -16.32857834662228, 10.0000003));
#6162 = CARTESIAN_POINT('', (25.655040825122256, -16.30188943526187, 10.0000003));
#6163 = CARTESIAN_POINT('', (25.81038519099073, -16.162948195927584, 10.000000300000002));
#6164 = PLANE('', #6165);
#6165 = AXIS2_PLACEMENT_3D('', #6166, #6167, #6168);
#6166 = CARTESIAN_POINT('', (29.05000010000009, 27.539591380085298, 10.0000003));
#6167 = DIRECTION('', (0.0, 0.0, 1.0));
#6168 = DIRECTION('', (-0.9999999999999999, 0.0, 0.0));
#6169 = CYLINDRICAL_SURFACE('', #6170, 6.3499987711770265);
#6170 = AXIS2_PLACEMENT_3D('', #6171, #6172, #6173);
#6171 = CARTESIAN_POINT('', (21.500001228823123, -11.50000122882308, 13.0));
#6172 = DIRECTION('', (0.0, 0.0, 1.0));
#6173 = DIRECTION('', (-0.7071067638808002, 0.7071067984922946, 0.0));
#6174 = SURFACE_CURVE('', #6175, (#3517, #3557), .CURVE_3D.);
#6175 = INTERSECTION_CURVE('', #6176, (#6200, #6205), .CURVE_3D.);
#6176 = B_SPLINE_CURVE_WITH_KNOTS('', 1, (#6177, #6178, #6179, #6180, #6181, #6182, #6183, #6184, #6185, #6186, #6187, #6188, #6189, #6190, #6191, #6192, #6193, #6194, #6195, #6196, #6197, #6198, #6199), .UNSPECIFIED., .U., .U., (2, 1, 1, 1, 1, 1, 1, 1, 1, 1, 1, 1, 1, 1, 1, 1, 1, 1, 1, 1, 1, 1, 2), (0.0, 0.045454545454545456, 0.09090909090909091, 0.13636363636363635, 0.18181818181818182, 0.22727272727272727, 0.2727272727272727, 0.3181818181818182, 0.36363636363636365, 0.4090909090909091, 0.45454545454545453, 0.5, 0.5454545454545454, 0.5909090909090909, 0.6363636363636364, 0.6818181818181818, 0.7272727272727273, 0.7727272727272727, 0.8181818181818182, 0.8636363636363636, 0.9090909090909091, 0.9545454545454546, 1.0), .UNSPECIFIED.);
#6177 = CARTESIAN_POINT('', (25.431247028990413, -16.486762780973706, 10.0000003));
#6178 = CARTESIAN_POINT('', (25.23243655918506, -16.63725836650032, 10.0000003));
#6179 = CARTESIAN_POINT('', (25.0452699514982, -16.768165432601435, 10.0000003));
#6180 = CARTESIAN_POINT('', (25.027871173453832, -16.77983248064554, 10.0000003));
#6181 = CARTESIAN_POINT('', (24.81786606563179, -16.91426547418628, 10.0000003));
#6182 = CARTESIAN_POINT('', (24.815197232573155, -16.915900032407706, 10.0000003));
#6183 = CARTESIAN_POINT('', (24.60274504851313, -17.04035006110118, 10.0000003));
#6184 = CARTESIAN_POINT('', (24.382839823256717, -17.15789182801231, 10.0000003));
#6185 = CARTESIAN_POINT('', (24.297633138917973, -17.200504723214493, 10.0000003));
#6186 = CARTESIAN_POINT('', (24.158489467926785, -17.266709533956714, 10.0000003));
#6187 = CARTESIAN_POINT('', (24.062031911736085, -17.310206317609726, 10.0000003));
#6188 = CARTESIAN_POINT('', (23.93003991465889, -17.366635389846863, 10.0000003));
#6189 = CARTESIAN_POINT('', (23.889519001065366, -17.383256213105852, 10.0000003));
#6190 = CARTESIAN_POINT('', (23.753793909637864, -17.436574562477404, 10.0000003));
#6191 = CARTESIAN_POINT('', (23.697843416257484, -17.457515317189433, 10.0000003));
#6192 = CARTESIAN_POINT('', (23.63890804550107, -17.478927723062526, 10.0000003));
#6193 = CARTESIAN_POINT('', (23.539620800850173, -17.513522360020175, 10.0000003));
#6194 = CARTESIAN_POINT('', (23.462258003047225, -17.539209185663225, 10.0000003));
#6195 = CARTESIAN_POINT('', (23.449123482581996, -17.543461068505295, 10.0000003));
#6196 = CARTESIAN_POINT('', (23.372178937411206, -17.567738452979683, 10.0000003));
#6197 = CARTESIAN_POINT('', (23.299992931355803, -17.589542612602585, 10.0000003));
#6198 = CARTESIAN_POINT('', (23.232138552905894, -17.60918977432314, 10.0000003));
#6199 = CARTESIAN_POINT('', (23.223647218855007, -17.611590947954824, 10.0000003));
#6200 = PLANE('', #6201);
#6201 = AXIS2_PLACEMENT_3D('', #6202, #6203, #6204);
#6202 = CARTESIAN_POINT('', (29.05000010000009, 27.539591380085298, 10.0000003));
#6203 = DIRECTION('', (0.0, 0.0, 1.0));
#6204 = DIRECTION('', (-0.9999999999999999, 0.0, 0.0));
#6205 = CYLINDRICAL_SURFACE('', #6206, 6.3499987711770265);
#6206 = AXIS2_PLACEMENT_3D('', #6207, #6208, #6209);
#6207 = CARTESIAN_POINT('', (21.500001228823123, -11.50000122882308, 13.0));
#6208 = DIRECTION('', (0.0, 0.0, 1.0));
#6209 = DIRECTION('', (-0.7071067638808002, 0.7071067984922946, 0.0));
#6210 = SURFACE_CURVE('', #6211, (#3517, #3557), .CURVE_3D.);
#6211 = INTERSECTION_CURVE('', #6212, (#6224, #6229), .CURVE_3D.);
#6212 = B_SPLINE_CURVE_WITH_KNOTS('', 1, (#6213, #6214, #6215, #6216, #6217, #6218, #6219, #6220, #6221, #6222, #6223), .UNSPECIFIED., .U., .U., (2, 1, 1, 1, 1, 1, 1, 1, 1, 1, 2), (0.0, 0.1, 0.2, 0.3, 0.4, 0.5, 0.6, 0.7, 0.8, 0.9, 1.0), .UNSPECIFIED.);
#6213 = CARTESIAN_POINT('', (23.223647217149335, -17.611590942331972, 10.0000003));
#6214 = CARTESIAN_POINT('', (23.172793488503544, -17.625705306715105, 10.0000003));
#6215 = CARTESIAN_POINT('', (23.117226087170422, -17.640609354366774, 10.0000003));
#6216 = CARTESIAN_POINT('', (23.06448636711633, -17.65425753206634, 10.0000003));
#6217 = CARTESIAN_POINT('', (23.014364206382936, -17.666782331322665, 10.0000003));
#6218 = CARTESIAN_POINT('', (22.982378120700815, -17.67454924016583, 10.0000003));
#6219 = CARTESIAN_POINT('', (22.967721506713332, -17.67804959216727, 10.0000003));
#6220 = CARTESIAN_POINT('', (22.925234287553963, -17.687989199258254, 10.0000003));
#6221 = CARTESIAN_POINT('', (22.845654083920863, -17.70578101765841, 10.0000003));
#6222 = CARTESIAN_POINT('', (22.738823591879367, -17.72798674155041, 10.0000003));
#6223 = CARTESIAN_POINT('', (22.49335888794357, -17.771821136554536, 10.0000003));
#6224 = PLANE('', #6225);
#6225 = AXIS2_PLACEMENT_3D('', #6226, #6227, #6228);
#6226 = CARTESIAN_POINT('', (29.05000010000009, 27.539591380085298, 10.0000003));
#6227 = DIRECTION('', (0.0, 0.0, 1.0));
#6228 = DIRECTION('', (-0.9999999999999999, 0.0, 0.0));
#6229 = CYLINDRICAL_SURFACE('', #6230, 6.3499987711770265);
#6230 = AXIS2_PLACEMENT_3D('', #6231, #6232, #6233);
#6231 = CARTESIAN_POINT('', (21.500001228823123, -11.50000122882308, 13.0));
#6232 = DIRECTION('', (0.0, 0.0, 1.0));
#6233 = DIRECTION('', (-0.7071067638808002, 0.7071067984922946, 0.0));
#6234 = SURFACE_CURVE('', #6235, (#3517, #3557), .CURVE_3D.);
#6235 = INTERSECTION_CURVE('', #6236, (#6246, #6251), .CURVE_3D.);
#6236 = B_SPLINE_CURVE_WITH_KNOTS('', 1, (#6237, #6238, #6239, #6240, #6241, #6242, #6243, #6244, #6245), .UNSPECIFIED., .U., .U., (2, 1, 1, 1, 1, 1, 1, 1, 2), (0.0, 0.125, 0.25, 0.375, 0.5, 0.625, 0.75, 0.875, 1.0), .UNSPECIFIED.);
#6237 = CARTESIAN_POINT('', (21.5, -17.849999999999994, 10.0000003));
#6238 = CARTESIAN_POINT('', (21.686992882940956, -17.84724618354477, 10.0000003));
#6239 = CARTESIAN_POINT('', (21.699455230109947, -17.84686679344003, 10.0000003));
#6240 = CARTESIAN_POINT('', (21.713697323985116, -17.846403230970623, 10.0000003));
#6241 = CARTESIAN_POINT('', (21.73012972899525, -17.845828619113348, 10.0000003));
#6242 = CARTESIAN_POINT('', (21.749299811502198, -17.84510442819061, 10.0000003));
#6243 = CARTESIAN_POINT('', (21.998215272257937, -17.83042516098388, 10.0000003));
#6244 = CARTESIAN_POINT('', (22.246362497838135, -17.805984835689188, 10.0000003));
#6245 = CARTESIAN_POINT('', (22.49335888794357, -17.77182113655452, 10.0000003));
#6246 = PLANE('', #6247);
#6247 = AXIS2_PLACEMENT_3D('', #6248, #6249, #6250);
#6248 = CARTESIAN_POINT('', (29.05000010000009, 27.539591380085298, 10.0000003));
#6249 = DIRECTION('', (0.0, 0.0, 1.0));
#6250 = DIRECTION('', (-0.9999999999999999, 0.0, 0.0));
#6251 = CYLINDRICAL_SURFACE('', #6252, 6.3499987711770265);
#6252 = AXIS2_PLACEMENT_3D('', #6253, #6254, #6255);
#6253 = CARTESIAN_POINT('', (21.500001228823123, -11.50000122882308, 13.0));
#6254 = DIRECTION('', (0.0, 0.0, 1.0));
#6255 = DIRECTION('', (-0.7071067638808002, 0.7071067984922946, 0.0));
#6256 = SURFACE_CURVE('', #6257, (#3517, #3562), .CURVE_3D.);
#6257 = INTERSECTION_CURVE('', #6258, (#6264, #6269), .CURVE_3D.);
#6258 = B_SPLINE_CURVE_WITH_KNOTS('', 1, (#6259, #6260, #6261, #6262, #6263), .UNSPECIFIED., .U., .U., (2, 1, 1, 1, 2), (0.0, 0.25, 0.5, 0.75, 1.0), .UNSPECIFIED.);
#6259 = CARTESIAN_POINT('', (-21.50000031082041, -17.849999999999838, 10.0000003));
#6260 = CARTESIAN_POINT('', (-20.413386040887644, -17.849999999999824, 10.0000003));
#6261 = CARTESIAN_POINT('', (5.3750014959423424, -17.849999999999937, 10.0000003));
#6262 = CARTESIAN_POINT('', (21.23228360918634, -17.849999999999994, 10.0000003));
#6263 = CARTESIAN_POINT('', (21.5, -17.849999999999994, 10.0000003));
#6264 = PLANE('', #6265);
#6265 = AXIS2_PLACEMENT_3D('', #6266, #6267, #6268);
#6266 = CARTESIAN_POINT('', (29.05000010000009, 27.539591380085298, 10.0000003));
#6267 = DIRECTION('', (0.0, 0.0, 1.0));
#6268 = DIRECTION('', (-0.9999999999999999, 0.0, 0.0));
#6269 = PLANE('', #6270);
#6270 = AXIS2_PLACEMENT_3D('', #6271, #6272, #6273);
#6271 = CARTESIAN_POINT('', (-21.50000031082041, -17.849999999999824, 5.0));
#6272 = DIRECTION('', (-3.9658198919E-15, -1.0, 0.0));
#6273 = DIRECTION('', (1.0, -3.9658198919E-15, 0.0));
#6274 = SURFACE_CURVE('', #6275, (#3517, #3567), .CURVE_3D.);
#6275 = INTERSECTION_CURVE('', #6276, (#6286, #6291), .CURVE_3D.);
#6276 = B_SPLINE_CURVE_WITH_KNOTS('', 1, (#6277, #6278, #6279, #6280, #6281, #6282, #6283, #6284, #6285), .UNSPECIFIED., .U., .U., (2, 1, 1, 1, 1, 1, 1, 1, 2), (0.0, 0.125, 0.25, 0.375, 0.5, 0.625, 0.75, 0.875, 1.0), .UNSPECIFIED.);
#6277 = CARTESIAN_POINT('', (-22.493358899346674, -17.77182113474848, 10.0000003));
#6278 = CARTESIAN_POINT('', (-22.246362806504123, -17.805984799156178, 10.0000003));
#6279 = CARTESIAN_POINT('', (-21.998215582120196, -17.830425136597142, 10.0000003));
#6280 = CARTESIAN_POINT('', (-21.749300122063786, -17.845104415988516, 10.0000003));
#6281 = CARTESIAN_POINT('', (-21.73013003961151, -17.84582860784883, 10.0000003));
#6282 = CARTESIAN_POINT('', (-21.713697634629483, -17.84640322051044, 10.0000003));
#6283 = CARTESIAN_POINT('', (-21.699455540777024, -17.846866783676973, 10.0000003));
#6284 = CARTESIAN_POINT('', (-21.686993193626563, -17.847246174391728, 10.0000003));
#6285 = CARTESIAN_POINT('', (-21.50000031082041, -17.849999999999838, 10.0000003));
#6286 = PLANE('', #6287);
#6287 = AXIS2_PLACEMENT_3D('', #6288, #6289, #6290);
#6288 = CARTESIAN_POINT('', (29.05000010000009, 27.539591380085298, 10.0000003));
#6289 = DIRECTION('', (0.0, 0.0, 1.0));
#6290 = DIRECTION('', (-0.9999999999999999, 0.0, 0.0));
#6291 = CYLINDRICAL_SURFACE('', #6292, 6.3499987711753985);
#6292 = AXIS2_PLACEMENT_3D('', #6293, #6294, #6295);
#6293 = CARTESIAN_POINT('', (-21.500001228824715, -11.500001228824502, 13.0));
#6294 = DIRECTION('', (0.0, 0.0, 1.0));
#6295 = DIRECTION('', (0.7071067984923036, 0.7071067638807912, 0.0));
#6296 = SURFACE_CURVE('', #6297, (#3517, #3567), .CURVE_3D.);
#6297 = INTERSECTION_CURVE('', #6298, (#6310, #6315), .CURVE_3D.);
#6298 = B_SPLINE_CURVE_WITH_KNOTS('', 1, (#6299, #6300, #6301, #6302, #6303, #6304, #6305, #6306, #6307, #6308, #6309), .UNSPECIFIED., .U., .U., (2, 1, 1, 1, 1, 1, 1, 1, 1, 1, 2), (0.0, 0.1, 0.2, 0.3, 0.4, 0.5, 0.6, 0.7, 0.8, 0.9, 1.0), .UNSPECIFIED.);
#6299 = CARTESIAN_POINT('', (-22.493358898541615, -17.771821128928025, 10.0000003));
#6300 = CARTESIAN_POINT('', (-22.738823896727496, -17.727986680912466, 10.0000003));
#6301 = CARTESIAN_POINT('', (-22.8456539397597, -17.705781048918226, 10.0000003));
#6302 = CARTESIAN_POINT('', (-22.92523414443832, -17.687989232221142, 10.0000003));
#6303 = CARTESIAN_POINT('', (-22.967721364294505, -17.678049626001837, 10.0000003));
#6304 = CARTESIAN_POINT('', (-22.982378422933294, -17.6745491676064, 10.0000003));
#6305 = CARTESIAN_POINT('', (-23.01436403238634, -17.66678237405077, 10.0000003));
#6306 = CARTESIAN_POINT('', (-23.064486193726722, -17.654257576144175, 10.0000003));
#6307 = CARTESIAN_POINT('', (-23.117225914577986, -17.64060939982184, 10.0000003));
#6308 = CARTESIAN_POINT('', (-23.172793316926942, -17.625705353569003, 10.0000003));
#6309 = CARTESIAN_POINT('', (-23.223647229966843, -17.61159094482113, 10.0000003));
#6310 = PLANE('', #6311);
#6311 = AXIS2_PLACEMENT_3D('', #6312, #6313, #6314);
#6312 = CARTESIAN_POINT('', (29.05000010000009, 27.539591380085298, 10.0000003));
#6313 = DIRECTION('', (0.0, 0.0, 1.0));
#6314 = DIRECTION('', (-0.9999999999999999, 0.0, 0.0));
#6315 = CYLINDRICAL_SURFACE('', #6316, 6.3499987711753985);
#6316 = AXIS2_PLACEMENT_3D('', #6317, #6318, #6319);
#6317 = CARTESIAN_POINT('', (-21.500001228824715, -11.500001228824502, 13.0));
#6318 = DIRECTION('', (0.0, 0.0, 1.0));
#6319 = DIRECTION('', (0.7071067984923036, 0.7071067638807912, 0.0));
#6320 = SURFACE_CURVE('', #6321, (#3517, #3567), .CURVE_3D.);
#6321 = INTERSECTION_CURVE('', #6322, (#6346, #6351), .CURVE_3D.);
#6322 = B_SPLINE_CURVE_WITH_KNOTS('', 1, (#6323, #6324, #6325, #6326, #6327, #6328, #6329, #6330, #6331, #6332, #6333, #6334, #6335, #6336, #6337, #6338, #6339, #6340, #6341, #6342, #6343, #6344, #6345), .UNSPECIFIED., .U., .U., (2, 1, 1, 1, 1, 1, 1, 1, 1, 1, 1, 1, 1, 1, 1, 1, 1, 1, 1, 1, 1, 1, 2), (0.0, 0.045454545454545456, 0.09090909090909091, 0.13636363636363635, 0.18181818181818182, 0.22727272727272727, 0.2727272727272727, 0.3181818181818182, 0.36363636363636365, 0.4090909090909091, 0.45454545454545453, 0.5, 0.5454545454545454, 0.5909090909090909, 0.6363636363636364, 0.6818181818181818, 0.7272727272727273, 0.7727272727272727, 0.8181818181818182, 0.8636363636363636, 0.9090909090909091, 0.9545454545454546, 1.0), .UNSPECIFIED.);
#6323 = CARTESIAN_POINT('', (-25.431246806759034, -16.48676296364812, 10.0000003));
#6324 = CARTESIAN_POINT('', (-25.23243681064426, -16.637258183805102, 10.0000003));
#6325 = CARTESIAN_POINT('', (-25.045272566786082, -16.76816367261445, 10.0000003));
#6326 = CARTESIAN_POINT('', (-25.027871431891725, -16.779832307963403, 10.0000003));
#6327 = CARTESIAN_POINT('', (-24.817866330649935, -16.914265311783453, 10.0000003));
#6328 = CARTESIAN_POINT('', (-24.81519519879771, -16.915901277328317, 10.0000003));
#6329 = CARTESIAN_POINT('', (-24.602745319702848, -17.040349909228098, 10.0000003));
#6330 = CARTESIAN_POINT('', (-24.38284010019987, -17.157891686903156, 10.0000003));
#6331 = CARTESIAN_POINT('', (-24.297632500942257, -17.2005050363137, 10.0000003));
#6332 = CARTESIAN_POINT('', (-24.15848975019634, -17.266709403829054, 10.0000003));
#6333 = CARTESIAN_POINT('', (-24.06203145985748, -17.310206516867538, 10.0000003));
#6334 = CARTESIAN_POINT('', (-23.930040201819622, -17.366635270901355, 10.0000003));
#6335 = CARTESIAN_POINT('', (-23.8895186645409, -17.3832563497875, 10.0000003));
#6336 = CARTESIAN_POINT('', (-23.753793567636023, -17.43657469231711, 10.0000003));
#6337 = CARTESIAN_POINT('', (-23.69784370786661, -17.457515209609454, 10.0000003));
#6338 = CARTESIAN_POINT('', (-23.63890778274356, -17.4789278170619, 10.0000003));
#6339 = CARTESIAN_POINT('', (-23.5396205351729, -17.51352245013078, 10.0000003));
#6340 = CARTESIAN_POINT('', (-23.462258298655087, -17.539209089614673, 10.0000003));
#6341 = CARTESIAN_POINT('', (-23.449123273642556, -17.54346113589216, 10.0000003));
#6342 = CARTESIAN_POINT('', (-23.372178726499158, -17.567738518056018, 10.0000003));
#6343 = CARTESIAN_POINT('', (-23.29999271894485, -17.58954267538877, 10.0000003));
#6344 = CARTESIAN_POINT('', (-23.232138339396187, -17.609189834859706, 10.0000003));
#6345 = CARTESIAN_POINT('', (-23.223647229966843, -17.61159094482113, 10.0000003));
#6346 = PLANE('', #6347);
#6347 = AXIS2_PLACEMENT_3D('', #6348, #6349, #6350);
#6348 = CARTESIAN_POINT('', (29.05000010000009, 27.539591380085298, 10.0000003));
#6349 = DIRECTION('', (0.0, 0.0, 1.0));
#6350 = DIRECTION('', (-0.9999999999999999, 0.0, 0.0));
#6351 = CYLINDRICAL_SURFACE('', #6352, 6.3499987711753985);
#6352 = AXIS2_PLACEMENT_3D('', #6353, #6354, #6355);
#6353 = CARTESIAN_POINT('', (-21.500001228824715, -11.500001228824502, 13.0));
#6354 = DIRECTION('', (0.0, 0.0, 1.0));
#6355 = DIRECTION('', (0.7071067984923036, 0.7071067638807912, 0.0));
#6356 = SURFACE_CURVE('', #6357, (#3517, #3567), .CURVE_3D.);
#6357 = INTERSECTION_CURVE('', #6358, (#6363, #6368), .CURVE_3D.);
#6358 = B_SPLINE_CURVE_WITH_KNOTS('', 1, (#6359, #6360, #6361, #6362), .UNSPECIFIED., .U., .U., (2, 1, 1, 2), (0.0, 0.3333333333333333, 0.6666666666666666, 1.0), .UNSPECIFIED.);
#6359 = CARTESIAN_POINT('', (-25.431246803212602, -16.486762958963155, 10.0000003));
#6360 = CARTESIAN_POINT('', (-25.623995574215343, -16.32857814476104, 10.0000003));
#6361 = CARTESIAN_POINT('', (-25.655041515737523, -16.301888837677993, 10.0000003));
#6362 = CARTESIAN_POINT('', (-25.810385203541358, -16.16294819232678, 10.000000300000002));
#6363 = PLANE('', #6364);
#6364 = AXIS2_PLACEMENT_3D('', #6365, #6366, #6367);
#6365 = CARTESIAN_POINT('', (29.05000010000009, 27.539591380085298, 10.0000003));
#6366 = DIRECTION('', (0.0, 0.0, 1.0));
#6367 = DIRECTION('', (-0.9999999999999999, 0.0, 0.0));
#6368 = CYLINDRICAL_SURFACE('', #6369, 6.3499987711753985);
#6369 = AXIS2_PLACEMENT_3D('', #6370, #6371, #6372);
#6370 = CARTESIAN_POINT('', (-21.500001228824715, -11.500001228824502, 13.0));
#6371 = DIRECTION('', (0.0, 0.0, 1.0));
#6372 = DIRECTION('', (0.7071067984923036, 0.7071067638807912, 0.0));
#6373 = SURFACE_CURVE('', #6374, (#3517, #3567), .CURVE_3D.);
#6374 = INTERSECTION_CURVE('', #6375, (#6380, #6385), .CURVE_3D.);
#6375 = B_SPLINE_CURVE_WITH_KNOTS('', 1, (#6376, #6377, #6378, #6379), .UNSPECIFIED., .U., .U., (2, 1, 1, 2), (0.0, 0.3333333333333333, 0.6666666666666666, 1.0), .UNSPECIFIED.);
#6376 = CARTESIAN_POINT('', (-25.810385203541358, -16.16294819232678, 10.0000003));
#6377 = CARTESIAN_POINT('', (-25.961222627383904, -16.018849315114494, 10.0000003));
#6378 = CARTESIAN_POINT('', (-25.990128530340613, -15.990128310557338, 10.0000003));
#6379 = CARTESIAN_POINT('', (-26.162948200163754, -15.810385195063361, 10.0000003));
#6380 = PLANE('', #6381);
#6381 = AXIS2_PLACEMENT_3D('', #6382, #6383, #6384);
#6382 = CARTESIAN_POINT('', (29.05000010000009, 27.539591380085298, 10.0000003));
#6383 = DIRECTION('', (0.0, 0.0, 1.0));
#6384 = DIRECTION('', (-0.9999999999999999, 0.0, 0.0));
#6385 = CYLINDRICAL_SURFACE('', #6386, 6.3499987711753985);
#6386 = AXIS2_PLACEMENT_3D('', #6387, #6388, #6389);
#6387 = CARTESIAN_POINT('', (-21.500001228824715, -11.500001228824502, 13.0));
#6388 = DIRECTION('', (0.0, 0.0, 1.0));
#6389 = DIRECTION('', (0.7071067984923036, 0.7071067638807912, 0.0));
#6390 = SURFACE_CURVE('', #6391, (#3517, #3567), .CURVE_3D.);
#6391 = INTERSECTION_CURVE('', #6392, (#6398, #6403), .CURVE_3D.);
#6392 = B_SPLINE_CURVE_WITH_KNOTS('', 1, (#6393, #6394, #6395, #6396, #6397), .UNSPECIFIED., .U., .U., (2, 1, 1, 1, 2), (0.0, 0.25, 0.5, 0.75, 1.0), .UNSPECIFIED.);
#6393 = CARTESIAN_POINT('', (-26.162948195928124, -15.810385190990871, 10.000000300000002));
#6394 = CARTESIAN_POINT('', (-26.197554361008287, -15.772644317621115, 10.0000003));
#6395 = CARTESIAN_POINT('', (-26.328578346622834, -15.62399533786558, 10.0000003));
#6396 = CARTESIAN_POINT('', (-26.395038365883607, -15.544886371908717, 10.0000003));
#6397 = CARTESIAN_POINT('', (-26.48676297079578, -15.43124679769231, 10.0000003));
#6398 = PLANE('', #6399);
#6399 = AXIS2_PLACEMENT_3D('', #6400, #6401, #6402);
#6400 = CARTESIAN_POINT('', (29.05000010000009, 27.539591380085298, 10.0000003));
#6401 = DIRECTION('', (0.0, 0.0, 1.0));
#6402 = DIRECTION('', (-0.9999999999999999, 0.0, 0.0));
#6403 = CYLINDRICAL_SURFACE('', #6404, 6.3499987711753985);
#6404 = AXIS2_PLACEMENT_3D('', #6405, #6406, #6407);
#6405 = CARTESIAN_POINT('', (-21.500001228824715, -11.500001228824502, 13.0));
#6406 = DIRECTION('', (0.0, 0.0, 1.0));
#6407 = DIRECTION('', (0.7071067984923036, 0.7071067638807912, 0.0));
#6408 = SURFACE_CURVE('', #6409, (#3517, #3567), .CURVE_3D.);
#6409 = INTERSECTION_CURVE('', #6410, (#6433, #6438), .CURVE_3D.);
#6410 = B_SPLINE_CURVE_WITH_KNOTS('', 1, (#6411, #6412, #6413, #6414, #6415, #6416, #6417, #6418, #6419, #6420, #6421, #6422, #6423, #6424, #6425, #6426, #6427, #6428, #6429, #6430, #6431, #6432), .UNSPECIFIED., .U., .U., (2, 1, 1, 1, 1, 1, 1, 1, 1, 1, 1, 1, 1, 1, 1, 1, 1, 1, 1, 1, 1, 2), (0.0, 0.047619047619047616, 0.09523809523809523, 0.14285714285714285, 0.19047619047619047, 0.23809523809523808, 0.2857142857142857, 0.3333333333333333, 0.38095238095238093, 0.42857142857142855, 0.47619047619047616, 0.5238095238095238, 0.5714285714285714, 0.6190476190476191, 0.6666666666666666, 0.7142857142857143, 0.7619047619047619, 0.8095238095238095, 0.8571428571428571, 0.9047619047619048, 0.9523809523809523, 1.0), .UNSPECIFIED.);
#6411 = CARTESIAN_POINT('', (-26.48676297079578, -15.43124679769231, 10.0000003));
#6412 = CARTESIAN_POINT('', (-26.567384729160523, -15.326763418254814, 10.0000003));
#6413 = CARTESIAN_POINT('', (-26.637258366500845, -15.232436559185217, 10.0000003));
#6414 = CARTESIAN_POINT('', (-26.71997062049526, -15.115855753546384, 10.0000003));
#6415 = CARTESIAN_POINT('', (-26.77983248064605, -15.02787117345396, 10.0000003));
#6416 = CARTESIAN_POINT('', (-26.856429463246712, -14.910450020906865, 10.0000003));
#6417 = CARTESIAN_POINT('', (-26.914265474186777, -14.817866065631918, 10.0000003));
#6418 = CARTESIAN_POINT('', (-26.979304365251394, -14.70931915216488, 10.0000003));
#6419 = CARTESIAN_POINT('', (-27.04035006110165, -14.602745048513242, 10.0000003));
#6420 = CARTESIAN_POINT('', (-27.09042960417551, -14.511578054011238, 10.0000003));
#6421 = CARTESIAN_POINT('', (-27.157891828012794, -14.382839823256802, 10.0000003));
#6422 = CARTESIAN_POINT('', (-27.191163573520498, -14.316587027312806, 10.0000003));
#6423 = CARTESIAN_POINT('', (-27.26670953395717, -14.15848946792687, 10.0000003));
#6424 = CARTESIAN_POINT('', (-27.282536515266486, -14.123885764200395, 10.0000003));
#6425 = CARTESIAN_POINT('', (-27.3652411238173, -13.933403244134837, 10.0000003));
#6426 = CARTESIAN_POINT('', (-27.36663538984729, -13.930039914658991, 10.0000003));
#6427 = CARTESIAN_POINT('', (-27.438889999070284, -13.747685496816814, 10.0000003));
#6428 = CARTESIAN_POINT('', (-27.457515317189802, -13.697843416257555, 10.0000003));
#6429 = CARTESIAN_POINT('', (-27.50538681998556, -13.56345180865597, 10.0000003));
#6430 = CARTESIAN_POINT('', (-27.539209185663594, -13.462258003047268, 10.0000003));
#6431 = CARTESIAN_POINT('', (-27.565141552511648, -13.380574877453, 10.0000003));
#6432 = CARTESIAN_POINT('', (-27.611590947955136, -13.22364721885505, 10.0000003));
#6433 = PLANE('', #6434);
#6434 = AXIS2_PLACEMENT_3D('', #6435, #6436, #6437);
#6435 = CARTESIAN_POINT('', (29.05000010000009, 27.539591380085298, 10.0000003));
#6436 = DIRECTION('', (0.0, 0.0, 1.0));
#6437 = DIRECTION('', (-0.9999999999999999, 0.0, 0.0));
#6438 = CYLINDRICAL_SURFACE('', #6439, 6.3499987711753985);
#6439 = AXIS2_PLACEMENT_3D('', #6440, #6441, #6442);
#6440 = CARTESIAN_POINT('', (-21.500001228824715, -11.500001228824502, 13.0));
#6441 = DIRECTION('', (0.0, 0.0, 1.0));
#6442 = DIRECTION('', (0.7071067984923036, 0.7071067638807912, 0.0));
#6443 = SURFACE_CURVE('', #6444, (#3517, #3567), .CURVE_3D.);
#6444 = INTERSECTION_CURVE('', #6445, (#6452, #6457), .CURVE_3D.);
#6445 = B_SPLINE_CURVE_WITH_KNOTS('', 1, (#6446, #6447, #6448, #6449, #6450, #6451), .UNSPECIFIED., .U., .U., (2, 1, 1, 1, 1, 2), (0.0, 0.2, 0.4, 0.6, 0.8, 1.0), .UNSPECIFIED.);
#6446 = CARTESIAN_POINT('', (-27.611590942332285, -13.223647217149377, 10.000000299999998));
#6447 = CARTESIAN_POINT('', (-27.61849283544592, -13.198984705387744, 10.0000003));
#6448 = CARTESIAN_POINT('', (-27.67454924016613, -12.982378120700858, 10.0000003));
#6449 = CARTESIAN_POINT('', (-27.705781073246015, -12.84565382756736, 10.0000003));
#6450 = CARTESIAN_POINT('', (-27.72798674155065, -12.738823591879395, 10.0000003));
#6451 = CARTESIAN_POINT('', (-27.771821089737813, -12.493359183534182, 10.0000003));
#6452 = PLANE('', #6453);
#6453 = AXIS2_PLACEMENT_3D('', #6454, #6455, #6456);
#6454 = CARTESIAN_POINT('', (29.05000010000009, 27.539591380085298, 10.0000003));
#6455 = DIRECTION('', (0.0, 0.0, 1.0));
#6456 = DIRECTION('', (-0.9999999999999999, 0.0, 0.0));
#6457 = CYLINDRICAL_SURFACE('', #6458, 6.3499987711753985);
#6458 = AXIS2_PLACEMENT_3D('', #6459, #6460, #6461);
#6459 = CARTESIAN_POINT('', (-21.500001228824715, -11.500001228824502, 13.0));
#6460 = DIRECTION('', (0.0, 0.0, 1.0));
#6461 = DIRECTION('', (0.7071067984923036, 0.7071067638807912, 0.0));
#6462 = SURFACE_CURVE('', #6463, (#3517, #3567), .CURVE_3D.);
#6463 = INTERSECTION_CURVE('', #6464, (#6474, #6479), .CURVE_3D.);
#6464 = B_SPLINE_CURVE_WITH_KNOTS('', 1, (#6465, #6466, #6467, #6468, #6469, #6470, #6471, #6472, #6473), .UNSPECIFIED., .U., .U., (2, 1, 1, 1, 1, 1, 1, 1, 2), (0.0, 0.125, 0.25, 0.375, 0.5, 0.625, 0.75, 0.875, 1.0), .UNSPECIFIED.);
#6465 = CARTESIAN_POINT('', (-27.771821083953455, -12.493359182501237, 10.0000003));
#6466 = CARTESIAN_POINT('', (-27.805984835689344, -12.246362497838163, 10.0000003));
#6467 = CARTESIAN_POINT('', (-27.830425160983992, -11.998215272257937, 10.0000003));
#6468 = CARTESIAN_POINT('', (-27.84510442819142, -11.749299811483013, 10.0000003));
#6469 = CARTESIAN_POINT('', (-27.845828619113405, -11.73012972899528, 10.0000003));
#6470 = CARTESIAN_POINT('', (-27.84640323097068, -11.71369732398513, 10.0000003));
#6471 = CARTESIAN_POINT('', (-27.846866793440086, -11.699455230109976, 10.0000003));
#6472 = CARTESIAN_POINT('', (-27.847246183544826, -11.686992882940956, 10.0000003));
#6473 = CARTESIAN_POINT('', (-27.849999999999994, -11.5, 10.0000003));
#6474 = PLANE('', #6475);
#6475 = AXIS2_PLACEMENT_3D('', #6476, #6477, #6478);
#6476 = CARTESIAN_POINT('', (29.05000010000009, 27.539591380085298, 10.0000003));
#6477 = DIRECTION('', (0.0, 0.0, 1.0));
#6478 = DIRECTION('', (-0.9999999999999999, 0.0, 0.0));
#6479 = CYLINDRICAL_SURFACE('', #6480, 6.3499987711753985);
#6480 = AXIS2_PLACEMENT_3D('', #6481, #6482, #6483);
#6481 = CARTESIAN_POINT('', (-21.500001228824715, -11.500001228824502, 13.0));
#6482 = DIRECTION('', (0.0, 0.0, 1.0));
#6483 = DIRECTION('', (0.7071067984923036, 0.7071067638807912, 0.0));
#6484 = SURFACE_CURVE('', #6485, (#3517, #3522), .CURVE_3D.);
#6485 = INTERSECTION_CURVE('', #6486, (#6491, #6496), .CURVE_3D.);
#6486 = B_SPLINE_CURVE_WITH_KNOTS('', 1, (#6487, #6488, #6489, #6490), .UNSPECIFIED., .U., .U., (2, 1, 1, 2), (0.0, 0.3333333333333333, 0.6666666666666666, 1.0), .UNSPECIFIED.);
#6487 = CARTESIAN_POINT('', (-27.849999999999994, -11.5, 10.0000003));
#6488 = CARTESIAN_POINT('', (-27.849999999999994, -10.62818060986919, 10.0000003));
#6489 = CARTESIAN_POINT('', (-27.849999999999994, -2.875000745942387, 10.0000003));
#6490 = CARTESIAN_POINT('', (-27.84999999999998, 11.50000031082034, 10.0000003));
#6491 = PLANE('', #6492);
#6492 = AXIS2_PLACEMENT_3D('', #6493, #6494, #6495);
#6493 = CARTESIAN_POINT('', (29.05000010000009, 27.539591380085298, 10.0000003));
#6494 = DIRECTION('', (0.0, 0.0, 1.0));
#6495 = DIRECTION('', (-0.9999999999999999, 0.0, 0.0));
#6496 = PLANE('', #6497);
#6497 = AXIS2_PLACEMENT_3D('', #6498, #6499, #6500);
#6498 = CARTESIAN_POINT('', (-27.84999999999998, 11.50000031082034, 5.0));
#6499 = DIRECTION('', (-1.0, 6.1786324014E-16, 0.0));
#6500 = DIRECTION('', (-6.1786324014E-16, -1.0, 0.0));
#6501 = SURFACE_CURVE('', #6502, (#3517, #3527), .CURVE_3D.);
#6502 = INTERSECTION_CURVE('', #6503, (#6514, #6519), .CURVE_3D.);
#6503 = B_SPLINE_CURVE_WITH_KNOTS('', 1, (#6504, #6505, #6506, #6507, #6508, #6509, #6510, #6511, #6512, #6513), .UNSPECIFIED., .U., .U., (2, 1, 1, 1, 1, 1, 1, 1, 1, 2), (0.0, 0.1111111111111111, 0.2222222222222222, 0.3333333333333333, 0.4444444444444444, 0.5555555555555556, 0.6666666666666666, 0.7777777777777778, 0.8888888888888888, 1.0), .UNSPECIFIED.);
#6504 = CARTESIAN_POINT('', (-27.77182108793167, 12.493359194937227, 10.0000003));
#6505 = CARTESIAN_POINT('', (-27.805984799156292, 12.246362806504052, 10.0000003));
#6506 = CARTESIAN_POINT('', (-27.830425136597285, 11.998215582120139, 10.0000003));
#6507 = CARTESIAN_POINT('', (-27.845104415988658, 11.749300122063701, 10.0000003));
#6508 = CARTESIAN_POINT('', (-27.845828607848972, 11.730130039611424, 10.0000003));
#6509 = CARTESIAN_POINT('', (-27.846317392736267, 11.716231526431486, 10.0000003));
#6510 = CARTESIAN_POINT('', (-27.84640322051058, 11.713697634629398, 10.0000003));
#6511 = CARTESIAN_POINT('', (-27.8468667836771, 11.699455540776952, 10.0000003));
#6512 = CARTESIAN_POINT('', (-27.84724617439184, 11.686993193626506, 10.0000003));
#6513 = CARTESIAN_POINT('', (-27.84999999999998, 11.50000031082034, 10.0000003));
#6514 = PLANE('', #6515);
#6515 = AXIS2_PLACEMENT_3D('', #6516, #6517, #6518);
#6516 = CARTESIAN_POINT('', (29.05000010000009, 27.539591380085298, 10.0000003));
#6517 = DIRECTION('', (0.0, 0.0, 1.0));
#6518 = DIRECTION('', (-0.9999999999999999, 0.0, 0.0));
#6519 = CYLINDRICAL_SURFACE('', #6520, 6.34999877117574);
#6520 = AXIS2_PLACEMENT_3D('', #6521, #6522, #6523);
#6521 = CARTESIAN_POINT('', (-21.500001228824303, 11.500001228824374, 13.0));
#6522 = DIRECTION('', (0.0, 0.0, 1.0));
#6523 = DIRECTION('', (0.7071067638807866, -0.707106798492308, 0.0));
#6524 = SURFACE_CURVE('', #6525, (#3517, #3527), .CURVE_3D.);
#6525 = INTERSECTION_CURVE('', #6526, (#6534, #6539), .CURVE_3D.);
#6526 = B_SPLINE_CURVE_WITH_KNOTS('', 1, (#6527, #6528, #6529, #6530, #6531, #6532, #6533), .UNSPECIFIED., .U., .U., (2, 1, 1, 1, 1, 1, 2), (0.0, 0.16666666666666666, 0.3333333333333333, 0.5, 0.6666666666666666, 0.8333333333333334, 1.0), .UNSPECIFIED.);
#6527 = CARTESIAN_POINT('', (-27.611591026056573, 13.223646941927797, 10.0000003));
#6528 = CARTESIAN_POINT('', (-27.61849265580696, 13.198985352315006, 10.0000003));
#6529 = CARTESIAN_POINT('', (-27.665151165651565, 13.020991251925196, 10.0000003));
#6530 = CARTESIAN_POINT('', (-27.6745491676065, 12.982378422933223, 10.0000003));
#6531 = CARTESIAN_POINT('', (-27.705780937743725, 12.845654452466135, 10.0000003));
#6532 = CARTESIAN_POINT('', (-27.72798668091258, 12.738823896727425, 10.0000003));
#6533 = CARTESIAN_POINT('', (-27.77182108793167, 12.493359194937227, 10.0000003));
#6534 = PLANE('', #6535);
#6535 = AXIS2_PLACEMENT_3D('', #6536, #6537, #6538);
#6536 = CARTESIAN_POINT('', (29.05000010000009, 27.539591380085298, 10.0000003));
#6537 = DIRECTION('', (0.0, 0.0, 1.0));
#6538 = DIRECTION('', (-0.9999999999999999, 0.0, 0.0));
#6539 = CYLINDRICAL_SURFACE('', #6540, 6.34999877117574);
#6540 = AXIS2_PLACEMENT_3D('', #6541, #6542, #6543);
#6541 = CARTESIAN_POINT('', (-21.500001228824303, 11.500001228824374, 13.0));
#6542 = DIRECTION('', (0.0, 0.0, 1.0));
#6543 = DIRECTION('', (0.7071067638807866, -0.707106798492308, 0.0));
#6544 = SURFACE_CURVE('', #6545, (#3517, #3527), .CURVE_3D.);
#6545 = INTERSECTION_CURVE('', #6546, (#6569, #6574), .CURVE_3D.);
#6546 = B_SPLINE_CURVE_WITH_KNOTS('', 1, (#6547, #6548, #6549, #6550, #6551, #6552, #6553, #6554, #6555, #6556, #6557, #6558, #6559, #6560, #6561, #6562, #6563, #6564, #6565, #6566, #6567, #6568), .UNSPECIFIED., .U., .U., (2, 1, 1, 1, 1, 1, 1, 1, 1, 1, 1, 1, 1, 1, 1, 1, 1, 1, 1, 1, 1, 2), (0.0, 0.047619047619047616, 0.09523809523809523, 0.14285714285714285, 0.19047619047619047, 0.23809523809523808, 0.2857142857142857, 0.3333333333333333, 0.38095238095238093, 0.42857142857142855, 0.47619047619047616, 0.5238095238095238, 0.5714285714285714, 0.6190476190476191, 0.6666666666666666, 0.7142857142857143, 0.7619047619047619, 0.8095238095238095, 0.8571428571428571, 0.9047619047619048, 0.9523809523809523, 1.0), .UNSPECIFIED.);
#6547 = CARTESIAN_POINT('', (-27.61159102037108, 13.223646940444198, 10.000000300000002));
#6548 = CARTESIAN_POINT('', (-27.56514134487361, 13.38057554711726, 10.0000003));
#6549 = CARTESIAN_POINT('', (-27.539209089614758, 13.462258298655001, 10.0000003));
#6550 = CARTESIAN_POINT('', (-27.50538658137377, 13.563452503101942, 10.0000003));
#6551 = CARTESIAN_POINT('', (-27.45751520960951, 13.697843707866525, 10.0000003));
#6552 = CARTESIAN_POINT('', (-27.438889725958944, 13.747686218438176, 10.0000003));
#6553 = CARTESIAN_POINT('', (-27.366635385340743, 13.930039925538495, 10.0000003));
#6554 = CARTESIAN_POINT('', (-27.36524081198192, 13.933403995752741, 10.0000003));
#6555 = CARTESIAN_POINT('', (-27.28253617765762, 14.1238865082249, 10.0000003));
#6556 = CARTESIAN_POINT('', (-27.266709529026954, 14.158489478621107, 10.0000003));
#6557 = CARTESIAN_POINT('', (-27.191163190149837, 14.316587801947023, 10.0000003));
#6558 = CARTESIAN_POINT('', (-27.157891822666528, 14.38283983374923, 10.0000003));
#6559 = CARTESIAN_POINT('', (-27.090429168570495, 14.511578862630046, 10.0000003));
#6560 = CARTESIAN_POINT('', (-27.040350055347602, 14.60274505878769, 10.0000003));
#6561 = CARTESIAN_POINT('', (-26.979303869366902, 14.709319998793518, 10.0000003));
#6562 = CARTESIAN_POINT('', (-26.914265468033776, 14.817866075672555, 10.0000003));
#6563 = CARTESIAN_POINT('', (-26.856428896913258, 14.910450910386132, 10.0000003));
#6564 = CARTESIAN_POINT('', (-26.7798324741036, 15.027871183245296, 10.0000003));
#6565 = CARTESIAN_POINT('', (-26.719969970605433, 15.115856691748903, 10.0000003));
#6566 = CARTESIAN_POINT('', (-26.63725835957902, 15.232436568712131, 10.0000003));
#6567 = CARTESIAN_POINT('', (-26.56738397843094, 15.32676441236768, 10.0000003));
#6568 = CARTESIAN_POINT('', (-26.486762963648147, 15.43124680675895, 10.0000003));
#6569 = PLANE('', #6570);
#6570 = AXIS2_PLACEMENT_3D('', #6571, #6572, #6573);
#6571 = CARTESIAN_POINT('', (29.05000010000009, 27.539591380085298, 10.0000003));
#6572 = DIRECTION('', (0.0, 0.0, 1.0));
#6573 = DIRECTION('', (-0.9999999999999999, 0.0, 0.0));
#6574 = CYLINDRICAL_SURFACE('', #6575, 6.34999877117574);
#6575 = AXIS2_PLACEMENT_3D('', #6576, #6577, #6578);
#6576 = CARTESIAN_POINT('', (-21.500001228824303, 11.500001228824374, 13.0));
#6577 = DIRECTION('', (0.0, 0.0, 1.0));
#6578 = DIRECTION('', (0.7071067638807866, -0.707106798492308, 0.0));
#6579 = SURFACE_CURVE('', #6580, (#3517, #3527), .CURVE_3D.);
#6580 = INTERSECTION_CURVE('', #6581, (#6587, #6592), .CURVE_3D.);
#6581 = B_SPLINE_CURVE_WITH_KNOTS('', 1, (#6582, #6583, #6584, #6585, #6586), .UNSPECIFIED., .U., .U., (2, 1, 1, 1, 2), (0.0, 0.25, 0.5, 0.75, 1.0), .UNSPECIFIED.);
#6582 = CARTESIAN_POINT('', (-26.162948395475013, 15.810384983776785, 10.0000003));
#6583 = CARTESIAN_POINT('', (-26.197553329011583, 15.772645452248497, 10.0000003));
#6584 = CARTESIAN_POINT('', (-26.328578339124732, 15.623995346644634, 10.0000003));
#6585 = CARTESIAN_POINT('', (-26.395037490897693, 15.544887430798411, 10.0000003));
#6586 = CARTESIAN_POINT('', (-26.486762958963183, 15.431246803212531, 10.0000003));
#6587 = PLANE('', #6588);
#6588 = AXIS2_PLACEMENT_3D('', #6589, #6590, #6591);
#6589 = CARTESIAN_POINT('', (29.05000010000009, 27.539591380085298, 10.0000003));
#6590 = DIRECTION('', (0.0, 0.0, 1.0));
#6591 = DIRECTION('', (-0.9999999999999999, 0.0, 0.0));
#6592 = CYLINDRICAL_SURFACE('', #6593, 6.34999877117574);
#6593 = AXIS2_PLACEMENT_3D('', #6594, #6595, #6596);
#6594 = CARTESIAN_POINT('', (-21.500001228824303, 11.500001228824374, 13.0));
#6595 = DIRECTION('', (0.0, 0.0, 1.0));
#6596 = DIRECTION('', (0.7071067638807866, -0.707106798492308, 0.0));
#6597 = SURFACE_CURVE('', #6598, (#3522, #3567), .CURVE_3D.);
#6598 = LINE('', #6599, #6600);
#6599 = CARTESIAN_POINT('', (-27.849999999999994, -11.5, 10.0000003));
#6600 = VECTOR('', #6601, 2.9999997);
#6601 = DIRECTION('', (0.0, 0.0, 1.0));
#6602 = SURFACE_CURVE('', #6603, (#3522, #3532), .CURVE_3D.);
#6603 = LINE('', #6604, #6605);
#6604 = CARTESIAN_POINT('', (-27.84999999999998, 11.50000031082034, 13.0));
#6605 = VECTOR('', #6606, 23.00000031082034);
#6606 = DIRECTION('', (-6.1786324014E-16, -1.0, 0.0));
#6607 = SURFACE_CURVE('', #6608, (#3522, #3527), .CURVE_3D.);
#6608 = LINE('', #6609, #6610);
#6609 = CARTESIAN_POINT('', (-27.84999999999998, 11.50000031082034, 10.0000003));
#6610 = VECTOR('', #6611, 2.9999997);
#6611 = DIRECTION('', (0.0, 0.0, 1.0));
#6612 = SURFACE_CURVE('', #6613, (#3527, #3532), .CURVE_3D.);
#6613 = (
    BOUNDED_CURVE()
    B_SPLINE_CURVE(2, (#6614, #6615, #6616, #6617, #6618, #6619), .UNSPECIFIED., .U., .U.)
    B_SPLINE_CURVE_WITH_KNOTS((3, 1, 1, 1, 3), (0.0, 0.25, 0.5, 0.75, 1.0), .UNSPECIFIED.)
    CURVE()
    GEOMETRIC_REPRESENTATION_ITEM()
    RATIONAL_B_SPLINE_CURVE((1.0, 0.9267766654140132, 0.8535533308280263, 0.8535533308280263, 0.9267766654140132, 1.0))
    REPRESENTATION_ITEM('')
);
#6614 = CARTESIAN_POINT('', (-21.5, 17.849999999999994, 13.0));
#6615 = CARTESIAN_POINT('', (-22.711221677834594, 17.850000234390393, 13.0));
#6616 = CARTESIAN_POINT('', (-25.06019227571114, 16.920064519668177, 12.999999999999998));
#6617 = CARTESIAN_POINT('', (-26.920064345403574, 15.060192541012917, 12.999999999999998));
#6618 = CARTESIAN_POINT('', (-27.850000175103368, 12.711221988654987, 13.0));
#6619 = CARTESIAN_POINT('', (-27.84999999999998, 11.500000310820354, 13.0));
#6620 = SURFACE_CURVE('', #6621, (#3527, #3537), .CURVE_3D.);
#6621 = LINE('', #6622, #6623);
#6622 = CARTESIAN_POINT('', (-21.5, 17.849999999999994, 10.0000003));
#6623 = VECTOR('', #6624, 2.9999997);
#6624 = DIRECTION('', (0.0, 0.0, 1.0));
#6625 = SURFACE_CURVE('', #6626, (#3532, #3567), .CURVE_3D.);
#6626 = (
    BOUNDED_CURVE()
    B_SPLINE_CURVE(2, (#6627, #6628, #6629, #6630, #6631, #6632), .UNSPECIFIED., .U., .U.)
    B_SPLINE_CURVE_WITH_KNOTS((3, 1, 1, 1, 3), (0.0, 0.25, 0.5, 0.75, 1.0), .UNSPECIFIED.)
    CURVE()
    GEOMETRIC_REPRESENTATION_ITEM()
    RATIONAL_B_SPLINE_CURVE((1.0, 0.9267766654140068, 0.8535533308280138, 0.8535533308280138, 0.9267766654140068, 1.0))
    REPRESENTATION_ITEM('')
);
#6627 = CARTESIAN_POINT('', (-27.849999999999994, -11.5, 13.0));
#6628 = CARTESIAN_POINT('', (-27.850000234390414, -12.711221677834605, 13.0));
#6629 = CARTESIAN_POINT('', (-26.92006451966824, -15.060192275711128, 13.0));
#6630 = CARTESIAN_POINT('', (-25.06019254101297, -16.920064345403553, 13.0));
#6631 = CARTESIAN_POINT('', (-22.71122198865502, -17.85000017510329, 13.0));
#6632 = CARTESIAN_POINT('', (-21.50000031082041, -17.849999999999838, 13.0));
#6633 = SURFACE_CURVE('', #6634, (#3532, #3562), .CURVE_3D.);
#6634 = LINE('', #6635, #6636);
#6635 = CARTESIAN_POINT('', (-21.50000031082041, -17.849999999999824, 13.0));
#6636 = VECTOR('', #6637, 43.00000031082041);
#6637 = DIRECTION('', (1.0, -3.9658198919E-15, 0.0));
#6638 = SURFACE_CURVE('', #6639, (#3532, #3557), .CURVE_3D.);
#6639 = (
    BOUNDED_CURVE()
    B_SPLINE_CURVE(2, (#6640, #6641, #6642, #6643, #6644, #6645), .UNSPECIFIED., .U., .U.)
    B_SPLINE_CURVE_WITH_KNOTS((3, 1, 1, 1, 3), (0.0, 0.25, 0.5, 0.75, 1.0), .UNSPECIFIED.)
    CURVE()
    GEOMETRIC_REPRESENTATION_ITEM()
    RATIONAL_B_SPLINE_CURVE((1.0, 0.9267766654140424, 0.8535533308280847, 0.8535533308280847, 0.9267766654140424, 1.0))
    REPRESENTATION_ITEM('')
);
#6640 = CARTESIAN_POINT('', (21.5, -17.849999999999994, 13.0));
#6641 = CARTESIAN_POINT('', (22.711221677834647, -17.850000234390137, 13.0));
#6642 = CARTESIAN_POINT('', (25.060192275711007, -16.920064519667687, 13.0));
#6643 = CARTESIAN_POINT('', (26.92006434540333, -15.060192541012453, 13.0));
#6644 = CARTESIAN_POINT('', (27.850000175103318, -12.711221988654602, 13.0));
#6645 = CARTESIAN_POINT('', (27.85000000000008, -11.500000310819985, 13.0));
#6646 = SURFACE_CURVE('', #6647, (#3532, #3552), .CURVE_3D.);
#6647 = LINE('', #6648, #6649);
#6648 = CARTESIAN_POINT('', (27.850000000000108, -11.500000310819999, 13.0));
#6649 = VECTOR('', #6650, 31.48959231082);
#6650 = DIRECTION('', (-3.6102988124E-15, 1.0, 0.0));
#6651 = SURFACE_CURVE('', #6652, (#3532, #3547), .CURVE_3D.);
#6652 = (
    BOUNDED_CURVE()
    B_SPLINE_CURVE(2, (#6653, #6654, #6655, #6656, #6657, #6658), .UNSPECIFIED., .U., .U.)
    B_SPLINE_CURVE_WITH_KNOTS((3, 1, 1, 1, 3), (0.0, 0.25, 0.5, 0.75, 1.0), .UNSPECIFIED.)
    CURVE()
    GEOMETRIC_REPRESENTATION_ITEM()
    RATIONAL_B_SPLINE_CURVE((1.0, 0.7501531479591811, 0.5003062959183622, 0.5003062959183621, 0.750153147959181, 1.0))
    REPRESENTATION_ITEM('')
);
#6653 = CARTESIAN_POINT('', (27.849999999999994, 19.989592000000002, 13.0));
#6654 = CARTESIAN_POINT('', (27.849999135952476, 22.10582720259032, 13.0));
#6655 = CARTESIAN_POINT('', (24.676940794349832, 26.337648911694792, 13.0));
#6656 = CARTESIAN_POINT('', (18.330827565218833, 26.341533898498206, 13.0));
#6657 = CARTESIAN_POINT('', (15.152590299705789, 22.11360034876425, 13.000000000000002));
#6658 = CARTESIAN_POINT('', (15.1499983874198, 19.99736673342923, 13.0));
#6659 = SURFACE_CURVE('', #6660, (#3532, #3542), .CURVE_3D.);
#6660 = LINE('', #6661, #6662);
#6661 = CARTESIAN_POINT('', (15.1499983874198, 19.99736673342923, 13.0));
#6662 = VECTOR('', #6663, 3.0386965879709495);
#6663 = DIRECTION('', (-0.7075396720853374, -0.7066736251094795, 0.0));
#6664 = SURFACE_CURVE('', #6665, (#3532, #3537), .CURVE_3D.);
#6665 = LINE('', #6666, #6667);
#6666 = CARTESIAN_POINT('', (13.0, 17.849999999999994, 13.0));
#6667 = VECTOR('', #6668, 34.5);
#6668 = DIRECTION('', (-1.0, 0.0, 0.0));
#6669 = SURFACE_CURVE('', #6670, (#3537, #3542), .CURVE_3D.);
#6670 = LINE('', #6671, #6672);
#6671 = CARTESIAN_POINT('', (13.0, 17.849999999999994, 10.0000003));
#6672 = VECTOR('', #6673, 2.9999997);
#6673 = DIRECTION('', (0.0, 0.0, 1.0));
#6674 = SURFACE_CURVE('', #6675, (#3542, #3547), .CURVE_3D.);
#6675 = LINE('', #6676, #6677);
#6676 = CARTESIAN_POINT('', (15.1499983874198, 19.99736673342923, 10.0000003));
#6677 = VECTOR('', #6678, 2.9999997);
#6678 = DIRECTION('', (0.0, 0.0, 1.0));
#6679 = SURFACE_CURVE('', #6680, (#3547, #3552), .CURVE_3D.);
#6680 = LINE('', #6681, #6682);
#6681 = CARTESIAN_POINT('', (27.849999999999994, 19.989592000000002, 10.0000003));
#6682 = VECTOR('', #6683, 2.9999997);
#6683 = DIRECTION('', (0.0, 0.0, 1.0));
#6684 = SURFACE_CURVE('', #6685, (#3552, #3557), .CURVE_3D.);
#6685 = LINE('', #6686, #6687);
#6686 = CARTESIAN_POINT('', (27.850000000000108, -11.500000310819999, 10.0000003));
#6687 = VECTOR('', #6688, 2.9999997);
#6688 = DIRECTION('', (0.0, 0.0, 1.0));
#6689 = SURFACE_CURVE('', #6690, (#3557, #3562), .CURVE_3D.);
#6690 = LINE('', #6691, #6692);
#6691 = CARTESIAN_POINT('', (21.5, -17.849999999999994, 10.0000003));
#6692 = VECTOR('', #6693, 2.9999997);
#6693 = DIRECTION('', (0.0, 0.0, 1.0));
#6694 = SURFACE_CURVE('', #6695, (#3562, #3567), .CURVE_3D.);
#6695 = LINE('', #6696, #6697);
#6696 = CARTESIAN_POINT('', (-21.50000031082041, -17.849999999999824, 10.0000003));
#6697 = VECTOR('', #6698, 2.9999997);
#6698 = DIRECTION('', (0.0, 0.0, 1.0));
#6699 = SURFACE_CURVE('', #6700, (#3572, #3612), .CURVE_3D.);
#6700 = LINE('', #6701, #6702);
#6701 = CARTESIAN_POINT('', (-30.749999999999943, 11.499999891574305, 13.0));
#6702 = VECTOR('', #6703, 2.0);
#6703 = DIRECTION('', (0.0, 0.0, 1.0));
#6704 = SURFACE_CURVE('', #6705, (#3572, #3617), .CURVE_3D.);
#6705 = (
    BOUNDED_CURVE()
    B_SPLINE_CURVE(2, (#6706, #6707, #6708, #6709, #6710, #6711), .UNSPECIFIED., .U., .U.)
    B_SPLINE_CURVE_WITH_KNOTS((3, 1, 1, 1, 3), (0.0, 0.25, 0.5, 0.75, 1.0), .UNSPECIFIED.)
    CURVE()
    GEOMETRIC_REPRESENTATION_ITEM()
    RATIONAL_B_SPLINE_CURVE((1.0, 0.9267766707765147, 0.8535533415530294, 0.8535533415530293, 0.9267766707765146, 1.0))
    REPRESENTATION_ITEM('')
);
#6706 = CARTESIAN_POINT('', (-21.5, 20.75, 15.0));
#6707 = CARTESIAN_POINT('', (-23.264378077954188, 20.750000234390388, 15.0));
#6708 = CARTESIAN_POINT('', (-26.686106909382715, 19.395369278275755, 15.0));
#6709 = CARTESIAN_POINT('', (-29.3953693390657, 16.686106816835593, 15.0));
#6710 = CARTESIAN_POINT('', (-30.750000255071846, 13.264377969528466, 15.000000000000002));
#6711 = CARTESIAN_POINT('', (-30.749999999999943, 11.49999989157429, 15.0));
#6712 = SURFACE_CURVE('', #6713, (#3572, #3577), .CURVE_3D.);
#6713 = LINE('', #6714, #6715);
#6714 = CARTESIAN_POINT('', (-21.5, 20.75, 13.0));
#6715 = VECTOR('', #6716, 2.0);
#6716 = DIRECTION('', (0.0, 0.0, 1.0));
#6717 = SURFACE_CURVE('', #6718, (#3577, #3617), .CURVE_3D.);
#6718 = LINE('', #6719, #6720);
#6719 = CARTESIAN_POINT('', (13.0, 20.75, 15.0));
#6720 = VECTOR('', #6721, 34.5);
#6721 = DIRECTION('', (-1.0, 0.0, 0.0));
#6722 = SURFACE_CURVE('', #6723, (#3577, #3582), .CURVE_3D.);
#6723 = LINE('', #6724, #6725);
#6724 = CARTESIAN_POINT('', (13.0, 20.75, 13.0));
#6725 = VECTOR('', #6726, 2.0);
#6726 = DIRECTION('', (0.0, 0.0, 1.0));
#6727 = SURFACE_CURVE('', #6728, (#3582, #3617), .CURVE_3D.);
#6728 = LINE('', #6729, #6730);
#6729 = CARTESIAN_POINT('', (12.250000562528157, 20.0009185813619, 15.0));
#6730 = VECTOR('', #6731, 1.060010437664152);
#6731 = DIRECTION('', (0.7075396720852559, 0.7066736251095611, 0.0));
#6732 = SURFACE_CURVE('', #6733, (#3582, #3587), .CURVE_3D.);
#6733 = LINE('', #6734, #6735);
#6734 = CARTESIAN_POINT('', (12.250000562528157, 20.0009185813619, 13.0));
#6735 = VECTOR('', #6736, 2.0);
#6736 = DIRECTION('', (0.0, 0.0, 1.0));
#6737 = SURFACE_CURVE('', #6738, (#3587, #3617), .CURVE_3D.);
#6738 = (
    BOUNDED_CURVE()
    B_SPLINE_CURVE(2, (#6739, #6740, #6741, #6742, #6743, #6744), .UNSPECIFIED., .U., .U.)
    B_SPLINE_CURVE_WITH_KNOTS((3, 1, 1, 1, 3), (0.0, 0.25, 0.5, 0.75, 1.0), .UNSPECIFIED.)
    CURVE()
    GEOMETRIC_REPRESENTATION_ITEM()
    RATIONAL_B_SPLINE_CURVE((1.0, 0.7501531319584501, 0.5003062639169003, 0.5003062639169001, 0.75015313195845, 1.0))
    REPRESENTATION_ITEM('')
);
#6739 = CARTESIAN_POINT('', (30.75, 19.989592000000002, 15.0));
#6740 = CARTESIAN_POINT('', (30.749999135952475, 23.072296403384385, 15.000000000000002));
#6741 = CARTESIAN_POINT('', (26.127828756499458, 29.23676094937875, 14.999999999999998));
#6742 = CARTESIAN_POINT('', (16.883491451667815, 29.242420773260033, 15.0));
#6743 = CARTESIAN_POINT('', (12.253776182273773, 23.08362067260291, 15.000000000000002));
#6744 = CARTESIAN_POINT('', (12.250000562528186, 20.0009185813619, 15.0));
#6745 = SURFACE_CURVE('', #6746, (#3587, #3592), .CURVE_3D.);
#6746 = LINE('', #6747, #6748);
#6747 = CARTESIAN_POINT('', (30.75, 19.989592000000002, 13.0));
#6748 = VECTOR('', #6749, 2.0);
#6749 = DIRECTION('', (0.0, 0.0, 1.0));
#6750 = SURFACE_CURVE('', #6751, (#3592, #3617), .CURVE_3D.);
#6751 = LINE('', #6752, #6753);
#6752 = CARTESIAN_POINT('', (30.750000000000085, -11.499999891574419, 15.0));
#6753 = VECTOR('', #6754, 31.48959189157442);
#6754 = DIRECTION('', (-2.7077241453E-15, 1.0, 0.0));
#6755 = SURFACE_CURVE('', #6756, (#3592, #3597), .CURVE_3D.);
#6756 = LINE('', #6757, #6758);
#6757 = CARTESIAN_POINT('', (30.750000000000085, -11.499999891574419, 13.0));
#6758 = VECTOR('', #6759, 2.0);
#6759 = DIRECTION('', (0.0, 0.0, 1.0));
#6760 = SURFACE_CURVE('', #6761, (#3597, #3617), .CURVE_3D.);
#6761 = (
    BOUNDED_CURVE()
    B_SPLINE_CURVE(2, (#6762, #6763, #6764, #6765, #6766, #6767), .UNSPECIFIED., .U., .U.)
    B_SPLINE_CURVE_WITH_KNOTS((3, 1, 1, 1, 3), (0.0, 0.25, 0.5, 0.75, 1.0), .UNSPECIFIED.)
    CURVE()
    GEOMETRIC_REPRESENTATION_ITEM()
    RATIONAL_B_SPLINE_CURVE((1.0, 0.9267766707765404, 0.8535533415530807, 0.8535533415530807, 0.9267766707765404, 1.0))
    REPRESENTATION_ITEM('')
);
#6762 = CARTESIAN_POINT('', (21.5, -20.75, 15.0));
#6763 = CARTESIAN_POINT('', (23.264378077954113, -20.750000234390164, 15.0));
#6764 = CARTESIAN_POINT('', (26.686106909382428, -19.39536927827534, 15.0));
#6765 = CARTESIAN_POINT('', (29.395369339065294, -16.68610681683537, 15.0));
#6766 = CARTESIAN_POINT('', (30.75000025507171, -13.264377969528542, 15.0));
#6767 = CARTESIAN_POINT('', (30.750000000000085, -11.49999989157439, 15.0));
#6768 = SURFACE_CURVE('', #6769, (#3597, #3602), .CURVE_3D.);
#6769 = LINE('', #6770, #6771);
#6770 = CARTESIAN_POINT('', (21.5, -20.75, 13.0));
#6771 = VECTOR('', #6772, 2.0);
#6772 = DIRECTION('', (0.0, 0.0, 1.0));
#6773 = SURFACE_CURVE('', #6774, (#3602, #3617), .CURVE_3D.);
#6774 = LINE('', #6775, #6776);
#6775 = CARTESIAN_POINT('', (-21.499999891574276, -20.7499999999998, 15.0));
#6776 = VECTOR('', #6777, 42.99999989157428);
#6777 = DIRECTION('', (1.0, -4.6267899189E-15, 0.0));
#6778 = SURFACE_CURVE('', #6779, (#3602, #3607), .CURVE_3D.);
#6779 = LINE('', #6780, #6781);
#6780 = CARTESIAN_POINT('', (-21.499999891574276, -20.7499999999998, 13.0));
#6781 = VECTOR('', #6782, 2.0);
#6782 = DIRECTION('', (0.0, 0.0, 1.0));
#6783 = SURFACE_CURVE('', #6784, (#3607, #3617), .CURVE_3D.);
#6784 = (
    BOUNDED_CURVE()
    B_SPLINE_CURVE(2, (#6785, #6786, #6787, #6788, #6789, #6790), .UNSPECIFIED., .U., .U.)
    B_SPLINE_CURVE_WITH_KNOTS((3, 1, 1, 1, 3), (0.0, 0.25, 0.5, 0.75, 1.0), .UNSPECIFIED.)
    CURVE()
    GEOMETRIC_REPRESENTATION_ITEM()
    RATIONAL_B_SPLINE_CURVE((1.0, 0.9267766707765097, 0.8535533415530194, 0.8535533415530194, 0.9267766707765097, 1.0))
    REPRESENTATION_ITEM('')
);
#6785 = CARTESIAN_POINT('', (-30.75, -11.5, 15.0));
#6786 = CARTESIAN_POINT('', (-30.750000234390416, -13.264378077954168, 15.000000000000002));
#6787 = CARTESIAN_POINT('', (-29.3953692782758, -16.686106909382744, 15.000000000000002));
#6788 = CARTESIAN_POINT('', (-26.686106816835622, -19.39536933906572, 15.000000000000002));
#6789 = CARTESIAN_POINT('', (-23.264377969528468, -20.750000255071782, 15.000000000000002));
#6790 = CARTESIAN_POINT('', (-21.49999989157429, -20.74999999999983, 15.0));
#6791 = SURFACE_CURVE('', #6792, (#3607, #3612), .CURVE_3D.);
#6792 = LINE('', #6793, #6794);
#6793 = CARTESIAN_POINT('', (-30.75, -11.5, 13.0));
#6794 = VECTOR('', #6795, 2.0);
#6795 = DIRECTION('', (0.0, 0.0, 1.0));
#6796 = SURFACE_CURVE('', #6797, (#3612, #3617), .CURVE_3D.);
#6797 = LINE('', #6798, #6799);
#6798 = CARTESIAN_POINT('', (-30.749999999999943, 11.499999891574305, 15.0));
#6799 = VECTOR('', #6800, 22.999999891574305);
#6800 = DIRECTION('', (-2.4714530056E-15, -1.0, 0.0));
#6801 = CARTESIAN_POINT('', (-30.749999999999943, 11.499999891574305, 13.0));
#6802 = CARTESIAN_POINT('', (-30.75, -11.5, 13.0));
#6803 = CARTESIAN_POINT('', (-21.499999891574276, -20.7499999999998, 13.0));
#6804 = CARTESIAN_POINT('', (21.5, -20.75, 13.0));
#6805 = CARTESIAN_POINT('', (30.750000000000085, -11.499999891574419, 13.0));
#6806 = CARTESIAN_POINT('', (30.75, 19.989592000000002, 13.0));
#6807 = CARTESIAN_POINT('', (12.250000562528157, 20.0009185813619, 13.0));
#6808 = CARTESIAN_POINT('', (13.0, 20.75, 13.0));
#6809 = CARTESIAN_POINT('', (-21.5, 20.75, 13.0));
#6810 = CARTESIAN_POINT('', (-27.574713467799484, 15.983342977653535, 13.0));
#6811 = CARTESIAN_POINT('', (-27.402827488905757, 16.20734911262123, 13.000000000000002));
#6812 = CARTESIAN_POINT('', (-27.222686734437985, 16.424770550728184, 13.0));
#6813 = CARTESIAN_POINT('', (-27.0345413810918, 16.6353052610675, 13.0));
#6814 = CARTESIAN_POINT('', (-26.83865592127117, 16.8386572765546, 13.0));
#6815 = CARTESIAN_POINT('', (-23.725400930359015, 18.714575357806538, 13.0));
#6816 = CARTESIAN_POINT('', (-23.180033031902298, 18.8607061674615, 13.0));
#6817 = CARTESIAN_POINT('', (-22.625268386872392, 18.965673190386397, 13.0));
#6818 = CARTESIAN_POINT('', (-21.499999900000006, 19.0500002, 13.0));
#6819 = CARTESIAN_POINT('', (13.000000099999994, 19.0500002, 13.0));
#6820 = CARTESIAN_POINT('', (13.94999938746463, 19.998836663608287, 13.0));
#6821 = CARTESIAN_POINT('', (13.972304522087256, 20.569585482817217, 13.0));
#6822 = CARTESIAN_POINT('', (14.086437816033254, 21.41846666965374, 13.0));
#6823 = CARTESIAN_POINT('', (14.145793511944333, 21.69787538068725, 13.0));
#6824 = CARTESIAN_POINT('', (14.295984208797961, 22.248958789395743, 13.0));
#6825 = CARTESIAN_POINT('', (14.48740684419468, 22.787111487460834, 13.0));
#6826 = CARTESIAN_POINT('', (14.598247047532936, 23.05037328826458, 13.0));
#6827 = CARTESIAN_POINT('', (14.718965966503134, 23.309253332685557, 13.0));
#6828 = CARTESIAN_POINT('', (14.84939073739622, 23.563381100892215, 13.0));
#6829 = CARTESIAN_POINT('', (15.824379491853506, 24.968536788202883, 13.0));
#6830 = CARTESIAN_POINT('', (16.016779211396596, 25.17966394031326, 13.0));
#6831 = CARTESIAN_POINT('', (16.217027001524656, 25.383361651016074, 13.0));
#6832 = CARTESIAN_POINT('', (16.63991083740666, 25.76731504923768, 13.0));
#6833 = CARTESIAN_POINT('', (16.861941029650524, 25.94702074521966, 13.0));
#6834 = CARTESIAN_POINT('', (17.090611108861793, 26.11819995339637, 13.0));
#6835 = CARTESIAN_POINT('', (18.583107698353558, 26.953374888839875, 13.0));
#6836 = CARTESIAN_POINT('', (18.848612480729997, 27.058727371545643, 13.000000000000002));
#6837 = CARTESIAN_POINT('', (19.11791303894151, 27.153961481955037, 13.000000000000002));
#6838 = CARTESIAN_POINT('', (19.66635146846454, 27.313542933504166, 12.999999999999998));
#6839 = CARTESIAN_POINT('', (20.791512927251887, 27.50627761312859, 13.0));
#6840 = CARTESIAN_POINT('', (21.36179752005137, 27.53832783737836, 13.0));
#6841 = CARTESIAN_POINT('', (22.78382063140694, 27.429639660387807, 13.0));
#6842 = CARTESIAN_POINT('', (23.0643352245269, 27.37575191145308, 13.0));
#6843 = CARTESIAN_POINT('', (23.61824663785694, 27.236352073010323, 13.0));
#6844 = CARTESIAN_POINT('', (23.890852584768055, 27.15103897819374, 13.000000000000002));
#6845 = CARTESIAN_POINT('', (24.425411246423437, 26.94979785937005, 12.999999999999998));
#6846 = CARTESIAN_POINT('', (24.686599462334385, 26.83415768181048, 12.999999999999998));
#6847 = CARTESIAN_POINT('', (26.14534378609474, 25.94133729655124, 13.0));
#6848 = CARTESIAN_POINT('', (26.367154822511708, 25.761358990741556, 13.0));
#6849 = CARTESIAN_POINT('', (27.70829080460797, 24.286057351988404, 13.0));
#6850 = CARTESIAN_POINT('', (27.866368922682284, 24.04814298995214, 13.000000000000004));
#6851 = CARTESIAN_POINT('', (28.015334384765737, 23.804419322280538, 13.0));
#6852 = CARTESIAN_POINT('', (28.15497427792124, 23.555234598274396, 12.999999999999998));
#6853 = CARTESIAN_POINT('', (28.285088077902344, 23.300946702669393, 13.000000000000002));
#6854 = CARTESIAN_POINT('', (28.963699313251027, 21.127875425704545, 12.999999999999998));
#6855 = CARTESIAN_POINT('', (29.001415331892275, 20.844732655398914, 13.000000000000002));
#6856 = CARTESIAN_POINT('', (29.028393928707885, 20.560366535562878, 13.000000000000002));
#6857 = CARTESIAN_POINT('', (29.050000100000005, 19.989592200000004, 13.0));
#6858 = CARTESIAN_POINT('', (29.050000100000062, -11.49999993733907, 13.0));
#6859 = CARTESIAN_POINT('', (28.918377145899882, -12.90363263340646, 13.0));
#6860 = CARTESIAN_POINT('', (28.71457481791498, -13.725402256452, 13.0));
#6861 = CARTESIAN_POINT('', (28.626319509062455, -13.993606979803502, 13.0));
#6862 = CARTESIAN_POINT('', (28.528096924813326, -14.258325438145263, 13.0));
#6863 = CARTESIAN_POINT('', (28.420045145258086, -14.519185493551888, 13.0));
#6864 = CARTESIAN_POINT('', (27.738103176528966, -15.753066603490751, 13.0));
#6865 = CARTESIAN_POINT('', (27.574713255273906, -15.98334311526665, 13.0));
#6866 = CARTESIAN_POINT('', (26.424770346628662, -17.22268672402224, 13.0));
#6867 = CARTESIAN_POINT('', (25.75306622307761, -17.73810332509069, 13.0));
#6868 = CARTESIAN_POINT('', (24.51918505174217, -18.420045182731002, 13.0));
#6869 = CARTESIAN_POINT('', (24.258324984235742, -18.528096934313098, 13.0));
#6870 = CARTESIAN_POINT('', (23.993606506478557, -18.62631946623587, 13.0));
#6871 = CARTESIAN_POINT('', (23.18003256854118, -18.86070590587194, 13.0));
#6872 = CARTESIAN_POINT('', (22.625269258721914, -18.965672701935674, 13.0));
#6873 = CARTESIAN_POINT('', (21.500000099999994, -19.049999799999995, 13.0));
#6874 = CARTESIAN_POINT('', (-21.500000037339262, -19.04999979999981, 13.0));
#6875 = CARTESIAN_POINT('', (-22.903632733406695, -18.918376845899843, 13.0));
#6876 = CARTESIAN_POINT('', (-23.993607079803795, -18.626319209062558, 13.0));
#6877 = CARTESIAN_POINT('', (-24.25832553814557, -18.528096624813458, 13.0));
#6878 = CARTESIAN_POINT('', (-24.519184977622317, -18.420045127810383, 13.0));
#6879 = CARTESIAN_POINT('', (-24.775822439894284, -18.30231506029145, 13.0));
#6880 = CARTESIAN_POINT('', (-25.753066703491157, -17.73810287652921, 13.000000000000002));
#6881 = CARTESIAN_POINT('', (-25.98334321526707, -17.574712955274137, 13.000000000000002));
#6882 = CARTESIAN_POINT('', (-27.222686824022688, -16.424770046628907, 13.0));
#6883 = CARTESIAN_POINT('', (-28.714574870209916, -13.725401481521715, 13.0));
#6884 = CARTESIAN_POINT('', (-28.918376971432977, -12.903632498461732, 13.0));
#6885 = CARTESIAN_POINT('', (-29.002527274716158, -12.345330954729107, 13.0));
#6886 = CARTESIAN_POINT('', (-29.049999900000003, -11.499999799999998, 13.0));
#6887 = CARTESIAN_POINT('', (-29.049999899999975, 11.500000337339216, 13.0));
#6888 = CARTESIAN_POINT('', (-29.028888645463738, 12.064212565320545, 13.0));
#6889 = CARTESIAN_POINT('', (-28.420045227810476, 14.51918527762227, 13.0));
#6890 = CARTESIAN_POINT('', (-28.302314854906598, 14.775823344828467, 13.0));
#6891 = CARTESIAN_POINT('', (-28.175071437790308, 15.02787866805987, 13.0));
#6892 = CARTESIAN_POINT('', (-28.03849167249031, 15.27500111939527, 13.0));
#6893 = CARTESIAN_POINT('', (-27.892767932342352, 15.516842730219409, 13.0));
#6894 = CARTESIAN_POINT('', (-29.049999899999975, 11.500000337339216, 10.0000003));
#6895 = CARTESIAN_POINT('', (-29.049999900000003, -11.499999799999998, 10.0000003));
#6896 = CARTESIAN_POINT('', (-21.500000037339262, -19.04999979999981, 10.0000003));
#6897 = CARTESIAN_POINT('', (21.500000099999994, -19.049999799999995, 10.0000003));
#6898 = CARTESIAN_POINT('', (29.05000010000009, -11.49999993733907, 10.0000003));
#6899 = CARTESIAN_POINT('', (29.050000100000005, 19.989592200000004, 10.0000003));
#6900 = CARTESIAN_POINT('', (13.94999938746463, 19.998836663608273, 10.0000003));
#6901 = CARTESIAN_POINT('', (13.000000099999994, 19.0500002, 10.0000003));
#6902 = CARTESIAN_POINT('', (-21.499999900000006, 19.0500002, 10.0000003));
#6903 = CARTESIAN_POINT('', (-26.162948391082736, 15.810384979873731, 10.0000003));
#6904 = CARTESIAN_POINT('', (-25.810384975298888, 16.162948403311887, 10.0000003));
#6905 = CARTESIAN_POINT('', (-25.431246797692324, 16.48676297079571, 10.0000003));
#6906 = CARTESIAN_POINT('', (-23.223646930816088, 17.61159102919045, 10.0000003));
#6907 = CARTESIAN_POINT('', (-22.493359182501237, 17.771821083953427, 10.0000003));
#6908 = CARTESIAN_POINT('', (-21.5, 17.849999999999994, 10.0000003));
#6909 = CARTESIAN_POINT('', (13.0, 17.849999999999994, 10.0000003));
#6910 = CARTESIAN_POINT('', (15.1499983874198, 19.99736673342923, 10.0000003));
#6911 = CARTESIAN_POINT('', (15.331595833713124, 21.497359233980745, 10.0000003));
#6912 = CARTESIAN_POINT('', (18.25686393565536, 25.448951057507955, 10.000000300000002));
#6913 = CARTESIAN_POINT('', (18.929408810145816, 25.796018407136202, 10.0000003));
#6914 = CARTESIAN_POINT('', (19.162193222301596, 25.893589310587828, 10.0000003));
#6915 = CARTESIAN_POINT('', (19.398670741939725, 25.981831821708, 10.0000003));
#6916 = CARTESIAN_POINT('', (20.373971242860165, 26.238957927439984, 10.0000003));
#6917 = CARTESIAN_POINT('', (20.623216759774323, 26.278770367219522, 10.0000003));
#6918 = CARTESIAN_POINT('', (22.633673057502023, 26.237574574919705, 10.0000003));
#6919 = CARTESIAN_POINT('', (25.172808802056494, 25.169646597653013, 10.0000003));
#6920 = CARTESIAN_POINT('', (25.3757683240284, 25.019592953298712, 10.0000003));
#6921 = CARTESIAN_POINT('', (25.76300503308002, 24.695893837897373, 10.000000299999998));
#6922 = CARTESIAN_POINT('', (27.724984882566787, 21.243409144125067, 10.0000003));
#6923 = CARTESIAN_POINT('', (27.76989535462863, 20.99503097833295, 10.000000299999998));
#6924 = CARTESIAN_POINT('', (27.849999999999994, 19.989592000000002, 10.0000003));
#6925 = CARTESIAN_POINT('', (27.85000000000008, -11.500000310819985, 10.0000003));
#6926 = CARTESIAN_POINT('', (27.77182112892808, -12.493358898541175, 10.0000003));
#6927 = CARTESIAN_POINT('', (27.61159102037101, -13.2236469404438, 10.0000003));
#6928 = CARTESIAN_POINT('', (26.4867627783685, -15.431247041784346, 10.000000300000002));
#6929 = CARTESIAN_POINT('', (26.16294839108255, -15.810384979873263, 10.0000003));
#6930 = CARTESIAN_POINT('', (25.81038519099073, -16.162948195927584, 10.000000300000002));
#6931 = CARTESIAN_POINT('', (25.431247028990413, -16.486762780973706, 10.0000003));
#6932 = CARTESIAN_POINT('', (23.223647217149335, -17.611590942331972, 10.0000003));
#6933 = CARTESIAN_POINT('', (22.49335888794357, -17.771821136554536, 10.0000003));
#6934 = CARTESIAN_POINT('', (21.5, -17.849999999999994, 10.0000003));
#6935 = CARTESIAN_POINT('', (-21.50000031082041, -17.849999999999838, 10.0000003));
#6936 = CARTESIAN_POINT('', (-22.493358898541615, -17.771821128928025, 10.0000003));
#6937 = CARTESIAN_POINT('', (-23.223647229966843, -17.61159094482113, 10.0000003));
#6938 = CARTESIAN_POINT('', (-25.431246803212602, -16.486762958963155, 10.0000003));
#6939 = CARTESIAN_POINT('', (-25.810385203541358, -16.16294819232678, 10.000000300000002));
#6940 = CARTESIAN_POINT('', (-26.162948195928124, -15.810385190990871, 10.000000300000002));
#6941 = CARTESIAN_POINT('', (-26.48676297079578, -15.43124679769231, 10.0000003));
#6942 = CARTESIAN_POINT('', (-27.611590942332285, -13.223647217149377, 10.000000299999998));
#6943 = CARTESIAN_POINT('', (-27.771821083953455, -12.493359182501237, 10.0000003));
#6944 = CARTESIAN_POINT('', (-27.849999999999994, -11.5, 10.0000003));
#6945 = CARTESIAN_POINT('', (-27.84999999999998, 11.50000031082034, 10.0000003));
#6946 = CARTESIAN_POINT('', (-27.77182108793167, 12.493359194937227, 10.0000003));
#6947 = CARTESIAN_POINT('', (-27.61159102037108, 13.223646940444198, 10.000000300000002));
#6948 = CARTESIAN_POINT('', (-26.486762958963183, 15.431246803212531, 10.0000003));
#6949 = CARTESIAN_POINT('', (-27.849999999999994, -11.5, 13.0));
#6950 = CARTESIAN_POINT('', (-27.84999999999998, 11.50000031082034, 13.0));
#6951 = CARTESIAN_POINT('', (-21.5, 17.849999999999994, 13.0));
#6952 = CARTESIAN_POINT('', (-21.50000031082041, -17.849999999999824, 13.0));
#6953 = CARTESIAN_POINT('', (21.5, -17.849999999999994, 13.0));
#6954 = CARTESIAN_POINT('', (27.850000000000108, -11.500000310819999, 13.0));
#6955 = CARTESIAN_POINT('', (27.849999999999994, 19.989592000000002, 13.0));
#6956 = CARTESIAN_POINT('', (15.1499983874198, 19.99736673342923, 13.0));
#6957 = CARTESIAN_POINT('', (13.0, 17.849999999999994, 13.0));
#6958 = CARTESIAN_POINT('', (-30.749999999999943, 11.499999891574305, 15.0));
#6959 = CARTESIAN_POINT('', (-21.5, 20.75, 15.0));
#6960 = CARTESIAN_POINT('', (13.0, 20.75, 15.0));
#6961 = CARTESIAN_POINT('', (12.250000562528157, 20.0009185813619, 15.0));
#6962 = CARTESIAN_POINT('', (30.75, 19.989592000000002, 15.0));
#6963 = CARTESIAN_POINT('', (30.750000000000085, -11.499999891574419, 15.0));
#6964 = CARTESIAN_POINT('', (21.5, -20.75, 15.0));
#6965 = CARTESIAN_POINT('', (-21.499999891574276, -20.7499999999998, 15.0));
#6966 = CARTESIAN_POINT('', (-30.75, -11.5, 15.0));
ENDSEC;
END-ISO-10303-21;
