ISO-10303-21;
HEADER;
FILE_DESCRIPTION(('Shape Data from monstertruck'), '2;1');
FILE_NAME('', '2026-09-01 00:23:45.893380343', (''), (''), 'monstertruck', 'KiCase', '');
FILE_SCHEMA(('AUTOMOTIVE_DESIGN'));
ENDSEC;
DATA;
#1 = APPLICATION_PROTOCOL_DEFINITION('international standard', 'automotive_design', 2000, #2);
#2 = APPLICATION_CONTEXT('core data for automotive mechanical design processes');
#3 = SHAPE_DEFINITION_REPRESENTATION(#4, #10);
#4 = PRODUCT_DEFINITION_SHAPE('','', #5);
#5 = PRODUCT_DEFINITION('design','', #6, #9);
#6 = PRODUCT_DEFINITION_FORMATION('','', #7);
#7 = PRODUCT('','','', (#8));
#8 = PRODUCT_CONTEXT('', #2, 'mechanical');
#9 = PRODUCT_DEFINITION_CONTEXT('part definition', #2, 'design');
#10 = ADVANCED_BREP_SHAPE_REPRESENTATION('', (#16), #11);
#11 = (
    GEOMETRIC_REPRESENTATION_CONTEXT(3) 
    GLOBAL_UNCERTAINTY_ASSIGNED_CONTEXT((#15))
    GLOBAL_UNIT_ASSIGNED_CONTEXT((#12, #13, #14))
    REPRESENTATION_CONTEXT('Context #1', '3D Context with UNIT and UNCERTAINTY')
);
#12 = ( LENGTH_UNIT() NAMED_UNIT(*) SI_UNIT(.MILLI.,.METRE.) );
#13 = ( NAMED_UNIT(*) PLANE_ANGLE_UNIT() SI_UNIT($,.RADIAN.) );
#14 = ( NAMED_UNIT(*) SI_UNIT($,.STERADIAN.) SOLID_ANGLE_UNIT() );
#15 = UNCERTAINTY_MEASURE_WITH_UNIT(LENGTH_MEASURE(1.0E-6), #12, 'distance_accuracy_value','confusion accuracy');
#16 = MANIFOLD_SOLID_BREP('', #17);
#17 = CLOSED_SHELL('', (#18, #116, #123, #141, #148, #169, #176, #219, #226, #233, #254, #314, #321, #336, #348, #355, #362, #382, #389, #404, #411, #426, #433, #440, #447, #454, #461, #468, #475, #482, #489));
#18 = ADVANCED_FACE('', (#19, #30), #860, .F.);
#19 = FACE_BOUND('', #20, .F.);
#20 = EDGE_LOOP('', (#21, #22, #23, #24, #25, #26, #27, #28, #29));
#21 = ORIENTED_EDGE('', *, *, #501, .T.);
#22 = ORIENTED_EDGE('', *, *, #502, .T.);
#23 = ORIENTED_EDGE('', *, *, #503, .T.);
#24 = ORIENTED_EDGE('', *, *, #504, .T.);
#25 = ORIENTED_EDGE('', *, *, #505, .T.);
#26 = ORIENTED_EDGE('', *, *, #506, .T.);
#27 = ORIENTED_EDGE('', *, *, #507, .T.);
#28 = ORIENTED_EDGE('', *, *, #508, .T.);
#29 = ORIENTED_EDGE('', *, *, #509, .T.);
#30 = FACE_BOUND('', #31, .F.);
#31 = EDGE_LOOP('', (#32, #33, #34, #35, #36, #37, #38, #39, #40, #41, #42, #43, #44, #45, #46, #47, #48, #49, #50, #51, #52, #53, #54, #55, #56, #57, #58, #59, #60, #61, #62, #63, #64, #65, #66, #67, #68, #69, #70, #71, #72, #73, #74, #75, #76, #77, #78, #79, #80, #81, #82, #83, #84, #85, #86, #87, #88, #89, #90, #91, #92, #93, #94, #95, #96, #97, #98, #99, #100, #101, #102, #103, #104, #105, #106, #107, #108, #109, #110, #111, #112, #113, #114, #115));
#32 = ORIENTED_EDGE('', *, *, #510, .T.);
#33 = ORIENTED_EDGE('', *, *, #511, .F.);
#34 = ORIENTED_EDGE('', *, *, #512, .F.);
#35 = ORIENTED_EDGE('', *, *, #513, .F.);
#36 = ORIENTED_EDGE('', *, *, #514, .F.);
#37 = ORIENTED_EDGE('', *, *, #515, .T.);
#38 = ORIENTED_EDGE('', *, *, #516, .F.);
#39 = ORIENTED_EDGE('', *, *, #517, .T.);
#40 = ORIENTED_EDGE('', *, *, #518, .F.);
#41 = ORIENTED_EDGE('', *, *, #519, .T.);
#42 = ORIENTED_EDGE('', *, *, #520, .F.);
#43 = ORIENTED_EDGE('', *, *, #521, .T.);
#44 = ORIENTED_EDGE('', *, *, #522, .T.);
#45 = ORIENTED_EDGE('', *, *, #523, .T.);
#46 = ORIENTED_EDGE('', *, *, #524, .T.);
#47 = ORIENTED_EDGE('', *, *, #525, .F.);
#48 = ORIENTED_EDGE('', *, *, #526, .T.);
#49 = ORIENTED_EDGE('', *, *, #527, .T.);
#50 = ORIENTED_EDGE('', *, *, #528, .T.);
#51 = ORIENTED_EDGE('', *, *, #529, .F.);
#52 = ORIENTED_EDGE('', *, *, #530, .T.);
#53 = ORIENTED_EDGE('', *, *, #531, .F.);
#54 = ORIENTED_EDGE('', *, *, #532, .F.);
#55 = ORIENTED_EDGE('', *, *, #533, .F.);
#56 = ORIENTED_EDGE('', *, *, #534, .F.);
#57 = ORIENTED_EDGE('', *, *, #535, .F.);
#58 = ORIENTED_EDGE('', *, *, #536, .T.);
#59 = ORIENTED_EDGE('', *, *, #537, .F.);
#60 = ORIENTED_EDGE('', *, *, #538, .F.);
#61 = ORIENTED_EDGE('', *, *, #539, .T.);
#62 = ORIENTED_EDGE('', *, *, #540, .F.);
#63 = ORIENTED_EDGE('', *, *, #541, .F.);
#64 = ORIENTED_EDGE('', *, *, #542, .F.);
#65 = ORIENTED_EDGE('', *, *, #543, .T.);
#66 = ORIENTED_EDGE('', *, *, #544, .T.);
#67 = ORIENTED_EDGE('', *, *, #545, .T.);
#68 = ORIENTED_EDGE('', *, *, #546, .T.);
#69 = ORIENTED_EDGE('', *, *, #547, .T.);
#70 = ORIENTED_EDGE('', *, *, #548, .F.);
#71 = ORIENTED_EDGE('', *, *, #549, .F.);
#72 = ORIENTED_EDGE('', *, *, #550, .F.);
#73 = ORIENTED_EDGE('', *, *, #551, .T.);
#74 = ORIENTED_EDGE('', *, *, #552, .T.);
#75 = ORIENTED_EDGE('', *, *, #553, .F.);
#76 = ORIENTED_EDGE('', *, *, #554, .F.);
#77 = ORIENTED_EDGE('', *, *, #555, .F.);
#78 = ORIENTED_EDGE('', *, *, #556, .T.);
#79 = ORIENTED_EDGE('', *, *, #557, .F.);
#80 = ORIENTED_EDGE('', *, *, #558, .F.);
#81 = ORIENTED_EDGE('', *, *, #559, .F.);
#82 = ORIENTED_EDGE('', *, *, #560, .T.);
#83 = ORIENTED_EDGE('', *, *, #561, .F.);
#84 = ORIENTED_EDGE('', *, *, #562, .F.);
#85 = ORIENTED_EDGE('', *, *, #563, .T.);
#86 = ORIENTED_EDGE('', *, *, #564, .F.);
#87 = ORIENTED_EDGE('', *, *, #565, .T.);
#88 = ORIENTED_EDGE('', *, *, #566, .F.);
#89 = ORIENTED_EDGE('', *, *, #567, .T.);
#90 = ORIENTED_EDGE('', *, *, #568, .F.);
#91 = ORIENTED_EDGE('', *, *, #569, .F.);
#92 = ORIENTED_EDGE('', *, *, #570, .F.);
#93 = ORIENTED_EDGE('', *, *, #571, .T.);
#94 = ORIENTED_EDGE('', *, *, #572, .F.);
#95 = ORIENTED_EDGE('', *, *, #573, .T.);
#96 = ORIENTED_EDGE('', *, *, #574, .T.);
#97 = ORIENTED_EDGE('', *, *, #575, .F.);
#98 = ORIENTED_EDGE('', *, *, #576, .T.);
#99 = ORIENTED_EDGE('', *, *, #577, .T.);
#100 = ORIENTED_EDGE('', *, *, #578, .F.);
#101 = ORIENTED_EDGE('', *, *, #579, .T.);
#102 = ORIENTED_EDGE('', *, *, #580, .T.);
#103 = ORIENTED_EDGE('', *, *, #581, .T.);
#104 = ORIENTED_EDGE('', *, *, #582, .F.);
#105 = ORIENTED_EDGE('', *, *, #583, .F.);
#106 = ORIENTED_EDGE('', *, *, #584, .F.);
#107 = ORIENTED_EDGE('', *, *, #585, .F.);
#108 = ORIENTED_EDGE('', *, *, #586, .F.);
#109 = ORIENTED_EDGE('', *, *, #587, .F.);
#110 = ORIENTED_EDGE('', *, *, #588, .F.);
#111 = ORIENTED_EDGE('', *, *, #589, .T.);
#112 = ORIENTED_EDGE('', *, *, #590, .F.);
#113 = ORIENTED_EDGE('', *, *, #591, .F.);
#114 = ORIENTED_EDGE('', *, *, #592, .T.);
#115 = ORIENTED_EDGE('', *, *, #593, .F.);
#116 = ADVANCED_FACE('', (#117), #865, .T.);
#117 = FACE_BOUND('', #118, .T.);
#118 = EDGE_LOOP('', (#119, #120, #121, #122));
#119 = ORIENTED_EDGE('', *, *, #594, .F.);
#120 = ORIENTED_EDGE('', *, *, #595, .T.);
#121 = ORIENTED_EDGE('', *, *, #596, .T.);
#122 = ORIENTED_EDGE('', *, *, #586, .F.);
#123 = ADVANCED_FACE('', (#124), #870, .T.);
#124 = FACE_BOUND('', #125, .T.);
#125 = EDGE_LOOP('', (#126, #127, #128, #129, #130, #131, #132, #133, #134, #135, #136, #137, #138, #139, #140));
#126 = ORIENTED_EDGE('', *, *, #580, .T.);
#127 = ORIENTED_EDGE('', *, *, #581, .T.);
#128 = ORIENTED_EDGE('', *, *, #582, .F.);
#129 = ORIENTED_EDGE('', *, *, #583, .F.);
#130 = ORIENTED_EDGE('', *, *, #584, .F.);
#131 = ORIENTED_EDGE('', *, *, #585, .F.);
#132 = ORIENTED_EDGE('', *, *, #596, .F.);
#133 = ORIENTED_EDGE('', *, *, #597, .T.);
#134 = ORIENTED_EDGE('', *, *, #598, .T.);
#135 = ORIENTED_EDGE('', *, *, #574, .T.);
#136 = ORIENTED_EDGE('', *, *, #575, .F.);
#137 = ORIENTED_EDGE('', *, *, #576, .T.);
#138 = ORIENTED_EDGE('', *, *, #577, .T.);
#139 = ORIENTED_EDGE('', *, *, #578, .F.);
#140 = ORIENTED_EDGE('', *, *, #579, .T.);
#141 = ADVANCED_FACE('', (#142), #875, .T.);
#142 = FACE_BOUND('', #143, .T.);
#143 = EDGE_LOOP('', (#144, #145, #146, #147));
#144 = ORIENTED_EDGE('', *, *, #573, .T.);
#145 = ORIENTED_EDGE('', *, *, #598, .F.);
#146 = ORIENTED_EDGE('', *, *, #599, .T.);
#147 = ORIENTED_EDGE('', *, *, #600, .T.);
#148 = ADVANCED_FACE('', (#149), #880, .T.);
#149 = FACE_BOUND('', #150, .T.);
#150 = EDGE_LOOP('', (#151, #152, #153, #154, #155, #156, #157, #158, #159, #160, #161, #162, #163, #164, #165, #166, #167, #168));
#151 = ORIENTED_EDGE('', *, *, #570, .F.);
#152 = ORIENTED_EDGE('', *, *, #571, .T.);
#153 = ORIENTED_EDGE('', *, *, #572, .F.);
#154 = ORIENTED_EDGE('', *, *, #600, .F.);
#155 = ORIENTED_EDGE('', *, *, #601, .T.);
#156 = ORIENTED_EDGE('', *, *, #602, .T.);
#157 = ORIENTED_EDGE('', *, *, #558, .F.);
#158 = ORIENTED_EDGE('', *, *, #559, .F.);
#159 = ORIENTED_EDGE('', *, *, #560, .T.);
#160 = ORIENTED_EDGE('', *, *, #561, .F.);
#161 = ORIENTED_EDGE('', *, *, #562, .F.);
#162 = ORIENTED_EDGE('', *, *, #563, .T.);
#163 = ORIENTED_EDGE('', *, *, #564, .F.);
#164 = ORIENTED_EDGE('', *, *, #565, .T.);
#165 = ORIENTED_EDGE('', *, *, #566, .F.);
#166 = ORIENTED_EDGE('', *, *, #567, .T.);
#167 = ORIENTED_EDGE('', *, *, #568, .F.);
#168 = ORIENTED_EDGE('', *, *, #569, .F.);
#169 = ADVANCED_FACE('', (#170), #885, .T.);
#170 = FACE_BOUND('', #171, .T.);
#171 = EDGE_LOOP('', (#172, #173, #174, #175));
#172 = ORIENTED_EDGE('', *, *, #602, .F.);
#173 = ORIENTED_EDGE('', *, *, #603, .T.);
#174 = ORIENTED_EDGE('', *, *, #604, .T.);
#175 = ORIENTED_EDGE('', *, *, #557, .F.);
#176 = ADVANCED_FACE('', (#177), #890, .T.);
#177 = FACE_BOUND('', #178, .T.);
#178 = EDGE_LOOP('', (#179, #180, #181, #182, #183, #184, #185, #186, #187, #188, #189, #190, #191, #192, #193, #194, #195, #196, #197, #198, #199, #200, #201, #202, #203, #204, #205, #206, #207, #208, #209, #210, #211, #212, #213, #214, #215, #216, #217, #218));
#179 = ORIENTED_EDGE('', *, *, #522, .T.);
#180 = ORIENTED_EDGE('', *, *, #523, .T.);
#181 = ORIENTED_EDGE('', *, *, #524, .T.);
#182 = ORIENTED_EDGE('', *, *, #525, .F.);
#183 = ORIENTED_EDGE('', *, *, #526, .T.);
#184 = ORIENTED_EDGE('', *, *, #527, .T.);
#185 = ORIENTED_EDGE('', *, *, #528, .T.);
#186 = ORIENTED_EDGE('', *, *, #529, .F.);
#187 = ORIENTED_EDGE('', *, *, #530, .T.);
#188 = ORIENTED_EDGE('', *, *, #531, .F.);
#189 = ORIENTED_EDGE('', *, *, #532, .F.);
#190 = ORIENTED_EDGE('', *, *, #533, .F.);
#191 = ORIENTED_EDGE('', *, *, #534, .F.);
#192 = ORIENTED_EDGE('', *, *, #535, .F.);
#193 = ORIENTED_EDGE('', *, *, #536, .T.);
#194 = ORIENTED_EDGE('', *, *, #537, .F.);
#195 = ORIENTED_EDGE('', *, *, #538, .F.);
#196 = ORIENTED_EDGE('', *, *, #539, .T.);
#197 = ORIENTED_EDGE('', *, *, #540, .F.);
#198 = ORIENTED_EDGE('', *, *, #541, .F.);
#199 = ORIENTED_EDGE('', *, *, #542, .F.);
#200 = ORIENTED_EDGE('', *, *, #543, .T.);
#201 = ORIENTED_EDGE('', *, *, #544, .T.);
#202 = ORIENTED_EDGE('', *, *, #545, .T.);
#203 = ORIENTED_EDGE('', *, *, #546, .T.);
#204 = ORIENTED_EDGE('', *, *, #547, .T.);
#205 = ORIENTED_EDGE('', *, *, #548, .F.);
#206 = ORIENTED_EDGE('', *, *, #549, .F.);
#207 = ORIENTED_EDGE('', *, *, #550, .F.);
#208 = ORIENTED_EDGE('', *, *, #551, .T.);
#209 = ORIENTED_EDGE('', *, *, #552, .T.);
#210 = ORIENTED_EDGE('', *, *, #553, .F.);
#211 = ORIENTED_EDGE('', *, *, #554, .F.);
#212 = ORIENTED_EDGE('', *, *, #555, .F.);
#213 = ORIENTED_EDGE('', *, *, #556, .T.);
#214 = ORIENTED_EDGE('', *, *, #604, .F.);
#215 = ORIENTED_EDGE('', *, *, #605, .T.);
#216 = ORIENTED_EDGE('', *, *, #606, .T.);
#217 = ORIENTED_EDGE('', *, *, #520, .F.);
#218 = ORIENTED_EDGE('', *, *, #521, .T.);
#219 = ADVANCED_FACE('', (#220), #895, .T.);
#220 = FACE_BOUND('', #221, .T.);
#221 = EDGE_LOOP('', (#222, #223, #224, #225));
#222 = ORIENTED_EDGE('', *, *, #519, .T.);
#223 = ORIENTED_EDGE('', *, *, #606, .F.);
#224 = ORIENTED_EDGE('', *, *, #607, .T.);
#225 = ORIENTED_EDGE('', *, *, #608, .T.);
#226 = ADVANCED_FACE('', (#227), #900, .T.);
#227 = FACE_BOUND('', #228, .T.);
#228 = EDGE_LOOP('', (#229, #230, #231, #232));
#229 = ORIENTED_EDGE('', *, *, #608, .F.);
#230 = ORIENTED_EDGE('', *, *, #609, .T.);
#231 = ORIENTED_EDGE('', *, *, #610, .T.);
#232 = ORIENTED_EDGE('', *, *, #518, .F.);
#233 = ADVANCED_FACE('', (#234), #905, .T.);
#234 = FACE_BOUND('', #235, .T.);
#235 = EDGE_LOOP('', (#236, #237, #238, #239, #240, #241, #242, #243, #244, #245, #246, #247, #248, #249, #250, #251, #252, #253));
#236 = ORIENTED_EDGE('', *, *, #510, .T.);
#237 = ORIENTED_EDGE('', *, *, #511, .F.);
#238 = ORIENTED_EDGE('', *, *, #512, .F.);
#239 = ORIENTED_EDGE('', *, *, #513, .F.);
#240 = ORIENTED_EDGE('', *, *, #514, .F.);
#241 = ORIENTED_EDGE('', *, *, #515, .T.);
#242 = ORIENTED_EDGE('', *, *, #516, .F.);
#243 = ORIENTED_EDGE('', *, *, #517, .T.);
#244 = ORIENTED_EDGE('', *, *, #610, .F.);
#245 = ORIENTED_EDGE('', *, *, #611, .T.);
#246 = ORIENTED_EDGE('', *, *, #594, .T.);
#247 = ORIENTED_EDGE('', *, *, #587, .F.);
#248 = ORIENTED_EDGE('', *, *, #588, .F.);
#249 = ORIENTED_EDGE('', *, *, #589, .T.);
#250 = ORIENTED_EDGE('', *, *, #590, .F.);
#251 = ORIENTED_EDGE('', *, *, #591, .F.);
#252 = ORIENTED_EDGE('', *, *, #592, .T.);
#253 = ORIENTED_EDGE('', *, *, #593, .F.);
#254 = ADVANCED_FACE('', (#255, #266), #910, .F.);
#255 = FACE_BOUND('', #256, .F.);
#256 = EDGE_LOOP('', (#257, #258, #259, #260, #261, #262, #263, #264, #265));
#257 = ORIENTED_EDGE('', *, *, #595, .T.);
#258 = ORIENTED_EDGE('', *, *, #597, .T.);
#259 = ORIENTED_EDGE('', *, *, #599, .T.);
#260 = ORIENTED_EDGE('', *, *, #601, .T.);
#261 = ORIENTED_EDGE('', *, *, #603, .T.);
#262 = ORIENTED_EDGE('', *, *, #605, .T.);
#263 = ORIENTED_EDGE('', *, *, #607, .T.);
#264 = ORIENTED_EDGE('', *, *, #609, .T.);
#265 = ORIENTED_EDGE('', *, *, #611, .T.);
#266 = FACE_BOUND('', #267, .F.);
#267 = EDGE_LOOP('', (#268, #269, #270, #271, #272, #273, #274, #275, #276, #277, #278, #279, #280, #281, #282, #283, #284, #285, #286, #287, #288, #289, #290, #291, #292, #293, #294, #295, #296, #297, #298, #299, #300, #301, #302, #303, #304, #305, #306, #307, #308, #309, #310, #311, #312, #313));
#268 = ORIENTED_EDGE('', *, *, #612, .T.);
#269 = ORIENTED_EDGE('', *, *, #613, .F.);
#270 = ORIENTED_EDGE('', *, *, #614, .F.);
#271 = ORIENTED_EDGE('', *, *, #615, .F.);
#272 = ORIENTED_EDGE('', *, *, #616, .T.);
#273 = ORIENTED_EDGE('', *, *, #617, .T.);
#274 = ORIENTED_EDGE('', *, *, #618, .F.);
#275 = ORIENTED_EDGE('', *, *, #619, .F.);
#276 = ORIENTED_EDGE('', *, *, #620, .T.);
#277 = ORIENTED_EDGE('', *, *, #621, .F.);
#278 = ORIENTED_EDGE('', *, *, #622, .F.);
#279 = ORIENTED_EDGE('', *, *, #623, .F.);
#280 = ORIENTED_EDGE('', *, *, #624, .T.);
#281 = ORIENTED_EDGE('', *, *, #625, .F.);
#282 = ORIENTED_EDGE('', *, *, #626, .F.);
#283 = ORIENTED_EDGE('', *, *, #627, .F.);
#284 = ORIENTED_EDGE('', *, *, #628, .F.);
#285 = ORIENTED_EDGE('', *, *, #629, .F.);
#286 = ORIENTED_EDGE('', *, *, #630, .T.);
#287 = ORIENTED_EDGE('', *, *, #631, .F.);
#288 = ORIENTED_EDGE('', *, *, #632, .T.);
#289 = ORIENTED_EDGE('', *, *, #633, .F.);
#290 = ORIENTED_EDGE('', *, *, #634, .F.);
#291 = ORIENTED_EDGE('', *, *, #635, .T.);
#292 = ORIENTED_EDGE('', *, *, #636, .F.);
#293 = ORIENTED_EDGE('', *, *, #637, .T.);
#294 = ORIENTED_EDGE('', *, *, #638, .T.);
#295 = ORIENTED_EDGE('', *, *, #639, .F.);
#296 = ORIENTED_EDGE('', *, *, #640, .T.);
#297 = ORIENTED_EDGE('', *, *, #641, .T.);
#298 = ORIENTED_EDGE('', *, *, #642, .F.);
#299 = ORIENTED_EDGE('', *, *, #643, .F.);
#300 = ORIENTED_EDGE('', *, *, #644, .F.);
#301 = ORIENTED_EDGE('', *, *, #645, .T.);
#302 = ORIENTED_EDGE('', *, *, #646, .F.);
#303 = ORIENTED_EDGE('', *, *, #647, .T.);
#304 = ORIENTED_EDGE('', *, *, #648, .T.);
#305 = ORIENTED_EDGE('', *, *, #649, .T.);
#306 = ORIENTED_EDGE('', *, *, #650, .T.);
#307 = ORIENTED_EDGE('', *, *, #651, .T.);
#308 = ORIENTED_EDGE('', *, *, #652, .T.);
#309 = ORIENTED_EDGE('', *, *, #653, .T.);
#310 = ORIENTED_EDGE('', *, *, #654, .F.);
#311 = ORIENTED_EDGE('', *, *, #655, .F.);
#312 = ORIENTED_EDGE('', *, *, #656, .T.);
#313 = ORIENTED_EDGE('', *, *, #657, .F.);
#314 = ADVANCED_FACE('', (#315), #915, .F.);
#315 = FACE_BOUND('', #316, .F.);
#316 = EDGE_LOOP('', (#317, #318, #319, #320));
#317 = ORIENTED_EDGE('', *, *, #658, .T.);
#318 = ORIENTED_EDGE('', *, *, #659, .F.);
#319 = ORIENTED_EDGE('', *, *, #660, .F.);
#320 = ORIENTED_EDGE('', *, *, #653, .F.);
#321 = ADVANCED_FACE('', (#322), #920, .F.);
#322 = FACE_BOUND('', #323, .F.);
#323 = EDGE_LOOP('', (#324, #325, #326, #327, #328, #329, #330, #331, #332, #333, #334, #335));
#324 = ORIENTED_EDGE('', *, *, #657, .T.);
#325 = ORIENTED_EDGE('', *, *, #656, .F.);
#326 = ORIENTED_EDGE('', *, *, #655, .T.);
#327 = ORIENTED_EDGE('', *, *, #654, .T.);
#328 = ORIENTED_EDGE('', *, *, #660, .T.);
#329 = ORIENTED_EDGE('', *, *, #661, .F.);
#330 = ORIENTED_EDGE('', *, *, #662, .F.);
#331 = ORIENTED_EDGE('', *, *, #616, .F.);
#332 = ORIENTED_EDGE('', *, *, #615, .T.);
#333 = ORIENTED_EDGE('', *, *, #614, .T.);
#334 = ORIENTED_EDGE('', *, *, #613, .T.);
#335 = ORIENTED_EDGE('', *, *, #612, .F.);
#336 = ADVANCED_FACE('', (#337), #925, .F.);
#337 = FACE_BOUND('', #338, .F.);
#338 = EDGE_LOOP('', (#339, #340, #341, #342, #343, #344, #345, #346, #347));
#339 = ORIENTED_EDGE('', *, *, #659, .T.);
#340 = ORIENTED_EDGE('', *, *, #663, .T.);
#341 = ORIENTED_EDGE('', *, *, #664, .T.);
#342 = ORIENTED_EDGE('', *, *, #665, .T.);
#343 = ORIENTED_EDGE('', *, *, #666, .T.);
#344 = ORIENTED_EDGE('', *, *, #667, .T.);
#345 = ORIENTED_EDGE('', *, *, #668, .T.);
#346 = ORIENTED_EDGE('', *, *, #669, .T.);
#347 = ORIENTED_EDGE('', *, *, #661, .T.);
#348 = ADVANCED_FACE('', (#349), #930, .F.);
#349 = FACE_BOUND('', #350, .F.);
#350 = EDGE_LOOP('', (#351, #352, #353, #354));
#351 = ORIENTED_EDGE('', *, *, #662, .T.);
#352 = ORIENTED_EDGE('', *, *, #669, .F.);
#353 = ORIENTED_EDGE('', *, *, #670, .F.);
#354 = ORIENTED_EDGE('', *, *, #617, .F.);
#355 = ADVANCED_FACE('', (#356), #935, .F.);
#356 = FACE_BOUND('', #357, .F.);
#357 = EDGE_LOOP('', (#358, #359, #360, #361));
#358 = ORIENTED_EDGE('', *, *, #618, .T.);
#359 = ORIENTED_EDGE('', *, *, #670, .T.);
#360 = ORIENTED_EDGE('', *, *, #668, .F.);
#361 = ORIENTED_EDGE('', *, *, #671, .F.);
#362 = ADVANCED_FACE('', (#363), #940, .F.);
#363 = FACE_BOUND('', #364, .F.);
#364 = EDGE_LOOP('', (#365, #366, #367, #368, #369, #370, #371, #372, #373, #374, #375, #376, #377, #378, #379, #380, #381));
#365 = ORIENTED_EDGE('', *, *, #631, .T.);
#366 = ORIENTED_EDGE('', *, *, #630, .F.);
#367 = ORIENTED_EDGE('', *, *, #629, .T.);
#368 = ORIENTED_EDGE('', *, *, #628, .T.);
#369 = ORIENTED_EDGE('', *, *, #627, .T.);
#370 = ORIENTED_EDGE('', *, *, #626, .T.);
#371 = ORIENTED_EDGE('', *, *, #625, .T.);
#372 = ORIENTED_EDGE('', *, *, #624, .F.);
#373 = ORIENTED_EDGE('', *, *, #623, .T.);
#374 = ORIENTED_EDGE('', *, *, #622, .T.);
#375 = ORIENTED_EDGE('', *, *, #621, .T.);
#376 = ORIENTED_EDGE('', *, *, #620, .F.);
#377 = ORIENTED_EDGE('', *, *, #619, .T.);
#378 = ORIENTED_EDGE('', *, *, #671, .T.);
#379 = ORIENTED_EDGE('', *, *, #667, .F.);
#380 = ORIENTED_EDGE('', *, *, #672, .F.);
#381 = ORIENTED_EDGE('', *, *, #632, .F.);
#382 = ADVANCED_FACE('', (#383), #945, .F.);
#383 = FACE_BOUND('', #384, .F.);
#384 = EDGE_LOOP('', (#385, #386, #387, #388));
#385 = ORIENTED_EDGE('', *, *, #633, .T.);
#386 = ORIENTED_EDGE('', *, *, #672, .T.);
#387 = ORIENTED_EDGE('', *, *, #666, .F.);
#388 = ORIENTED_EDGE('', *, *, #673, .F.);
#389 = ADVANCED_FACE('', (#390), #950, .F.);
#390 = FACE_BOUND('', #391, .F.);
#391 = EDGE_LOOP('', (#392, #393, #394, #395, #396, #397, #398, #399, #400, #401, #402, #403));
#392 = ORIENTED_EDGE('', *, *, #640, .F.);
#393 = ORIENTED_EDGE('', *, *, #639, .T.);
#394 = ORIENTED_EDGE('', *, *, #638, .F.);
#395 = ORIENTED_EDGE('', *, *, #637, .F.);
#396 = ORIENTED_EDGE('', *, *, #636, .T.);
#397 = ORIENTED_EDGE('', *, *, #635, .F.);
#398 = ORIENTED_EDGE('', *, *, #634, .T.);
#399 = ORIENTED_EDGE('', *, *, #673, .T.);
#400 = ORIENTED_EDGE('', *, *, #665, .F.);
#401 = ORIENTED_EDGE('', *, *, #674, .F.);
#402 = ORIENTED_EDGE('', *, *, #642, .T.);
#403 = ORIENTED_EDGE('', *, *, #641, .F.);
#404 = ADVANCED_FACE('', (#405), #955, .F.);
#405 = FACE_BOUND('', #406, .F.);
#406 = EDGE_LOOP('', (#407, #408, #409, #410));
#407 = ORIENTED_EDGE('', *, *, #643, .T.);
#408 = ORIENTED_EDGE('', *, *, #674, .T.);
#409 = ORIENTED_EDGE('', *, *, #664, .F.);
#410 = ORIENTED_EDGE('', *, *, #675, .F.);
#411 = ADVANCED_FACE('', (#412), #960, .F.);
#412 = FACE_BOUND('', #413, .F.);
#413 = EDGE_LOOP('', (#414, #415, #416, #417, #418, #419, #420, #421, #422, #423, #424, #425));
#414 = ORIENTED_EDGE('', *, *, #651, .F.);
#415 = ORIENTED_EDGE('', *, *, #650, .F.);
#416 = ORIENTED_EDGE('', *, *, #649, .F.);
#417 = ORIENTED_EDGE('', *, *, #648, .F.);
#418 = ORIENTED_EDGE('', *, *, #647, .F.);
#419 = ORIENTED_EDGE('', *, *, #646, .T.);
#420 = ORIENTED_EDGE('', *, *, #645, .F.);
#421 = ORIENTED_EDGE('', *, *, #644, .T.);
#422 = ORIENTED_EDGE('', *, *, #675, .T.);
#423 = ORIENTED_EDGE('', *, *, #663, .F.);
#424 = ORIENTED_EDGE('', *, *, #658, .F.);
#425 = ORIENTED_EDGE('', *, *, #652, .F.);
#426 = ADVANCED_FACE('', (#427), #965, .T.);
#427 = FACE_BOUND('', #428, .T.);
#428 = EDGE_LOOP('', (#429, #430, #431, #432));
#429 = ORIENTED_EDGE('', *, *, #509, .T.);
#430 = ORIENTED_EDGE('', *, *, #676, .T.);
#431 = ORIENTED_EDGE('', *, *, #677, .F.);
#432 = ORIENTED_EDGE('', *, *, #678, .F.);
#433 = ADVANCED_FACE('', (#434), #970, .T.);
#434 = FACE_BOUND('', #435, .T.);
#435 = EDGE_LOOP('', (#436, #437, #438, #439));
#436 = ORIENTED_EDGE('', *, *, #508, .T.);
#437 = ORIENTED_EDGE('', *, *, #678, .T.);
#438 = ORIENTED_EDGE('', *, *, #679, .F.);
#439 = ORIENTED_EDGE('', *, *, #680, .F.);
#440 = ADVANCED_FACE('', (#441), #975, .T.);
#441 = FACE_BOUND('', #442, .T.);
#442 = EDGE_LOOP('', (#443, #444, #445, #446));
#443 = ORIENTED_EDGE('', *, *, #507, .T.);
#444 = ORIENTED_EDGE('', *, *, #680, .T.);
#445 = ORIENTED_EDGE('', *, *, #681, .F.);
#446 = ORIENTED_EDGE('', *, *, #682, .F.);
#447 = ADVANCED_FACE('', (#448), #980, .T.);
#448 = FACE_BOUND('', #449, .T.);
#449 = EDGE_LOOP('', (#450, #451, #452, #453));
#450 = ORIENTED_EDGE('', *, *, #506, .T.);
#451 = ORIENTED_EDGE('', *, *, #682, .T.);
#452 = ORIENTED_EDGE('', *, *, #683, .F.);
#453 = ORIENTED_EDGE('', *, *, #684, .F.);
#454 = ADVANCED_FACE('', (#455), #985, .T.);
#455 = FACE_BOUND('', #456, .T.);
#456 = EDGE_LOOP('', (#457, #458, #459, #460));
#457 = ORIENTED_EDGE('', *, *, #505, .T.);
#458 = ORIENTED_EDGE('', *, *, #684, .T.);
#459 = ORIENTED_EDGE('', *, *, #685, .F.);
#460 = ORIENTED_EDGE('', *, *, #686, .F.);
#461 = ADVANCED_FACE('', (#462), #990, .T.);
#462 = FACE_BOUND('', #463, .T.);
#463 = EDGE_LOOP('', (#464, #465, #466, #467));
#464 = ORIENTED_EDGE('', *, *, #504, .T.);
#465 = ORIENTED_EDGE('', *, *, #686, .T.);
#466 = ORIENTED_EDGE('', *, *, #687, .F.);
#467 = ORIENTED_EDGE('', *, *, #688, .F.);
#468 = ADVANCED_FACE('', (#469), #995, .T.);
#469 = FACE_BOUND('', #470, .T.);
#470 = EDGE_LOOP('', (#471, #472, #473, #474));
#471 = ORIENTED_EDGE('', *, *, #503, .T.);
#472 = ORIENTED_EDGE('', *, *, #688, .T.);
#473 = ORIENTED_EDGE('', *, *, #689, .F.);
#474 = ORIENTED_EDGE('', *, *, #690, .F.);
#475 = ADVANCED_FACE('', (#476), #1000, .T.);
#476 = FACE_BOUND('', #477, .T.);
#477 = EDGE_LOOP('', (#478, #479, #480, #481));
#478 = ORIENTED_EDGE('', *, *, #502, .T.);
#479 = ORIENTED_EDGE('', *, *, #690, .T.);
#480 = ORIENTED_EDGE('', *, *, #691, .F.);
#481 = ORIENTED_EDGE('', *, *, #692, .F.);
#482 = ADVANCED_FACE('', (#483), #1005, .T.);
#483 = FACE_BOUND('', #484, .T.);
#484 = EDGE_LOOP('', (#485, #486, #487, #488));
#485 = ORIENTED_EDGE('', *, *, #501, .T.);
#486 = ORIENTED_EDGE('', *, *, #692, .T.);
#487 = ORIENTED_EDGE('', *, *, #693, .F.);
#488 = ORIENTED_EDGE('', *, *, #676, .F.);
#489 = ADVANCED_FACE('', (#490), #1010, .T.);
#490 = FACE_BOUND('', #491, .T.);
#491 = EDGE_LOOP('', (#492, #493, #494, #495, #496, #497, #498, #499, #500));
#492 = ORIENTED_EDGE('', *, *, #693, .T.);
#493 = ORIENTED_EDGE('', *, *, #691, .T.);
#494 = ORIENTED_EDGE('', *, *, #689, .T.);
#495 = ORIENTED_EDGE('', *, *, #687, .T.);
#496 = ORIENTED_EDGE('', *, *, #685, .T.);
#497 = ORIENTED_EDGE('', *, *, #683, .T.);
#498 = ORIENTED_EDGE('', *, *, #681, .T.);
#499 = ORIENTED_EDGE('', *, *, #679, .T.);
#500 = ORIENTED_EDGE('', *, *, #677, .T.);
#501 = EDGE_CURVE('', #694, #695, #1015, .T.);
#502 = EDGE_CURVE('', #695, #696, #1020, .T.);
#503 = EDGE_CURVE('', #696, #697, #1028, .T.);
#504 = EDGE_CURVE('', #697, #698, #1033, .T.);
#505 = EDGE_CURVE('', #698, #699, #1041, .T.);
#506 = EDGE_CURVE('', #699, #700, #1046, .T.);
#507 = EDGE_CURVE('', #700, #701, #1054, .T.);
#508 = EDGE_CURVE('', #701, #702, #1059, .T.);
#509 = EDGE_CURVE('', #702, #694, #1064, .T.);
#510 = EDGE_CURVE('', #703, #704, #1072, .T.);
#511 = EDGE_CURVE('', #705, #704, #1088, .T.);
#512 = EDGE_CURVE('', #706, #705, #1103, .T.);
#513 = EDGE_CURVE('', #707, #706, #1119, .T.);
#514 = EDGE_CURVE('', #708, #707, #1135, .T.);
#515 = EDGE_CURVE('', #708, #709, #1174, .T.);
#516 = EDGE_CURVE('', #710, #709, #1194, .T.);
#517 = EDGE_CURVE('', #710, #711, #1210, .T.);
#518 = EDGE_CURVE('', #712, #711, #1236, .T.);
#519 = EDGE_CURVE('', #712, #713, #1257, .T.);
#520 = EDGE_CURVE('', #714, #713, #1273, .T.);
#521 = EDGE_CURVE('', #714, #715, #1298, .T.);
#522 = EDGE_CURVE('', #715, #716, #1344, .T.);
#523 = EDGE_CURVE('', #716, #717, #1359, .T.);
#524 = EDGE_CURVE('', #717, #718, #1375, .T.);
#525 = EDGE_CURVE('', #719, #718, #1391, .T.);
#526 = EDGE_CURVE('', #719, #720, #1406, .T.);
#527 = EDGE_CURVE('', #720, #721, #1421, .T.);
#528 = EDGE_CURVE('', #721, #722, #1436, .T.);
#529 = EDGE_CURVE('', #723, #722, #1456, .T.);
#530 = EDGE_CURVE('', #723, #724, #1471, .T.);
#531 = EDGE_CURVE('', #725, #724, #1486, .T.);
#532 = EDGE_CURVE('', #726, #725, #1504, .T.);
#533 = EDGE_CURVE('', #727, #726, #1521, .T.);
#534 = EDGE_CURVE('', #728, #727, #1537, .T.);
#535 = EDGE_CURVE('', #729, #728, #1566, .T.);
#536 = EDGE_CURVE('', #729, #730, #1583, .T.);
#537 = EDGE_CURVE('', #731, #730, #1599, .T.);
#538 = EDGE_CURVE('', #732, #731, #1617, .T.);
#539 = EDGE_CURVE('', #732, #733, #1637, .T.);
#540 = EDGE_CURVE('', #734, #733, #1654, .T.);
#541 = EDGE_CURVE('', #735, #734, #1675, .T.);
#542 = EDGE_CURVE('', #736, #735, #1691, .T.);
#543 = EDGE_CURVE('', #736, #737, #1708, .T.);
#544 = EDGE_CURVE('', #737, #738, #1724, .T.);
#545 = EDGE_CURVE('', #738, #739, #1743, .T.);
#546 = EDGE_CURVE('', #739, #740, #1759, .T.);
#547 = EDGE_CURVE('', #740, #741, #1789, .T.);
#548 = EDGE_CURVE('', #742, #741, #1806, .T.);
#549 = EDGE_CURVE('', #743, #742, #1834, .T.);
#550 = EDGE_CURVE('', #744, #743, #1850, .T.);
#551 = EDGE_CURVE('', #744, #745, #1867, .T.);
#552 = EDGE_CURVE('', #745, #746, #1883, .T.);
#553 = EDGE_CURVE('', #747, #746, #1900, .T.);
#554 = EDGE_CURVE('', #748, #747, #1935, .T.);
#555 = EDGE_CURVE('', #749, #748, #1951, .T.);
#556 = EDGE_CURVE('', #749, #750, #1967, .T.);
#557 = EDGE_CURVE('', #751, #750, #1994, .T.);
#558 = EDGE_CURVE('', #752, #751, #2011, .T.);
#559 = EDGE_CURVE('', #753, #752, #2038, .T.);
#560 = EDGE_CURVE('', #753, #754, #2057, .T.);
#561 = EDGE_CURVE('', #755, #754, #2073, .T.);
#562 = EDGE_CURVE('', #756, #755, #2089, .T.);
#563 = EDGE_CURVE('', #756, #757, #2105, .T.);
#564 = EDGE_CURVE('', #758, #757, #2129, .T.);
#565 = EDGE_CURVE('', #758, #759, #2145, .T.);
#566 = EDGE_CURVE('', #760, #759, #2169, .T.);
#567 = EDGE_CURVE('', #760, #761, #2186, .T.);
#568 = EDGE_CURVE('', #762, #761, #2208, .T.);
#569 = EDGE_CURVE('', #763, #762, #2225, .T.);
#570 = EDGE_CURVE('', #764, #763, #2242, .T.);
#571 = EDGE_CURVE('', #764, #765, #2267, .T.);
#572 = EDGE_CURVE('', #766, #765, #2283, .T.);
#573 = EDGE_CURVE('', #766, #767, #2309, .T.);
#574 = EDGE_CURVE('', #767, #768, #2327, .T.);
#575 = EDGE_CURVE('', #769, #768, #2354, .T.);
#576 = EDGE_CURVE('', #769, #770, #2380, .T.);
#577 = EDGE_CURVE('', #770, #771, #2397, .T.);
#578 = EDGE_CURVE('', #772, #771, #2414, .T.);
#579 = EDGE_CURVE('', #772, #773, #2430, .T.);
#580 = EDGE_CURVE('', #773, #774, #2450, .T.);
#581 = EDGE_CURVE('', #774, #775, #2465, .T.);
#582 = EDGE_CURVE('', #776, #775, #2488, .T.);
#583 = EDGE_CURVE('', #777, #776, #2523, .T.);
#584 = EDGE_CURVE('', #778, #777, #2542, .T.);
#585 = EDGE_CURVE('', #779, #778, #2558, .T.);
#586 = EDGE_CURVE('', #780, #779, #2583, .T.);
#587 = EDGE_CURVE('', #781, #780, #2600, .T.);
#588 = EDGE_CURVE('', #782, #781, #2625, .T.);
#589 = EDGE_CURVE('', #782, #783, #2653, .T.);
#590 = EDGE_CURVE('', #784, #783, #2669, .T.);
#591 = EDGE_CURVE('', #785, #784, #2685, .T.);
#592 = EDGE_CURVE('', #785, #786, #2701, .T.);
#593 = EDGE_CURVE('', #703, #786, #2717, .T.);
#594 = EDGE_CURVE('', #787, #780, #2735, .T.);
#595 = EDGE_CURVE('', #787, #788, #2740, .T.);
#596 = EDGE_CURVE('', #788, #779, #2745, .T.);
#597 = EDGE_CURVE('', #788, #789, #2750, .T.);
#598 = EDGE_CURVE('', #789, #767, #2758, .T.);
#599 = EDGE_CURVE('', #789, #790, #2763, .T.);
#600 = EDGE_CURVE('', #790, #766, #2768, .T.);
#601 = EDGE_CURVE('', #790, #791, #2773, .T.);
#602 = EDGE_CURVE('', #791, #751, #2781, .T.);
#603 = EDGE_CURVE('', #791, #792, #2786, .T.);
#604 = EDGE_CURVE('', #792, #750, #2791, .T.);
#605 = EDGE_CURVE('', #792, #793, #2796, .T.);
#606 = EDGE_CURVE('', #793, #713, #2804, .T.);
#607 = EDGE_CURVE('', #793, #794, #2809, .T.);
#608 = EDGE_CURVE('', #794, #712, #2814, .T.);
#609 = EDGE_CURVE('', #794, #795, #2819, .T.);
#610 = EDGE_CURVE('', #795, #711, #2824, .T.);
#611 = EDGE_CURVE('', #795, #787, #2829, .T.);
#612 = EDGE_CURVE('', #796, #797, #2837, .T.);
#613 = EDGE_CURVE('', #798, #797, #2854, .T.);
#614 = EDGE_CURVE('', #799, #798, #2871, .T.);
#615 = EDGE_CURVE('', #800, #799, #2907, .T.);
#616 = EDGE_CURVE('', #800, #801, #2932, .T.);
#617 = EDGE_CURVE('', #801, #802, #2954, .T.);
#618 = EDGE_CURVE('', #803, #802, #2973, .T.);
#619 = EDGE_CURVE('', #804, #803, #2992, .T.);
#620 = EDGE_CURVE('', #804, #805, #3028, .T.);
#621 = EDGE_CURVE('', #806, #805, #3110, .T.);
#622 = EDGE_CURVE('', #807, #806, #3131, .T.);
#623 = EDGE_CURVE('', #808, #807, #3148, .T.);
#624 = EDGE_CURVE('', #808, #809, #3164, .T.);
#625 = EDGE_CURVE('', #810, #809, #3186, .T.);
#626 = EDGE_CURVE('', #811, #810, #3202, .T.);
#627 = EDGE_CURVE('', #812, #811, #3227, .T.);
#628 = EDGE_CURVE('', #813, #812, #3268, .T.);
#629 = EDGE_CURVE('', #814, #813, #3285, .T.);
#630 = EDGE_CURVE('', #814, #815, #3305, .T.);
#631 = EDGE_CURVE('', #816, #815, #3374, .T.);
#632 = EDGE_CURVE('', #816, #817, #3390, .T.);
#633 = EDGE_CURVE('', #818, #817, #3421, .T.);
#634 = EDGE_CURVE('', #819, #818, #3439, .T.);
#635 = EDGE_CURVE('', #819, #820, #3461, .T.);
#636 = EDGE_CURVE('', #821, #820, #3480, .T.);
#637 = EDGE_CURVE('', #821, #822, #3515, .T.);
#638 = EDGE_CURVE('', #822, #823, #3533, .T.);
#639 = EDGE_CURVE('', #824, #823, #3550, .T.);
#640 = EDGE_CURVE('', #824, #825, #3567, .T.);
#641 = EDGE_CURVE('', #825, #826, #3603, .T.);
#642 = EDGE_CURVE('', #827, #826, #3627, .T.);
#643 = EDGE_CURVE('', #828, #827, #3649, .T.);
#644 = EDGE_CURVE('', #829, #828, #3667, .T.);
#645 = EDGE_CURVE('', #829, #830, #3689, .T.);
#646 = EDGE_CURVE('', #831, #830, #3713, .T.);
#647 = EDGE_CURVE('', #831, #832, #3749, .T.);
#648 = EDGE_CURVE('', #832, #833, #3766, .T.);
#649 = EDGE_CURVE('', #833, #834, #3783, .T.);
#650 = EDGE_CURVE('', #834, #835, #3801, .T.);
#651 = EDGE_CURVE('', #835, #836, #3836, .T.);
#652 = EDGE_CURVE('', #836, #837, #3855, .T.);
#653 = EDGE_CURVE('', #837, #838, #3877, .T.);
#654 = EDGE_CURVE('', #839, #838, #3894, .T.);
#655 = EDGE_CURVE('', #840, #839, #3917, .T.);
#656 = EDGE_CURVE('', #840, #841, #3937, .T.);
#657 = EDGE_CURVE('', #796, #841, #3972, .T.);
#658 = EDGE_CURVE('', #837, #842, #3990, .T.);
#659 = EDGE_CURVE('', #843, #842, #3995, .T.);
#660 = EDGE_CURVE('', #838, #843, #4000, .T.);
#661 = EDGE_CURVE('', #844, #843, #4005, .T.);
#662 = EDGE_CURVE('', #801, #844, #4013, .T.);
#663 = EDGE_CURVE('', #842, #845, #4018, .T.);
#664 = EDGE_CURVE('', #845, #846, #4026, .T.);
#665 = EDGE_CURVE('', #846, #847, #4031, .T.);
#666 = EDGE_CURVE('', #847, #848, #4039, .T.);
#667 = EDGE_CURVE('', #848, #849, #4044, .T.);
#668 = EDGE_CURVE('', #849, #850, #4052, .T.);
#669 = EDGE_CURVE('', #850, #844, #4057, .T.);
#670 = EDGE_CURVE('', #802, #850, #4062, .T.);
#671 = EDGE_CURVE('', #803, #849, #4067, .T.);
#672 = EDGE_CURVE('', #817, #848, #4072, .T.);
#673 = EDGE_CURVE('', #818, #847, #4077, .T.);
#674 = EDGE_CURVE('', #827, #846, #4082, .T.);
#675 = EDGE_CURVE('', #828, #845, #4087, .T.);
#676 = EDGE_CURVE('', #694, #851, #4092, .T.);
#677 = EDGE_CURVE('', #852, #851, #4097, .T.);
#678 = EDGE_CURVE('', #702, #852, #4105, .T.);
#679 = EDGE_CURVE('', #853, #852, #4110, .T.);
#680 = EDGE_CURVE('', #701, #853, #4115, .T.);
#681 = EDGE_CURVE('', #854, #853, #4120, .T.);
#682 = EDGE_CURVE('', #700, #854, #4125, .T.);
#683 = EDGE_CURVE('', #855, #854, #4130, .T.);
#684 = EDGE_CURVE('', #699, #855, #4138, .T.);
#685 = EDGE_CURVE('', #856, #855, #4143, .T.);
#686 = EDGE_CURVE('', #698, #856, #4148, .T.);
#687 = EDGE_CURVE('', #857, #856, #4153, .T.);
#688 = EDGE_CURVE('', #697, #857, #4161, .T.);
#689 = EDGE_CURVE('', #858, #857, #4166, .T.);
#690 = EDGE_CURVE('', #696, #858, #4171, .T.);
#691 = EDGE_CURVE('', #859, #858, #4176, .T.);
#692 = EDGE_CURVE('', #695, #859, #4184, .T.);
#693 = EDGE_CURVE('', #851, #859, #4189, .T.);
#694 = VERTEX_POINT('', #4194);
#695 = VERTEX_POINT('', #4195);
#696 = VERTEX_POINT('', #4196);
#697 = VERTEX_POINT('', #4197);
#698 = VERTEX_POINT('', #4198);
#699 = VERTEX_POINT('', #4199);
#700 = VERTEX_POINT('', #4200);
#701 = VERTEX_POINT('', #4201);
#702 = VERTEX_POINT('', #4202);
#703 = VERTEX_POINT('', #4203);
#704 = VERTEX_POINT('', #4204);
#705 = VERTEX_POINT('', #4205);
#706 = VERTEX_POINT('', #4206);
#707 = VERTEX_POINT('', #4207);
#708 = VERTEX_POINT('', #4208);
#709 = VERTEX_POINT('', #4209);
#710 = VERTEX_POINT('', #4210);
#711 = VERTEX_POINT('', #4211);
#712 = VERTEX_POINT('', #4212);
#713 = VERTEX_POINT('', #4213);
#714 = VERTEX_POINT('', #4214);
#715 = VERTEX_POINT('', #4215);
#716 = VERTEX_POINT('', #4216);
#717 = VERTEX_POINT('', #4217);
#718 = VERTEX_POINT('', #4218);
#719 = VERTEX_POINT('', #4219);
#720 = VERTEX_POINT('', #4220);
#721 = VERTEX_POINT('', #4221);
#722 = VERTEX_POINT('', #4222);
#723 = VERTEX_POINT('', #4223);
#724 = VERTEX_POINT('', #4224);
#725 = VERTEX_POINT('', #4225);
#726 = VERTEX_POINT('', #4226);
#727 = VERTEX_POINT('', #4227);
#728 = VERTEX_POINT('', #4228);
#729 = VERTEX_POINT('', #4229);
#730 = VERTEX_POINT('', #4230);
#731 = VERTEX_POINT('', #4231);
#732 = VERTEX_POINT('', #4232);
#733 = VERTEX_POINT('', #4233);
#734 = VERTEX_POINT('', #4234);
#735 = VERTEX_POINT('', #4235);
#736 = VERTEX_POINT('', #4236);
#737 = VERTEX_POINT('', #4237);
#738 = VERTEX_POINT('', #4238);
#739 = VERTEX_POINT('', #4239);
#740 = VERTEX_POINT('', #4240);
#741 = VERTEX_POINT('', #4241);
#742 = VERTEX_POINT('', #4242);
#743 = VERTEX_POINT('', #4243);
#744 = VERTEX_POINT('', #4244);
#745 = VERTEX_POINT('', #4245);
#746 = VERTEX_POINT('', #4246);
#747 = VERTEX_POINT('', #4247);
#748 = VERTEX_POINT('', #4248);
#749 = VERTEX_POINT('', #4249);
#750 = VERTEX_POINT('', #4250);
#751 = VERTEX_POINT('', #4251);
#752 = VERTEX_POINT('', #4252);
#753 = VERTEX_POINT('', #4253);
#754 = VERTEX_POINT('', #4254);
#755 = VERTEX_POINT('', #4255);
#756 = VERTEX_POINT('', #4256);
#757 = VERTEX_POINT('', #4257);
#758 = VERTEX_POINT('', #4258);
#759 = VERTEX_POINT('', #4259);
#760 = VERTEX_POINT('', #4260);
#761 = VERTEX_POINT('', #4261);
#762 = VERTEX_POINT('', #4262);
#763 = VERTEX_POINT('', #4263);
#764 = VERTEX_POINT('', #4264);
#765 = VERTEX_POINT('', #4265);
#766 = VERTEX_POINT('', #4266);
#767 = VERTEX_POINT('', #4267);
#768 = VERTEX_POINT('', #4268);
#769 = VERTEX_POINT('', #4269);
#770 = VERTEX_POINT('', #4270);
#771 = VERTEX_POINT('', #4271);
#772 = VERTEX_POINT('', #4272);
#773 = VERTEX_POINT('', #4273);
#774 = VERTEX_POINT('', #4274);
#775 = VERTEX_POINT('', #4275);
#776 = VERTEX_POINT('', #4276);
#777 = VERTEX_POINT('', #4277);
#778 = VERTEX_POINT('', #4278);
#779 = VERTEX_POINT('', #4279);
#780 = VERTEX_POINT('', #4280);
#781 = VERTEX_POINT('', #4281);
#782 = VERTEX_POINT('', #4282);
#783 = VERTEX_POINT('', #4283);
#784 = VERTEX_POINT('', #4284);
#785 = VERTEX_POINT('', #4285);
#786 = VERTEX_POINT('', #4286);
#787 = VERTEX_POINT('', #4287);
#788 = VERTEX_POINT('', #4288);
#789 = VERTEX_POINT('', #4289);
#790 = VERTEX_POINT('', #4290);
#791 = VERTEX_POINT('', #4291);
#792 = VERTEX_POINT('', #4292);
#793 = VERTEX_POINT('', #4293);
#794 = VERTEX_POINT('', #4294);
#795 = VERTEX_POINT('', #4295);
#796 = VERTEX_POINT('', #4296);
#797 = VERTEX_POINT('', #4297);
#798 = VERTEX_POINT('', #4298);
#799 = VERTEX_POINT('', #4299);
#800 = VERTEX_POINT('', #4300);
#801 = VERTEX_POINT('', #4301);
#802 = VERTEX_POINT('', #4302);
#803 = VERTEX_POINT('', #4303);
#804 = VERTEX_POINT('', #4304);
#805 = VERTEX_POINT('', #4305);
#806 = VERTEX_POINT('', #4306);
#807 = VERTEX_POINT('', #4307);
#808 = VERTEX_POINT('', #4308);
#809 = VERTEX_POINT('', #4309);
#810 = VERTEX_POINT('', #4310);
#811 = VERTEX_POINT('', #4311);
#812 = VERTEX_POINT('', #4312);
#813 = VERTEX_POINT('', #4313);
#814 = VERTEX_POINT('', #4314);
#815 = VERTEX_POINT('', #4315);
#816 = VERTEX_POINT('', #4316);
#817 = VERTEX_POINT('', #4317);
#818 = VERTEX_POINT('', #4318);
#819 = VERTEX_POINT('', #4319);
#820 = VERTEX_POINT('', #4320);
#821 = VERTEX_POINT('', #4321);
#822 = VERTEX_POINT('', #4322);
#823 = VERTEX_POINT('', #4323);
#824 = VERTEX_POINT('', #4324);
#825 = VERTEX_POINT('', #4325);
#826 = VERTEX_POINT('', #4326);
#827 = VERTEX_POINT('', #4327);
#828 = VERTEX_POINT('', #4328);
#829 = VERTEX_POINT('', #4329);
#830 = VERTEX_POINT('', #4330);
#831 = VERTEX_POINT('', #4331);
#832 = VERTEX_POINT('', #4332);
#833 = VERTEX_POINT('', #4333);
#834 = VERTEX_POINT('', #4334);
#835 = VERTEX_POINT('', #4335);
#836 = VERTEX_POINT('', #4336);
#837 = VERTEX_POINT('', #4337);
#838 = VERTEX_POINT('', #4338);
#839 = VERTEX_POINT('', #4339);
#840 = VERTEX_POINT('', #4340);
#841 = VERTEX_POINT('', #4341);
#842 = VERTEX_POINT('', #4342);
#843 = VERTEX_POINT('', #4343);
#844 = VERTEX_POINT('', #4344);
#845 = VERTEX_POINT('', #4345);
#846 = VERTEX_POINT('', #4346);
#847 = VERTEX_POINT('', #4347);
#848 = VERTEX_POINT('', #4348);
#849 = VERTEX_POINT('', #4349);
#850 = VERTEX_POINT('', #4350);
#851 = VERTEX_POINT('', #4351);
#852 = VERTEX_POINT('', #4352);
#853 = VERTEX_POINT('', #4353);
#854 = VERTEX_POINT('', #4354);
#855 = VERTEX_POINT('', #4355);
#856 = VERTEX_POINT('', #4356);
#857 = VERTEX_POINT('', #4357);
#858 = VERTEX_POINT('', #4358);
#859 = VERTEX_POINT('', #4359);
#860 = PLANE('', #861);
#861 = AXIS2_PLACEMENT_3D('', #862, #863, #864);
#862 = CARTESIAN_POINT('', (155.75000000000009, -65.76040913868061, 13.0));
#863 = DIRECTION('', (0.0, 0.0, 0.9999999999999999));
#864 = DIRECTION('', (-1.0, 0.0, 0.0));
#865 = PLANE('', #866);
#866 = AXIS2_PLACEMENT_3D('', #867, #868, #869);
#867 = CARTESIAN_POINT('', (95.95000010000003, -83.49999966266078, 10.0000003));
#868 = DIRECTION('', (-1.0, 1.2357264896E-15, 0.0));
#869 = DIRECTION('', (-1.2357264896E-15, -1.0, 0.0));
#870 = CYLINDRICAL_SURFACE('', #871, 7.5499987711753755);
#871 = AXIS2_PLACEMENT_3D('', #872, #873, #874);
#872 = CARTESIAN_POINT('', (103.49999887117528, -106.5000010288245, 14.0000003));
#873 = DIRECTION('', (0.0, 0.0, 1.0));
#874 = DIRECTION('', (0.7071067876178976, 0.7071067747551972, 0.0));
#875 = PLANE('', #876);
#876 = AXIS2_PLACEMENT_3D('', #877, #878, #879);
#877 = CARTESIAN_POINT('', (103.49999996266074, -114.04999979999981, 10.0000003));
#878 = DIRECTION('', (-4.2963049002E-15, -1.0, 0.0));
#879 = DIRECTION('', (1.0, -4.2963049002E-15, 0.0));
#880 = CYLINDRICAL_SURFACE('', #881, 7.549998771177023);
#881 = AXIS2_PLACEMENT_3D('', #882, #883, #884);
#882 = CARTESIAN_POINT('', (146.50000132882312, -106.50000102882308, 14.0000003));
#883 = DIRECTION('', (0.0, 0.0, 1.0));
#884 = DIRECTION('', (-0.7071067747551955, 0.7071067876178996, 0.0));
#885 = PLANE('', #886);
#886 = AXIS2_PLACEMENT_3D('', #887, #888, #889);
#887 = CARTESIAN_POINT('', (154.0500001000001, -106.49999993733907, 10.0000003));
#888 = DIRECTION('', (1.0, 2.7077241242E-15, -0.0));
#889 = DIRECTION('', (-2.7077241242E-15, 1.0, 0.0));
#890 = CYLINDRICAL_SURFACE('', #891, 7.5500031876601605);
#891 = AXIS2_PLACEMENT_3D('', #892, #893, #894);
#892 = CARTESIAN_POINT('', (146.4999969123403, -75.01041039267236, 14.0000003));
#893 = DIRECTION('', (0.0, 0.0, 1.0));
#894 = DIRECTION('', (-6.1221598933E-4, -0.9999998125957736, 0.0));
#895 = PLANE('', #896);
#896 = AXIS2_PLACEMENT_3D('', #897, #898, #899);
#897 = CARTESIAN_POINT('', (138.94999938746463, -75.00116333639173, 10.0000003));
#898 = DIRECTION('', (-0.7066736251094546, 0.7075396720853623, 0.0));
#899 = DIRECTION('', (-0.7075396720853623, -0.7066736251094546, 0.0));
#900 = PLANE('', #901);
#901 = AXIS2_PLACEMENT_3D('', #902, #903, #904);
#902 = CARTESIAN_POINT('', (138.0000001, -75.9499998, 10.0000003));
#903 = DIRECTION('', (0.0, 1.0, -0.0));
#904 = DIRECTION('', (-1.0, 0.0, 0.0));
#905 = CYLINDRICAL_SURFACE('', #906, 7.549998771175717);
#906 = AXIS2_PLACEMENT_3D('', #907, #908, #909);
#907 = CARTESIAN_POINT('', (103.49999887117566, -83.49999857117562, 14.0000003));
#908 = DIRECTION('', (0.0, 0.0, 1.0));
#909 = DIRECTION('', (0.7071067747551918, -0.7071067876179034, 0.0));
#910 = PLANE('', #911);
#911 = AXIS2_PLACEMENT_3D('', #912, #913, #914);
#912 = CARTESIAN_POINT('', (154.0500001000001, -67.4604086199147, 10.0000003));
#913 = DIRECTION('', (0.0, 0.0, 1.0));
#914 = DIRECTION('', (-0.9999999999999999, 0.0, 0.0));
#915 = PLANE('', #916);
#916 = AXIS2_PLACEMENT_3D('', #917, #918, #919);
#917 = CARTESIAN_POINT('', (97.15000000000002, -83.49999968917966, 5.0));
#918 = DIRECTION('', (-1.0, 6.1786324014E-16, 0.0));
#919 = DIRECTION('', (-6.1786324014E-16, -1.0, 0.0));
#920 = CYLINDRICAL_SURFACE('', #921, 6.34999877117574);
#921 = AXIS2_PLACEMENT_3D('', #922, #923, #924);
#922 = CARTESIAN_POINT('', (103.4999987711757, -83.49999877117563, 13.0));
#923 = DIRECTION('', (0.0, 0.0, 1.0));
#924 = DIRECTION('', (0.7071067638807866, -0.707106798492308, 0.0));
#925 = PLANE('', #926);
#926 = AXIS2_PLACEMENT_3D('', #927, #928, #929);
#927 = CARTESIAN_POINT('', (152.8500000000001, -68.66040859490349, 13.0));
#928 = DIRECTION('', (0.0, 0.0, 1.0));
#929 = DIRECTION('', (-0.9999999999999999, 0.0, 0.0));
#930 = PLANE('', #931);
#931 = AXIS2_PLACEMENT_3D('', #932, #933, #934);
#932 = CARTESIAN_POINT('', (138.0, -77.15, 5.0));
#933 = DIRECTION('', (0.0, 1.0, -0.0));
#934 = DIRECTION('', (-1.0, 0.0, 0.0));
#935 = PLANE('', #936);
#936 = AXIS2_PLACEMENT_3D('', #937, #938, #939);
#937 = CARTESIAN_POINT('', (140.1499983874198, -75.00263326657077, 5.0));
#938 = DIRECTION('', (-0.7066736251094795, 0.7075396720853374, 0.0));
#939 = DIRECTION('', (-0.7075396720853374, -0.7066736251094795, 0.0));
#940 = CYLINDRICAL_SURFACE('', #941, 6.350003187660196);
#941 = AXIS2_PLACEMENT_3D('', #942, #943, #944);
#942 = CARTESIAN_POINT('', (146.49999681234033, -75.01041059267239, 13.0));
#943 = DIRECTION('', (0.0, 0.0, 1.0));
#944 = DIRECTION('', (-6.1218354208E-4, -0.999999812615638, 0.0));
#945 = PLANE('', #946);
#946 = AXIS2_PLACEMENT_3D('', #947, #948, #949);
#947 = CARTESIAN_POINT('', (152.8500000000001, -106.50000031082, 5.0));
#948 = DIRECTION('', (1.0, 3.6102988124E-15, -0.0));
#949 = DIRECTION('', (-3.6102988124E-15, 1.0, 0.0));
#950 = CYLINDRICAL_SURFACE('', #951, 6.3499987711770265);
#951 = AXIS2_PLACEMENT_3D('', #952, #953, #954);
#952 = CARTESIAN_POINT('', (146.50000122882312, -106.50000122882308, 13.0));
#953 = DIRECTION('', (0.0, 0.0, 1.0));
#954 = DIRECTION('', (-0.7071067638808002, 0.7071067984922946, 0.0));
#955 = PLANE('', #956);
#956 = AXIS2_PLACEMENT_3D('', #957, #958, #959);
#957 = CARTESIAN_POINT('', (103.49999968917959, -112.84999999999982, 5.0));
#958 = DIRECTION('', (-3.9658198919E-15, -1.0, 0.0));
#959 = DIRECTION('', (1.0, -3.9658198919E-15, 0.0));
#960 = CYLINDRICAL_SURFACE('', #961, 6.3499987711753985);
#961 = AXIS2_PLACEMENT_3D('', #962, #963, #964);
#962 = CARTESIAN_POINT('', (103.49999877117529, -106.5000012288245, 13.0));
#963 = DIRECTION('', (0.0, 0.0, 1.0));
#964 = DIRECTION('', (0.7071067984923036, 0.7071067638807912, 0.0));
#965 = CYLINDRICAL_SURFACE('', #966, 9.249998771175639);
#966 = AXIS2_PLACEMENT_3D('', #967, #968, #969);
#967 = CARTESIAN_POINT('', (103.4999987711756, -83.49999877117556, 15.0));
#968 = DIRECTION('', (0.0, 0.0, 1.0));
#969 = DIRECTION('', (0.7071067853307959, -0.7071067770422991, 0.0));
#970 = PLANE('', #971);
#971 = AXIS2_PLACEMENT_3D('', #972, #973, #974);
#972 = CARTESIAN_POINT('', (138.0, -74.25, 13.0));
#973 = DIRECTION('', (0.0, 1.0, -0.0));
#974 = DIRECTION('', (-1.0, 0.0, 0.0));
#975 = PLANE('', #976);
#976 = AXIS2_PLACEMENT_3D('', #977, #978, #979);
#977 = CARTESIAN_POINT('', (137.25000056252816, -74.9990814186381, 13.0));
#978 = DIRECTION('', (0.7066736251095611, -0.7075396720852558, 0.0));
#979 = DIRECTION('', (0.7075396720852558, 0.7066736251095611, 0.0));
#980 = CYLINDRICAL_SURFACE('', #981, 9.250003187660097);
#981 = AXIS2_PLACEMENT_3D('', #982, #983, #984);
#982 = CARTESIAN_POINT('', (146.49999681234027, -75.01041059267232, 15.0));
#983 = DIRECTION('', (0.0, 0.0, 1.0));
#984 = DIRECTION('', (-6.1224754514E-4, -0.9999998125764542, 0.0));
#985 = PLANE('', #986);
#986 = AXIS2_PLACEMENT_3D('', #987, #988, #989);
#987 = CARTESIAN_POINT('', (155.75000000000009, -106.49999989157442, 13.0));
#988 = DIRECTION('', (1.0, 2.7077241453E-15, -0.0));
#989 = DIRECTION('', (-2.7077241453E-15, 1.0, 0.0));
#990 = CYLINDRICAL_SURFACE('', #991, 9.249998771177005);
#991 = AXIS2_PLACEMENT_3D('', #992, #993, #994);
#992 = CARTESIAN_POINT('', (146.50000122882315, -106.50000122882307, 15.0));
#993 = DIRECTION('', (0.0, 0.0, 1.0));
#994 = DIRECTION('', (-0.7071067853307866, 0.7071067770423083, 0.0));
#995 = PLANE('', #996);
#996 = AXIS2_PLACEMENT_3D('', #997, #998, #999);
#997 = CARTESIAN_POINT('', (103.50000010842572, -115.7499999999998, 13.0));
#998 = DIRECTION('', (-4.6267899189E-15, -1.0, 0.0));
#999 = DIRECTION('', (1.0, -4.6267899189E-15, 0.0));
#1000 = CYLINDRICAL_SURFACE('', #1001, 9.249998771175337);
#1001 = AXIS2_PLACEMENT_3D('', #1002, #1003, #1004);
#1002 = CARTESIAN_POINT('', (103.49999877117526, -106.50000122882459, 15.0));
#1003 = DIRECTION('', (0.0, 0.0, 1.0));
#1004 = DIRECTION('', (0.7071067770422945, 0.7071067853308004, 0.0));
#1005 = PLANE('', #1006);
#1006 = AXIS2_PLACEMENT_3D('', #1007, #1008, #1009);
#1007 = CARTESIAN_POINT('', (94.25000000000006, -83.5000001084257, 13.0));
#1008 = DIRECTION('', (-1.0, 2.4714530056E-15, 0.0));
#1009 = DIRECTION('', (-2.4714530056E-15, -1.0, 0.0));
#1010 = PLANE('', #1011);
#1011 = AXIS2_PLACEMENT_3D('', #1012, #1013, #1014);
#1012 = CARTESIAN_POINT('', (155.75000000000009, -65.76040913868061, 15.0));
#1013 = DIRECTION('', (0.0, 0.0, 0.9999999999999999));
#1014 = DIRECTION('', (-1.0, 0.0, 0.0));
#1015 = SURFACE_CURVE('', #1016, (#860, #1005), .CURVE_3D.);
#1016 = LINE('', #1017, #1018);
#1017 = CARTESIAN_POINT('', (94.25000000000006, -83.5000001084257, 13.0));
#1018 = VECTOR('', #1019, 22.999999891574305);
#1019 = DIRECTION('', (-2.4714530056E-15, -1.0, 0.0));
#1020 = SURFACE_CURVE('', #1021, (#860, #1000), .CURVE_3D.);
#1021 = (
    BOUNDED_CURVE()
    B_SPLINE_CURVE(2, (#1022, #1023, #1024, #1025, #1026, #1027), .UNSPECIFIED., .U., .U.)
    B_SPLINE_CURVE_WITH_KNOTS((3, 1, 1, 1, 3), (0.0, 0.25, 0.5, 0.75, 1.0), .UNSPECIFIED.)
    CURVE()
    GEOMETRIC_REPRESENTATION_ITEM()
    RATIONAL_B_SPLINE_CURVE((1.0, 0.9267766707765097, 0.8535533415530194, 0.8535533415530194, 0.9267766707765097, 1.0))
    REPRESENTATION_ITEM('')
);
#1022 = CARTESIAN_POINT('', (94.25, -106.5, 13.0));
#1023 = CARTESIAN_POINT('', (94.24999976560959, -108.26437807795418, 13.0));
#1024 = CARTESIAN_POINT('', (95.6046307217242, -111.68610690938274, 13.000000000000002));
#1025 = CARTESIAN_POINT('', (98.31389318316438, -114.39536933906571, 13.000000000000002));
#1026 = CARTESIAN_POINT('', (101.73562203047153, -115.75000025507178, 13.0));
#1027 = CARTESIAN_POINT('', (103.50000010842571, -115.74999999999983, 13.0));
#1028 = SURFACE_CURVE('', #1029, (#860, #995), .CURVE_3D.);
#1029 = LINE('', #1030, #1031);
#1030 = CARTESIAN_POINT('', (103.50000010842572, -115.7499999999998, 13.0));
#1031 = VECTOR('', #1032, 42.99999989157428);
#1032 = DIRECTION('', (1.0, -4.6267899189E-15, 0.0));
#1033 = SURFACE_CURVE('', #1034, (#860, #990), .CURVE_3D.);
#1034 = (
    BOUNDED_CURVE()
    B_SPLINE_CURVE(2, (#1035, #1036, #1037, #1038, #1039, #1040), .UNSPECIFIED., .U., .U.)
    B_SPLINE_CURVE_WITH_KNOTS((3, 1, 1, 1, 3), (0.0, 0.25, 0.5, 0.75, 1.0), .UNSPECIFIED.)
    CURVE()
    GEOMETRIC_REPRESENTATION_ITEM()
    RATIONAL_B_SPLINE_CURVE((1.0, 0.9267766707765404, 0.8535533415530807, 0.8535533415530807, 0.9267766707765404, 1.0))
    REPRESENTATION_ITEM('')
);
#1035 = CARTESIAN_POINT('', (146.5, -115.75, 13.0));
#1036 = CARTESIAN_POINT('', (148.26437807795412, -115.75000023439016, 13.0));
#1037 = CARTESIAN_POINT('', (151.68610690938243, -114.39536927827534, 13.0));
#1038 = CARTESIAN_POINT('', (154.3953693390653, -111.68610681683538, 13.0));
#1039 = CARTESIAN_POINT('', (155.7500002550717, -108.26437796952854, 13.0));
#1040 = CARTESIAN_POINT('', (155.75000000000009, -106.49999989157439, 13.0));
#1041 = SURFACE_CURVE('', #1042, (#860, #985), .CURVE_3D.);
#1042 = LINE('', #1043, #1044);
#1043 = CARTESIAN_POINT('', (155.75000000000009, -106.49999989157442, 13.0));
#1044 = VECTOR('', #1045, 31.48959189157442);
#1045 = DIRECTION('', (-2.7077241453E-15, 1.0, 0.0));
#1046 = SURFACE_CURVE('', #1047, (#860, #980), .CURVE_3D.);
#1047 = (
    BOUNDED_CURVE()
    B_SPLINE_CURVE(2, (#1048, #1049, #1050, #1051, #1052, #1053), .UNSPECIFIED., .U., .U.)
    B_SPLINE_CURVE_WITH_KNOTS((3, 1, 1, 1, 3), (0.0, 0.25, 0.5, 0.75, 1.0), .UNSPECIFIED.)
    CURVE()
    GEOMETRIC_REPRESENTATION_ITEM()
    RATIONAL_B_SPLINE_CURVE((1.0, 0.7501531319584501, 0.5003062639169003, 0.5003062639169001, 0.75015313195845, 1.0))
    REPRESENTATION_ITEM('')
);
#1048 = CARTESIAN_POINT('', (155.75, -75.010408, 13.0));
#1049 = CARTESIAN_POINT('', (155.74999913595246, -71.92770359661561, 13.000000000000002));
#1050 = CARTESIAN_POINT('', (151.12782875649947, -65.76323905062127, 13.0));
#1051 = CARTESIAN_POINT('', (141.88349145166782, -65.75757922673996, 13.0));
#1052 = CARTESIAN_POINT('', (137.25377618227378, -71.91637932739708, 13.0));
#1053 = CARTESIAN_POINT('', (137.2500005625282, -74.9990814186381, 13.0));
#1054 = SURFACE_CURVE('', #1055, (#860, #975), .CURVE_3D.);
#1055 = LINE('', #1056, #1057);
#1056 = CARTESIAN_POINT('', (137.25000056252816, -74.9990814186381, 13.0));
#1057 = VECTOR('', #1058, 1.060010437664152);
#1058 = DIRECTION('', (0.7075396720852559, 0.7066736251095611, 0.0));
#1059 = SURFACE_CURVE('', #1060, (#860, #970), .CURVE_3D.);
#1060 = LINE('', #1061, #1062);
#1061 = CARTESIAN_POINT('', (138.0, -74.25, 13.0));
#1062 = VECTOR('', #1063, 34.5);
#1063 = DIRECTION('', (-1.0, 0.0, 0.0));
#1064 = SURFACE_CURVE('', #1065, (#860, #965), .CURVE_3D.);
#1065 = (
    BOUNDED_CURVE()
    B_SPLINE_CURVE(2, (#1066, #1067, #1068, #1069, #1070, #1071), .UNSPECIFIED., .U., .U.)
    B_SPLINE_CURVE_WITH_KNOTS((3, 1, 1, 1, 3), (0.0, 0.25, 0.5, 0.75, 1.0), .UNSPECIFIED.)
    CURVE()
    GEOMETRIC_REPRESENTATION_ITEM()
    RATIONAL_B_SPLINE_CURVE((1.0, 0.9267766707765147, 0.8535533415530294, 0.8535533415530293, 0.9267766707765146, 1.0))
    REPRESENTATION_ITEM('')
);
#1066 = CARTESIAN_POINT('', (103.5, -74.25, 13.0));
#1067 = CARTESIAN_POINT('', (101.73562192204581, -74.24999976560962, 13.0));
#1068 = CARTESIAN_POINT('', (98.31389309061728, -75.60463072172425, 13.0));
#1069 = CARTESIAN_POINT('', (95.6046306609343, -78.3138931831644, 13.0));
#1070 = CARTESIAN_POINT('', (94.24999974492816, -81.73562203047153, 13.000000000000002));
#1071 = CARTESIAN_POINT('', (94.25000000000006, -83.50000010842571, 13.0));
#1072 = SURFACE_CURVE('', #1073, (#860, #905), .CURVE_3D.);
#1073 = INTERSECTION_CURVE('', #1074, (#1078, #1083), .CURVE_3D.);
#1074 = B_SPLINE_CURVE_WITH_KNOTS('', 1, (#1075, #1076, #1077), .UNSPECIFIED., .U., .U., (2, 1, 2), (0.0, 0.5, 1.0), .UNSPECIFIED.);
#1075 = CARTESIAN_POINT('', (97.42528653220052, -79.01665702234646, 13.0));
#1076 = CARTESIAN_POINT('', (97.55730219922712, -78.84308567635284, 13.0));
#1077 = CARTESIAN_POINT('', (97.59717251109424, -78.79265088737877, 13.000000000000002));
#1078 = PLANE('', #1079);
#1079 = AXIS2_PLACEMENT_3D('', #1080, #1081, #1082);
#1080 = CARTESIAN_POINT('', (155.75000000000009, -65.76040913868061, 13.0));
#1081 = DIRECTION('', (0.0, 0.0, 0.9999999999999999));
#1082 = DIRECTION('', (-1.0, 0.0, 0.0));
#1083 = CYLINDRICAL_SURFACE('', #1084, 7.549998771175717);
#1084 = AXIS2_PLACEMENT_3D('', #1085, #1086, #1087);
#1085 = CARTESIAN_POINT('', (103.49999887117566, -83.49999857117562, 14.0000003));
#1086 = DIRECTION('', (0.0, 0.0, 1.0));
#1087 = DIRECTION('', (0.7071067747551918, -0.7071067876179034, 0.0));
#1088 = SURFACE_CURVE('', #1089, (#860, #905), .CURVE_3D.);
#1089 = INTERSECTION_CURVE('', #1090, (#1093, #1098), .CURVE_3D.);
#1090 = B_SPLINE_CURVE_WITH_KNOTS('', 1, (#1091, #1092), .UNSPECIFIED., .U., .U., (2, 2), (0.0, 1.0), .UNSPECIFIED.);
#1091 = CARTESIAN_POINT('', (97.77731326556201, -78.57522944927182, 13.0));
#1092 = CARTESIAN_POINT('', (97.59717250133525, -78.79265087929312, 13.0));
#1093 = PLANE('', #1094);
#1094 = AXIS2_PLACEMENT_3D('', #1095, #1096, #1097);
#1095 = CARTESIAN_POINT('', (155.75000000000009, -65.76040913868061, 13.0));
#1096 = DIRECTION('', (0.0, 0.0, 0.9999999999999999));
#1097 = DIRECTION('', (-1.0, 0.0, 0.0));
#1098 = CYLINDRICAL_SURFACE('', #1099, 7.549998771175717);
#1099 = AXIS2_PLACEMENT_3D('', #1100, #1101, #1102);
#1100 = CARTESIAN_POINT('', (103.49999887117566, -83.49999857117562, 14.0000003));
#1101 = DIRECTION('', (0.0, 0.0, 1.0));
#1102 = DIRECTION('', (0.7071067747551918, -0.7071067876179034, 0.0));
#1103 = SURFACE_CURVE('', #1104, (#860, #905), .CURVE_3D.);
#1104 = INTERSECTION_CURVE('', #1105, (#1109, #1114), .CURVE_3D.);
#1105 = B_SPLINE_CURVE_WITH_KNOTS('', 1, (#1106, #1107, #1108), .UNSPECIFIED., .U., .U., (2, 1, 2), (0.0, 0.5, 1.0), .UNSPECIFIED.);
#1106 = CARTESIAN_POINT('', (97.9654586189082, -78.3646947389325, 13.0));
#1107 = CARTESIAN_POINT('', (97.80594256637181, -78.54215587071826, 13.0));
#1108 = CARTESIAN_POINT('', (97.77731326556201, -78.57522944927182, 13.0));
#1109 = PLANE('', #1110);
#1110 = AXIS2_PLACEMENT_3D('', #1111, #1112, #1113);
#1111 = CARTESIAN_POINT('', (155.75000000000009, -65.76040913868061, 13.0));
#1112 = DIRECTION('', (0.0, 0.0, 0.9999999999999999));
#1113 = DIRECTION('', (-1.0, 0.0, 0.0));
#1114 = CYLINDRICAL_SURFACE('', #1115, 7.549998771175717);
#1115 = AXIS2_PLACEMENT_3D('', #1116, #1117, #1118);
#1116 = CARTESIAN_POINT('', (103.49999887117566, -83.49999857117562, 14.0000003));
#1117 = DIRECTION('', (0.0, 0.0, 1.0));
#1118 = DIRECTION('', (0.7071067747551918, -0.7071067876179034, 0.0));
#1119 = SURFACE_CURVE('', #1120, (#860, #905), .CURVE_3D.);
#1120 = INTERSECTION_CURVE('', #1121, (#1125, #1130), .CURVE_3D.);
#1121 = B_SPLINE_CURVE_WITH_KNOTS('', 1, (#1122, #1123, #1124), .UNSPECIFIED., .U., .U., (2, 1, 2), (0.0, 0.5, 1.0), .UNSPECIFIED.);
#1122 = CARTESIAN_POINT('', (98.16134407872883, -78.1613427234454, 13.0));
#1123 = CARTESIAN_POINT('', (98.11867640359893, -78.2043541396915, 13.0));
#1124 = CARTESIAN_POINT('', (97.96545860978074, -78.36469473014017, 13.0));
#1125 = PLANE('', #1126);
#1126 = AXIS2_PLACEMENT_3D('', #1127, #1128, #1129);
#1127 = CARTESIAN_POINT('', (155.75000000000009, -65.76040913868061, 13.0));
#1128 = DIRECTION('', (0.0, 0.0, 0.9999999999999999));
#1129 = DIRECTION('', (-1.0, 0.0, 0.0));
#1130 = CYLINDRICAL_SURFACE('', #1131, 7.549998771175717);
#1131 = AXIS2_PLACEMENT_3D('', #1132, #1133, #1134);
#1132 = CARTESIAN_POINT('', (103.49999887117566, -83.49999857117562, 14.0000003));
#1133 = DIRECTION('', (0.0, 0.0, 1.0));
#1134 = DIRECTION('', (0.7071067747551918, -0.7071067876179034, 0.0));
#1135 = SURFACE_CURVE('', #1136, (#860, #905), .CURVE_3D.);
#1136 = INTERSECTION_CURVE('', #1137, (#1164, #1169), .CURVE_3D.);
#1137 = B_SPLINE_CURVE_WITH_KNOTS('', 1, (#1138, #1139, #1140, #1141, #1142, #1143, #1144, #1145, #1146, #1147, #1148, #1149, #1150, #1151, #1152, #1153, #1154, #1155, #1156, #1157, #1158, #1159, #1160, #1161, #1162, #1163), .UNSPECIFIED., .U., .U., (2, 1, 1, 1, 1, 1, 1, 1, 1, 1, 1, 1, 1, 1, 1, 1, 1, 1, 1, 1, 1, 1, 1, 1, 1, 2), (0.0, 0.04, 0.08, 0.12, 0.16, 0.2, 0.24, 0.28, 0.32, 0.36, 0.4, 0.44, 0.48, 0.52, 0.56, 0.6, 0.64, 0.68, 0.72, 0.76, 0.8, 0.84, 0.88, 0.92, 0.96, 1.0), .UNSPECIFIED.);
#1138 = CARTESIAN_POINT('', (101.27459906964098, -76.28542464219346, 13.0));
#1139 = CARTESIAN_POINT('', (101.27157199569025, -76.28635905250205, 13.0));
#1140 = CARTESIAN_POINT('', (101.1887835470802, -76.31245621161898, 13.0));
#1141 = CARTESIAN_POINT('', (101.10112853695242, -76.34123453229724, 13.0));
#1142 = CARTESIAN_POINT('', (101.00816718706469, -76.37305979616039, 13.0));
#1143 = CARTESIAN_POINT('', (101.00639368911261, -76.37368012188197, 13.0));
#1144 = CARTESIAN_POINT('', (100.89923177595455, -76.41208689274947, 13.0));
#1145 = CARTESIAN_POINT('', (100.78237963460592, -76.4560630852572, 13.0));
#1146 = CARTESIAN_POINT('', (100.741675846237, -76.4719024182443, 13.0));
#1147 = CARTESIAN_POINT('', (100.64593244736622, -76.51023560715184, 13.0));
#1148 = CARTESIAN_POINT('', (100.49225779846066, -76.57497329438002, 13.0));
#1149 = CARTESIAN_POINT('', (100.48081576903752, -76.57995414642528, 13.0));
#1150 = CARTESIAN_POINT('', (100.29860237649385, -76.66234239902177, 13.0));
#1151 = CARTESIAN_POINT('', (100.22417829406272, -76.69768418625351, 13.0));
#1152 = CARTESIAN_POINT('', (100.05055381846299, -76.78406153505989, 13.0));
#1153 = CARTESIAN_POINT('', (99.97212235216772, -76.82492788155838, 13.0));
#1154 = CARTESIAN_POINT('', (99.72500046651692, -76.96150727045656, 13.0));
#1155 = CARTESIAN_POINT('', (99.66019044877237, -76.99935608569808, 13.0));
#1156 = CARTESIAN_POINT('', (99.48315825954819, -77.10723133424803, 13.0));
#1157 = CARTESIAN_POINT('', (99.24693396958841, -77.26189626457295, 13.0));
#1158 = CARTESIAN_POINT('', (99.01665797779654, -77.42528574845639, 13.0));
#1159 = CARTESIAN_POINT('', (98.79265234609545, -77.59717127084149, 13.0));
#1160 = CARTESIAN_POINT('', (98.57523036673896, -77.77731243418863, 13.0));
#1161 = CARTESIAN_POINT('', (98.57230420766564, -77.77983189983033, 13.0));
#1162 = CARTESIAN_POINT('', (98.36469612414398, -77.96545729469356, 13.0));
#1163 = CARTESIAN_POINT('', (98.16134406993652, -78.16134271431794, 13.0));
#1164 = PLANE('', #1165);
#1165 = AXIS2_PLACEMENT_3D('', #1166, #1167, #1168);
#1166 = CARTESIAN_POINT('', (155.75000000000009, -65.76040913868061, 13.0));
#1167 = DIRECTION('', (0.0, 0.0, 0.9999999999999999));
#1168 = DIRECTION('', (-1.0, 0.0, 0.0));
#1169 = CYLINDRICAL_SURFACE('', #1170, 7.549998771175717);
#1170 = AXIS2_PLACEMENT_3D('', #1171, #1172, #1173);
#1171 = CARTESIAN_POINT('', (103.49999887117566, -83.49999857117562, 14.0000003));
#1172 = DIRECTION('', (0.0, 0.0, 1.0));
#1173 = DIRECTION('', (0.7071067747551918, -0.7071067876179034, 0.0));
#1174 = SURFACE_CURVE('', #1175, (#860, #905), .CURVE_3D.);
#1175 = INTERSECTION_CURVE('', #1176, (#1184, #1189), .CURVE_3D.);
#1176 = B_SPLINE_CURVE_WITH_KNOTS('', 1, (#1177, #1178, #1179, #1180, #1181, #1182, #1183), .UNSPECIFIED., .U., .U., (2, 1, 1, 1, 1, 1, 2), (0.0, 0.16666666666666666, 0.3333333333333333, 0.5, 0.6666666666666666, 0.8333333333333334, 1.0), .UNSPECIFIED.);
#1177 = CARTESIAN_POINT('', (101.27459906613254, -76.28542463001536, 13.0));
#1178 = CARTESIAN_POINT('', (101.34428859669742, -76.26429579554535, 13.0));
#1179 = CARTESIAN_POINT('', (101.41322340651885, -76.24411477904795, 13.0));
#1180 = CARTESIAN_POINT('', (101.47886094820285, -76.22555818437775, 13.0));
#1181 = CARTESIAN_POINT('', (101.54143166767565, -76.20846265930294, 13.0));
#1182 = CARTESIAN_POINT('', (101.54591686677796, -76.20725937627472, 13.0));
#1183 = CARTESIAN_POINT('', (101.8199669680977, -76.1392938325385, 13.0));
#1184 = PLANE('', #1185);
#1185 = AXIS2_PLACEMENT_3D('', #1186, #1187, #1188);
#1186 = CARTESIAN_POINT('', (155.75000000000009, -65.76040913868061, 13.0));
#1187 = DIRECTION('', (0.0, 0.0, 0.9999999999999999));
#1188 = DIRECTION('', (-1.0, 0.0, 0.0));
#1189 = CYLINDRICAL_SURFACE('', #1190, 7.549998771175717);
#1190 = AXIS2_PLACEMENT_3D('', #1191, #1192, #1193);
#1191 = CARTESIAN_POINT('', (103.49999887117566, -83.49999857117562, 14.0000003));
#1192 = DIRECTION('', (0.0, 0.0, 1.0));
#1193 = DIRECTION('', (0.7071067747551918, -0.7071067876179034, 0.0));
#1194 = SURFACE_CURVE('', #1195, (#860, #905), .CURVE_3D.);
#1195 = INTERSECTION_CURVE('', #1196, (#1200, #1205), .CURVE_3D.);
#1196 = B_SPLINE_CURVE_WITH_KNOTS('', 1, (#1197, #1198, #1199), .UNSPECIFIED., .U., .U., (2, 1, 2), (0.0, 0.5, 1.0), .UNSPECIFIED.);
#1197 = CARTESIAN_POINT('', (102.37473161312761, -76.0343268096136, 13.0));
#1198 = CARTESIAN_POINT('', (102.09636806702217, -76.08162260265082, 13.0));
#1199 = CARTESIAN_POINT('', (101.8199669680977, -76.1392938325385, 13.0));
#1200 = PLANE('', #1201);
#1201 = AXIS2_PLACEMENT_3D('', #1202, #1203, #1204);
#1202 = CARTESIAN_POINT('', (155.75000000000009, -65.76040913868061, 13.0));
#1203 = DIRECTION('', (0.0, 0.0, 0.9999999999999999));
#1204 = DIRECTION('', (-1.0, 0.0, 0.0));
#1205 = CYLINDRICAL_SURFACE('', #1206, 7.549998771175717);
#1206 = AXIS2_PLACEMENT_3D('', #1207, #1208, #1209);
#1207 = CARTESIAN_POINT('', (103.49999887117566, -83.49999857117562, 14.0000003));
#1208 = DIRECTION('', (0.0, 0.0, 1.0));
#1209 = DIRECTION('', (0.7071067747551918, -0.7071067876179034, 0.0));
#1210 = SURFACE_CURVE('', #1211, (#860, #905), .CURVE_3D.);
#1211 = INTERSECTION_CURVE('', #1212, (#1226, #1231), .CURVE_3D.);
#1212 = B_SPLINE_CURVE_WITH_KNOTS('', 1, (#1213, #1214, #1215, #1216, #1217, #1218, #1219, #1220, #1221, #1222, #1223, #1224, #1225), .UNSPECIFIED., .U., .U., (2, 1, 1, 1, 1, 1, 1, 1, 1, 1, 1, 1, 2), (0.0, 0.08333333333333333, 0.16666666666666666, 0.25, 0.3333333333333333, 0.4166666666666667, 0.5, 0.5833333333333334, 0.6666666666666666, 0.75, 0.8333333333333334, 0.9166666666666666, 1.0), .UNSPECIFIED.);
#1213 = CARTESIAN_POINT('', (102.37473161147341, -76.0343267970486, 13.0));
#1214 = CARTESIAN_POINT('', (102.65466894408763, -75.9974724126658, 13.0));
#1215 = CARTESIAN_POINT('', (102.93578854750491, -75.97111099362354, 13.0));
#1216 = CARTESIAN_POINT('', (103.21769657309481, -75.95527943410676, 13.0));
#1217 = CARTESIAN_POINT('', (103.24905380457243, -75.95417137872666, 13.0));
#1218 = CARTESIAN_POINT('', (103.2741414131483, -75.95337880777106, 13.0));
#1219 = CARTESIAN_POINT('', (103.29466879895995, -75.95279239894217, 13.0));
#1220 = CARTESIAN_POINT('', (103.31177575165745, -75.95234638642084, 13.0));
#1221 = CARTESIAN_POINT('', (103.32625143197265, -75.95199928181918, 13.0));
#1222 = CARTESIAN_POINT('', (103.33865957125366, -75.95172386267068, 13.0));
#1223 = CARTESIAN_POINT('', (103.34941360055302, -75.95150166642523, 13.0));
#1224 = CARTESIAN_POINT('', (103.35882361124604, -75.95131981322476, 13.0));
#1225 = CARTESIAN_POINT('', (103.5000001, -75.9499998, 13.0));
#1226 = PLANE('', #1227);
#1227 = AXIS2_PLACEMENT_3D('', #1228, #1229, #1230);
#1228 = CARTESIAN_POINT('', (155.75000000000009, -65.76040913868061, 13.0));
#1229 = DIRECTION('', (0.0, 0.0, 0.9999999999999999));
#1230 = DIRECTION('', (-1.0, 0.0, 0.0));
#1231 = CYLINDRICAL_SURFACE('', #1232, 7.549998771175717);
#1232 = AXIS2_PLACEMENT_3D('', #1233, #1234, #1235);
#1233 = CARTESIAN_POINT('', (103.49999887117566, -83.49999857117562, 14.0000003));
#1234 = DIRECTION('', (0.0, 0.0, 1.0));
#1235 = DIRECTION('', (0.7071067747551918, -0.7071067876179034, 0.0));
#1236 = SURFACE_CURVE('', #1237, (#860, #900), .CURVE_3D.);
#1237 = INTERSECTION_CURVE('', #1238, (#1247, #1252), .CURVE_3D.);
#1238 = B_SPLINE_CURVE_WITH_KNOTS('', 1, (#1239, #1240, #1241, #1242, #1243, #1244, #1245, #1246), .UNSPECIFIED., .U., .U., (2, 1, 1, 1, 1, 1, 1, 2), (0.0, 0.14285714285714285, 0.2857142857142857, 0.42857142857142855, 0.5714285714285714, 0.7142857142857143, 0.8571428571428571, 1.0), .UNSPECIFIED.);
#1239 = CARTESIAN_POINT('', (138.0000001, -75.9499998, 13.0));
#1240 = CARTESIAN_POINT('', (137.8084601368225, -75.9499998, 13.0));
#1241 = CARTESIAN_POINT('', (137.46584832250238, -75.9499998, 13.0));
#1242 = CARTESIAN_POINT('', (136.4624478662938, -75.9499998, 13.0));
#1243 = CARTESIAN_POINT('', (135.95195933786135, -75.9499998, 13.0));
#1244 = CARTESIAN_POINT('', (132.43999208866734, -75.9499998, 13.0));
#1245 = CARTESIAN_POINT('', (112.1250026875, -75.9499998, 13.0));
#1246 = CARTESIAN_POINT('', (103.5000001, -75.9499998, 13.0));
#1247 = PLANE('', #1248);
#1248 = AXIS2_PLACEMENT_3D('', #1249, #1250, #1251);
#1249 = CARTESIAN_POINT('', (155.75000000000009, -65.76040913868061, 13.0));
#1250 = DIRECTION('', (0.0, 0.0, 0.9999999999999999));
#1251 = DIRECTION('', (-1.0, 0.0, 0.0));
#1252 = PLANE('', #1253);
#1253 = AXIS2_PLACEMENT_3D('', #1254, #1255, #1256);
#1254 = CARTESIAN_POINT('', (138.0000001, -75.9499998, 10.0000003));
#1255 = DIRECTION('', (0.0, 1.0, -0.0));
#1256 = DIRECTION('', (-1.0, 0.0, 0.0));
#1257 = SURFACE_CURVE('', #1258, (#860, #895), .CURVE_3D.);
#1258 = INTERSECTION_CURVE('', #1259, (#1263, #1268), .CURVE_3D.);
#1259 = B_SPLINE_CURVE_WITH_KNOTS('', 1, (#1260, #1261, #1262), .UNSPECIFIED., .U., .U., (2, 1, 2), (0.0, 0.5, 1.0), .UNSPECIFIED.);
#1260 = CARTESIAN_POINT('', (138.0000001, -75.9499998, 13.0));
#1261 = CARTESIAN_POINT('', (138.2374999931161, -75.7127906129352, 13.0));
#1262 = CARTESIAN_POINT('', (138.94999938746463, -75.00116333639171, 13.0));
#1263 = PLANE('', #1264);
#1264 = AXIS2_PLACEMENT_3D('', #1265, #1266, #1267);
#1265 = CARTESIAN_POINT('', (155.75000000000009, -65.76040913868061, 13.0));
#1266 = DIRECTION('', (0.0, 0.0, 0.9999999999999999));
#1267 = DIRECTION('', (-1.0, 0.0, 0.0));
#1268 = PLANE('', #1269);
#1269 = AXIS2_PLACEMENT_3D('', #1270, #1271, #1272);
#1270 = CARTESIAN_POINT('', (138.94999938746463, -75.00116333639173, 10.0000003));
#1271 = DIRECTION('', (-0.7066736251094546, 0.7075396720853623, 0.0));
#1272 = DIRECTION('', (-0.7075396720853623, -0.7066736251094546, 0.0));
#1273 = SURFACE_CURVE('', #1274, (#860, #890), .CURVE_3D.);
#1274 = INTERSECTION_CURVE('', #1275, (#1288, #1293), .CURVE_3D.);
#1275 = B_SPLINE_CURVE_WITH_KNOTS('', 1, (#1276, #1277, #1278, #1279, #1280, #1281, #1282, #1283, #1284, #1285, #1286, #1287), .UNSPECIFIED., .U., .U., (2, 1, 1, 1, 1, 1, 1, 1, 1, 1, 1, 2), (0.0, 0.09090909090909091, 0.18181818181818182, 0.2727272727272727, 0.36363636363636365, 0.45454545454545453, 0.5454545454545454, 0.6363636363636364, 0.7272727272727273, 0.8181818181818182, 0.9090909090909091, 1.0), .UNSPECIFIED.);
#1276 = CARTESIAN_POINT('', (138.97230452208726, -74.43041451718278, 13.0));
#1277 = CARTESIAN_POINT('', (138.9557526331679, -74.71557757588819, 13.0));
#1278 = CARTESIAN_POINT('', (138.95457972134713, -74.74729910909949, 13.0));
#1279 = CARTESIAN_POINT('', (138.9537374850335, -74.77267779191604, 13.0));
#1280 = CARTESIAN_POINT('', (138.95311189408955, -74.79344344822891, 13.0));
#1281 = CARTESIAN_POINT('', (138.95263422869525, -74.81074904137803, 13.0));
#1282 = CARTESIAN_POINT('', (138.95226105008905, -74.82539286008387, 13.0));
#1283 = CARTESIAN_POINT('', (138.95196379918403, -74.83794516030625, 13.0));
#1284 = CARTESIAN_POINT('', (138.95172306838688, -74.84882416068695, 13.0));
#1285 = CARTESIAN_POINT('', (138.95152529170332, -74.85834354514529, 13.0));
#1286 = CARTESIAN_POINT('', (138.95000073487768, -75.00012185641533, 13.0));
#1287 = CARTESIAN_POINT('', (138.94999938746463, -75.00116333639171, 13.0));
#1288 = PLANE('', #1289);
#1289 = AXIS2_PLACEMENT_3D('', #1290, #1291, #1292);
#1290 = CARTESIAN_POINT('', (155.75000000000009, -65.76040913868061, 13.0));
#1291 = DIRECTION('', (0.0, 0.0, 0.9999999999999999));
#1292 = DIRECTION('', (-1.0, 0.0, 0.0));
#1293 = CYLINDRICAL_SURFACE('', #1294, 7.5500031876601605);
#1294 = AXIS2_PLACEMENT_3D('', #1295, #1296, #1297);
#1295 = CARTESIAN_POINT('', (146.4999969123403, -75.01041039267236, 14.0000003));
#1296 = DIRECTION('', (0.0, 0.0, 1.0));
#1297 = DIRECTION('', (-6.1221598933E-4, -0.9999998125957736, 0.0));
#1298 = SURFACE_CURVE('', #1299, (#860, #890), .CURVE_3D.);
#1299 = INTERSECTION_CURVE('', #1300, (#1334, #1339), .CURVE_3D.);
#1300 = B_SPLINE_CURVE_WITH_KNOTS('', 1, (#1301, #1302, #1303, #1304, #1305, #1306, #1307, #1308, #1309, #1310, #1311, #1312, #1313, #1314, #1315, #1316, #1317, #1318, #1319, #1320, #1321, #1322, #1323, #1324, #1325, #1326, #1327, #1328, #1329, #1330, #1331, #1332, #1333), .UNSPECIFIED., .U., .U., (2, 1, 1, 1, 1, 1, 1, 1, 1, 1, 1, 1, 1, 1, 1, 1, 1, 1, 1, 1, 1, 1, 1, 1, 1, 1, 1, 1, 1, 1, 1, 1, 2), (0.0, 0.03125, 0.0625, 0.09375, 0.125, 0.15625, 0.1875, 0.21875, 0.25, 0.28125, 0.3125, 0.34375, 0.375, 0.40625, 0.4375, 0.46875, 0.5, 0.53125, 0.5625, 0.59375, 0.625, 0.65625, 0.6875, 0.71875, 0.75, 0.78125, 0.8125, 0.84375, 0.875, 0.90625, 0.9375, 0.96875, 1.0), .UNSPECIFIED.);
#1301 = CARTESIAN_POINT('', (138.9723045091762, -74.43041451594192, 13.0));
#1302 = CARTESIAN_POINT('', (138.9842422189007, -74.29209324703322, 13.0));
#1303 = CARTESIAN_POINT('', (138.9858132584968, -74.2758410290383, 13.0));
#1304 = CARTESIAN_POINT('', (138.98747500361634, -74.25903651461877, 13.0));
#1305 = CARTESIAN_POINT('', (138.98923427116947, -74.24164990873001, 13.0));
#1306 = CARTESIAN_POINT('', (138.99109853197461, -74.22364915378185, 13.0));
#1307 = CARTESIAN_POINT('', (138.99307598854472, -74.2049997039185, 13.0));
#1308 = CARTESIAN_POINT('', (138.99410995023766, -74.1954201805739, 13.0));
#1309 = CARTESIAN_POINT('', (138.99517566406655, -74.18566427104619, 13.0));
#1310 = CARTESIAN_POINT('', (138.9962744029007, -74.17572683885808, 13.0));
#1311 = CARTESIAN_POINT('', (138.99740750448268, -74.1656025383166, 13.0));
#1312 = CARTESIAN_POINT('', (138.998576375554, -74.15528580294321, 13.0));
#1313 = CARTESIAN_POINT('', (138.9996313243558, -74.1460816471962, 13.0));
#1314 = CARTESIAN_POINT('', (138.99978377932126, -74.1447597166099, 13.0));
#1315 = CARTESIAN_POINT('', (139.00103989808244, -74.13394485884253, 13.0));
#1316 = CARTESIAN_POINT('', (139.00233800071888, -74.122908855399, 13.0));
#1317 = CARTESIAN_POINT('', (139.00367994462138, -74.11164454264907, 13.0));
#1318 = CARTESIAN_POINT('', (139.0050676921627, -74.10014443252297, 13.0));
#1319 = CARTESIAN_POINT('', (139.00650331801887, -74.08840069340536, 13.0));
#1320 = CARTESIAN_POINT('', (139.00798901710306, -74.07640512963513, 13.0));
#1321 = CARTESIAN_POINT('', (139.00952711317197, -74.06414915948903, 13.0));
#1322 = CARTESIAN_POINT('', (139.011120068172, -74.05162379151523, 13.0));
#1323 = CARTESIAN_POINT('', (139.01277049239934, -74.03881959906792, 13.0));
#1324 = CARTESIAN_POINT('', (139.01448115555758, -74.02572669288008, 13.0));
#1325 = CARTESIAN_POINT('', (139.01625499880578, -74.01233469149273, 13.0));
#1326 = CARTESIAN_POINT('', (139.01809514790114, -73.99863268933989, 13.0));
#1327 = CARTESIAN_POINT('', (139.02000492755354, -73.98460922226724, 13.0));
#1328 = CARTESIAN_POINT('', (139.02198787712265, -73.97025223023648, 13.0));
#1329 = CARTESIAN_POINT('', (139.02404776780565, -73.95554901694064, 13.0));
#1330 = CARTESIAN_POINT('', (139.026188621482, -73.94048620602354, 13.0));
#1331 = CARTESIAN_POINT('', (139.02841473145781, -73.92504969318215, 13.0));
#1332 = CARTESIAN_POINT('', (139.03769396384752, -73.86298595568545, 13.0));
#1333 = CARTESIAN_POINT('', (139.08643781603325, -73.58153333034626, 13.0));
#1334 = PLANE('', #1335);
#1335 = AXIS2_PLACEMENT_3D('', #1336, #1337, #1338);
#1336 = CARTESIAN_POINT('', (155.75000000000009, -65.76040913868061, 13.0));
#1337 = DIRECTION('', (0.0, 0.0, 0.9999999999999999));
#1338 = DIRECTION('', (-1.0, 0.0, 0.0));
#1339 = CYLINDRICAL_SURFACE('', #1340, 7.5500031876601605);
#1340 = AXIS2_PLACEMENT_3D('', #1341, #1342, #1343);
#1341 = CARTESIAN_POINT('', (146.4999969123403, -75.01041039267236, 14.0000003));
#1342 = DIRECTION('', (0.0, 0.0, 1.0));
#1343 = DIRECTION('', (-6.1221598933E-4, -0.9999998125957736, 0.0));
#1344 = SURFACE_CURVE('', #1345, (#860, #890), .CURVE_3D.);
#1345 = INTERSECTION_CURVE('', #1346, (#1349, #1354), .CURVE_3D.);
#1346 = B_SPLINE_CURVE_WITH_KNOTS('', 1, (#1347, #1348), .UNSPECIFIED., .U., .U., (2, 2), (0.0, 1.0), .UNSPECIFIED.);
#1347 = CARTESIAN_POINT('', (139.08643781603325, -73.58153333034626, 13.0));
#1348 = CARTESIAN_POINT('', (139.14579351194433, -73.30212461931275, 13.0));
#1349 = PLANE('', #1350);
#1350 = AXIS2_PLACEMENT_3D('', #1351, #1352, #1353);
#1351 = CARTESIAN_POINT('', (155.75000000000009, -65.76040913868061, 13.0));
#1352 = DIRECTION('', (0.0, 0.0, 0.9999999999999999));
#1353 = DIRECTION('', (-1.0, 0.0, 0.0));
#1354 = CYLINDRICAL_SURFACE('', #1355, 7.5500031876601605);
#1355 = AXIS2_PLACEMENT_3D('', #1356, #1357, #1358);
#1356 = CARTESIAN_POINT('', (146.4999969123403, -75.01041039267236, 14.0000003));
#1357 = DIRECTION('', (0.0, 0.0, 1.0));
#1358 = DIRECTION('', (-6.1221598933E-4, -0.9999998125957736, 0.0));
#1359 = SURFACE_CURVE('', #1360, (#860, #890), .CURVE_3D.);
#1360 = INTERSECTION_CURVE('', #1361, (#1365, #1370), .CURVE_3D.);
#1361 = B_SPLINE_CURVE_WITH_KNOTS('', 1, (#1362, #1363, #1364), .UNSPECIFIED., .U., .U., (2, 1, 2), (0.0, 0.5, 1.0), .UNSPECIFIED.);
#1362 = CARTESIAN_POINT('', (139.14579349936793, -73.30212461613952, 13.0));
#1363 = CARTESIAN_POINT('', (139.21567566458944, -73.02516177014571, 13.0));
#1364 = CARTESIAN_POINT('', (139.29598420879796, -72.75104121060426, 13.0));
#1365 = PLANE('', #1366);
#1366 = AXIS2_PLACEMENT_3D('', #1367, #1368, #1369);
#1367 = CARTESIAN_POINT('', (155.75000000000009, -65.76040913868061, 13.0));
#1368 = DIRECTION('', (0.0, 0.0, 0.9999999999999999));
#1369 = DIRECTION('', (-1.0, 0.0, 0.0));
#1370 = CYLINDRICAL_SURFACE('', #1371, 7.5500031876601605);
#1371 = AXIS2_PLACEMENT_3D('', #1372, #1373, #1374);
#1372 = CARTESIAN_POINT('', (146.4999969123403, -75.01041039267236, 14.0000003));
#1373 = DIRECTION('', (0.0, 0.0, 1.0));
#1374 = DIRECTION('', (-6.1221598933E-4, -0.9999998125957736, 0.0));
#1375 = SURFACE_CURVE('', #1376, (#860, #890), .CURVE_3D.);
#1376 = INTERSECTION_CURVE('', #1377, (#1381, #1386), .CURVE_3D.);
#1377 = B_SPLINE_CURVE_WITH_KNOTS('', 1, (#1378, #1379, #1380), .UNSPECIFIED., .U., .U., (2, 1, 2), (0.0, 0.5, 1.0), .UNSPECIFIED.);
#1378 = CARTESIAN_POINT('', (139.29598420879796, -72.75104121060426, 13.0));
#1379 = CARTESIAN_POINT('', (139.3866047957453, -72.4801533446152, 13.0));
#1380 = CARTESIAN_POINT('', (139.48740684419468, -72.21288851253917, 13.0));
#1381 = PLANE('', #1382);
#1382 = AXIS2_PLACEMENT_3D('', #1383, #1384, #1385);
#1383 = CARTESIAN_POINT('', (155.75000000000009, -65.76040913868061, 13.0));
#1384 = DIRECTION('', (0.0, 0.0, 0.9999999999999999));
#1385 = DIRECTION('', (-1.0, 0.0, 0.0));
#1386 = CYLINDRICAL_SURFACE('', #1387, 7.5500031876601605);
#1387 = AXIS2_PLACEMENT_3D('', #1388, #1389, #1390);
#1388 = CARTESIAN_POINT('', (146.4999969123403, -75.01041039267236, 14.0000003));
#1389 = DIRECTION('', (0.0, 0.0, 1.0));
#1390 = DIRECTION('', (-6.1221598933E-4, -0.9999998125957736, 0.0));
#1391 = SURFACE_CURVE('', #1392, (#860, #890), .CURVE_3D.);
#1392 = INTERSECTION_CURVE('', #1393, (#1396, #1401), .CURVE_3D.);
#1393 = B_SPLINE_CURVE_WITH_KNOTS('', 1, (#1394, #1395), .UNSPECIFIED., .U., .U., (2, 2), (0.0, 1.0), .UNSPECIFIED.);
#1394 = CARTESIAN_POINT('', (139.59824704753294, -71.94962671173542, 13.0));
#1395 = CARTESIAN_POINT('', (139.48740684419468, -72.21288851253917, 13.0));
#1396 = PLANE('', #1397);
#1397 = AXIS2_PLACEMENT_3D('', #1398, #1399, #1400);
#1398 = CARTESIAN_POINT('', (155.75000000000009, -65.76040913868061, 13.0));
#1399 = DIRECTION('', (0.0, 0.0, 0.9999999999999999));
#1400 = DIRECTION('', (-1.0, 0.0, 0.0));
#1401 = CYLINDRICAL_SURFACE('', #1402, 7.5500031876601605);
#1402 = AXIS2_PLACEMENT_3D('', #1403, #1404, #1405);
#1403 = CARTESIAN_POINT('', (146.4999969123403, -75.01041039267236, 14.0000003));
#1404 = DIRECTION('', (0.0, 0.0, 1.0));
#1405 = DIRECTION('', (-6.1221598933E-4, -0.9999998125957736, 0.0));
#1406 = SURFACE_CURVE('', #1407, (#860, #890), .CURVE_3D.);
#1407 = INTERSECTION_CURVE('', #1408, (#1411, #1416), .CURVE_3D.);
#1408 = B_SPLINE_CURVE_WITH_KNOTS('', 1, (#1409, #1410), .UNSPECIFIED., .U., .U., (2, 2), (0.0, 1.0), .UNSPECIFIED.);
#1409 = CARTESIAN_POINT('', (139.59824703577766, -71.94962670625378, 13.0));
#1410 = CARTESIAN_POINT('', (139.71896596650313, -71.69074666731444, 13.0));
#1411 = PLANE('', #1412);
#1412 = AXIS2_PLACEMENT_3D('', #1413, #1414, #1415);
#1413 = CARTESIAN_POINT('', (155.75000000000009, -65.76040913868061, 13.0));
#1414 = DIRECTION('', (0.0, 0.0, 0.9999999999999999));
#1415 = DIRECTION('', (-1.0, 0.0, 0.0));
#1416 = CYLINDRICAL_SURFACE('', #1417, 7.5500031876601605);
#1417 = AXIS2_PLACEMENT_3D('', #1418, #1419, #1420);
#1418 = CARTESIAN_POINT('', (146.4999969123403, -75.01041039267236, 14.0000003));
#1419 = DIRECTION('', (0.0, 0.0, 1.0));
#1420 = DIRECTION('', (-6.1221598933E-4, -0.9999998125957736, 0.0));
#1421 = SURFACE_CURVE('', #1422, (#860, #890), .CURVE_3D.);
#1422 = INTERSECTION_CURVE('', #1423, (#1426, #1431), .CURVE_3D.);
#1423 = B_SPLINE_CURVE_WITH_KNOTS('', 1, (#1424, #1425), .UNSPECIFIED., .U., .U., (2, 2), (0.0, 1.0), .UNSPECIFIED.);
#1424 = CARTESIAN_POINT('', (139.7189659549636, -71.69074666139208, 13.0));
#1425 = CARTESIAN_POINT('', (139.84939073739622, -71.43661889910778, 13.0));
#1426 = PLANE('', #1427);
#1427 = AXIS2_PLACEMENT_3D('', #1428, #1429, #1430);
#1428 = CARTESIAN_POINT('', (155.75000000000009, -65.76040913868061, 13.0));
#1429 = DIRECTION('', (0.0, 0.0, 0.9999999999999999));
#1430 = DIRECTION('', (-1.0, 0.0, 0.0));
#1431 = CYLINDRICAL_SURFACE('', #1432, 7.5500031876601605);
#1432 = AXIS2_PLACEMENT_3D('', #1433, #1434, #1435);
#1433 = CARTESIAN_POINT('', (146.4999969123403, -75.01041039267236, 14.0000003));
#1434 = DIRECTION('', (0.0, 0.0, 1.0));
#1435 = DIRECTION('', (-6.1221598933E-4, -0.9999998125957736, 0.0));
#1436 = SURFACE_CURVE('', #1437, (#860, #890), .CURVE_3D.);
#1437 = INTERSECTION_CURVE('', #1438, (#1446, #1451), .CURVE_3D.);
#1438 = B_SPLINE_CURVE_WITH_KNOTS('', 1, (#1439, #1440, #1441, #1442, #1443, #1444, #1445), .UNSPECIFIED., .U., .U., (2, 1, 1, 1, 1, 1, 2), (0.0, 0.16666666666666666, 0.3333333333333333, 0.5, 0.6666666666666666, 0.8333333333333334, 1.0), .UNSPECIFIED.);
#1439 = CARTESIAN_POINT('', (139.84939073739622, -71.43661889910778, 13.0));
#1440 = CARTESIAN_POINT('', (139.98933566971692, -71.18760536004505, 13.0));
#1441 = CARTESIAN_POINT('', (140.1385994652477, -70.94406428666979, 13.0));
#1442 = CARTESIAN_POINT('', (140.29696879631146, -70.70634367322732, 13.0));
#1443 = CARTESIAN_POINT('', (140.46421697724938, -70.4747837866969, 13.0));
#1444 = CARTESIAN_POINT('', (140.6401046134525, -70.2497160757566, 13.0));
#1445 = CARTESIAN_POINT('', (140.8243794918535, -70.03146321179712, 13.0));
#1446 = PLANE('', #1447);
#1447 = AXIS2_PLACEMENT_3D('', #1448, #1449, #1450);
#1448 = CARTESIAN_POINT('', (155.75000000000009, -65.76040913868061, 13.0));
#1449 = DIRECTION('', (0.0, 0.0, 0.9999999999999999));
#1450 = DIRECTION('', (-1.0, 0.0, 0.0));
#1451 = CYLINDRICAL_SURFACE('', #1452, 7.5500031876601605);
#1452 = AXIS2_PLACEMENT_3D('', #1453, #1454, #1455);
#1453 = CARTESIAN_POINT('', (146.4999969123403, -75.01041039267236, 14.0000003));
#1454 = DIRECTION('', (0.0, 0.0, 1.0));
#1455 = DIRECTION('', (-6.1221598933E-4, -0.9999998125957736, 0.0));
#1456 = SURFACE_CURVE('', #1457, (#860, #890), .CURVE_3D.);
#1457 = INTERSECTION_CURVE('', #1458, (#1461, #1466), .CURVE_3D.);
#1458 = B_SPLINE_CURVE_WITH_KNOTS('', 1, (#1459, #1460), .UNSPECIFIED., .U., .U., (2, 2), (0.0, 1.0), .UNSPECIFIED.);
#1459 = CARTESIAN_POINT('', (141.0167792113966, -69.82033605968674, 13.0));
#1460 = CARTESIAN_POINT('', (140.8243794918535, -70.03146321179712, 13.0));
#1461 = PLANE('', #1462);
#1462 = AXIS2_PLACEMENT_3D('', #1463, #1464, #1465);
#1463 = CARTESIAN_POINT('', (155.75000000000009, -65.76040913868061, 13.0));
#1464 = DIRECTION('', (0.0, 0.0, 0.9999999999999999));
#1465 = DIRECTION('', (-1.0, 0.0, 0.0));
#1466 = CYLINDRICAL_SURFACE('', #1467, 7.5500031876601605);
#1467 = AXIS2_PLACEMENT_3D('', #1468, #1469, #1470);
#1468 = CARTESIAN_POINT('', (146.4999969123403, -75.01041039267236, 14.0000003));
#1469 = DIRECTION('', (0.0, 0.0, 1.0));
#1470 = DIRECTION('', (-6.1221598933E-4, -0.9999998125957736, 0.0));
#1471 = SURFACE_CURVE('', #1472, (#860, #890), .CURVE_3D.);
#1472 = INTERSECTION_CURVE('', #1473, (#1476, #1481), .CURVE_3D.);
#1473 = B_SPLINE_CURVE_WITH_KNOTS('', 1, (#1474, #1475), .UNSPECIFIED., .U., .U., (2, 2), (0.0, 1.0), .UNSPECIFIED.);
#1474 = CARTESIAN_POINT('', (141.01677920214706, -69.82033605059385, 13.0));
#1475 = CARTESIAN_POINT('', (141.21702700152466, -69.61663834898393, 13.0));
#1476 = PLANE('', #1477);
#1477 = AXIS2_PLACEMENT_3D('', #1478, #1479, #1480);
#1478 = CARTESIAN_POINT('', (155.75000000000009, -65.76040913868061, 13.0));
#1479 = DIRECTION('', (0.0, 0.0, 0.9999999999999999));
#1480 = DIRECTION('', (-1.0, 0.0, 0.0));
#1481 = CYLINDRICAL_SURFACE('', #1482, 7.5500031876601605);
#1482 = AXIS2_PLACEMENT_3D('', #1483, #1484, #1485);
#1483 = CARTESIAN_POINT('', (146.4999969123403, -75.01041039267236, 14.0000003));
#1484 = DIRECTION('', (0.0, 0.0, 1.0));
#1485 = DIRECTION('', (-6.1221598933E-4, -0.9999998125957736, 0.0));
#1486 = SURFACE_CURVE('', #1487, (#860, #890), .CURVE_3D.);
#1487 = INTERSECTION_CURVE('', #1488, (#1494, #1499), .CURVE_3D.);
#1488 = B_SPLINE_CURVE_WITH_KNOTS('', 1, (#1489, #1490, #1491, #1492, #1493), .UNSPECIFIED., .U., .U., (2, 1, 1, 1, 2), (0.0, 0.25, 0.5, 0.75, 1.0), .UNSPECIFIED.);
#1489 = CARTESIAN_POINT('', (141.63991083740666, -69.23268495076232, 13.0));
#1490 = CARTESIAN_POINT('', (141.63232148215252, -69.23907744091632, 13.0));
#1491 = CARTESIAN_POINT('', (141.59718117292334, -69.26889961945214, 13.0));
#1492 = CARTESIAN_POINT('', (141.42483668572282, -69.42066113104724, 13.0));
#1493 = CARTESIAN_POINT('', (141.21702699262568, -69.61663833954765, 13.0));
#1494 = PLANE('', #1495);
#1495 = AXIS2_PLACEMENT_3D('', #1496, #1497, #1498);
#1496 = CARTESIAN_POINT('', (155.75000000000009, -65.76040913868061, 13.0));
#1497 = DIRECTION('', (0.0, 0.0, 0.9999999999999999));
#1498 = DIRECTION('', (-1.0, 0.0, 0.0));
#1499 = CYLINDRICAL_SURFACE('', #1500, 7.5500031876601605);
#1500 = AXIS2_PLACEMENT_3D('', #1501, #1502, #1503);
#1501 = CARTESIAN_POINT('', (146.4999969123403, -75.01041039267236, 14.0000003));
#1502 = DIRECTION('', (0.0, 0.0, 1.0));
#1503 = DIRECTION('', (-6.1221598933E-4, -0.9999998125957736, 0.0));
#1504 = SURFACE_CURVE('', #1505, (#860, #890), .CURVE_3D.);
#1505 = INTERSECTION_CURVE('', #1506, (#1511, #1516), .CURVE_3D.);
#1506 = B_SPLINE_CURVE_WITH_KNOTS('', 1, (#1507, #1508, #1509, #1510), .UNSPECIFIED., .U., .U., (2, 1, 1, 2), (0.0, 0.3333333333333333, 0.6666666666666666, 1.0), .UNSPECIFIED.);
#1507 = CARTESIAN_POINT('', (141.86194102965052, -69.05297925478034, 13.0));
#1508 = CARTESIAN_POINT('', (141.8592019940632, -69.05511269564894, 13.0));
#1509 = CARTESIAN_POINT('', (141.81955752621127, -69.08621970647303, 13.0));
#1510 = CARTESIAN_POINT('', (141.63991082924653, -69.23268494068029, 13.0));
#1511 = PLANE('', #1512);
#1512 = AXIS2_PLACEMENT_3D('', #1513, #1514, #1515);
#1513 = CARTESIAN_POINT('', (155.75000000000009, -65.76040913868061, 13.0));
#1514 = DIRECTION('', (0.0, 0.0, 0.9999999999999999));
#1515 = DIRECTION('', (-1.0, 0.0, 0.0));
#1516 = CYLINDRICAL_SURFACE('', #1517, 7.5500031876601605);
#1517 = AXIS2_PLACEMENT_3D('', #1518, #1519, #1520);
#1518 = CARTESIAN_POINT('', (146.4999969123403, -75.01041039267236, 14.0000003));
#1519 = DIRECTION('', (0.0, 0.0, 1.0));
#1520 = DIRECTION('', (-6.1221598933E-4, -0.9999998125957736, 0.0));
#1521 = SURFACE_CURVE('', #1522, (#860, #890), .CURVE_3D.);
#1522 = INTERSECTION_CURVE('', #1523, (#1527, #1532), .CURVE_3D.);
#1523 = B_SPLINE_CURVE_WITH_KNOTS('', 1, (#1524, #1525, #1526), .UNSPECIFIED., .U., .U., (2, 1, 2), (0.0, 0.5, 1.0), .UNSPECIFIED.);
#1524 = CARTESIAN_POINT('', (142.0906111088618, -68.88180004660363, 13.0));
#1525 = CARTESIAN_POINT('', (142.0580333982392, -68.90537081269639, 13.0));
#1526 = CARTESIAN_POINT('', (141.86194102965052, -69.05297925478034, 13.0));
#1527 = PLANE('', #1528);
#1528 = AXIS2_PLACEMENT_3D('', #1529, #1530, #1531);
#1529 = CARTESIAN_POINT('', (155.75000000000009, -65.76040913868061, 13.0));
#1530 = DIRECTION('', (0.0, 0.0, 0.9999999999999999));
#1531 = DIRECTION('', (-1.0, 0.0, 0.0));
#1532 = CYLINDRICAL_SURFACE('', #1533, 7.5500031876601605);
#1533 = AXIS2_PLACEMENT_3D('', #1534, #1535, #1536);
#1534 = CARTESIAN_POINT('', (146.4999969123403, -75.01041039267236, 14.0000003));
#1535 = DIRECTION('', (0.0, 0.0, 1.0));
#1536 = DIRECTION('', (-6.1221598933E-4, -0.9999998125957736, 0.0));
#1537 = SURFACE_CURVE('', #1538, (#860, #890), .CURVE_3D.);
#1538 = INTERSECTION_CURVE('', #1539, (#1556, #1561), .CURVE_3D.);
#1539 = B_SPLINE_CURVE_WITH_KNOTS('', 1, (#1540, #1541, #1542, #1543, #1544, #1545, #1546, #1547, #1548, #1549, #1550, #1551, #1552, #1553, #1554, #1555), .UNSPECIFIED., .U., .U., (2, 1, 1, 1, 1, 1, 1, 1, 1, 1, 1, 1, 1, 1, 1, 2), (0.0, 0.06666666666666667, 0.13333333333333333, 0.2, 0.26666666666666666, 0.3333333333333333, 0.4, 0.4666666666666667, 0.5333333333333333, 0.6, 0.6666666666666666, 0.7333333333333333, 0.8, 0.8666666666666667, 0.9333333333333333, 1.0), .UNSPECIFIED.);
#1540 = CARTESIAN_POINT('', (143.58310769835356, -68.04662511116013, 13.0));
#1541 = CARTESIAN_POINT('', (143.3217786953203, -68.16194508293464, 13.0));
#1542 = CARTESIAN_POINT('', (143.31952891548337, -68.16298960418214, 13.0));
#1543 = CARTESIAN_POINT('', (143.23295111759836, -68.20387236598526, 13.0));
#1544 = CARTESIAN_POINT('', (143.0649982775471, -68.28706803097104, 13.0));
#1545 = CARTESIAN_POINT('', (142.97127351922086, -68.33578236194806, 13.0));
#1546 = CARTESIAN_POINT('', (142.89791510102418, -68.37508411898662, 13.0));
#1547 = CARTESIAN_POINT('', (142.81313462568667, -68.42181459288847, 13.0));
#1548 = CARTESIAN_POINT('', (142.65608015056267, -68.51219124722923, 13.0));
#1549 = CARTESIAN_POINT('', (142.59322437386214, -68.54978530942601, 13.0));
#1550 = CARTESIAN_POINT('', (142.56654825068807, -68.56599189603318, 13.0));
#1551 = CARTESIAN_POINT('', (142.36828501088326, -68.69127240580764, 13.0));
#1552 = CARTESIAN_POINT('', (142.32559210974637, -68.7193935688386, 13.0));
#1553 = CARTESIAN_POINT('', (142.3145648373103, -68.72672465267956, 13.0));
#1554 = CARTESIAN_POINT('', (142.10367793762495, -68.8724198740876, 13.0));
#1555 = CARTESIAN_POINT('', (142.0906111014872, -68.88180003593357, 13.0));
#1556 = PLANE('', #1557);
#1557 = AXIS2_PLACEMENT_3D('', #1558, #1559, #1560);
#1558 = CARTESIAN_POINT('', (155.75000000000009, -65.76040913868061, 13.0));
#1559 = DIRECTION('', (0.0, 0.0, 0.9999999999999999));
#1560 = DIRECTION('', (-1.0, 0.0, 0.0));
#1561 = CYLINDRICAL_SURFACE('', #1562, 7.5500031876601605);
#1562 = AXIS2_PLACEMENT_3D('', #1563, #1564, #1565);
#1563 = CARTESIAN_POINT('', (146.4999969123403, -75.01041039267236, 14.0000003));
#1564 = DIRECTION('', (0.0, 0.0, 1.0));
#1565 = DIRECTION('', (-6.1221598933E-4, -0.9999998125957736, 0.0));
#1566 = SURFACE_CURVE('', #1567, (#860, #890), .CURVE_3D.);
#1567 = INTERSECTION_CURVE('', #1568, (#1573, #1578), .CURVE_3D.);
#1568 = B_SPLINE_CURVE_WITH_KNOTS('', 1, (#1569, #1570, #1571, #1572), .UNSPECIFIED., .U., .U., (2, 1, 1, 2), (0.0, 0.3333333333333333, 0.6666666666666666, 1.0), .UNSPECIFIED.);
#1569 = CARTESIAN_POINT('', (143.84861248073, -67.94127262845436, 13.0));
#1570 = CARTESIAN_POINT('', (143.7210094107123, -67.99045479455964, 13.0));
#1571 = CARTESIAN_POINT('', (143.6071758337851, -68.03659261894573, 13.0));
#1572 = CARTESIAN_POINT('', (143.58310769835356, -68.04662511116013, 13.0));
#1573 = PLANE('', #1574);
#1574 = AXIS2_PLACEMENT_3D('', #1575, #1576, #1577);
#1575 = CARTESIAN_POINT('', (155.75000000000009, -65.76040913868061, 13.0));
#1576 = DIRECTION('', (0.0, 0.0, 0.9999999999999999));
#1577 = DIRECTION('', (-1.0, 0.0, 0.0));
#1578 = CYLINDRICAL_SURFACE('', #1579, 7.5500031876601605);
#1579 = AXIS2_PLACEMENT_3D('', #1580, #1581, #1582);
#1580 = CARTESIAN_POINT('', (146.4999969123403, -75.01041039267236, 14.0000003));
#1581 = DIRECTION('', (0.0, 0.0, 1.0));
#1582 = DIRECTION('', (-6.1221598933E-4, -0.9999998125957736, 0.0));
#1583 = SURFACE_CURVE('', #1584, (#860, #890), .CURVE_3D.);
#1584 = INTERSECTION_CURVE('', #1585, (#1589, #1594), .CURVE_3D.);
#1585 = B_SPLINE_CURVE_WITH_KNOTS('', 1, (#1586, #1587, #1588), .UNSPECIFIED., .U., .U., (2, 1, 2), (0.0, 0.5, 1.0), .UNSPECIFIED.);
#1586 = CARTESIAN_POINT('', (143.84861248073, -67.94127262845436, 13.000000000000002));
#1587 = CARTESIAN_POINT('', (144.04241882824613, -67.87158289130642, 13.0));
#1588 = CARTESIAN_POINT('', (144.1179130389415, -67.84603851804496, 13.000000000000002));
#1589 = PLANE('', #1590);
#1590 = AXIS2_PLACEMENT_3D('', #1591, #1592, #1593);
#1591 = CARTESIAN_POINT('', (155.75000000000009, -65.76040913868061, 13.0));
#1592 = DIRECTION('', (0.0, 0.0, 0.9999999999999999));
#1593 = DIRECTION('', (-1.0, 0.0, 0.0));
#1594 = CYLINDRICAL_SURFACE('', #1595, 7.5500031876601605);
#1595 = AXIS2_PLACEMENT_3D('', #1596, #1597, #1598);
#1596 = CARTESIAN_POINT('', (146.4999969123403, -75.01041039267236, 14.0000003));
#1597 = DIRECTION('', (0.0, 0.0, 1.0));
#1598 = DIRECTION('', (-6.1221598933E-4, -0.9999998125957736, 0.0));
#1599 = SURFACE_CURVE('', #1600, (#860, #890), .CURVE_3D.);
#1600 = INTERSECTION_CURVE('', #1601, (#1607, #1612), .CURVE_3D.);
#1601 = B_SPLINE_CURVE_WITH_KNOTS('', 1, (#1602, #1603, #1604, #1605, #1606), .UNSPECIFIED., .U., .U., (2, 1, 1, 1, 2), (0.0, 0.25, 0.5, 0.75, 1.0), .UNSPECIFIED.);
#1602 = CARTESIAN_POINT('', (144.66635146846454, -67.68645706649583, 12.999999999999998));
#1603 = CARTESIAN_POINT('', (144.5712315428971, -67.71093011779557, 13.0));
#1604 = CARTESIAN_POINT('', (144.39062259863238, -67.76105951563876, 13.0));
#1605 = CARTESIAN_POINT('', (144.19140345688623, -67.82202083790327, 13.0));
#1606 = CARTESIAN_POINT('', (144.11791303508275, -67.84603850566172, 13.0));
#1607 = PLANE('', #1608);
#1608 = AXIS2_PLACEMENT_3D('', #1609, #1610, #1611);
#1609 = CARTESIAN_POINT('', (155.75000000000009, -65.76040913868061, 13.0));
#1610 = DIRECTION('', (0.0, 0.0, 0.9999999999999999));
#1611 = DIRECTION('', (-1.0, 0.0, 0.0));
#1612 = CYLINDRICAL_SURFACE('', #1613, 7.5500031876601605);
#1613 = AXIS2_PLACEMENT_3D('', #1614, #1615, #1616);
#1614 = CARTESIAN_POINT('', (146.4999969123403, -75.01041039267236, 14.0000003));
#1615 = DIRECTION('', (0.0, 0.0, 1.0));
#1616 = DIRECTION('', (-6.1221598933E-4, -0.9999998125957736, 0.0));
#1617 = SURFACE_CURVE('', #1618, (#860, #890), .CURVE_3D.);
#1618 = INTERSECTION_CURVE('', #1619, (#1627, #1632), .CURVE_3D.);
#1619 = B_SPLINE_CURVE_WITH_KNOTS('', 1, (#1620, #1621, #1622, #1623, #1624, #1625, #1626), .UNSPECIFIED., .U., .U., (2, 1, 1, 1, 1, 1, 2), (0.0, 0.16666666666666666, 0.3333333333333333, 0.5, 0.6666666666666666, 0.8333333333333334, 1.0), .UNSPECIFIED.);
#1620 = CARTESIAN_POINT('', (145.7915129272519, -67.49372238687141, 13.0));
#1621 = CARTESIAN_POINT('', (145.50768895530518, -67.52590152087032, 13.0));
#1622 = CARTESIAN_POINT('', (145.30997456275492, -67.55478198581315, 13.0));
#1623 = CARTESIAN_POINT('', (145.22528466448975, -67.56879384659459, 13.0));
#1624 = CARTESIAN_POINT('', (144.9447049629667, -67.6223379048111, 13.0));
#1625 = CARTESIAN_POINT('', (144.79638924357812, -67.65512188408118, 13.0));
#1626 = CARTESIAN_POINT('', (144.66635146555302, -67.68645705385629, 13.0));
#1627 = PLANE('', #1628);
#1628 = AXIS2_PLACEMENT_3D('', #1629, #1630, #1631);
#1629 = CARTESIAN_POINT('', (155.75000000000009, -65.76040913868061, 13.0));
#1630 = DIRECTION('', (0.0, 0.0, 0.9999999999999999));
#1631 = DIRECTION('', (-1.0, 0.0, 0.0));
#1632 = CYLINDRICAL_SURFACE('', #1633, 7.5500031876601605);
#1633 = AXIS2_PLACEMENT_3D('', #1634, #1635, #1636);
#1634 = CARTESIAN_POINT('', (146.4999969123403, -75.01041039267236, 14.0000003));
#1635 = DIRECTION('', (0.0, 0.0, 1.0));
#1636 = DIRECTION('', (-6.1221598933E-4, -0.9999998125957736, 0.0));
#1637 = SURFACE_CURVE('', #1638, (#860, #890), .CURVE_3D.);
#1638 = INTERSECTION_CURVE('', #1639, (#1644, #1649), .CURVE_3D.);
#1639 = B_SPLINE_CURVE_WITH_KNOTS('', 1, (#1640, #1641, #1642, #1643), .UNSPECIFIED., .U., .U., (2, 1, 1, 2), (0.0, 0.3333333333333333, 0.6666666666666666, 1.0), .UNSPECIFIED.);
#1640 = CARTESIAN_POINT('', (145.7915129272519, -67.49372238687141, 13.0));
#1641 = CARTESIAN_POINT('', (145.87270533043844, -67.48651157590498, 13.0));
#1642 = CARTESIAN_POINT('', (146.07635236819533, -67.47230231213285, 13.0));
#1643 = CARTESIAN_POINT('', (146.36179752005137, -67.46167216262164, 13.0));
#1644 = PLANE('', #1645);
#1645 = AXIS2_PLACEMENT_3D('', #1646, #1647, #1648);
#1646 = CARTESIAN_POINT('', (155.75000000000009, -65.76040913868061, 13.0));
#1647 = DIRECTION('', (0.0, 0.0, 0.9999999999999999));
#1648 = DIRECTION('', (-1.0, 0.0, 0.0));
#1649 = CYLINDRICAL_SURFACE('', #1650, 7.5500031876601605);
#1650 = AXIS2_PLACEMENT_3D('', #1651, #1652, #1653);
#1651 = CARTESIAN_POINT('', (146.4999969123403, -75.01041039267236, 14.0000003));
#1652 = DIRECTION('', (0.0, 0.0, 1.0));
#1653 = DIRECTION('', (-6.1221598933E-4, -0.9999998125957736, 0.0));
#1654 = SURFACE_CURVE('', #1655, (#860, #890), .CURVE_3D.);
#1655 = INTERSECTION_CURVE('', #1656, (#1665, #1670), .CURVE_3D.);
#1656 = B_SPLINE_CURVE_WITH_KNOTS('', 1, (#1657, #1658, #1659, #1660, #1661, #1662, #1663, #1664), .UNSPECIFIED., .U., .U., (2, 1, 1, 1, 1, 1, 1, 2), (0.0, 0.14285714285714285, 0.2857142857142857, 0.42857142857142855, 0.5714285714285714, 0.7142857142857143, 0.8571428571428571, 1.0), .UNSPECIFIED.);
#1657 = CARTESIAN_POINT('', (147.78382063140694, -67.5703603396122, 13.0));
#1658 = CARTESIAN_POINT('', (147.69914777165275, -67.55624475523922, 13.0));
#1659 = CARTESIAN_POINT('', (147.50146975405653, -67.52712232652233, 13.0));
#1660 = CARTESIAN_POINT('', (147.2176847198536, -67.49459557692381, 13.0));
#1661 = CARTESIAN_POINT('', (146.93751299808054, -67.47309470282646, 13.0));
#1662 = CARTESIAN_POINT('', (146.93287240636369, -67.4728267652522, 13.0));
#1663 = CARTESIAN_POINT('', (146.64744048637624, -67.46184705080697, 13.0));
#1664 = CARTESIAN_POINT('', (146.36179752005933, -67.4616721496511, 13.0));
#1665 = PLANE('', #1666);
#1666 = AXIS2_PLACEMENT_3D('', #1667, #1668, #1669);
#1667 = CARTESIAN_POINT('', (155.75000000000009, -65.76040913868061, 13.0));
#1668 = DIRECTION('', (0.0, 0.0, 0.9999999999999999));
#1669 = DIRECTION('', (-1.0, 0.0, 0.0));
#1670 = CYLINDRICAL_SURFACE('', #1671, 7.5500031876601605);
#1671 = AXIS2_PLACEMENT_3D('', #1672, #1673, #1674);
#1672 = CARTESIAN_POINT('', (146.4999969123403, -75.01041039267236, 14.0000003));
#1673 = DIRECTION('', (0.0, 0.0, 1.0));
#1674 = DIRECTION('', (-6.1221598933E-4, -0.9999998125957736, 0.0));
#1675 = SURFACE_CURVE('', #1676, (#860, #890), .CURVE_3D.);
#1676 = INTERSECTION_CURVE('', #1677, (#1681, #1686), .CURVE_3D.);
#1677 = B_SPLINE_CURVE_WITH_KNOTS('', 1, (#1678, #1679, #1680), .UNSPECIFIED., .U., .U., (2, 1, 2), (0.0, 0.5, 1.0), .UNSPECIFIED.);
#1678 = CARTESIAN_POINT('', (148.0643352245269, -67.62424808854692, 13.0));
#1679 = CARTESIAN_POINT('', (148.0077020027024, -67.61248004059584, 13.0));
#1680 = CARTESIAN_POINT('', (147.78382063140694, -67.5703603396122, 13.0));
#1681 = PLANE('', #1682);
#1682 = AXIS2_PLACEMENT_3D('', #1683, #1684, #1685);
#1683 = CARTESIAN_POINT('', (155.75000000000009, -65.76040913868061, 13.0));
#1684 = DIRECTION('', (0.0, 0.0, 0.9999999999999999));
#1685 = DIRECTION('', (-1.0, 0.0, 0.0));
#1686 = CYLINDRICAL_SURFACE('', #1687, 7.5500031876601605);
#1687 = AXIS2_PLACEMENT_3D('', #1688, #1689, #1690);
#1688 = CARTESIAN_POINT('', (146.4999969123403, -75.01041039267236, 14.0000003));
#1689 = DIRECTION('', (0.0, 0.0, 1.0));
#1690 = DIRECTION('', (-6.1221598933E-4, -0.9999998125957736, 0.0));
#1691 = SURFACE_CURVE('', #1692, (#860, #890), .CURVE_3D.);
#1692 = INTERSECTION_CURVE('', #1693, (#1698, #1703), .CURVE_3D.);
#1693 = B_SPLINE_CURVE_WITH_KNOTS('', 1, (#1694, #1695, #1696, #1697), .UNSPECIFIED., .U., .U., (2, 1, 1, 2), (0.0, 0.3333333333333333, 0.6666666666666666, 1.0), .UNSPECIFIED.);
#1694 = CARTESIAN_POINT('', (148.61824663785694, -67.76364792698968, 13.0));
#1695 = CARTESIAN_POINT('', (148.4376990017734, -67.71329735077111, 13.0));
#1696 = CARTESIAN_POINT('', (148.3426099949835, -67.68870805227701, 13.0));
#1697 = CARTESIAN_POINT('', (148.06433522745394, -67.62424807591097, 13.0));
#1698 = PLANE('', #1699);
#1699 = AXIS2_PLACEMENT_3D('', #1700, #1701, #1702);
#1700 = CARTESIAN_POINT('', (155.75000000000009, -65.76040913868061, 13.0));
#1701 = DIRECTION('', (0.0, 0.0, 0.9999999999999999));
#1702 = DIRECTION('', (-1.0, 0.0, 0.0));
#1703 = CYLINDRICAL_SURFACE('', #1704, 7.5500031876601605);
#1704 = AXIS2_PLACEMENT_3D('', #1705, #1706, #1707);
#1705 = CARTESIAN_POINT('', (146.4999969123403, -75.01041039267236, 14.0000003));
#1706 = DIRECTION('', (0.0, 0.0, 1.0));
#1707 = DIRECTION('', (-6.1221598933E-4, -0.9999998125957736, 0.0));
#1708 = SURFACE_CURVE('', #1709, (#860, #890), .CURVE_3D.);
#1709 = INTERSECTION_CURVE('', #1710, (#1714, #1719), .CURVE_3D.);
#1710 = B_SPLINE_CURVE_WITH_KNOTS('', 1, (#1711, #1712, #1713), .UNSPECIFIED., .U., .U., (2, 1, 2), (0.0, 0.5, 1.0), .UNSPECIFIED.);
#1711 = CARTESIAN_POINT('', (148.61824663785694, -67.76364792698968, 13.0));
#1712 = CARTESIAN_POINT('', (148.62000937510925, -67.7641634129329, 13.0));
#1713 = CARTESIAN_POINT('', (148.89085258476806, -67.84896102180626, 13.000000000000002));
#1714 = PLANE('', #1715);
#1715 = AXIS2_PLACEMENT_3D('', #1716, #1717, #1718);
#1716 = CARTESIAN_POINT('', (155.75000000000009, -65.76040913868061, 13.0));
#1717 = DIRECTION('', (0.0, 0.0, 0.9999999999999999));
#1718 = DIRECTION('', (-1.0, 0.0, 0.0));
#1719 = CYLINDRICAL_SURFACE('', #1720, 7.5500031876601605);
#1720 = AXIS2_PLACEMENT_3D('', #1721, #1722, #1723);
#1721 = CARTESIAN_POINT('', (146.4999969123403, -75.01041039267236, 14.0000003));
#1722 = DIRECTION('', (0.0, 0.0, 1.0));
#1723 = DIRECTION('', (-6.1221598933E-4, -0.9999998125957736, 0.0));
#1724 = SURFACE_CURVE('', #1725, (#860, #890), .CURVE_3D.);
#1725 = INTERSECTION_CURVE('', #1726, (#1733, #1738), .CURVE_3D.);
#1726 = B_SPLINE_CURVE_WITH_KNOTS('', 1, (#1727, #1728, #1729, #1730, #1731, #1732), .UNSPECIFIED., .U., .U., (2, 1, 1, 1, 1, 2), (0.0, 0.2, 0.4, 0.6, 0.8, 1.0), .UNSPECIFIED.);
#1727 = CARTESIAN_POINT('', (148.89085258910742, -67.84896100958315, 13.0));
#1728 = CARTESIAN_POINT('', (148.96631460089577, -67.8745975312811, 13.0));
#1729 = CARTESIAN_POINT('', (149.094269300896, -67.92011428407041, 13.0));
#1730 = CARTESIAN_POINT('', (149.1600356748468, -67.94452460845243, 13.0));
#1731 = CARTESIAN_POINT('', (149.40135524327593, -68.04014009883231, 13.0));
#1732 = CARTESIAN_POINT('', (149.42541124642344, -68.05020214062995, 12.999999999999998));
#1733 = PLANE('', #1734);
#1734 = AXIS2_PLACEMENT_3D('', #1735, #1736, #1737);
#1735 = CARTESIAN_POINT('', (155.75000000000009, -65.76040913868061, 13.0));
#1736 = DIRECTION('', (0.0, 0.0, 0.9999999999999999));
#1737 = DIRECTION('', (-1.0, 0.0, 0.0));
#1738 = CYLINDRICAL_SURFACE('', #1739, 7.5500031876601605);
#1739 = AXIS2_PLACEMENT_3D('', #1740, #1741, #1742);
#1740 = CARTESIAN_POINT('', (146.4999969123403, -75.01041039267236, 14.0000003));
#1741 = DIRECTION('', (0.0, 0.0, 1.0));
#1742 = DIRECTION('', (-6.1221598933E-4, -0.9999998125957736, 0.0));
#1743 = SURFACE_CURVE('', #1744, (#860, #890), .CURVE_3D.);
#1744 = INTERSECTION_CURVE('', #1745, (#1749, #1754), .CURVE_3D.);
#1745 = B_SPLINE_CURVE_WITH_KNOTS('', 1, (#1746, #1747, #1748), .UNSPECIFIED., .U., .U., (2, 1, 2), (0.0, 0.5, 1.0), .UNSPECIFIED.);
#1746 = CARTESIAN_POINT('', (149.42541125167446, -68.05020212876985, 13.0));
#1747 = CARTESIAN_POINT('', (149.49911933559943, -68.08164334333502, 13.0));
#1748 = CARTESIAN_POINT('', (149.68659946233439, -68.16584231818952, 12.999999999999998));
#1749 = PLANE('', #1750);
#1750 = AXIS2_PLACEMENT_3D('', #1751, #1752, #1753);
#1751 = CARTESIAN_POINT('', (155.75000000000009, -65.76040913868061, 13.0));
#1752 = DIRECTION('', (0.0, 0.0, 0.9999999999999999));
#1753 = DIRECTION('', (-1.0, 0.0, 0.0));
#1754 = CYLINDRICAL_SURFACE('', #1755, 7.5500031876601605);
#1755 = AXIS2_PLACEMENT_3D('', #1756, #1757, #1758);
#1756 = CARTESIAN_POINT('', (146.4999969123403, -75.01041039267236, 14.0000003));
#1757 = DIRECTION('', (0.0, 0.0, 1.0));
#1758 = DIRECTION('', (-6.1221598933E-4, -0.9999998125957736, 0.0));
#1759 = SURFACE_CURVE('', #1760, (#860, #890), .CURVE_3D.);
#1760 = INTERSECTION_CURVE('', #1761, (#1779, #1784), .CURVE_3D.);
#1761 = B_SPLINE_CURVE_WITH_KNOTS('', 1, (#1762, #1763, #1764, #1765, #1766, #1767, #1768, #1769, #1770, #1771, #1772, #1773, #1774, #1775, #1776, #1777, #1778), .UNSPECIFIED., .U., .U., (2, 1, 1, 1, 1, 1, 1, 1, 1, 1, 1, 1, 1, 1, 1, 1, 2), (0.0, 0.0625, 0.125, 0.1875, 0.25, 0.3125, 0.375, 0.4375, 0.5, 0.5625, 0.625, 0.6875, 0.75, 0.8125, 0.875, 0.9375, 1.0), .UNSPECIFIED.);
#1762 = CARTESIAN_POINT('', (149.68659946803027, -68.16584230653655, 13.0));
#1763 = CARTESIAN_POINT('', (149.77537482336294, -68.20787794705598, 13.0));
#1764 = CARTESIAN_POINT('', (149.85588210701428, -68.24723194656829, 13.0));
#1765 = CARTESIAN_POINT('', (149.94322646603086, -68.29127961747007, 13.0));
#1766 = CARTESIAN_POINT('', (150.11020095081153, -68.3794998266728, 13.0));
#1767 = CARTESIAN_POINT('', (150.17878062985523, -68.41730046689185, 13.0));
#1768 = CARTESIAN_POINT('', (150.1949249165998, -68.4263345139315, 13.0));
#1769 = CARTESIAN_POINT('', (150.4146775347782, -68.55457398226142, 13.0));
#1770 = CARTESIAN_POINT('', (150.4413345452528, -68.57081368192516, 13.0));
#1771 = CARTESIAN_POINT('', (150.47181804023248, -68.58957048953602, 13.0));
#1772 = CARTESIAN_POINT('', (150.68210264778475, -68.72451031780311, 13.0));
#1773 = CARTESIAN_POINT('', (150.69312018062962, -68.73185439701466, 13.0));
#1774 = CARTESIAN_POINT('', (150.74163477665505, -68.76452723961145, 13.0));
#1775 = CARTESIAN_POINT('', (150.91688459512147, -68.88720442427847, 13.0));
#1776 = CARTESIAN_POINT('', (150.94943267890253, -68.91081454598584, 13.0));
#1777 = CARTESIAN_POINT('', (150.99208911949398, -68.94216058435795, 13.0));
#1778 = CARTESIAN_POINT('', (151.14534378609474, -69.05866270344876, 13.0));
#1779 = PLANE('', #1780);
#1780 = AXIS2_PLACEMENT_3D('', #1781, #1782, #1783);
#1781 = CARTESIAN_POINT('', (155.75000000000009, -65.76040913868061, 13.0));
#1782 = DIRECTION('', (0.0, 0.0, 0.9999999999999999));
#1783 = DIRECTION('', (-1.0, 0.0, 0.0));
#1784 = CYLINDRICAL_SURFACE('', #1785, 7.5500031876601605);
#1785 = AXIS2_PLACEMENT_3D('', #1786, #1787, #1788);
#1786 = CARTESIAN_POINT('', (146.4999969123403, -75.01041039267236, 14.0000003));
#1787 = DIRECTION('', (0.0, 0.0, 1.0));
#1788 = DIRECTION('', (-6.1221598933E-4, -0.9999998125957736, 0.0));
#1789 = SURFACE_CURVE('', #1790, (#860, #890), .CURVE_3D.);
#1790 = INTERSECTION_CURVE('', #1791, (#1796, #1801), .CURVE_3D.);
#1791 = B_SPLINE_CURVE_WITH_KNOTS('', 1, (#1792, #1793, #1794, #1795), .UNSPECIFIED., .U., .U., (2, 1, 1, 2), (0.0, 0.3333333333333333, 0.6666666666666666, 1.0), .UNSPECIFIED.);
#1792 = CARTESIAN_POINT('', (151.14534378609474, -69.05866270344876, 13.0));
#1793 = CARTESIAN_POINT('', (151.18768692514752, -69.09195531744318, 13.0));
#1794 = CARTESIAN_POINT('', (151.2254047236769, -69.12202613633875, 13.0));
#1795 = CARTESIAN_POINT('', (151.3671548225117, -69.23864100925844, 13.0));
#1796 = PLANE('', #1797);
#1797 = AXIS2_PLACEMENT_3D('', #1798, #1799, #1800);
#1798 = CARTESIAN_POINT('', (155.75000000000009, -65.76040913868061, 13.0));
#1799 = DIRECTION('', (0.0, 0.0, 0.9999999999999999));
#1800 = DIRECTION('', (-1.0, 0.0, 0.0));
#1801 = CYLINDRICAL_SURFACE('', #1802, 7.5500031876601605);
#1802 = AXIS2_PLACEMENT_3D('', #1803, #1804, #1805);
#1803 = CARTESIAN_POINT('', (146.4999969123403, -75.01041039267236, 14.0000003));
#1804 = DIRECTION('', (0.0, 0.0, 1.0));
#1805 = DIRECTION('', (-6.1221598933E-4, -0.9999998125957736, 0.0));
#1806 = SURFACE_CURVE('', #1807, (#860, #890), .CURVE_3D.);
#1807 = INTERSECTION_CURVE('', #1808, (#1824, #1829), .CURVE_3D.);
#1808 = B_SPLINE_CURVE_WITH_KNOTS('', 1, (#1809, #1810, #1811, #1812, #1813, #1814, #1815, #1816, #1817, #1818, #1819, #1820, #1821, #1822, #1823), .UNSPECIFIED., .U., .U., (2, 1, 1, 1, 1, 1, 1, 1, 1, 1, 1, 1, 1, 1, 2), (0.0, 0.07142857142857142, 0.14285714285714285, 0.21428571428571427, 0.2857142857142857, 0.35714285714285715, 0.42857142857142855, 0.5, 0.5714285714285714, 0.6428571428571429, 0.7142857142857143, 0.7857142857142857, 0.8571428571428571, 0.9285714285714286, 1.0), .UNSPECIFIED.);
#1809 = CARTESIAN_POINT('', (152.70829080460797, -70.7139426480116, 13.0));
#1810 = CARTESIAN_POINT('', (152.65537396726918, -70.63846786728008, 13.0));
#1811 = CARTESIAN_POINT('', (152.5413262993671, -70.48217813591644, 13.0));
#1812 = CARTESIAN_POINT('', (152.53610521045596, -70.47522078835615, 13.0));
#1813 = CARTESIAN_POINT('', (152.41022302316, -70.31234957434918, 13.0));
#1814 = CARTESIAN_POINT('', (152.3657148269121, -70.25689574765967, 13.0));
#1815 = CARTESIAN_POINT('', (152.27817675557523, -70.15086454630853, 13.0));
#1816 = CARTESIAN_POINT('', (152.18170691051165, -70.03841686589074, 13.0));
#1817 = CARTESIAN_POINT('', (152.13999277027085, -69.9911480109867, 13.0));
#1818 = CARTESIAN_POINT('', (151.99551430946735, -69.83336136146238, 13.0));
#1819 = CARTESIAN_POINT('', (151.98956634515994, -69.82705476374522, 13.0));
#1820 = CARTESIAN_POINT('', (151.78956815576464, -69.62311197932856, 13.0));
#1821 = CARTESIAN_POINT('', (151.5819986144279, -69.42688043093155, 13.0));
#1822 = CARTESIAN_POINT('', (151.40983942178147, -69.2749073923974, 13.0));
#1823 = CARTESIAN_POINT('', (151.36715483105934, -69.23864099950278, 13.0));
#1824 = PLANE('', #1825);
#1825 = AXIS2_PLACEMENT_3D('', #1826, #1827, #1828);
#1826 = CARTESIAN_POINT('', (155.75000000000009, -65.76040913868061, 13.0));
#1827 = DIRECTION('', (0.0, 0.0, 0.9999999999999999));
#1828 = DIRECTION('', (-1.0, 0.0, 0.0));
#1829 = CYLINDRICAL_SURFACE('', #1830, 7.5500031876601605);
#1830 = AXIS2_PLACEMENT_3D('', #1831, #1832, #1833);
#1831 = CARTESIAN_POINT('', (146.4999969123403, -75.01041039267236, 14.0000003));
#1832 = DIRECTION('', (0.0, 0.0, 1.0));
#1833 = DIRECTION('', (-6.1221598933E-4, -0.9999998125957736, 0.0));
#1834 = SURFACE_CURVE('', #1835, (#860, #890), .CURVE_3D.);
#1835 = INTERSECTION_CURVE('', #1836, (#1840, #1845), .CURVE_3D.);
#1836 = B_SPLINE_CURVE_WITH_KNOTS('', 1, (#1837, #1838, #1839), .UNSPECIFIED., .U., .U., (2, 1, 2), (0.0, 0.5, 1.0), .UNSPECIFIED.);
#1837 = CARTESIAN_POINT('', (152.86636892268228, -70.95185701004786, 13.0));
#1838 = CARTESIAN_POINT('', (152.76884088509308, -70.80278120523677, 13.0));
#1839 = CARTESIAN_POINT('', (152.70829080460797, -70.7139426480116, 13.0));
#1840 = PLANE('', #1841);
#1841 = AXIS2_PLACEMENT_3D('', #1842, #1843, #1844);
#1842 = CARTESIAN_POINT('', (155.75000000000009, -65.76040913868061, 13.0));
#1843 = DIRECTION('', (0.0, 0.0, 0.9999999999999999));
#1844 = DIRECTION('', (-1.0, 0.0, 0.0));
#1845 = CYLINDRICAL_SURFACE('', #1846, 7.5500031876601605);
#1846 = AXIS2_PLACEMENT_3D('', #1847, #1848, #1849);
#1847 = CARTESIAN_POINT('', (146.4999969123403, -75.01041039267236, 14.0000003));
#1848 = DIRECTION('', (0.0, 0.0, 1.0));
#1849 = DIRECTION('', (-6.1221598933E-4, -0.9999998125957736, 0.0));
#1850 = SURFACE_CURVE('', #1851, (#860, #890), .CURVE_3D.);
#1851 = INTERSECTION_CURVE('', #1852, (#1857, #1862), .CURVE_3D.);
#1852 = B_SPLINE_CURVE_WITH_KNOTS('', 1, (#1853, #1854, #1855, #1856), .UNSPECIFIED., .U., .U., (2, 1, 1, 2), (0.0, 0.3333333333333333, 0.6666666666666666, 1.0), .UNSPECIFIED.);
#1853 = CARTESIAN_POINT('', (153.01533438476574, -71.19558067771946, 13.0));
#1854 = CARTESIAN_POINT('', (152.9781761003662, -71.13281544973331, 13.0));
#1855 = CARTESIAN_POINT('', (152.87657299644212, -70.96790800215496, 13.0));
#1856 = CARTESIAN_POINT('', (152.86636892268228, -70.95185701004786, 13.000000000000004));
#1857 = PLANE('', #1858);
#1858 = AXIS2_PLACEMENT_3D('', #1859, #1860, #1861);
#1859 = CARTESIAN_POINT('', (155.75000000000009, -65.76040913868061, 13.0));
#1860 = DIRECTION('', (0.0, 0.0, 0.9999999999999999));
#1861 = DIRECTION('', (-1.0, 0.0, 0.0));
#1862 = CYLINDRICAL_SURFACE('', #1863, 7.5500031876601605);
#1863 = AXIS2_PLACEMENT_3D('', #1864, #1865, #1866);
#1864 = CARTESIAN_POINT('', (146.4999969123403, -75.01041039267236, 14.0000003));
#1865 = DIRECTION('', (0.0, 0.0, 1.0));
#1866 = DIRECTION('', (-6.1221598933E-4, -0.9999998125957736, 0.0));
#1867 = SURFACE_CURVE('', #1868, (#860, #890), .CURVE_3D.);
#1868 = INTERSECTION_CURVE('', #1869, (#1873, #1878), .CURVE_3D.);
#1869 = B_SPLINE_CURVE_WITH_KNOTS('', 1, (#1870, #1871, #1872), .UNSPECIFIED., .U., .U., (2, 1, 2), (0.0, 0.5, 1.0), .UNSPECIFIED.);
#1870 = CARTESIAN_POINT('', (153.01533438476574, -71.19558067771946, 13.0));
#1871 = CARTESIAN_POINT('', (153.07421073996719, -71.2979636681633, 13.0));
#1872 = CARTESIAN_POINT('', (153.15497427792124, -71.4447654017256, 12.999999999999998));
#1873 = PLANE('', #1874);
#1874 = AXIS2_PLACEMENT_3D('', #1875, #1876, #1877);
#1875 = CARTESIAN_POINT('', (155.75000000000009, -65.76040913868061, 13.0));
#1876 = DIRECTION('', (0.0, 0.0, 0.9999999999999999));
#1877 = DIRECTION('', (-1.0, 0.0, 0.0));
#1878 = CYLINDRICAL_SURFACE('', #1879, 7.5500031876601605);
#1879 = AXIS2_PLACEMENT_3D('', #1880, #1881, #1882);
#1880 = CARTESIAN_POINT('', (146.4999969123403, -75.01041039267236, 14.0000003));
#1881 = DIRECTION('', (0.0, 0.0, 1.0));
#1882 = DIRECTION('', (-6.1221598933E-4, -0.9999998125957736, 0.0));
#1883 = SURFACE_CURVE('', #1884, (#860, #890), .CURVE_3D.);
#1884 = INTERSECTION_CURVE('', #1885, (#1890, #1895), .CURVE_3D.);
#1885 = B_SPLINE_CURVE_WITH_KNOTS('', 1, (#1886, #1887, #1888, #1889), .UNSPECIFIED., .U., .U., (2, 1, 1, 2), (0.0, 0.3333333333333333, 0.6666666666666666, 1.0), .UNSPECIFIED.);
#1886 = CARTESIAN_POINT('', (153.154974289468, -71.44476539581737, 13.0));
#1887 = CARTESIAN_POINT('', (153.16489362772273, -71.4633411930425, 13.0));
#1888 = CARTESIAN_POINT('', (153.2499215589177, -71.62794599534229, 13.0));
#1889 = CARTESIAN_POINT('', (153.28508807790234, -71.69905329733061, 13.000000000000002));
#1890 = PLANE('', #1891);
#1891 = AXIS2_PLACEMENT_3D('', #1892, #1893, #1894);
#1892 = CARTESIAN_POINT('', (155.75000000000009, -65.76040913868061, 13.0));
#1893 = DIRECTION('', (0.0, 0.0, 0.9999999999999999));
#1894 = DIRECTION('', (-1.0, 0.0, 0.0));
#1895 = CYLINDRICAL_SURFACE('', #1896, 7.5500031876601605);
#1896 = AXIS2_PLACEMENT_3D('', #1897, #1898, #1899);
#1897 = CARTESIAN_POINT('', (146.4999969123403, -75.01041039267236, 14.0000003));
#1898 = DIRECTION('', (0.0, 0.0, 1.0));
#1899 = DIRECTION('', (-6.1221598933E-4, -0.9999998125957736, 0.0));
#1900 = SURFACE_CURVE('', #1901, (#860, #890), .CURVE_3D.);
#1901 = INTERSECTION_CURVE('', #1902, (#1925, #1930), .CURVE_3D.);
#1902 = B_SPLINE_CURVE_WITH_KNOTS('', 1, (#1903, #1904, #1905, #1906, #1907, #1908, #1909, #1910, #1911, #1912, #1913, #1914, #1915, #1916, #1917, #1918, #1919, #1920, #1921, #1922, #1923, #1924), .UNSPECIFIED., .U., .U., (2, 1, 1, 1, 1, 1, 1, 1, 1, 1, 1, 1, 1, 1, 1, 1, 1, 1, 1, 1, 1, 2), (0.0, 0.047619047619047616, 0.09523809523809523, 0.14285714285714285, 0.19047619047619047, 0.23809523809523808, 0.2857142857142857, 0.3333333333333333, 0.38095238095238093, 0.42857142857142855, 0.47619047619047616, 0.5238095238095238, 0.5714285714285714, 0.6190476190476191, 0.6666666666666666, 0.7142857142857143, 0.7619047619047619, 0.8095238095238095, 0.8571428571428571, 0.9047619047619048, 0.9523809523809523, 1.0), .UNSPECIFIED.);
#1903 = CARTESIAN_POINT('', (153.96369931325103, -73.87212457429546, 13.0));
#1904 = CARTESIAN_POINT('', (153.956797188084, -73.82775330739915, 13.0));
#1905 = CARTESIAN_POINT('', (153.91530001375958, -73.59061179858932, 13.0));
#1906 = CARTESIAN_POINT('', (153.9036764343591, -73.53119517205091, 13.0));
#1907 = CARTESIAN_POINT('', (153.87191978490858, -73.38028730082235, 13.0));
#1908 = CARTESIAN_POINT('', (153.85628664614245, -73.31113128492241, 13.0));
#1909 = CARTESIAN_POINT('', (153.8365030973433, -73.22765266064843, 13.0));
#1910 = CARTESIAN_POINT('', (153.79733127165508, -73.07354194539917, 13.0));
#1911 = CARTESIAN_POINT('', (153.7867436805684, -73.03408307428715, 13.0));
#1912 = CARTESIAN_POINT('', (153.7541623952987, -72.91765353160761, 13.0));
#1913 = CARTESIAN_POINT('', (153.7070329490904, -72.76070381210145, 13.0));
#1914 = CARTESIAN_POINT('', (153.70677065899332, -72.75986372614194, 13.0));
#1915 = CARTESIAN_POINT('', (153.6555151635052, -72.60186172367597, 13.0));
#1916 = CARTESIAN_POINT('', (153.61648205267855, -72.48886575078646, 13.0));
#1917 = CARTESIAN_POINT('', (153.59974452310632, -72.44211679631294, 13.0));
#1918 = CARTESIAN_POINT('', (153.53941231761075, -72.28109200052398, 13.0));
#1919 = CARTESIAN_POINT('', (153.5160070983397, -72.22147704753286, 13.0));
#1920 = CARTESIAN_POINT('', (153.47437825520674, -72.11894830266411, 13.0));
#1921 = CARTESIAN_POINT('', (153.4054896131608, -71.95808034947694, 13.0));
#1922 = CARTESIAN_POINT('', (153.40470461039803, -71.95630500188093, 13.0));
#1923 = CARTESIAN_POINT('', (153.32979469369153, -71.7922726703975, 13.0));
#1924 = CARTESIAN_POINT('', (153.28508808966433, -71.69905329186338, 13.0));
#1925 = PLANE('', #1926);
#1926 = AXIS2_PLACEMENT_3D('', #1927, #1928, #1929);
#1927 = CARTESIAN_POINT('', (155.75000000000009, -65.76040913868061, 13.0));
#1928 = DIRECTION('', (0.0, 0.0, 0.9999999999999999));
#1929 = DIRECTION('', (-1.0, 0.0, 0.0));
#1930 = CYLINDRICAL_SURFACE('', #1931, 7.5500031876601605);
#1931 = AXIS2_PLACEMENT_3D('', #1932, #1933, #1934);
#1932 = CARTESIAN_POINT('', (146.4999969123403, -75.01041039267236, 14.0000003));
#1933 = DIRECTION('', (0.0, 0.0, 1.0));
#1934 = DIRECTION('', (-6.1221598933E-4, -0.9999998125957736, 0.0));
#1935 = SURFACE_CURVE('', #1936, (#860, #890), .CURVE_3D.);
#1936 = INTERSECTION_CURVE('', #1937, (#1941, #1946), .CURVE_3D.);
#1937 = B_SPLINE_CURVE_WITH_KNOTS('', 1, (#1938, #1939, #1940), .UNSPECIFIED., .U., .U., (2, 1, 2), (0.0, 0.5, 1.0), .UNSPECIFIED.);
#1938 = CARTESIAN_POINT('', (154.00141533189228, -74.15526734460109, 13.000000000000002));
#1939 = CARTESIAN_POINT('', (153.9969445249195, -74.11692025399071, 13.0));
#1940 = CARTESIAN_POINT('', (153.96369931325103, -73.87212457429546, 12.999999999999998));
#1941 = PLANE('', #1942);
#1942 = AXIS2_PLACEMENT_3D('', #1943, #1944, #1945);
#1943 = CARTESIAN_POINT('', (155.75000000000009, -65.76040913868061, 13.0));
#1944 = DIRECTION('', (0.0, 0.0, 0.9999999999999999));
#1945 = DIRECTION('', (-1.0, 0.0, 0.0));
#1946 = CYLINDRICAL_SURFACE('', #1947, 7.5500031876601605);
#1947 = AXIS2_PLACEMENT_3D('', #1948, #1949, #1950);
#1948 = CARTESIAN_POINT('', (146.4999969123403, -75.01041039267236, 14.0000003));
#1949 = DIRECTION('', (0.0, 0.0, 1.0));
#1950 = DIRECTION('', (-6.1221598933E-4, -0.9999998125957736, 0.0));
#1951 = SURFACE_CURVE('', #1952, (#860, #890), .CURVE_3D.);
#1952 = INTERSECTION_CURVE('', #1953, (#1957, #1962), .CURVE_3D.);
#1953 = B_SPLINE_CURVE_WITH_KNOTS('', 1, (#1954, #1955, #1956), .UNSPECIFIED., .U., .U., (2, 1, 2), (0.0, 0.5, 1.0), .UNSPECIFIED.);
#1954 = CARTESIAN_POINT('', (154.02839392870789, -74.43963346443712, 13.000000000000002));
#1955 = CARTESIAN_POINT('', (154.02515372855677, -74.39839484954518, 13.0));
#1956 = CARTESIAN_POINT('', (154.00141534480483, -74.15526734337604, 13.0));
#1957 = PLANE('', #1958);
#1958 = AXIS2_PLACEMENT_3D('', #1959, #1960, #1961);
#1959 = CARTESIAN_POINT('', (155.75000000000009, -65.76040913868061, 13.0));
#1960 = DIRECTION('', (0.0, 0.0, 0.9999999999999999));
#1961 = DIRECTION('', (-1.0, 0.0, 0.0));
#1962 = CYLINDRICAL_SURFACE('', #1963, 7.5500031876601605);
#1963 = AXIS2_PLACEMENT_3D('', #1964, #1965, #1966);
#1964 = CARTESIAN_POINT('', (146.4999969123403, -75.01041039267236, 14.0000003));
#1965 = DIRECTION('', (0.0, 0.0, 1.0));
#1966 = DIRECTION('', (-6.1221598933E-4, -0.9999998125957736, 0.0));
#1967 = SURFACE_CURVE('', #1968, (#860, #890), .CURVE_3D.);
#1968 = INTERSECTION_CURVE('', #1969, (#1984, #1989), .CURVE_3D.);
#1969 = B_SPLINE_CURVE_WITH_KNOTS('', 1, (#1970, #1971, #1972, #1973, #1974, #1975, #1976, #1977, #1978, #1979, #1980, #1981, #1982, #1983), .UNSPECIFIED., .U., .U., (2, 1, 1, 1, 1, 1, 1, 1, 1, 1, 1, 1, 1, 2), (0.0, 0.07692307692307693, 0.15384615384615385, 0.23076923076923078, 0.3076923076923077, 0.38461538461538464, 0.46153846153846156, 0.5384615384615384, 0.6153846153846154, 0.6923076923076923, 0.7692307692307693, 0.8461538461538461, 0.9230769230769231, 1.0), .UNSPECIFIED.);
#1970 = CARTESIAN_POINT('', (154.02839394165755, -74.43963346370138, 13.0));
#1971 = CARTESIAN_POINT('', (154.04241058217943, -74.67196665037207, 13.0));
#1972 = CARTESIAN_POINT('', (154.0445965648, -74.7248158938045, 13.0));
#1973 = CARTESIAN_POINT('', (154.0457306089709, -74.75653815470243, 13.0));
#1974 = CARTESIAN_POINT('', (154.04654177018816, -74.78191784975557, 13.0));
#1975 = CARTESIAN_POINT('', (154.0471419345343, -74.80268425649558, 13.0));
#1976 = CARTESIAN_POINT('', (154.04759841005284, -74.81999042154081, 13.0));
#1977 = CARTESIAN_POINT('', (154.04795365802275, -74.83463468620113, 13.0));
#1978 = CARTESIAN_POINT('', (154.04823553927002, -74.84718734097751, 13.0));
#1979 = CARTESIAN_POINT('', (154.04846294929325, -74.85806662796156, 13.0));
#1980 = CARTESIAN_POINT('', (154.048649069992, -74.86758624744807, 13.0));
#1981 = CARTESIAN_POINT('', (154.0496480601853, -74.93750168591254, 13.0));
#1982 = CARTESIAN_POINT('', (154.05000002787506, -75.00936679581903, 13.0));
#1983 = CARTESIAN_POINT('', (154.0500001, -75.0104078, 13.0));
#1984 = PLANE('', #1985);
#1985 = AXIS2_PLACEMENT_3D('', #1986, #1987, #1988);
#1986 = CARTESIAN_POINT('', (155.75000000000009, -65.76040913868061, 13.0));
#1987 = DIRECTION('', (0.0, 0.0, 0.9999999999999999));
#1988 = DIRECTION('', (-1.0, 0.0, 0.0));
#1989 = CYLINDRICAL_SURFACE('', #1990, 7.5500031876601605);
#1990 = AXIS2_PLACEMENT_3D('', #1991, #1992, #1993);
#1991 = CARTESIAN_POINT('', (146.4999969123403, -75.01041039267236, 14.0000003));
#1992 = DIRECTION('', (0.0, 0.0, 1.0));
#1993 = DIRECTION('', (-6.1221598933E-4, -0.9999998125957736, 0.0));
#1994 = SURFACE_CURVE('', #1995, (#860, #885), .CURVE_3D.);
#1995 = INTERSECTION_CURVE('', #1996, (#2001, #2006), .CURVE_3D.);
#1996 = B_SPLINE_CURVE_WITH_KNOTS('', 1, (#1997, #1998, #1999, #2000), .UNSPECIFIED., .U., .U., (2, 1, 1, 2), (0.0, 0.3333333333333333, 0.6666666666666666, 1.0), .UNSPECIFIED.);
#1997 = CARTESIAN_POINT('', (154.05000010000006, -106.49999993733907, 13.0));
#1998 = CARTESIAN_POINT('', (154.0500001000001, -103.605320979021, 13.0));
#1999 = CARTESIAN_POINT('', (154.05000010000003, -82.88280819605417, 13.0));
#2000 = CARTESIAN_POINT('', (154.0500001, -75.0104078, 13.0));
#2001 = PLANE('', #2002);
#2002 = AXIS2_PLACEMENT_3D('', #2003, #2004, #2005);
#2003 = CARTESIAN_POINT('', (155.75000000000009, -65.76040913868061, 13.0));
#2004 = DIRECTION('', (0.0, 0.0, 0.9999999999999999));
#2005 = DIRECTION('', (-1.0, 0.0, 0.0));
#2006 = PLANE('', #2007);
#2007 = AXIS2_PLACEMENT_3D('', #2008, #2009, #2010);
#2008 = CARTESIAN_POINT('', (154.0500001000001, -106.49999993733907, 10.0000003));
#2009 = DIRECTION('', (1.0, 2.7077241242E-15, -0.0));
#2010 = DIRECTION('', (-2.7077241242E-15, 1.0, 0.0));
#2011 = SURFACE_CURVE('', #2012, (#860, #880), .CURVE_3D.);
#2012 = INTERSECTION_CURVE('', #2013, (#2028, #2033), .CURVE_3D.);
#2013 = B_SPLINE_CURVE_WITH_KNOTS('', 1, (#2014, #2015, #2016, #2017, #2018, #2019, #2020, #2021, #2022, #2023, #2024, #2025, #2026, #2027), .UNSPECIFIED., .U., .U., (2, 1, 1, 1, 1, 1, 1, 1, 1, 1, 1, 1, 1, 2), (0.0, 0.07692307692307693, 0.15384615384615385, 0.23076923076923078, 0.3076923076923077, 0.38461538461538464, 0.46153846153846156, 0.5384615384615384, 0.6153846153846154, 0.6923076923076923, 0.7692307692307693, 0.8461538461538461, 0.9230769230769231, 1.0), .UNSPECIFIED.);
#2014 = CARTESIAN_POINT('', (153.91837714589988, -107.90363263340646, 13.0));
#2015 = CARTESIAN_POINT('', (153.96567298146638, -107.62526909452704, 13.0));
#2016 = CARTESIAN_POINT('', (154.0025273960715, -107.34533176589166, 13.0));
#2017 = CARTESIAN_POINT('', (154.02888884546374, -107.06421216532038, 13.0));
#2018 = CARTESIAN_POINT('', (154.044720460758, -106.78230346414821, 13.0));
#2019 = CARTESIAN_POINT('', (154.0458285167085, -106.75094623269075, 13.0));
#2020 = CARTESIAN_POINT('', (154.04662108812045, -106.7258586241293, 13.0));
#2021 = CARTESIAN_POINT('', (154.04720749732277, -106.70533123832831, 13.0));
#2022 = CARTESIAN_POINT('', (154.04765351015527, -106.68822428563894, 13.0));
#2023 = CARTESIAN_POINT('', (154.04800061502024, -106.67374860533003, 13.0));
#2024 = CARTESIAN_POINT('', (154.0482760343945, -106.66134046605404, 13.0));
#2025 = CARTESIAN_POINT('', (154.04849823083555, -106.65058643675872, 13.0));
#2026 = CARTESIAN_POINT('', (154.0486800842072, -106.64117642606902, 13.0));
#2027 = CARTESIAN_POINT('', (154.05000010000006, -106.49999993733907, 13.0));
#2028 = PLANE('', #2029);
#2029 = AXIS2_PLACEMENT_3D('', #2030, #2031, #2032);
#2030 = CARTESIAN_POINT('', (155.75000000000009, -65.76040913868061, 13.0));
#2031 = DIRECTION('', (0.0, 0.0, 0.9999999999999999));
#2032 = DIRECTION('', (-1.0, 0.0, 0.0));
#2033 = CYLINDRICAL_SURFACE('', #2034, 7.549998771177023);
#2034 = AXIS2_PLACEMENT_3D('', #2035, #2036, #2037);
#2035 = CARTESIAN_POINT('', (146.50000132882312, -106.50000102882308, 14.0000003));
#2036 = DIRECTION('', (0.0, 0.0, 1.0));
#2037 = DIRECTION('', (-0.7071067747551955, 0.7071067876178996, 0.0));
#2038 = SURFACE_CURVE('', #2039, (#860, #880), .CURVE_3D.);
#2039 = INTERSECTION_CURVE('', #2040, (#2047, #2052), .CURVE_3D.);
#2040 = B_SPLINE_CURVE_WITH_KNOTS('', 1, (#2041, #2042, #2043, #2044, #2045, #2046), .UNSPECIFIED., .U., .U., (2, 1, 1, 1, 1, 2), (0.0, 0.2, 0.4, 0.6, 0.8, 1.0), .UNSPECIFIED.);
#2041 = CARTESIAN_POINT('', (153.71457481791498, -108.725402256452, 13.0));
#2042 = CARTESIAN_POINT('', (153.7279316732269, -108.6816298655462, 13.0));
#2043 = CARTESIAN_POINT('', (153.79153718959503, -108.45856842257083, 13.0));
#2044 = CARTESIAN_POINT('', (153.7927403127606, -108.45408382055248, 13.0));
#2045 = CARTESIAN_POINT('', (153.86070603690052, -108.18003306579791, 13.0));
#2046 = CARTESIAN_POINT('', (153.91837714589988, -107.90363263340646, 13.0));
#2047 = PLANE('', #2048);
#2048 = AXIS2_PLACEMENT_3D('', #2049, #2050, #2051);
#2049 = CARTESIAN_POINT('', (155.75000000000009, -65.76040913868061, 13.0));
#2050 = DIRECTION('', (0.0, 0.0, 0.9999999999999999));
#2051 = DIRECTION('', (-1.0, 0.0, 0.0));
#2052 = CYLINDRICAL_SURFACE('', #2053, 7.549998771177023);
#2053 = AXIS2_PLACEMENT_3D('', #2054, #2055, #2056);
#2054 = CARTESIAN_POINT('', (146.50000132882312, -106.50000102882308, 14.0000003));
#2055 = DIRECTION('', (0.0, 0.0, 1.0));
#2056 = DIRECTION('', (-0.7071067747551955, 0.7071067876178996, 0.0));
#2057 = SURFACE_CURVE('', #2058, (#860, #880), .CURVE_3D.);
#2058 = INTERSECTION_CURVE('', #2059, (#2063, #2068), .CURVE_3D.);
#2059 = B_SPLINE_CURVE_WITH_KNOTS('', 1, (#2060, #2061, #2062), .UNSPECIFIED., .U., .U., (2, 1, 2), (0.0, 0.5, 1.0), .UNSPECIFIED.);
#2060 = CARTESIAN_POINT('', (153.7145748299534, -108.72540226041335, 13.0));
#2061 = CARTESIAN_POINT('', (153.65574732216777, -108.90785914829496, 13.0));
#2062 = CARTESIAN_POINT('', (153.62631950906245, -108.9936069798035, 13.0));
#2063 = PLANE('', #2064);
#2064 = AXIS2_PLACEMENT_3D('', #2065, #2066, #2067);
#2065 = CARTESIAN_POINT('', (155.75000000000009, -65.76040913868061, 13.0));
#2066 = DIRECTION('', (0.0, 0.0, 0.9999999999999999));
#2067 = DIRECTION('', (-1.0, 0.0, 0.0));
#2068 = CYLINDRICAL_SURFACE('', #2069, 7.549998771177023);
#2069 = AXIS2_PLACEMENT_3D('', #2070, #2071, #2072);
#2070 = CARTESIAN_POINT('', (146.50000132882312, -106.50000102882308, 14.0000003));
#2071 = DIRECTION('', (0.0, 0.0, 1.0));
#2072 = DIRECTION('', (-0.7071067747551955, 0.7071067876178996, 0.0));
#2073 = SURFACE_CURVE('', #2074, (#860, #880), .CURVE_3D.);
#2074 = INTERSECTION_CURVE('', #2075, (#2079, #2084), .CURVE_3D.);
#2075 = B_SPLINE_CURVE_WITH_KNOTS('', 1, (#2076, #2077, #2078), .UNSPECIFIED., .U., .U., (2, 1, 2), (0.0, 0.5, 1.0), .UNSPECIFIED.);
#2076 = CARTESIAN_POINT('', (153.52809692481333, -109.25832543814526, 13.0));
#2077 = CARTESIAN_POINT('', (153.57443398250416, -109.1372124487335, 13.0));
#2078 = CARTESIAN_POINT('', (153.62631950906245, -108.9936069798035, 13.0));
#2079 = PLANE('', #2080);
#2080 = AXIS2_PLACEMENT_3D('', #2081, #2082, #2083);
#2081 = CARTESIAN_POINT('', (155.75000000000009, -65.76040913868061, 13.0));
#2082 = DIRECTION('', (0.0, 0.0, 0.9999999999999999));
#2083 = DIRECTION('', (-1.0, 0.0, 0.0));
#2084 = CYLINDRICAL_SURFACE('', #2085, 7.549998771177023);
#2085 = AXIS2_PLACEMENT_3D('', #2086, #2087, #2088);
#2086 = CARTESIAN_POINT('', (146.50000132882312, -106.50000102882308, 14.0000003));
#2087 = DIRECTION('', (0.0, 0.0, 1.0));
#2088 = DIRECTION('', (-0.7071067747551955, 0.7071067876178996, 0.0));
#2089 = SURFACE_CURVE('', #2090, (#860, #880), .CURVE_3D.);
#2090 = INTERSECTION_CURVE('', #2091, (#2095, #2100), .CURVE_3D.);
#2091 = B_SPLINE_CURVE_WITH_KNOTS('', 1, (#2092, #2093, #2094), .UNSPECIFIED., .U., .U., (2, 1, 2), (0.0, 0.5, 1.0), .UNSPECIFIED.);
#2092 = CARTESIAN_POINT('', (153.4200451452581, -109.51918549355189, 13.0));
#2093 = CARTESIAN_POINT('', (153.48323240041665, -109.37001239561332, 13.0));
#2094 = CARTESIAN_POINT('', (153.52809693652205, -109.25832544299519, 13.0));
#2095 = PLANE('', #2096);
#2096 = AXIS2_PLACEMENT_3D('', #2097, #2098, #2099);
#2097 = CARTESIAN_POINT('', (155.75000000000009, -65.76040913868061, 13.0));
#2098 = DIRECTION('', (0.0, 0.0, 0.9999999999999999));
#2099 = DIRECTION('', (-1.0, 0.0, 0.0));
#2100 = CYLINDRICAL_SURFACE('', #2101, 7.549998771177023);
#2101 = AXIS2_PLACEMENT_3D('', #2102, #2103, #2104);
#2102 = CARTESIAN_POINT('', (146.50000132882312, -106.50000102882308, 14.0000003));
#2103 = DIRECTION('', (0.0, 0.0, 1.0));
#2104 = DIRECTION('', (-0.7071067747551955, 0.7071067876178996, 0.0));
#2105 = SURFACE_CURVE('', #2106, (#860, #880), .CURVE_3D.);
#2106 = INTERSECTION_CURVE('', #2107, (#2119, #2124), .CURVE_3D.);
#2107 = B_SPLINE_CURVE_WITH_KNOTS('', 1, (#2108, #2109, #2110, #2111, #2112, #2113, #2114, #2115, #2116, #2117, #2118), .UNSPECIFIED., .U., .U., (2, 1, 1, 1, 1, 1, 1, 1, 1, 1, 2), (0.0, 0.1, 0.2, 0.3, 0.4, 0.5, 0.6, 0.7, 0.8, 0.9, 1.0), .UNSPECIFIED.);
#2108 = CARTESIAN_POINT('', (153.42004515677726, -109.5191854988362, 13.0));
#2109 = CARTESIAN_POINT('', (153.38120501928185, -109.60669013705254, 13.0));
#2110 = CARTESIAN_POINT('', (153.3023153602913, -109.77582233989394, 13.0));
#2111 = CARTESIAN_POINT('', (153.26717296306697, -109.84781666255503, 13.0));
#2112 = CARTESIAN_POINT('', (153.17507163779004, -110.02787826805955, 13.0));
#2113 = CARTESIAN_POINT('', (153.13962548202102, -110.09414523141783, 13.0));
#2114 = CARTESIAN_POINT('', (153.03849222222786, -110.27500013897368, 13.0));
#2115 = CARTESIAN_POINT('', (152.99658675045384, -110.34666962700382, 13.0));
#2116 = CARTESIAN_POINT('', (152.89276813234207, -110.51684233021906, 13.0));
#2117 = CARTESIAN_POINT('', (152.83541464917073, -110.60670524329197, 13.0));
#2118 = CARTESIAN_POINT('', (152.73810317652897, -110.75306660349075, 13.0));
#2119 = PLANE('', #2120);
#2120 = AXIS2_PLACEMENT_3D('', #2121, #2122, #2123);
#2121 = CARTESIAN_POINT('', (155.75000000000009, -65.76040913868061, 13.0));
#2122 = DIRECTION('', (0.0, 0.0, 0.9999999999999999));
#2123 = DIRECTION('', (-1.0, 0.0, 0.0));
#2124 = CYLINDRICAL_SURFACE('', #2125, 7.549998771177023);
#2125 = AXIS2_PLACEMENT_3D('', #2126, #2127, #2128);
#2126 = CARTESIAN_POINT('', (146.50000132882312, -106.50000102882308, 14.0000003));
#2127 = DIRECTION('', (0.0, 0.0, 1.0));
#2128 = DIRECTION('', (-0.7071067747551955, 0.7071067876178996, 0.0));
#2129 = SURFACE_CURVE('', #2130, (#860, #880), .CURVE_3D.);
#2130 = INTERSECTION_CURVE('', #2131, (#2135, #2140), .CURVE_3D.);
#2131 = B_SPLINE_CURVE_WITH_KNOTS('', 1, (#2132, #2133, #2134), .UNSPECIFIED., .U., .U., (2, 1, 2), (0.0, 0.5, 1.0), .UNSPECIFIED.);
#2132 = CARTESIAN_POINT('', (152.5747132552739, -110.98334311526665, 13.0));
#2133 = CARTESIAN_POINT('', (152.6524873599037, -110.87600343765843, 13.0));
#2134 = CARTESIAN_POINT('', (152.73810317652897, -110.75306660349075, 13.0));
#2135 = PLANE('', #2136);
#2136 = AXIS2_PLACEMENT_3D('', #2137, #2138, #2139);
#2137 = CARTESIAN_POINT('', (155.75000000000009, -65.76040913868061, 13.0));
#2138 = DIRECTION('', (0.0, 0.0, 0.9999999999999999));
#2139 = DIRECTION('', (-1.0, 0.0, 0.0));
#2140 = CYLINDRICAL_SURFACE('', #2141, 7.549998771177023);
#2141 = AXIS2_PLACEMENT_3D('', #2142, #2143, #2144);
#2142 = CARTESIAN_POINT('', (146.50000132882312, -106.50000102882308, 14.0000003));
#2143 = DIRECTION('', (0.0, 0.0, 1.0));
#2144 = DIRECTION('', (-0.7071067747551955, 0.7071067876178996, 0.0));
#2145 = SURFACE_CURVE('', #2146, (#860, #880), .CURVE_3D.);
#2146 = INTERSECTION_CURVE('', #2147, (#2159, #2164), .CURVE_3D.);
#2147 = B_SPLINE_CURVE_WITH_KNOTS('', 1, (#2148, #2149, #2150, #2151, #2152, #2153, #2154, #2155, #2156, #2157, #2158), .UNSPECIFIED., .U., .U., (2, 1, 1, 1, 1, 1, 1, 1, 1, 1, 2), (0.0, 0.1, 0.2, 0.3, 0.4, 0.5, 0.6, 0.7, 0.8, 0.9, 1.0), .UNSPECIFIED.);
#2148 = CARTESIAN_POINT('', (152.5747132653284, -110.98334312298172, 13.0));
#2149 = CARTESIAN_POINT('', (152.4426975317628, -111.15691452215113, 13.0));
#2150 = CARTESIAN_POINT('', (152.40282812124434, -111.20734819080815, 13.0));
#2151 = CARTESIAN_POINT('', (152.2226869344377, -111.42477015072781, 13.0));
#2152 = CARTESIAN_POINT('', (152.1940569608203, -111.45784450199724, 13.0));
#2153 = CARTESIAN_POINT('', (152.0345420512166, -111.63530437302222, 13.0));
#2154 = CARTESIAN_POINT('', (151.88132295242113, -111.79564631794233, 13.0));
#2155 = CARTESIAN_POINT('', (151.8386566093158, -111.83865640642917, 13.0));
#2156 = CARTESIAN_POINT('', (151.63530457234558, -112.03454184463087, 13.0));
#2157 = CARTESIAN_POINT('', (151.42769452088487, -112.22016896776357, 13.0));
#2158 = CARTESIAN_POINT('', (151.42477034662863, -112.22268672402225, 13.0));
#2159 = PLANE('', #2160);
#2160 = AXIS2_PLACEMENT_3D('', #2161, #2162, #2163);
#2161 = CARTESIAN_POINT('', (155.75000000000009, -65.76040913868061, 13.0));
#2162 = DIRECTION('', (0.0, 0.0, 0.9999999999999999));
#2163 = DIRECTION('', (-1.0, 0.0, 0.0));
#2164 = CYLINDRICAL_SURFACE('', #2165, 7.549998771177023);
#2165 = AXIS2_PLACEMENT_3D('', #2166, #2167, #2168);
#2166 = CARTESIAN_POINT('', (146.50000132882312, -106.50000102882308, 14.0000003));
#2167 = DIRECTION('', (0.0, 0.0, 1.0));
#2168 = DIRECTION('', (-0.7071067747551955, 0.7071067876178996, 0.0));
#2169 = SURFACE_CURVE('', #2170, (#860, #880), .CURVE_3D.);
#2170 = INTERSECTION_CURVE('', #2171, (#2176, #2181), .CURVE_3D.);
#2171 = B_SPLINE_CURVE_WITH_KNOTS('', 1, (#2172, #2173, #2174, #2175), .UNSPECIFIED., .U., .U., (2, 1, 1, 2), (0.0, 0.3333333333333333, 0.6666666666666666, 1.0), .UNSPECIFIED.);
#2172 = CARTESIAN_POINT('', (150.7530662230776, -112.73810332509069, 13.0));
#2173 = CARTESIAN_POINT('', (150.98334276715045, -112.57471344935391, 13.0));
#2174 = CARTESIAN_POINT('', (151.20734838343213, -112.40282790687382, 13.0));
#2175 = CARTESIAN_POINT('', (151.42477034662866, -112.22268672402224, 13.0));
#2176 = PLANE('', #2177);
#2177 = AXIS2_PLACEMENT_3D('', #2178, #2179, #2180);
#2178 = CARTESIAN_POINT('', (155.75000000000009, -65.76040913868061, 13.0));
#2179 = DIRECTION('', (0.0, 0.0, 0.9999999999999999));
#2180 = DIRECTION('', (-1.0, 0.0, 0.0));
#2181 = CYLINDRICAL_SURFACE('', #2182, 7.549998771177023);
#2182 = AXIS2_PLACEMENT_3D('', #2183, #2184, #2185);
#2183 = CARTESIAN_POINT('', (146.50000132882312, -106.50000102882308, 14.0000003));
#2184 = DIRECTION('', (0.0, 0.0, 1.0));
#2185 = DIRECTION('', (-0.7071067747551955, 0.7071067876178996, 0.0));
#2186 = SURFACE_CURVE('', #2187, (#860, #880), .CURVE_3D.);
#2187 = INTERSECTION_CURVE('', #2188, (#2198, #2203), .CURVE_3D.);
#2188 = B_SPLINE_CURVE_WITH_KNOTS('', 1, (#2189, #2190, #2191, #2192, #2193, #2194, #2195, #2196, #2197), .UNSPECIFIED., .U., .U., (2, 1, 1, 1, 1, 1, 1, 1, 2), (0.0, 0.125, 0.25, 0.375, 0.5, 0.625, 0.75, 0.875, 1.0), .UNSPECIFIED.);
#2189 = CARTESIAN_POINT('', (150.75306623001975, -112.73810333569364, 13.0));
#2190 = CARTESIAN_POINT('', (150.51684251393075, -112.89276790541084, 13.0));
#2191 = CARTESIAN_POINT('', (150.33981201944246, -113.00064217450864, 13.0));
#2192 = CARTESIAN_POINT('', (150.27500032003456, -113.03849199089737, 13.0));
#2193 = CARTESIAN_POINT('', (150.02787844663595, -113.17507140196426, 13.0));
#2194 = CARTESIAN_POINT('', (149.94944747664064, -113.2159375024715, 13.0));
#2195 = CARTESIAN_POINT('', (149.7758225161557, -113.30231511988043, 13.0));
#2196 = CARTESIAN_POINT('', (149.70139866469074, -113.33765680713441, 13.0));
#2197 = CARTESIAN_POINT('', (149.51918505174217, -113.420045182731, 13.0));
#2198 = PLANE('', #2199);
#2199 = AXIS2_PLACEMENT_3D('', #2200, #2201, #2202);
#2200 = CARTESIAN_POINT('', (155.75000000000009, -65.76040913868061, 13.0));
#2201 = DIRECTION('', (0.0, 0.0, 0.9999999999999999));
#2202 = DIRECTION('', (-1.0, 0.0, 0.0));
#2203 = CYLINDRICAL_SURFACE('', #2204, 7.549998771177023);
#2204 = AXIS2_PLACEMENT_3D('', #2205, #2206, #2207);
#2205 = CARTESIAN_POINT('', (146.50000132882312, -106.50000102882308, 14.0000003));
#2206 = DIRECTION('', (0.0, 0.0, 1.0));
#2207 = DIRECTION('', (-0.7071067747551955, 0.7071067876178996, 0.0));
#2208 = SURFACE_CURVE('', #2209, (#860, #880), .CURVE_3D.);
#2209 = INTERSECTION_CURVE('', #2210, (#2215, #2220), .CURVE_3D.);
#2210 = B_SPLINE_CURVE_WITH_KNOTS('', 1, (#2211, #2212, #2213, #2214), .UNSPECIFIED., .U., .U., (2, 1, 1, 2), (0.0, 0.3333333333333333, 0.6666666666666666, 1.0), .UNSPECIFIED.);
#2211 = CARTESIAN_POINT('', (149.25832498423574, -113.5280969343131, 13.0));
#2212 = CARTESIAN_POINT('', (149.3540683924586, -113.48976373159385, 13.0));
#2213 = CARTESIAN_POINT('', (149.50774308047045, -113.4250260107399, 13.0));
#2214 = CARTESIAN_POINT('', (149.51918505174217, -113.420045182731, 13.0));
#2215 = PLANE('', #2216);
#2216 = AXIS2_PLACEMENT_3D('', #2217, #2218, #2219);
#2217 = CARTESIAN_POINT('', (155.75000000000009, -65.76040913868061, 13.0));
#2218 = DIRECTION('', (0.0, 0.0, 0.9999999999999999));
#2219 = DIRECTION('', (-1.0, 0.0, 0.0));
#2220 = CYLINDRICAL_SURFACE('', #2221, 7.549998771177023);
#2221 = AXIS2_PLACEMENT_3D('', #2222, #2223, #2224);
#2222 = CARTESIAN_POINT('', (146.50000132882312, -106.50000102882308, 14.0000003));
#2223 = DIRECTION('', (0.0, 0.0, 1.0));
#2224 = DIRECTION('', (-0.7071067747551955, 0.7071067876178996, 0.0));
#2225 = SURFACE_CURVE('', #2226, (#860, #880), .CURVE_3D.);
#2226 = INTERSECTION_CURVE('', #2227, (#2232, #2237), .CURVE_3D.);
#2227 = B_SPLINE_CURVE_WITH_KNOTS('', 1, (#2228, #2229, #2230, #2231), .UNSPECIFIED., .U., .U., (2, 1, 1, 2), (0.0, 0.3333333333333333, 0.6666666666666666, 1.0), .UNSPECIFIED.);
#2228 = CARTESIAN_POINT('', (148.99360650647856, -113.62631946623587, 13.0));
#2229 = CARTESIAN_POINT('', (149.10076893161593, -113.58791252100735, 13.0));
#2230 = CARTESIAN_POINT('', (149.21762110152235, -113.54393630789889, 13.0));
#2231 = CARTESIAN_POINT('', (149.25832498423574, -113.5280969343131, 13.0));
#2232 = PLANE('', #2233);
#2233 = AXIS2_PLACEMENT_3D('', #2234, #2235, #2236);
#2234 = CARTESIAN_POINT('', (155.75000000000009, -65.76040913868061, 13.0));
#2235 = DIRECTION('', (0.0, 0.0, 0.9999999999999999));
#2236 = DIRECTION('', (-1.0, 0.0, 0.0));
#2237 = CYLINDRICAL_SURFACE('', #2238, 7.549998771177023);
#2238 = AXIS2_PLACEMENT_3D('', #2239, #2240, #2241);
#2239 = CARTESIAN_POINT('', (146.50000132882312, -106.50000102882308, 14.0000003));
#2240 = DIRECTION('', (0.0, 0.0, 1.0));
#2241 = DIRECTION('', (-0.7071067747551955, 0.7071067876178996, 0.0));
#2242 = SURFACE_CURVE('', #2243, (#860, #880), .CURVE_3D.);
#2243 = INTERSECTION_CURVE('', #2244, (#2257, #2262), .CURVE_3D.);
#2244 = B_SPLINE_CURVE_WITH_KNOTS('', 1, (#2245, #2246, #2247, #2248, #2249, #2250, #2251, #2252, #2253, #2254, #2255, #2256), .UNSPECIFIED., .U., .U., (2, 1, 1, 1, 1, 1, 1, 1, 1, 1, 1, 2), (0.0, 0.09090909090909091, 0.18181818181818182, 0.2727272727272727, 0.36363636363636365, 0.45454545454545453, 0.5454545454545454, 0.6363636363636364, 0.7272727272727273, 0.8181818181818182, 0.9090909090909091, 1.0), .UNSPECIFIED.);
#2245 = CARTESIAN_POINT('', (148.18003256854118, -113.86070590587194, 13.0));
#2246 = CARTESIAN_POINT('', (148.4540839878931, -113.79274004830653, 13.0));
#2247 = CARTESIAN_POINT('', (148.45856881517514, -113.7915368647207, 13.0));
#2248 = CARTESIAN_POINT('', (148.52113954884817, -113.774441333089, 13.0));
#2249 = CARTESIAN_POINT('', (148.586777105858, -113.7558847311129, 13.0));
#2250 = CARTESIAN_POINT('', (148.6557119317276, -113.73570370660771, 13.0));
#2251 = CARTESIAN_POINT('', (148.7254017815216, -113.7145747702096, 13.0));
#2252 = CARTESIAN_POINT('', (148.72842857801913, -113.71364043205187, 13.0));
#2253 = CARTESIAN_POINT('', (148.8112170464146, -113.68754326184909, 13.0));
#2254 = CARTESIAN_POINT('', (148.89887207739756, -113.65876492885556, 13.0));
#2255 = CARTESIAN_POINT('', (148.99183344929605, -113.62693965127201, 13.0));
#2256 = CARTESIAN_POINT('', (148.99360651043992, -113.62631947827427, 13.0));
#2257 = PLANE('', #2258);
#2258 = AXIS2_PLACEMENT_3D('', #2259, #2260, #2261);
#2259 = CARTESIAN_POINT('', (155.75000000000009, -65.76040913868061, 13.0));
#2260 = DIRECTION('', (0.0, 0.0, 0.9999999999999999));
#2261 = DIRECTION('', (-1.0, 0.0, 0.0));
#2262 = CYLINDRICAL_SURFACE('', #2263, 7.549998771177023);
#2263 = AXIS2_PLACEMENT_3D('', #2264, #2265, #2266);
#2264 = CARTESIAN_POINT('', (146.50000132882312, -106.50000102882308, 14.0000003));
#2265 = DIRECTION('', (0.0, 0.0, 1.0));
#2266 = DIRECTION('', (-0.7071067747551955, 0.7071067876178996, 0.0));
#2267 = SURFACE_CURVE('', #2268, (#860, #880), .CURVE_3D.);
#2268 = INTERSECTION_CURVE('', #2269, (#2273, #2278), .CURVE_3D.);
#2269 = B_SPLINE_CURVE_WITH_KNOTS('', 1, (#2270, #2271, #2272), .UNSPECIFIED., .U., .U., (2, 1, 2), (0.0, 0.5, 1.0), .UNSPECIFIED.);
#2270 = CARTESIAN_POINT('', (148.18003257112974, -113.86070591827817, 13.0));
#2271 = CARTESIAN_POINT('', (147.90363279846167, -113.91837687143276, 13.0));
#2272 = CARTESIAN_POINT('', (147.62526925872191, -113.96567270193567, 13.0));
#2273 = PLANE('', #2274);
#2274 = AXIS2_PLACEMENT_3D('', #2275, #2276, #2277);
#2275 = CARTESIAN_POINT('', (155.75000000000009, -65.76040913868061, 13.0));
#2276 = DIRECTION('', (0.0, 0.0, 0.9999999999999999));
#2277 = DIRECTION('', (-1.0, 0.0, 0.0));
#2278 = CYLINDRICAL_SURFACE('', #2279, 7.549998771177023);
#2279 = AXIS2_PLACEMENT_3D('', #2280, #2281, #2282);
#2280 = CARTESIAN_POINT('', (146.50000132882312, -106.50000102882308, 14.0000003));
#2281 = DIRECTION('', (0.0, 0.0, 1.0));
#2282 = DIRECTION('', (-0.7071067747551955, 0.7071067876178996, 0.0));
#2283 = SURFACE_CURVE('', #2284, (#860, #880), .CURVE_3D.);
#2284 = INTERSECTION_CURVE('', #2285, (#2299, #2304), .CURVE_3D.);
#2285 = B_SPLINE_CURVE_WITH_KNOTS('', 1, (#2286, #2287, #2288, #2289, #2290, #2291, #2292, #2293, #2294, #2295, #2296, #2297, #2298), .UNSPECIFIED., .U., .U., (2, 1, 1, 1, 1, 1, 1, 1, 1, 1, 1, 1, 2), (0.0, 0.08333333333333333, 0.16666666666666666, 0.25, 0.3333333333333333, 0.4166666666666667, 0.5, 0.5833333333333334, 0.6666666666666666, 0.75, 0.8333333333333334, 0.9166666666666666, 1.0), .UNSPECIFIED.);
#2286 = CARTESIAN_POINT('', (146.5000001, -114.0499998, 13.0));
#2287 = CARTESIAN_POINT('', (146.64117658875398, -114.04867978677521, 13.0));
#2288 = CARTESIAN_POINT('', (146.650586599447, -114.04849793357475, 13.0));
#2289 = CARTESIAN_POINT('', (146.66134062874636, -114.0482757373293, 13.0));
#2290 = CARTESIAN_POINT('', (146.67374876802734, -114.0480003181808, 13.0));
#2291 = CARTESIAN_POINT('', (146.68822444834257, -114.04765321357914, 13.0));
#2292 = CARTESIAN_POINT('', (146.70533140104004, -114.0472072010578, 13.0));
#2293 = CARTESIAN_POINT('', (146.7258587868517, -114.04662079222891, 13.0));
#2294 = CARTESIAN_POINT('', (146.75094639542755, -114.04582822127331, 13.0));
#2295 = CARTESIAN_POINT('', (146.7823036269052, -114.0447201658932, 13.0));
#2296 = CARTESIAN_POINT('', (147.06421232836533, -114.02888855572705, 13.0));
#2297 = CARTESIAN_POINT('', (147.34533192941612, -114.00252711144856, 13.0));
#2298 = CARTESIAN_POINT('', (147.62526925872191, -113.96567270193567, 13.0));
#2299 = PLANE('', #2300);
#2300 = AXIS2_PLACEMENT_3D('', #2301, #2302, #2303);
#2301 = CARTESIAN_POINT('', (155.75000000000009, -65.76040913868061, 13.0));
#2302 = DIRECTION('', (0.0, 0.0, 0.9999999999999999));
#2303 = DIRECTION('', (-1.0, 0.0, 0.0));
#2304 = CYLINDRICAL_SURFACE('', #2305, 7.549998771177023);
#2305 = AXIS2_PLACEMENT_3D('', #2306, #2307, #2308);
#2306 = CARTESIAN_POINT('', (146.50000132882312, -106.50000102882308, 14.0000003));
#2307 = DIRECTION('', (0.0, 0.0, 1.0));
#2308 = DIRECTION('', (-0.7071067747551955, 0.7071067876178996, 0.0));
#2309 = SURFACE_CURVE('', #2310, (#860, #875), .CURVE_3D.);
#2310 = INTERSECTION_CURVE('', #2311, (#2317, #2322), .CURVE_3D.);
#2311 = B_SPLINE_CURVE_WITH_KNOTS('', 1, (#2312, #2313, #2314, #2315, #2316), .UNSPECIFIED., .U., .U., (2, 1, 1, 1, 2), (0.0, 0.25, 0.5, 0.75, 1.0), .UNSPECIFIED.);
#2312 = CARTESIAN_POINT('', (146.5000001, -114.0499998, 13.0));
#2313 = CARTESIAN_POINT('', (146.11411910599497, -114.0499998, 13.0));
#2314 = CARTESIAN_POINT('', (135.74999684066518, -114.04999979999995, 13.0));
#2315 = CARTESIAN_POINT('', (104.90794401544271, -114.04999979999981, 13.0));
#2316 = CARTESIAN_POINT('', (103.49999996266074, -114.04999979999981, 13.0));
#2317 = PLANE('', #2318);
#2318 = AXIS2_PLACEMENT_3D('', #2319, #2320, #2321);
#2319 = CARTESIAN_POINT('', (155.75000000000009, -65.76040913868061, 13.0));
#2320 = DIRECTION('', (0.0, 0.0, 0.9999999999999999));
#2321 = DIRECTION('', (-1.0, 0.0, 0.0));
#2322 = PLANE('', #2323);
#2323 = AXIS2_PLACEMENT_3D('', #2324, #2325, #2326);
#2324 = CARTESIAN_POINT('', (103.49999996266074, -114.04999979999981, 10.0000003));
#2325 = DIRECTION('', (-4.2963049002E-15, -1.0, 0.0));
#2326 = DIRECTION('', (1.0, -4.2963049002E-15, 0.0));
#2327 = SURFACE_CURVE('', #2328, (#860, #870), .CURVE_3D.);
#2328 = INTERSECTION_CURVE('', #2329, (#2344, #2349), .CURVE_3D.);
#2329 = B_SPLINE_CURVE_WITH_KNOTS('', 1, (#2330, #2331, #2332, #2333, #2334, #2335, #2336, #2337, #2338, #2339, #2340, #2341, #2342, #2343), .UNSPECIFIED., .U., .U., (2, 1, 1, 1, 1, 1, 1, 1, 1, 1, 1, 1, 1, 2), (0.0, 0.07692307692307693, 0.15384615384615385, 0.23076923076923078, 0.3076923076923077, 0.38461538461538464, 0.46153846153846156, 0.5384615384615384, 0.6153846153846154, 0.6923076923076923, 0.7692307692307693, 0.8461538461538461, 0.9230769230769231, 1.0), .UNSPECIFIED.);
#2330 = CARTESIAN_POINT('', (103.49999996266074, -114.04999979999981, 13.0));
#2331 = CARTESIAN_POINT('', (103.3588234739308, -114.04867978420697, 13.0));
#2332 = CARTESIAN_POINT('', (103.34941346324109, -114.04849793083531, 13.0));
#2333 = CARTESIAN_POINT('', (103.33865943394576, -114.04827573439425, 13.0));
#2334 = CARTESIAN_POINT('', (103.32625129466979, -114.04800031502002, 13.0));
#2335 = CARTESIAN_POINT('', (103.31177561436085, -114.04765321015506, 13.0));
#2336 = CARTESIAN_POINT('', (103.2946686616715, -114.04720719732254, 13.0));
#2337 = CARTESIAN_POINT('', (103.2741412758705, -114.04662078812024, 13.0));
#2338 = CARTESIAN_POINT('', (103.24905366730906, -114.04582821670829, 13.0));
#2339 = CARTESIAN_POINT('', (103.2176964358516, -114.04472016075778, 13.0));
#2340 = CARTESIAN_POINT('', (102.93578773467941, -114.02888854546357, 13.0));
#2341 = CARTESIAN_POINT('', (102.65466813410814, -114.00252709607142, 13.0));
#2342 = CARTESIAN_POINT('', (102.37473080547272, -113.96567268146633, 13.0));
#2343 = CARTESIAN_POINT('', (102.0963672665933, -113.91837684589984, 13.0));
#2344 = PLANE('', #2345);
#2345 = AXIS2_PLACEMENT_3D('', #2346, #2347, #2348);
#2346 = CARTESIAN_POINT('', (155.75000000000009, -65.76040913868061, 13.0));
#2347 = DIRECTION('', (0.0, 0.0, 0.9999999999999999));
#2348 = DIRECTION('', (-1.0, 0.0, 0.0));
#2349 = CYLINDRICAL_SURFACE('', #2350, 7.5499987711753755);
#2350 = AXIS2_PLACEMENT_3D('', #2351, #2352, #2353);
#2351 = CARTESIAN_POINT('', (103.49999887117528, -106.5000010288245, 14.0000003));
#2352 = DIRECTION('', (0.0, 0.0, 1.0));
#2353 = DIRECTION('', (0.7071067876178976, 0.7071067747551972, 0.0));
#2354 = SURFACE_CURVE('', #2355, (#860, #870), .CURVE_3D.);
#2355 = INTERSECTION_CURVE('', #2356, (#2370, #2375), .CURVE_3D.);
#2356 = B_SPLINE_CURVE_WITH_KNOTS('', 1, (#2357, #2358, #2359, #2360, #2361, #2362, #2363, #2364, #2365, #2366, #2367, #2368, #2369), .UNSPECIFIED., .U., .U., (2, 1, 1, 1, 1, 1, 1, 1, 1, 1, 1, 1, 2), (0.0, 0.08333333333333333, 0.16666666666666666, 0.25, 0.3333333333333333, 0.4166666666666667, 0.5, 0.5833333333333334, 0.6666666666666666, 0.75, 0.8333333333333334, 0.9166666666666666, 1.0), .UNSPECIFIED.);
#2357 = CARTESIAN_POINT('', (101.0063929201962, -113.62631920906256, 13.0));
#2358 = CARTESIAN_POINT('', (101.00816650074697, -113.62693956387835, 13.0));
#2359 = CARTESIAN_POINT('', (101.10112788316785, -113.6587648486223, 13.0));
#2360 = CARTESIAN_POINT('', (101.18878292373807, -113.68754318793992, 13.0));
#2361 = CARTESIAN_POINT('', (101.27157140088943, -113.71364036375282, 13.0));
#2362 = CARTESIAN_POINT('', (101.27459828724061, -113.71457472972831, 13.0));
#2363 = CARTESIAN_POINT('', (101.34428806089446, -113.73570364482441, 13.0));
#2364 = CARTESIAN_POINT('', (101.41322289308788, -113.75588467329035, 13.0));
#2365 = CARTESIAN_POINT('', (101.4788604559435, -113.77444127885227, 13.0));
#2366 = CARTESIAN_POINT('', (101.54143119502956, -113.79153681374024, 13.0));
#2367 = CARTESIAN_POINT('', (101.54591607944725, -113.79274001276065, 13.0));
#2368 = CARTESIAN_POINT('', (101.81996683420182, -113.86070573690051, 13.0));
#2369 = CARTESIAN_POINT('', (102.0963672665933, -113.91837684589984, 13.0));
#2370 = PLANE('', #2371);
#2371 = AXIS2_PLACEMENT_3D('', #2372, #2373, #2374);
#2372 = CARTESIAN_POINT('', (155.75000000000009, -65.76040913868061, 13.0));
#2373 = DIRECTION('', (0.0, 0.0, 0.9999999999999999));
#2374 = DIRECTION('', (-1.0, 0.0, 0.0));
#2375 = CYLINDRICAL_SURFACE('', #2376, 7.5499987711753755);
#2376 = AXIS2_PLACEMENT_3D('', #2377, #2378, #2379);
#2377 = CARTESIAN_POINT('', (103.49999887117528, -106.5000010288245, 14.0000003));
#2378 = DIRECTION('', (0.0, 0.0, 1.0));
#2379 = DIRECTION('', (0.7071067876178976, 0.7071067747551972, 0.0));
#2380 = SURFACE_CURVE('', #2381, (#860, #870), .CURVE_3D.);
#2381 = INTERSECTION_CURVE('', #2382, (#2387, #2392), .CURVE_3D.);
#2382 = B_SPLINE_CURVE_WITH_KNOTS('', 1, (#2383, #2384, #2385, #2386), .UNSPECIFIED., .U., .U., (2, 1, 1, 2), (0.0, 0.3333333333333333, 0.6666666666666666, 1.0), .UNSPECIFIED.);
#2383 = CARTESIAN_POINT('', (101.0063929201962, -113.62631920906256, 13.0));
#2384 = CARTESIAN_POINT('', (100.8992309921111, -113.58791241963473, 13.0));
#2385 = CARTESIAN_POINT('', (100.78237880649722, -113.54393619525021, 13.0));
#2386 = CARTESIAN_POINT('', (100.74167446185443, -113.52809662481346, 13.0));
#2387 = PLANE('', #2388);
#2388 = AXIS2_PLACEMENT_3D('', #2389, #2390, #2391);
#2389 = CARTESIAN_POINT('', (155.75000000000009, -65.76040913868061, 13.0));
#2390 = DIRECTION('', (0.0, 0.0, 0.9999999999999999));
#2391 = DIRECTION('', (-1.0, 0.0, 0.0));
#2392 = CYLINDRICAL_SURFACE('', #2393, 7.5499987711753755);
#2393 = AXIS2_PLACEMENT_3D('', #2394, #2395, #2396);
#2394 = CARTESIAN_POINT('', (103.49999887117528, -106.5000010288245, 14.0000003));
#2395 = DIRECTION('', (0.0, 0.0, 1.0));
#2396 = DIRECTION('', (0.7071067876178976, 0.7071067747551972, 0.0));
#2397 = SURFACE_CURVE('', #2398, (#860, #870), .CURVE_3D.);
#2398 = INTERSECTION_CURVE('', #2399, (#2404, #2409), .CURVE_3D.);
#2399 = B_SPLINE_CURVE_WITH_KNOTS('', 1, (#2400, #2401, #2402, #2403), .UNSPECIFIED., .U., .U., (2, 1, 1, 2), (0.0, 0.3333333333333333, 0.6666666666666666, 1.0), .UNSPECIFIED.);
#2400 = CARTESIAN_POINT('', (100.74167445700452, -113.52809663652215, 13.0));
#2401 = CARTESIAN_POINT('', (100.64593147324902, -113.48976359509555, 13.0));
#2402 = CARTESIAN_POINT('', (100.49225675990708, -113.4250258545456, 13.0));
#2403 = CARTESIAN_POINT('', (100.48081502237768, -113.42004512781038, 13.0));
#2404 = PLANE('', #2405);
#2405 = AXIS2_PLACEMENT_3D('', #2406, #2407, #2408);
#2406 = CARTESIAN_POINT('', (155.75000000000009, -65.76040913868061, 13.0));
#2407 = DIRECTION('', (0.0, 0.0, 0.9999999999999999));
#2408 = DIRECTION('', (-1.0, 0.0, 0.0));
#2409 = CYLINDRICAL_SURFACE('', #2410, 7.5499987711753755);
#2410 = AXIS2_PLACEMENT_3D('', #2411, #2412, #2413);
#2411 = CARTESIAN_POINT('', (103.49999887117528, -106.5000010288245, 14.0000003));
#2412 = DIRECTION('', (0.0, 0.0, 1.0));
#2413 = DIRECTION('', (0.7071067876178976, 0.7071067747551972, 0.0));
#2414 = SURFACE_CURVE('', #2415, (#860, #870), .CURVE_3D.);
#2415 = INTERSECTION_CURVE('', #2416, (#2420, #2425), .CURVE_3D.);
#2416 = B_SPLINE_CURVE_WITH_KNOTS('', 1, (#2417, #2418, #2419), .UNSPECIFIED., .U., .U., (2, 1, 2), (0.0, 0.5, 1.0), .UNSPECIFIED.);
#2417 = CARTESIAN_POINT('', (100.22417756010572, -113.30231506029145, 13.0));
#2418 = CARTESIAN_POINT('', (100.29860109919741, -113.33765660294674, 13.0));
#2419 = CARTESIAN_POINT('', (100.48081502237768, -113.42004512781038, 13.0));
#2420 = PLANE('', #2421);
#2421 = AXIS2_PLACEMENT_3D('', #2422, #2423, #2424);
#2422 = CARTESIAN_POINT('', (155.75000000000009, -65.76040913868061, 13.0));
#2423 = DIRECTION('', (0.0, 0.0, 0.9999999999999999));
#2424 = DIRECTION('', (-1.0, 0.0, 0.0));
#2425 = CYLINDRICAL_SURFACE('', #2426, 7.5499987711753755);
#2426 = AXIS2_PLACEMENT_3D('', #2427, #2428, #2429);
#2427 = CARTESIAN_POINT('', (103.49999887117528, -106.5000010288245, 14.0000003));
#2428 = DIRECTION('', (0.0, 0.0, 1.0));
#2429 = DIRECTION('', (0.7071067876178976, 0.7071067747551972, 0.0));
#2430 = SURFACE_CURVE('', #2431, (#860, #870), .CURVE_3D.);
#2431 = INTERSECTION_CURVE('', #2432, (#2440, #2445), .CURVE_3D.);
#2432 = B_SPLINE_CURVE_WITH_KNOTS('', 1, (#2433, #2434, #2435, #2436, #2437, #2438, #2439), .UNSPECIFIED., .U., .U., (2, 1, 1, 1, 1, 1, 2), (0.0, 0.16666666666666666, 0.3333333333333333, 0.5, 0.6666666666666666, 0.8333333333333334, 1.0), .UNSPECIFIED.);
#2433 = CARTESIAN_POINT('', (100.22417756010572, -113.30231506029145, 13.0));
#2434 = CARTESIAN_POINT('', (100.0505521573667, -113.21593721176615, 13.0));
#2435 = CARTESIAN_POINT('', (99.97212163194008, -113.17507133779023, 13.0));
#2436 = CARTESIAN_POINT('', (99.72499976102594, -113.03849192222806, 13.0));
#2437 = CARTESIAN_POINT('', (99.66018701239186, -113.00064148449468, 13.0));
#2438 = CARTESIAN_POINT('', (99.48315756978054, -112.8927678323423, 13.0));
#2439 = CARTESIAN_POINT('', (99.24693329650884, -112.73810287652921, 13.0));
#2440 = PLANE('', #2441);
#2441 = AXIS2_PLACEMENT_3D('', #2442, #2443, #2444);
#2442 = CARTESIAN_POINT('', (155.75000000000009, -65.76040913868061, 13.0));
#2443 = DIRECTION('', (0.0, 0.0, 0.9999999999999999));
#2444 = DIRECTION('', (-1.0, 0.0, 0.0));
#2445 = CYLINDRICAL_SURFACE('', #2446, 7.5499987711753755);
#2446 = AXIS2_PLACEMENT_3D('', #2447, #2448, #2449);
#2447 = CARTESIAN_POINT('', (103.49999887117528, -106.5000010288245, 14.0000003));
#2448 = DIRECTION('', (0.0, 0.0, 1.0));
#2449 = DIRECTION('', (0.7071067876178976, 0.7071067747551972, 0.0));
#2450 = SURFACE_CURVE('', #2451, (#860, #870), .CURVE_3D.);
#2451 = INTERSECTION_CURVE('', #2452, (#2455, #2460), .CURVE_3D.);
#2452 = B_SPLINE_CURVE_WITH_KNOTS('', 1, (#2453, #2454), .UNSPECIFIED., .U., .U., (2, 2), (0.0, 1.0), .UNSPECIFIED.);
#2453 = CARTESIAN_POINT('', (99.24693329650884, -112.73810287652921, 13.000000000000002));
#2454 = CARTESIAN_POINT('', (99.01665678473293, -112.57471295527414, 13.000000000000002));
#2455 = PLANE('', #2456);
#2456 = AXIS2_PLACEMENT_3D('', #2457, #2458, #2459);
#2457 = CARTESIAN_POINT('', (155.75000000000009, -65.76040913868061, 13.0));
#2458 = DIRECTION('', (0.0, 0.0, 0.9999999999999999));
#2459 = DIRECTION('', (-1.0, 0.0, 0.0));
#2460 = CYLINDRICAL_SURFACE('', #2461, 7.5499987711753755);
#2461 = AXIS2_PLACEMENT_3D('', #2462, #2463, #2464);
#2462 = CARTESIAN_POINT('', (103.49999887117528, -106.5000010288245, 14.0000003));
#2463 = DIRECTION('', (0.0, 0.0, 1.0));
#2464 = DIRECTION('', (0.7071067876178976, 0.7071067747551972, 0.0));
#2465 = SURFACE_CURVE('', #2466, (#860, #870), .CURVE_3D.);
#2466 = INTERSECTION_CURVE('', #2467, (#2478, #2483), .CURVE_3D.);
#2467 = B_SPLINE_CURVE_WITH_KNOTS('', 1, (#2468, #2469, #2470, #2471, #2472, #2473, #2474, #2475, #2476, #2477), .UNSPECIFIED., .U., .U., (2, 1, 1, 1, 1, 1, 1, 1, 1, 2), (0.0, 0.1111111111111111, 0.2222222222222222, 0.3333333333333333, 0.4444444444444444, 0.5555555555555556, 0.6666666666666666, 0.7777777777777778, 0.8888888888888888, 1.0), .UNSPECIFIED.);
#2468 = CARTESIAN_POINT('', (99.01665677701786, -112.57471296532863, 13.0));
#2469 = CARTESIAN_POINT('', (98.79265170919143, -112.40282782124457, 13.0));
#2470 = CARTESIAN_POINT('', (98.57522974927176, -112.22268663443795, 13.0));
#2471 = CARTESIAN_POINT('', (98.57230653850695, -112.22016970809537, 13.0));
#2472 = CARTESIAN_POINT('', (98.36469552697733, -112.03454175121682, 13.0));
#2473 = CARTESIAN_POINT('', (98.16134349357039, -111.83865630931601, 13.0));
#2474 = CARTESIAN_POINT('', (98.1186777902025, -111.79564686934552, 13.0));
#2475 = CARTESIAN_POINT('', (97.96545805536869, -111.63530427234582, 13.0));
#2476 = CARTESIAN_POINT('', (97.80594371403706, -111.45784504736898, 13.0));
#2477 = CARTESIAN_POINT('', (97.77731317597731, -111.42477004662891, 13.0));
#2478 = PLANE('', #2479);
#2479 = AXIS2_PLACEMENT_3D('', #2480, #2481, #2482);
#2480 = CARTESIAN_POINT('', (155.75000000000009, -65.76040913868061, 13.0));
#2481 = DIRECTION('', (0.0, 0.0, 0.9999999999999999));
#2482 = DIRECTION('', (-1.0, 0.0, 0.0));
#2483 = CYLINDRICAL_SURFACE('', #2484, 7.5499987711753755);
#2484 = AXIS2_PLACEMENT_3D('', #2485, #2486, #2487);
#2485 = CARTESIAN_POINT('', (103.49999887117528, -106.5000010288245, 14.0000003));
#2486 = DIRECTION('', (0.0, 0.0, 1.0));
#2487 = DIRECTION('', (0.7071067876178976, 0.7071067747551972, 0.0));
#2488 = SURFACE_CURVE('', #2489, (#860, #870), .CURVE_3D.);
#2489 = INTERSECTION_CURVE('', #2490, (#2513, #2518), .CURVE_3D.);
#2490 = B_SPLINE_CURVE_WITH_KNOTS('', 1, (#2491, #2492, #2493, #2494, #2495, #2496, #2497, #2498, #2499, #2500, #2501, #2502, #2503, #2504, #2505, #2506, #2507, #2508, #2509, #2510, #2511, #2512), .UNSPECIFIED., .U., .U., (2, 1, 1, 1, 1, 1, 1, 1, 1, 1, 1, 1, 1, 1, 1, 1, 1, 1, 1, 1, 1, 2), (0.0, 0.047619047619047616, 0.09523809523809523, 0.14285714285714285, 0.19047619047619047, 0.23809523809523808, 0.2857142857142857, 0.3333333333333333, 0.38095238095238093, 0.42857142857142855, 0.47619047619047616, 0.5238095238095238, 0.5714285714285714, 0.6190476190476191, 0.6666666666666666, 0.7142857142857143, 0.7619047619047619, 0.8095238095238095, 0.8571428571428571, 0.9047619047619048, 0.9523809523809523, 1.0), .UNSPECIFIED.);
#2491 = CARTESIAN_POINT('', (96.28542512979008, -108.72540148152171, 13.0));
#2492 = CARTESIAN_POINT('', (96.34425299885285, -108.90785950794867, 13.0));
#2493 = CARTESIAN_POINT('', (96.37368042188191, -108.99360621088735, 13.0));
#2494 = CARTESIAN_POINT('', (96.42556635482981, -109.13721281713873, 13.0));
#2495 = CARTESIAN_POINT('', (96.47190271824425, -109.25832405376298, 13.0));
#2496 = CARTESIAN_POINT('', (96.51676795471965, -109.37001277308758, 13.0));
#2497 = CARTESIAN_POINT('', (96.57995444642523, -109.51918413096246, 13.0));
#2498 = CARTESIAN_POINT('', (96.61879535535763, -109.60669052387362, 13.0));
#2499 = CARTESIAN_POINT('', (96.69768448625348, -109.77582160593725, 13.0));
#2500 = CARTESIAN_POINT('', (96.73282743302619, -109.8478170589326, 13.0));
#2501 = CARTESIAN_POINT('', (96.82492818155833, -110.02787754783228, 13.0));
#2502 = CARTESIAN_POINT('', (96.86037493777067, -110.09414563744983, 13.0));
#2503 = CARTESIAN_POINT('', (96.96150757045652, -110.27499943348306, 13.0));
#2504 = CARTESIAN_POINT('', (97.00341369562713, -110.34667004260743, 13.0));
#2505 = CARTESIAN_POINT('', (97.10723163424798, -110.51684164045182, 13.0));
#2506 = CARTESIAN_POINT('', (97.164585826191, -110.60670566809341, 13.0));
#2507 = CARTESIAN_POINT('', (97.26189656457291, -110.75306593041157, 13.0));
#2508 = CARTESIAN_POINT('', (97.34751314818115, -110.87600387081432, 13.0));
#2509 = CARTESIAN_POINT('', (97.42528604845634, -110.98334192220341, 13.0));
#2510 = CARTESIAN_POINT('', (97.5573030129587, -111.15691496205164, 13.0));
#2511 = CARTESIAN_POINT('', (97.59717199312571, -111.20734808343236, 13.0));
#2512 = CARTESIAN_POINT('', (97.77731317597731, -111.42477004662891, 13.0));
#2513 = PLANE('', #2514);
#2514 = AXIS2_PLACEMENT_3D('', #2515, #2516, #2517);
#2515 = CARTESIAN_POINT('', (155.75000000000009, -65.76040913868061, 13.0));
#2516 = DIRECTION('', (0.0, 0.0, 0.9999999999999999));
#2517 = DIRECTION('', (-1.0, 0.0, 0.0));
#2518 = CYLINDRICAL_SURFACE('', #2519, 7.5499987711753755);
#2519 = AXIS2_PLACEMENT_3D('', #2520, #2521, #2522);
#2520 = CARTESIAN_POINT('', (103.49999887117528, -106.5000010288245, 14.0000003));
#2521 = DIRECTION('', (0.0, 0.0, 1.0));
#2522 = DIRECTION('', (0.7071067876178976, 0.7071067747551972, 0.0));
#2523 = SURFACE_CURVE('', #2524, (#860, #870), .CURVE_3D.);
#2524 = INTERSECTION_CURVE('', #2525, (#2532, #2537), .CURVE_3D.);
#2525 = B_SPLINE_CURVE_WITH_KNOTS('', 1, (#2526, #2527, #2528, #2529, #2530, #2531), .UNSPECIFIED., .U., .U., (2, 1, 1, 1, 1, 2), (0.0, 0.2, 0.4, 0.6, 0.8, 1.0), .UNSPECIFIED.);
#2526 = CARTESIAN_POINT('', (96.08162302856702, -107.90363249846173, 13.0));
#2527 = CARTESIAN_POINT('', (96.13929398182702, -108.1800322715919, 13.0));
#2528 = CARTESIAN_POINT('', (96.20725967639733, -108.45408303367977, 13.0));
#2529 = CARTESIAN_POINT('', (96.20846311113391, -108.45856879757477, 13.0));
#2530 = CARTESIAN_POINT('', (96.27206863278931, -108.6816302167883, 13.0));
#2531 = CARTESIAN_POINT('', (96.28542512979008, -108.72540148152171, 13.0));
#2532 = PLANE('', #2533);
#2533 = AXIS2_PLACEMENT_3D('', #2534, #2535, #2536);
#2534 = CARTESIAN_POINT('', (155.75000000000009, -65.76040913868061, 13.0));
#2535 = DIRECTION('', (0.0, 0.0, 0.9999999999999999));
#2536 = DIRECTION('', (-1.0, 0.0, 0.0));
#2537 = CYLINDRICAL_SURFACE('', #2538, 7.5499987711753755);
#2538 = AXIS2_PLACEMENT_3D('', #2539, #2540, #2541);
#2539 = CARTESIAN_POINT('', (103.49999887117528, -106.5000010288245, 14.0000003));
#2540 = DIRECTION('', (0.0, 0.0, 1.0));
#2541 = DIRECTION('', (0.7071067876178976, 0.7071067747551972, 0.0));
#2542 = SURFACE_CURVE('', #2543, (#860, #870), .CURVE_3D.);
#2543 = INTERSECTION_CURVE('', #2544, (#2548, #2553), .CURVE_3D.);
#2544 = B_SPLINE_CURVE_WITH_KNOTS('', 1, (#2545, #2546, #2547), .UNSPECIFIED., .U., .U., (2, 1, 2), (0.0, 0.5, 1.0), .UNSPECIFIED.);
#2545 = CARTESIAN_POINT('', (95.99747272528384, -107.3453309547291, 13.0));
#2546 = CARTESIAN_POINT('', (96.03432709711922, -107.62526828899524, 13.0));
#2547 = CARTESIAN_POINT('', (96.08162302856702, -107.90363249846173, 13.0));
#2548 = PLANE('', #2549);
#2549 = AXIS2_PLACEMENT_3D('', #2550, #2551, #2552);
#2550 = CARTESIAN_POINT('', (155.75000000000009, -65.76040913868061, 13.0));
#2551 = DIRECTION('', (0.0, 0.0, 0.9999999999999999));
#2552 = DIRECTION('', (-1.0, 0.0, 0.0));
#2553 = CYLINDRICAL_SURFACE('', #2554, 7.5499987711753755);
#2554 = AXIS2_PLACEMENT_3D('', #2555, #2556, #2557);
#2555 = CARTESIAN_POINT('', (103.49999887117528, -106.5000010288245, 14.0000003));
#2556 = DIRECTION('', (0.0, 0.0, 1.0));
#2557 = DIRECTION('', (0.7071067876178976, 0.7071067747551972, 0.0));
#2558 = SURFACE_CURVE('', #2559, (#860, #870), .CURVE_3D.);
#2559 = INTERSECTION_CURVE('', #2560, (#2573, #2578), .CURVE_3D.);
#2560 = B_SPLINE_CURVE_WITH_KNOTS('', 1, (#2561, #2562, #2563, #2564, #2565, #2566, #2567, #2568, #2569, #2570, #2571, #2572), .UNSPECIFIED., .U., .U., (2, 1, 1, 1, 1, 1, 1, 1, 1, 1, 1, 2), (0.0, 0.09090909090909091, 0.18181818181818182, 0.2727272727272727, 0.36363636363636365, 0.45454545454545453, 0.5454545454545454, 0.6363636363636364, 0.7272727272727273, 0.8181818181818182, 0.9090909090909091, 1.0), .UNSPECIFIED.);
#2561 = CARTESIAN_POINT('', (95.9500001, -106.4999998, 13.0));
#2562 = CARTESIAN_POINT('', (95.95132011322474, -106.64117628875394, 13.0));
#2563 = CARTESIAN_POINT('', (95.95150196642521, -106.65058629944697, 13.0));
#2564 = CARTESIAN_POINT('', (95.95172416267067, -106.66134032874632, 13.0));
#2565 = CARTESIAN_POINT('', (95.95199958181918, -106.67374846802736, 13.0));
#2566 = CARTESIAN_POINT('', (95.95234668642084, -106.68822414834256, 13.0));
#2567 = CARTESIAN_POINT('', (95.95279269894215, -106.70533110104003, 13.0));
#2568 = CARTESIAN_POINT('', (95.95337910777107, -106.72585848685169, 13.0));
#2569 = CARTESIAN_POINT('', (95.95417167872664, -106.75094609542757, 13.0));
#2570 = CARTESIAN_POINT('', (95.95527973410675, -106.78230332690518, 13.0));
#2571 = CARTESIAN_POINT('', (95.97111129365894, -107.06421135296769, 13.0));
#2572 = CARTESIAN_POINT('', (95.99747271266578, -107.34533095591235, 13.0));
#2573 = PLANE('', #2574);
#2574 = AXIS2_PLACEMENT_3D('', #2575, #2576, #2577);
#2575 = CARTESIAN_POINT('', (155.75000000000009, -65.76040913868061, 13.0));
#2576 = DIRECTION('', (0.0, 0.0, 0.9999999999999999));
#2577 = DIRECTION('', (-1.0, 0.0, 0.0));
#2578 = CYLINDRICAL_SURFACE('', #2579, 7.5499987711753755);
#2579 = AXIS2_PLACEMENT_3D('', #2580, #2581, #2582);
#2580 = CARTESIAN_POINT('', (103.49999887117528, -106.5000010288245, 14.0000003));
#2581 = DIRECTION('', (0.0, 0.0, 1.0));
#2582 = DIRECTION('', (0.7071067876178976, 0.7071067747551972, 0.0));
#2583 = SURFACE_CURVE('', #2584, (#860, #865), .CURVE_3D.);
#2584 = INTERSECTION_CURVE('', #2585, (#2590, #2595), .CURVE_3D.);
#2585 = B_SPLINE_CURVE_WITH_KNOTS('', 1, (#2586, #2587, #2588, #2589), .UNSPECIFIED., .U., .U., (2, 1, 1, 2), (0.0, 0.3333333333333333, 0.6666666666666666, 1.0), .UNSPECIFIED.);
#2586 = CARTESIAN_POINT('', (95.95000010000003, -83.49999966266078, 13.0));
#2587 = CARTESIAN_POINT('', (95.95000010000001, -100.74999804066519, 13.0));
#2588 = CARTESIAN_POINT('', (95.9500001, -105.25461478981761, 13.0));
#2589 = CARTESIAN_POINT('', (95.9500001, -106.4999998, 13.0));
#2590 = PLANE('', #2591);
#2591 = AXIS2_PLACEMENT_3D('', #2592, #2593, #2594);
#2592 = CARTESIAN_POINT('', (155.75000000000009, -65.76040913868061, 13.0));
#2593 = DIRECTION('', (0.0, 0.0, 0.9999999999999999));
#2594 = DIRECTION('', (-1.0, 0.0, 0.0));
#2595 = PLANE('', #2596);
#2596 = AXIS2_PLACEMENT_3D('', #2597, #2598, #2599);
#2597 = CARTESIAN_POINT('', (95.95000010000003, -83.49999966266078, 10.0000003));
#2598 = DIRECTION('', (-1.0, 1.2357264896E-15, 0.0));
#2599 = DIRECTION('', (-1.2357264896E-15, -1.0, 0.0));
#2600 = SURFACE_CURVE('', #2601, (#860, #905), .CURVE_3D.);
#2601 = INTERSECTION_CURVE('', #2602, (#2615, #2620), .CURVE_3D.);
#2602 = B_SPLINE_CURVE_WITH_KNOTS('', 1, (#2603, #2604, #2605, #2606, #2607, #2608, #2609, #2610, #2611, #2612, #2613, #2614), .UNSPECIFIED., .U., .U., (2, 1, 1, 1, 1, 1, 1, 1, 1, 1, 1, 2), (0.0, 0.09090909090909091, 0.18181818181818182, 0.2727272727272727, 0.36363636363636365, 0.45454545454545453, 0.5454545454545454, 0.6363636363636364, 0.7272727272727273, 0.8181818181818182, 0.9090909090909091, 1.0), .UNSPECIFIED.);
#2603 = CARTESIAN_POINT('', (95.97111135453626, -82.93578743467945, 13.0));
#2604 = CARTESIAN_POINT('', (95.9575601966439, -83.16221123322137, 13.0));
#2605 = CARTESIAN_POINT('', (95.95527976456674, -83.21769545903376, 13.0));
#2606 = CARTESIAN_POINT('', (95.95417168329153, -83.2490533673091, 13.0));
#2607 = CARTESIAN_POINT('', (95.9533791118796, -83.27414097587054, 13.0));
#2608 = CARTESIAN_POINT('', (95.9527927026773, -83.29466836167151, 13.0));
#2609 = CARTESIAN_POINT('', (95.95234668984477, -83.3117753143609, 13.0));
#2610 = CARTESIAN_POINT('', (95.9519995849798, -83.32625099466982, 13.0));
#2611 = CARTESIAN_POINT('', (95.95172416560558, -83.3386591339458, 13.0));
#2612 = CARTESIAN_POINT('', (95.95150196916453, -83.34941316324112, 13.0));
#2613 = CARTESIAN_POINT('', (95.95132011579287, -83.35882317393083, 13.0));
#2614 = CARTESIAN_POINT('', (95.95000010000003, -83.49999966266078, 13.0));
#2615 = PLANE('', #2616);
#2616 = AXIS2_PLACEMENT_3D('', #2617, #2618, #2619);
#2617 = CARTESIAN_POINT('', (155.75000000000009, -65.76040913868061, 13.0));
#2618 = DIRECTION('', (0.0, 0.0, 0.9999999999999999));
#2619 = DIRECTION('', (-1.0, 0.0, 0.0));
#2620 = CYLINDRICAL_SURFACE('', #2621, 7.549998771175717);
#2621 = AXIS2_PLACEMENT_3D('', #2622, #2623, #2624);
#2622 = CARTESIAN_POINT('', (103.49999887117566, -83.49999857117562, 14.0000003));
#2623 = DIRECTION('', (0.0, 0.0, 1.0));
#2624 = DIRECTION('', (0.7071067747551918, -0.7071067876179034, 0.0));
#2625 = SURFACE_CURVE('', #2626, (#860, #905), .CURVE_3D.);
#2626 = INTERSECTION_CURVE('', #2627, (#2643, #2648), .CURVE_3D.);
#2627 = B_SPLINE_CURVE_WITH_KNOTS('', 1, (#2628, #2629, #2630, #2631, #2632, #2633, #2634, #2635, #2636, #2637, #2638, #2639, #2640, #2641, #2642), .UNSPECIFIED., .U., .U., (2, 1, 1, 1, 1, 1, 1, 1, 1, 1, 1, 1, 1, 1, 2), (0.0, 0.07142857142857142, 0.14285714285714285, 0.21428571428571427, 0.2857142857142857, 0.35714285714285715, 0.42857142857142855, 0.5, 0.5714285714285714, 0.6428571428571429, 0.7142857142857143, 0.7857142857142857, 0.8571428571428571, 0.9285714285714286, 1.0), .UNSPECIFIED.);
#2628 = CARTESIAN_POINT('', (96.57995477218954, -80.48081472237773, 13.0));
#2629 = CARTESIAN_POINT('', (96.51676765576158, -80.62998755432895, 13.0));
#2630 = CARTESIAN_POINT('', (96.4719032633046, -80.74167415744576, 13.0));
#2631 = CARTESIAN_POINT('', (96.4255660959802, -80.86278747723665, 13.0));
#2632 = CARTESIAN_POINT('', (96.37368091463253, -81.0063919809121, 13.0));
#2633 = CARTESIAN_POINT('', (96.34425277556937, -81.0921407556121, 13.0));
#2634 = CARTESIAN_POINT('', (96.28542536990673, -81.27459734003932, 13.0));
#2635 = CARTESIAN_POINT('', (96.27206844119107, -81.318370017994, 13.0));
#2636 = CARTESIAN_POINT('', (96.20846293454957, -81.54143145983, 13.0));
#2637 = CARTESIAN_POINT('', (96.20726006253514, -81.54591512523393, 13.0));
#2638 = CARTESIAN_POINT('', (96.13929431381086, -81.81996587389148, 13.0));
#2639 = CARTESIAN_POINT('', (96.08162318001632, -82.09636630110944, 13.0));
#2640 = CARTESIAN_POINT('', (96.03432731947854, -82.37472983574608, 13.0));
#2641 = CARTESIAN_POINT('', (95.99747287976098, -82.65466716107534, 13.0));
#2642 = CARTESIAN_POINT('', (95.97111135453626, -82.93578743467945, 13.0));
#2643 = PLANE('', #2644);
#2644 = AXIS2_PLACEMENT_3D('', #2645, #2646, #2647);
#2645 = CARTESIAN_POINT('', (155.75000000000009, -65.76040913868061, 13.0));
#2646 = DIRECTION('', (0.0, 0.0, 0.9999999999999999));
#2647 = DIRECTION('', (-1.0, 0.0, 0.0));
#2648 = CYLINDRICAL_SURFACE('', #2649, 7.549998771175717);
#2649 = AXIS2_PLACEMENT_3D('', #2650, #2651, #2652);
#2650 = CARTESIAN_POINT('', (103.49999887117566, -83.49999857117562, 14.0000003));
#2651 = DIRECTION('', (0.0, 0.0, 1.0));
#2652 = DIRECTION('', (0.7071067747551918, -0.7071067876179034, 0.0));
#2653 = SURFACE_CURVE('', #2654, (#860, #905), .CURVE_3D.);
#2654 = INTERSECTION_CURVE('', #2655, (#2659, #2664), .CURVE_3D.);
#2655 = B_SPLINE_CURVE_WITH_KNOTS('', 1, (#2656, #2657, #2658), .UNSPECIFIED., .U., .U., (2, 1, 2), (0.0, 0.5, 1.0), .UNSPECIFIED.);
#2656 = CARTESIAN_POINT('', (96.57995477218952, -80.48081472237773, 13.0));
#2657 = CARTESIAN_POINT('', (96.61879501093054, -80.39330983902006, 13.0));
#2658 = CARTESIAN_POINT('', (96.6976851450934, -80.22417665517153, 13.0));
#2659 = PLANE('', #2660);
#2660 = AXIS2_PLACEMENT_3D('', #2661, #2662, #2663);
#2661 = CARTESIAN_POINT('', (155.75000000000009, -65.76040913868061, 13.0));
#2662 = DIRECTION('', (0.0, 0.0, 0.9999999999999999));
#2663 = DIRECTION('', (-1.0, 0.0, 0.0));
#2664 = CYLINDRICAL_SURFACE('', #2665, 7.549998771175717);
#2665 = AXIS2_PLACEMENT_3D('', #2666, #2667, #2668);
#2666 = CARTESIAN_POINT('', (103.49999887117566, -83.49999857117562, 14.0000003));
#2667 = DIRECTION('', (0.0, 0.0, 1.0));
#2668 = DIRECTION('', (0.7071067747551918, -0.7071067876179034, 0.0));
#2669 = SURFACE_CURVE('', #2670, (#860, #905), .CURVE_3D.);
#2670 = INTERSECTION_CURVE('', #2671, (#2675, #2680), .CURVE_3D.);
#2671 = B_SPLINE_CURVE_WITH_KNOTS('', 1, (#2672, #2673, #2674), .UNSPECIFIED., .U., .U., (2, 1, 2), (0.0, 0.5, 1.0), .UNSPECIFIED.);
#2672 = CARTESIAN_POINT('', (96.82492856220969, -79.97212133194013, 13.0));
#2673 = CARTESIAN_POINT('', (96.73282703674454, -80.15218334209905, 13.0));
#2674 = CARTESIAN_POINT('', (96.69768513377988, -80.2241766494602, 13.0));
#2675 = PLANE('', #2676);
#2676 = AXIS2_PLACEMENT_3D('', #2677, #2678, #2679);
#2677 = CARTESIAN_POINT('', (155.75000000000009, -65.76040913868061, 13.0));
#2678 = DIRECTION('', (0.0, 0.0, 0.9999999999999999));
#2679 = DIRECTION('', (-1.0, 0.0, 0.0));
#2680 = CYLINDRICAL_SURFACE('', #2681, 7.549998771175717);
#2681 = AXIS2_PLACEMENT_3D('', #2682, #2683, #2684);
#2682 = CARTESIAN_POINT('', (103.49999887117566, -83.49999857117562, 14.0000003));
#2683 = DIRECTION('', (0.0, 0.0, 1.0));
#2684 = DIRECTION('', (0.7071067747551918, -0.7071067876179034, 0.0));
#2685 = SURFACE_CURVE('', #2686, (#860, #905), .CURVE_3D.);
#2686 = INTERSECTION_CURVE('', #2687, (#2691, #2696), .CURVE_3D.);
#2687 = B_SPLINE_CURVE_WITH_KNOTS('', 1, (#2688, #2689, #2690), .UNSPECIFIED., .U., .U., (2, 1, 2), (0.0, 0.5, 1.0), .UNSPECIFIED.);
#2688 = CARTESIAN_POINT('', (96.96150832750969, -79.72499888060473, 13.0));
#2689 = CARTESIAN_POINT('', (96.86037448194725, -79.9058548046134, 13.0));
#2690 = CARTESIAN_POINT('', (96.82492856220969, -79.97212133194013, 13.0));
#2691 = PLANE('', #2692);
#2692 = AXIS2_PLACEMENT_3D('', #2693, #2694, #2695);
#2693 = CARTESIAN_POINT('', (155.75000000000009, -65.76040913868061, 13.0));
#2694 = DIRECTION('', (0.0, 0.0, 0.9999999999999999));
#2695 = DIRECTION('', (-1.0, 0.0, 0.0));
#2696 = CYLINDRICAL_SURFACE('', #2697, 7.549998771175717);
#2697 = AXIS2_PLACEMENT_3D('', #2698, #2699, #2700);
#2698 = CARTESIAN_POINT('', (103.49999887117566, -83.49999857117562, 14.0000003));
#2699 = DIRECTION('', (0.0, 0.0, 1.0));
#2700 = DIRECTION('', (0.7071067747551918, -0.7071067876179034, 0.0));
#2701 = SURFACE_CURVE('', #2702, (#860, #905), .CURVE_3D.);
#2702 = INTERSECTION_CURVE('', #2703, (#2707, #2712), .CURVE_3D.);
#2703 = B_SPLINE_CURVE_WITH_KNOTS('', 1, (#2704, #2705, #2706), .UNSPECIFIED., .U., .U., (2, 1, 2), (0.0, 0.5, 1.0), .UNSPECIFIED.);
#2704 = CARTESIAN_POINT('', (96.9615083166546, -79.7249988740639, 13.0));
#2705 = CARTESIAN_POINT('', (97.00341317089587, -79.65333044360403, 13.0));
#2706 = CARTESIAN_POINT('', (97.10723206765765, -79.48315726978059, 13.0));
#2707 = PLANE('', #2708);
#2708 = AXIS2_PLACEMENT_3D('', #2709, #2710, #2711);
#2709 = CARTESIAN_POINT('', (155.75000000000009, -65.76040913868061, 13.0));
#2710 = DIRECTION('', (0.0, 0.0, 0.9999999999999999));
#2711 = DIRECTION('', (-1.0, 0.0, 0.0));
#2712 = CYLINDRICAL_SURFACE('', #2713, 7.549998771175717);
#2713 = AXIS2_PLACEMENT_3D('', #2714, #2715, #2716);
#2714 = CARTESIAN_POINT('', (103.49999887117566, -83.49999857117562, 14.0000003));
#2715 = DIRECTION('', (0.0, 0.0, 1.0));
#2716 = DIRECTION('', (0.7071067747551918, -0.7071067876179034, 0.0));
#2717 = SURFACE_CURVE('', #2718, (#860, #905), .CURVE_3D.);
#2718 = INTERSECTION_CURVE('', #2719, (#2725, #2730), .CURVE_3D.);
#2719 = B_SPLINE_CURVE_WITH_KNOTS('', 1, (#2720, #2721, #2722, #2723, #2724), .UNSPECIFIED., .U., .U., (2, 1, 1, 1, 2), (0.0, 0.25, 0.5, 0.75, 1.0), .UNSPECIFIED.);
#2720 = CARTESIAN_POINT('', (97.42528653220052, -79.01665702234646, 13.0));
#2721 = CARTESIAN_POINT('', (97.34751244798292, -79.12399671363673, 13.0));
#2722 = CARTESIAN_POINT('', (97.26189740500263, -79.2469324369044, 13.0));
#2723 = CARTESIAN_POINT('', (97.16458522098341, -79.39329486556053, 13.0));
#2724 = CARTESIAN_POINT('', (97.10723206765765, -79.48315726978059, 13.0));
#2725 = PLANE('', #2726);
#2726 = AXIS2_PLACEMENT_3D('', #2727, #2728, #2729);
#2727 = CARTESIAN_POINT('', (155.75000000000009, -65.76040913868061, 13.0));
#2728 = DIRECTION('', (0.0, 0.0, 0.9999999999999999));
#2729 = DIRECTION('', (-1.0, 0.0, 0.0));
#2730 = CYLINDRICAL_SURFACE('', #2731, 7.549998771175717);
#2731 = AXIS2_PLACEMENT_3D('', #2732, #2733, #2734);
#2732 = CARTESIAN_POINT('', (103.49999887117566, -83.49999857117562, 14.0000003));
#2733 = DIRECTION('', (0.0, 0.0, 1.0));
#2734 = DIRECTION('', (0.7071067747551918, -0.7071067876179034, 0.0));
#2735 = SURFACE_CURVE('', #2736, (#865, #905), .CURVE_3D.);
#2736 = LINE('', #2737, #2738);
#2737 = CARTESIAN_POINT('', (95.95000010000003, -83.49999966266078, 10.0000003));
#2738 = VECTOR('', #2739, 2.9999997);
#2739 = DIRECTION('', (0.0, 0.0, 1.0));
#2740 = SURFACE_CURVE('', #2741, (#865, #910), .CURVE_3D.);
#2741 = LINE('', #2742, #2743);
#2742 = CARTESIAN_POINT('', (95.95000010000003, -83.49999966266078, 10.0000003));
#2743 = VECTOR('', #2744, 23.000000137339214);
#2744 = DIRECTION('', (-1.2357264896E-15, -1.0, 0.0));
#2745 = SURFACE_CURVE('', #2746, (#865, #870), .CURVE_3D.);
#2746 = LINE('', #2747, #2748);
#2747 = CARTESIAN_POINT('', (95.9500001, -106.4999998, 10.0000003));
#2748 = VECTOR('', #2749, 2.9999997);
#2749 = DIRECTION('', (0.0, 0.0, 1.0));
#2750 = SURFACE_CURVE('', #2751, (#870, #910), .CURVE_3D.);
#2751 = (
    BOUNDED_CURVE()
    B_SPLINE_CURVE(2, (#2752, #2753, #2754, #2755, #2756, #2757), .UNSPECIFIED., .U., .U.)
    B_SPLINE_CURVE_WITH_KNOTS((3, 1, 1, 1, 3), (0.0, 0.25, 0.5, 0.75, 1.0), .UNSPECIFIED.)
    CURVE()
    GEOMETRIC_REPRESENTATION_ITEM()
    RATIONAL_B_SPLINE_CURVE((1.0, 0.9267766681326088, 0.8535533362652177, 0.8535533362652177, 0.9267766681326088, 1.0))
    REPRESENTATION_ITEM('')
);
#2752 = CARTESIAN_POINT('', (95.9500001, -106.4999998, 10.0000003));
#2753 = CARTESIAN_POINT('', (95.9499998656096, -107.94011378133236, 10.000000300000002));
#2754 = CARTESIAN_POINT('', (97.05567154228726, -110.73298433792006, 10.0000003));
#2755 = CARTESIAN_POINT('', (99.26701544485354, -112.94432828071203, 10.0000003));
#2756 = CARTESIAN_POINT('', (102.0598859813284, -114.05000000819369, 10.000000300000002));
#2757 = CARTESIAN_POINT('', (103.49999996266074, -114.04999979999981, 10.0000003));
#2758 = SURFACE_CURVE('', #2759, (#870, #875), .CURVE_3D.);
#2759 = LINE('', #2760, #2761);
#2760 = CARTESIAN_POINT('', (103.49999996266074, -114.04999979999981, 10.0000003));
#2761 = VECTOR('', #2762, 2.9999997);
#2762 = DIRECTION('', (0.0, 0.0, 1.0));
#2763 = SURFACE_CURVE('', #2764, (#875, #910), .CURVE_3D.);
#2764 = LINE('', #2765, #2766);
#2765 = CARTESIAN_POINT('', (103.49999996266074, -114.04999979999981, 10.0000003));
#2766 = VECTOR('', #2767, 43.000000137339256);
#2767 = DIRECTION('', (1.0, -4.2963049002E-15, 0.0));
#2768 = SURFACE_CURVE('', #2769, (#875, #880), .CURVE_3D.);
#2769 = LINE('', #2770, #2771);
#2770 = CARTESIAN_POINT('', (146.5000001, -114.0499998, 10.0000003));
#2771 = VECTOR('', #2772, 2.9999997);
#2772 = DIRECTION('', (0.0, 0.0, 1.0));
#2773 = SURFACE_CURVE('', #2774, (#880, #910), .CURVE_3D.);
#2774 = (
    BOUNDED_CURVE()
    B_SPLINE_CURVE(2, (#2775, #2776, #2777, #2778, #2779, #2780), .UNSPECIFIED., .U., .U.)
    B_SPLINE_CURVE_WITH_KNOTS((3, 1, 1, 1, 3), (0.0, 0.25, 0.5, 0.75, 1.0), .UNSPECIFIED.)
    CURVE()
    GEOMETRIC_REPRESENTATION_ITEM()
    RATIONAL_B_SPLINE_CURVE((1.0, 0.9267766681326415, 0.8535533362652828, 0.8535533362652827, 0.9267766681326414, 1.0))
    REPRESENTATION_ITEM('')
);
#2775 = CARTESIAN_POINT('', (146.5000001, -114.0499998, 10.0000003));
#2776 = CARTESIAN_POINT('', (147.94011408133235, -114.05000003439017, 10.0000003));
#2777 = CARTESIAN_POINT('', (150.73298463791986, -112.94432835771227, 10.000000299999998));
#2778 = CARTESIAN_POINT('', (152.94432858071173, -110.7329844551461, 10.0000003));
#2779 = CARTESIAN_POINT('', (154.0500003081937, -107.94011391867141, 10.000000300000002));
#2780 = CARTESIAN_POINT('', (154.05000010000006, -106.49999993733907, 10.0000003));
#2781 = SURFACE_CURVE('', #2782, (#880, #885), .CURVE_3D.);
#2782 = LINE('', #2783, #2784);
#2783 = CARTESIAN_POINT('', (154.0500001000001, -106.49999993733907, 10.0000003));
#2784 = VECTOR('', #2785, 2.9999997);
#2785 = DIRECTION('', (0.0, 0.0, 1.0));
#2786 = SURFACE_CURVE('', #2787, (#885, #910), .CURVE_3D.);
#2787 = LINE('', #2788, #2789);
#2788 = CARTESIAN_POINT('', (154.0500001000001, -106.49999993733907, 10.0000003));
#2789 = VECTOR('', #2790, 31.489592137339073);
#2790 = DIRECTION('', (-2.7077241242E-15, 1.0, 0.0));
#2791 = SURFACE_CURVE('', #2792, (#885, #890), .CURVE_3D.);
#2792 = LINE('', #2793, #2794);
#2793 = CARTESIAN_POINT('', (154.0500001, -75.0104078, 10.0000003));
#2794 = VECTOR('', #2795, 2.9999997);
#2795 = DIRECTION('', (0.0, 0.0, 1.0));
#2796 = SURFACE_CURVE('', #2797, (#890, #910), .CURVE_3D.);
#2797 = (
    BOUNDED_CURVE()
    B_SPLINE_CURVE(2, (#2798, #2799, #2800, #2801, #2802, #2803), .UNSPECIFIED., .U., .U.)
    B_SPLINE_CURVE_WITH_KNOTS((3, 1, 1, 1, 3), (0.0, 0.25, 0.5, 0.75, 1.0), .UNSPECIFIED.)
    CURVE()
    GEOMETRIC_REPRESENTATION_ITEM()
    RATIONAL_B_SPLINE_CURVE((1.0, 0.7501531398473702, 0.5003062796947404, 0.5003062796947404, 0.7501531398473702, 1.0))
    REPRESENTATION_ITEM('')
);
#2798 = CARTESIAN_POINT('', (154.0500001, -75.0104078, 10.0000003));
#2799 = CARTESIAN_POINT('', (154.04999923595247, -72.49425430742592, 10.0000003));
#2800 = CARTESIAN_POINT('', (150.27730832696346, -67.4627183209877, 10.0000003));
#2801 = CARTESIAN_POINT('', (142.7319299630598, -67.45809891884171, 10.0000003));
#2802 = CARTESIAN_POINT('', (138.95308110973392, -72.48501173102663, 10.0000003));
#2803 = CARTESIAN_POINT('', (138.94999938746463, -75.00116333639171, 10.0000003));
#2804 = SURFACE_CURVE('', #2805, (#890, #895), .CURVE_3D.);
#2805 = LINE('', #2806, #2807);
#2806 = CARTESIAN_POINT('', (138.94999938746463, -75.00116333639173, 10.0000003));
#2807 = VECTOR('', #2808, 2.9999997);
#2808 = DIRECTION('', (0.0, 0.0, 1.0));
#2809 = SURFACE_CURVE('', #2810, (#895, #910), .CURVE_3D.);
#2810 = LINE('', #2811, #2812);
#2811 = CARTESIAN_POINT('', (138.94999938746463, -75.00116333639173, 10.0000003));
#2812 = VECTOR('', #2813, 1.3426798877081496);
#2813 = DIRECTION('', (-0.7075396720853623, -0.7066736251094546, 0.0));
#2814 = SURFACE_CURVE('', #2815, (#895, #900), .CURVE_3D.);
#2815 = LINE('', #2816, #2817);
#2816 = CARTESIAN_POINT('', (138.0000001, -75.9499998, 10.0000003));
#2817 = VECTOR('', #2818, 2.9999997);
#2818 = DIRECTION('', (0.0, 0.0, 1.0));
#2819 = SURFACE_CURVE('', #2820, (#900, #910), .CURVE_3D.);
#2820 = LINE('', #2821, #2822);
#2821 = CARTESIAN_POINT('', (138.0000001, -75.9499998, 10.0000003));
#2822 = VECTOR('', #2823, 34.5);
#2823 = DIRECTION('', (-1.0, 0.0, 0.0));
#2824 = SURFACE_CURVE('', #2825, (#900, #905), .CURVE_3D.);
#2825 = LINE('', #2826, #2827);
#2826 = CARTESIAN_POINT('', (103.5000001, -75.9499998, 10.0000003));
#2827 = VECTOR('', #2828, 2.9999997);
#2828 = DIRECTION('', (0.0, 0.0, 1.0));
#2829 = SURFACE_CURVE('', #2830, (#905, #910), .CURVE_3D.);
#2830 = (
    BOUNDED_CURVE()
    B_SPLINE_CURVE(2, (#2831, #2832, #2833, #2834, #2835, #2836), .UNSPECIFIED., .U., .U.)
    B_SPLINE_CURVE_WITH_KNOTS((3, 1, 1, 1, 3), (0.0, 0.25, 0.5, 0.75, 1.0), .UNSPECIFIED.)
    CURVE()
    GEOMETRIC_REPRESENTATION_ITEM()
    RATIONAL_B_SPLINE_CURVE((1.0, 0.9267766681326138, 0.8535533362652277, 0.8535533362652277, 0.9267766681326138, 1.0))
    REPRESENTATION_ITEM('')
);
#2831 = CARTESIAN_POINT('', (103.5000001, -75.9499998, 10.0000003));
#2832 = CARTESIAN_POINT('', (102.05988611866763, -75.94999956560962, 10.000000300000002));
#2833 = CARTESIAN_POINT('', (99.26701556207992, -77.05567124228732, 10.0000003));
#2834 = CARTESIAN_POINT('', (97.05567161928795, -79.26701514485356, 10.0000003));
#2835 = CARTESIAN_POINT('', (95.9499998918062, -82.05988568132842, 10.000000300000002));
#2836 = CARTESIAN_POINT('', (95.95000010000001, -83.49999966266078, 10.0000003));
#2837 = SURFACE_CURVE('', #2838, (#910, #920), .CURVE_3D.);
#2838 = INTERSECTION_CURVE('', #2839, (#2844, #2849), .CURVE_3D.);
#2839 = B_SPLINE_CURVE_WITH_KNOTS('', 1, (#2840, #2841, #2842, #2843), .UNSPECIFIED., .U., .U., (2, 1, 1, 2), (0.0, 0.3333333333333333, 0.6666666666666666, 1.0), .UNSPECIFIED.);
#2840 = CARTESIAN_POINT('', (98.83705160891726, -79.18961502012627, 10.0000003));
#2841 = CARTESIAN_POINT('', (99.00987147798628, -79.00987168111581, 10.0000003));
#2842 = CARTESIAN_POINT('', (99.03877884516854, -78.98114923111234, 10.0000003));
#2843 = CARTESIAN_POINT('', (99.18961502470111, -78.83705159668811, 10.0000003));
#2844 = PLANE('', #2845);
#2845 = AXIS2_PLACEMENT_3D('', #2846, #2847, #2848);
#2846 = CARTESIAN_POINT('', (154.0500001000001, -67.4604086199147, 10.0000003));
#2847 = DIRECTION('', (0.0, 0.0, 1.0));
#2848 = DIRECTION('', (-0.9999999999999999, 0.0, 0.0));
#2849 = CYLINDRICAL_SURFACE('', #2850, 6.34999877117574);
#2850 = AXIS2_PLACEMENT_3D('', #2851, #2852, #2853);
#2851 = CARTESIAN_POINT('', (103.4999987711757, -83.49999877117563, 13.0));
#2852 = DIRECTION('', (0.0, 0.0, 1.0));
#2853 = DIRECTION('', (0.7071067638807866, -0.707106798492308, 0.0));
#2854 = SURFACE_CURVE('', #2855, (#910, #920), .CURVE_3D.);
#2855 = INTERSECTION_CURVE('', #2856, (#2861, #2866), .CURVE_3D.);
#2856 = B_SPLINE_CURVE_WITH_KNOTS('', 1, (#2857, #2858, #2859, #2860), .UNSPECIFIED., .U., .U., (2, 1, 1, 2), (0.0, 0.3333333333333333, 0.6666666666666666, 1.0), .UNSPECIFIED.);
#2857 = CARTESIAN_POINT('', (99.56875320230768, -78.51323702920429, 10.0000003));
#2858 = CARTESIAN_POINT('', (99.37600443456378, -78.67142184774092, 10.0000003));
#2859 = CARTESIAN_POINT('', (99.34496036771671, -78.69810953258272, 10.0000003));
#2860 = CARTESIAN_POINT('', (99.18961502470111, -78.8370515966881, 10.0000003));
#2861 = PLANE('', #2862);
#2862 = AXIS2_PLACEMENT_3D('', #2863, #2864, #2865);
#2863 = CARTESIAN_POINT('', (154.0500001000001, -67.4604086199147, 10.0000003));
#2864 = DIRECTION('', (0.0, 0.0, 1.0));
#2865 = DIRECTION('', (-0.9999999999999999, 0.0, 0.0));
#2866 = CYLINDRICAL_SURFACE('', #2867, 6.34999877117574);
#2867 = AXIS2_PLACEMENT_3D('', #2868, #2869, #2870);
#2868 = CARTESIAN_POINT('', (103.4999987711757, -83.49999877117563, 13.0));
#2869 = DIRECTION('', (0.0, 0.0, 1.0));
#2870 = DIRECTION('', (0.7071067638807866, -0.707106798492308, 0.0));
#2871 = SURFACE_CURVE('', #2872, (#910, #920), .CURVE_3D.);
#2872 = INTERSECTION_CURVE('', #2873, (#2897, #2902), .CURVE_3D.);
#2873 = B_SPLINE_CURVE_WITH_KNOTS('', 1, (#2874, #2875, #2876, #2877, #2878, #2879, #2880, #2881, #2882, #2883, #2884, #2885, #2886, #2887, #2888, #2889, #2890, #2891, #2892, #2893, #2894, #2895, #2896), .UNSPECIFIED., .U., .U., (2, 1, 1, 1, 1, 1, 1, 1, 1, 1, 1, 1, 1, 1, 1, 1, 1, 1, 1, 1, 1, 1, 2), (0.0, 0.045454545454545456, 0.09090909090909091, 0.13636363636363635, 0.18181818181818182, 0.22727272727272727, 0.2727272727272727, 0.3181818181818182, 0.36363636363636365, 0.4090909090909091, 0.45454545454545453, 0.5, 0.5454545454545454, 0.5909090909090909, 0.6363636363636364, 0.6818181818181818, 0.7272727272727273, 0.7727272727272727, 0.8181818181818182, 0.8636363636363636, 0.9090909090909091, 0.9545454545454546, 1.0), .UNSPECIFIED.);
#2874 = CARTESIAN_POINT('', (101.77635306918391, -77.38840897080955, 10.0000003));
#2875 = CARTESIAN_POINT('', (101.7678610026804, -77.39081035168113, 10.0000003));
#2876 = CARTESIAN_POINT('', (101.70000660061558, -77.4104575257405, 10.0000003));
#2877 = CARTESIAN_POINT('', (101.62782056953627, -77.43226169914955, 10.0000003));
#2878 = CARTESIAN_POINT('', (101.55087599759855, -77.45653909914535, 10.0000003));
#2879 = CARTESIAN_POINT('', (101.53774171232513, -77.46079090681755, 10.0000003));
#2880 = CARTESIAN_POINT('', (101.46037858565887, -77.48647784805864, 10.0000003));
#2881 = CARTESIAN_POINT('', (101.36109130493654, -77.52107250931223, 10.0000003));
#2882 = CARTESIAN_POINT('', (101.30215630296507, -77.54248478639445, 10.0000003));
#2883 = CARTESIAN_POINT('', (101.24620529713675, -77.56342573866664, 10.0000003));
#2884 = CARTESIAN_POINT('', (101.11048015327191, -77.61674413036458, 10.0000003));
#2885 = CARTESIAN_POINT('', (101.06995980884679, -77.6333647246804, 10.0000003));
#2886 = CARTESIAN_POINT('', (100.9379669993032, -77.6897941625711, 10.0000003));
#2887 = CARTESIAN_POINT('', (100.84151026028843, -77.73329059133735, 10.0000003));
#2888 = CARTESIAN_POINT('', (100.70236534816536, -77.79949601927831, 10.0000003));
#2889 = CARTESIAN_POINT('', (100.61715991008705, -77.84210830785534, 10.0000003));
#2890 = CARTESIAN_POINT('', (100.39725469037035, -77.9596500851306, 10.0000003));
#2891 = CARTESIAN_POINT('', (100.18479811445476, -78.08410281578556, 10.0000003));
#2892 = CARTESIAN_POINT('', (100.18213367919404, -78.08573468218412, 10.0000003));
#2893 = CARTESIAN_POINT('', (99.97212857770779, -78.22016768562239, 10.0000003));
#2894 = CARTESIAN_POINT('', (99.95473520453228, -78.2318310975946, 10.0000003));
#2895 = CARTESIAN_POINT('', (99.76756319869608, -78.36274180940876, 10.0000003));
#2896 = CARTESIAN_POINT('', (99.56875320230768, -78.51323702920429, 10.0000003));
#2897 = PLANE('', #2898);
#2898 = AXIS2_PLACEMENT_3D('', #2899, #2900, #2901);
#2899 = CARTESIAN_POINT('', (154.0500001000001, -67.4604086199147, 10.0000003));
#2900 = DIRECTION('', (0.0, 0.0, 1.0));
#2901 = DIRECTION('', (-0.9999999999999999, 0.0, 0.0));
#2902 = CYLINDRICAL_SURFACE('', #2903, 6.34999877117574);
#2903 = AXIS2_PLACEMENT_3D('', #2904, #2905, #2906);
#2904 = CARTESIAN_POINT('', (103.4999987711757, -83.49999877117563, 13.0));
#2905 = DIRECTION('', (0.0, 0.0, 1.0));
#2906 = DIRECTION('', (0.7071067638807866, -0.707106798492308, 0.0));
#2907 = SURFACE_CURVE('', #2908, (#910, #920), .CURVE_3D.);
#2908 = INTERSECTION_CURVE('', #2909, (#2922, #2927), .CURVE_3D.);
#2909 = B_SPLINE_CURVE_WITH_KNOTS('', 1, (#2910, #2911, #2912, #2913, #2914, #2915, #2916, #2917, #2918, #2919, #2920, #2921), .UNSPECIFIED., .U., .U., (2, 1, 1, 1, 1, 1, 1, 1, 1, 1, 1, 2), (0.0, 0.09090909090909091, 0.18181818181818182, 0.2727272727272727, 0.36363636363636365, 0.45454545454545453, 0.5454545454545454, 0.6363636363636364, 0.7272727272727273, 0.8181818181818182, 0.9090909090909091, 1.0), .UNSPECIFIED.);
#2910 = CARTESIAN_POINT('', (102.50664081646582, -77.22817891026222, 10.0000003));
#2911 = CARTESIAN_POINT('', (102.26117611459591, -77.27201331683503, 10.0000003));
#2912 = CARTESIAN_POINT('', (102.1543456597262, -77.29421903792858, 10.0000003));
#2913 = CARTESIAN_POINT('', (102.11541575810844, -77.30278857029822, 10.0000003));
#2914 = CARTESIAN_POINT('', (102.07476542986794, -77.31201086582561, 10.0000003));
#2915 = CARTESIAN_POINT('', (102.03227819652852, -77.32195047833339, 10.0000003));
#2916 = CARTESIAN_POINT('', (102.01762158829297, -77.32545082969828, 10.0000003));
#2917 = CARTESIAN_POINT('', (101.98563545964248, -77.33321775069051, 10.0000003));
#2918 = CARTESIAN_POINT('', (101.93551328200067, -77.34574255713203, 10.0000003));
#2919 = CARTESIAN_POINT('', (101.88277354419719, -77.35939074271805, 10.0000003));
#2920 = CARTESIAN_POINT('', (101.82720612421005, -77.37429479904385, 10.0000003));
#2921 = CARTESIAN_POINT('', (101.77635306918391, -77.38840897080955, 10.0000003));
#2922 = PLANE('', #2923);
#2923 = AXIS2_PLACEMENT_3D('', #2924, #2925, #2926);
#2924 = CARTESIAN_POINT('', (154.0500001000001, -67.4604086199147, 10.0000003));
#2925 = DIRECTION('', (0.0, 0.0, 1.0));
#2926 = DIRECTION('', (-0.9999999999999999, 0.0, 0.0));
#2927 = CYLINDRICAL_SURFACE('', #2928, 6.34999877117574);
#2928 = AXIS2_PLACEMENT_3D('', #2929, #2930, #2931);
#2929 = CARTESIAN_POINT('', (103.4999987711757, -83.49999877117563, 13.0));
#2930 = DIRECTION('', (0.0, 0.0, 1.0));
#2931 = DIRECTION('', (0.7071067638807866, -0.707106798492308, 0.0));
#2932 = SURFACE_CURVE('', #2933, (#910, #920), .CURVE_3D.);
#2933 = INTERSECTION_CURVE('', #2934, (#2944, #2949), .CURVE_3D.);
#2934 = B_SPLINE_CURVE_WITH_KNOTS('', 1, (#2935, #2936, #2937, #2938, #2939, #2940, #2941, #2942, #2943), .UNSPECIFIED., .U., .U., (2, 1, 1, 1, 1, 1, 1, 1, 2), (0.0, 0.125, 0.25, 0.375, 0.5, 0.625, 0.75, 0.875, 1.0), .UNSPECIFIED.);
#2935 = CARTESIAN_POINT('', (102.50664081749876, -77.22817891604657, 10.0000003));
#2936 = CARTESIAN_POINT('', (102.75363720519024, -77.19401519945954, 10.0000003));
#2937 = CARTESIAN_POINT('', (103.0017844296195, -77.16957486247874, 10.0000003));
#2938 = CARTESIAN_POINT('', (103.25070018851702, -77.1548955718086, 10.0000003));
#2939 = CARTESIAN_POINT('', (103.26987027100475, -77.1541713808866, 10.0000003));
#2940 = CARTESIAN_POINT('', (103.28630267601488, -77.15359676902933, 10.0000003));
#2941 = CARTESIAN_POINT('', (103.30054476989005, -77.15313320655993, 10.0000003));
#2942 = CARTESIAN_POINT('', (103.31300711705904, -77.15275381645517, 10.0000003));
#2943 = CARTESIAN_POINT('', (103.5, -77.15, 10.0000003));
#2944 = PLANE('', #2945);
#2945 = AXIS2_PLACEMENT_3D('', #2946, #2947, #2948);
#2946 = CARTESIAN_POINT('', (154.0500001000001, -67.4604086199147, 10.0000003));
#2947 = DIRECTION('', (0.0, 0.0, 1.0));
#2948 = DIRECTION('', (-0.9999999999999999, 0.0, 0.0));
#2949 = CYLINDRICAL_SURFACE('', #2950, 6.34999877117574);
#2950 = AXIS2_PLACEMENT_3D('', #2951, #2952, #2953);
#2951 = CARTESIAN_POINT('', (103.4999987711757, -83.49999877117563, 13.0));
#2952 = DIRECTION('', (0.0, 0.0, 1.0));
#2953 = DIRECTION('', (0.7071067638807866, -0.707106798492308, 0.0));
#2954 = SURFACE_CURVE('', #2955, (#910, #930), .CURVE_3D.);
#2955 = INTERSECTION_CURVE('', #2956, (#2963, #2968), .CURVE_3D.);
#2956 = B_SPLINE_CURVE_WITH_KNOTS('', 1, (#2957, #2958, #2959, #2960, #2961, #2962), .UNSPECIFIED., .U., .U., (2, 1, 1, 1, 1, 2), (0.0, 0.2, 0.4, 0.6, 0.8, 1.0), .UNSPECIFIED.);
#2957 = CARTESIAN_POINT('', (103.5, -77.15, 10.0000003));
#2958 = CARTESIAN_POINT('', (116.43749870625, -77.15, 10.0000003));
#2959 = CARTESIAN_POINT('', (131.31655515590737, -77.15, 10.0000003));
#2960 = CARTESIAN_POINT('', (136.3482813304419, -77.15, 10.0000003));
#2961 = CARTESIAN_POINT('', (136.91338574134363, -77.15, 10.0000003));
#2962 = CARTESIAN_POINT('', (138.0, -77.15, 10.0000003));
#2963 = PLANE('', #2964);
#2964 = AXIS2_PLACEMENT_3D('', #2965, #2966, #2967);
#2965 = CARTESIAN_POINT('', (154.0500001000001, -67.4604086199147, 10.0000003));
#2966 = DIRECTION('', (0.0, 0.0, 1.0));
#2967 = DIRECTION('', (-0.9999999999999999, 0.0, 0.0));
#2968 = PLANE('', #2969);
#2969 = AXIS2_PLACEMENT_3D('', #2970, #2971, #2972);
#2970 = CARTESIAN_POINT('', (138.0, -77.15, 5.0));
#2971 = DIRECTION('', (0.0, 1.0, -0.0));
#2972 = DIRECTION('', (-1.0, 0.0, 0.0));
#2973 = SURFACE_CURVE('', #2974, (#910, #935), .CURVE_3D.);
#2974 = INTERSECTION_CURVE('', #2975, (#2982, #2987), .CURVE_3D.);
#2975 = B_SPLINE_CURVE_WITH_KNOTS('', 1, (#2976, #2977, #2978, #2979, #2980, #2981), .UNSPECIFIED., .U., .U., (2, 1, 1, 1, 1, 2), (0.0, 0.2, 0.4, 0.6, 0.8, 1.0), .UNSPECIFIED.);
#2976 = CARTESIAN_POINT('', (140.1499983874198, -75.00263326657077, 10.0000003));
#2977 = CARTESIAN_POINT('', (139.27627767426344, -75.87528452283132, 10.0000003));
#2978 = CARTESIAN_POINT('', (138.8062493146575, -76.3447375554903, 10.0000003));
#2979 = CARTESIAN_POINT('', (138.41347916871078, -76.73702694055459, 10.0000003));
#2980 = CARTESIAN_POINT('', (138.21893311885427, -76.93133486098205, 10.0000003));
#2981 = CARTESIAN_POINT('', (138.0, -77.15, 10.0000003));
#2982 = PLANE('', #2983);
#2983 = AXIS2_PLACEMENT_3D('', #2984, #2985, #2986);
#2984 = CARTESIAN_POINT('', (154.0500001000001, -67.4604086199147, 10.0000003));
#2985 = DIRECTION('', (0.0, 0.0, 1.0));
#2986 = DIRECTION('', (-0.9999999999999999, 0.0, 0.0));
#2987 = PLANE('', #2988);
#2988 = AXIS2_PLACEMENT_3D('', #2989, #2990, #2991);
#2989 = CARTESIAN_POINT('', (140.1499983874198, -75.00263326657077, 5.0));
#2990 = DIRECTION('', (-0.7066736251094795, 0.7075396720853374, 0.0));
#2991 = DIRECTION('', (-0.7075396720853374, -0.7066736251094795, 0.0));
#2992 = SURFACE_CURVE('', #2993, (#910, #940), .CURVE_3D.);
#2993 = INTERSECTION_CURVE('', #2994, (#3018, #3023), .CURVE_3D.);
#2994 = B_SPLINE_CURVE_WITH_KNOTS('', 1, (#2995, #2996, #2997, #2998, #2999, #3000, #3001, #3002, #3003, #3004, #3005, #3006, #3007, #3008, #3009, #3010, #3011, #3012, #3013, #3014, #3015, #3016, #3017), .UNSPECIFIED., .U., .U., (2, 1, 1, 1, 1, 1, 1, 1, 1, 1, 1, 1, 1, 1, 1, 1, 1, 1, 1, 1, 1, 1, 2), (0.0, 0.045454545454545456, 0.09090909090909091, 0.13636363636363635, 0.18181818181818182, 0.22727272727272727, 0.2727272727272727, 0.3181818181818182, 0.36363636363636365, 0.4090909090909091, 0.45454545454545453, 0.5, 0.5454545454545454, 0.5909090909090909, 0.6363636363636364, 0.6818181818181818, 0.7272727272727273, 0.7727272727272727, 0.8181818181818182, 0.8636363636363636, 0.9090909090909091, 0.9545454545454546, 1.0), .UNSPECIFIED.);
#2995 = CARTESIAN_POINT('', (140.33159583371312, -73.50264076601925, 10.0000003));
#2996 = CARTESIAN_POINT('', (140.28484813741045, -73.708693483692, 10.0000003));
#2997 = CARTESIAN_POINT('', (140.28011503209004, -73.73150046173859, 10.0000003));
#2998 = CARTESIAN_POINT('', (140.27654847724597, -73.74897042219025, 10.0000003));
#2999 = CARTESIAN_POINT('', (140.23450216012327, -73.97788105491853, 10.0000003));
#3000 = CARTESIAN_POINT('', (140.23133399890938, -73.99729311932462, 10.0000003));
#3001 = CARTESIAN_POINT('', (140.23092784232284, -73.99980941888569, 10.0000003));
#3002 = CARTESIAN_POINT('', (140.1968970312311, -74.24003819397475, 10.0000003));
#3003 = CARTESIAN_POINT('', (140.19602383634228, -74.24721651435362, 10.0000003));
#3004 = CARTESIAN_POINT('', (140.19435708508445, -74.26111217858983, 10.0000003));
#3005 = CARTESIAN_POINT('', (140.17094699878777, -74.49497976233256, 10.0000003));
#3006 = CARTESIAN_POINT('', (140.17067377863563, -74.49834573514963, 10.0000003));
#3007 = CARTESIAN_POINT('', (140.16932344539023, -74.51531948561895, 10.0000003));
#3008 = CARTESIAN_POINT('', (140.15564374736414, -74.74259597353922, 10.0000003));
#3009 = CARTESIAN_POINT('', (140.15532387715302, -74.75028402963763, 10.0000003));
#3010 = CARTESIAN_POINT('', (140.15484345973923, -74.76227874209764, 10.0000003));
#3011 = CARTESIAN_POINT('', (140.15455804790508, -74.76968799278366, 10.0000003));
#3012 = CARTESIAN_POINT('', (140.15394888318173, -74.78632095856041, 10.0000003));
#3013 = CARTESIAN_POINT('', (140.1534562237407, -74.80073694017378, 10.0000003));
#3014 = CARTESIAN_POINT('', (140.15305202025118, -74.81335149121489, 10.0000003));
#3015 = CARTESIAN_POINT('', (140.1500534924608, -74.98283673526907, 10.0000003));
#3016 = CARTESIAN_POINT('', (140.14999933093117, -75.00189769705625, 10.0000003));
#3017 = CARTESIAN_POINT('', (140.1499983874198, -75.00263326657077, 10.0000003));
#3018 = PLANE('', #3019);
#3019 = AXIS2_PLACEMENT_3D('', #3020, #3021, #3022);
#3020 = CARTESIAN_POINT('', (154.0500001000001, -67.4604086199147, 10.0000003));
#3021 = DIRECTION('', (0.0, 0.0, 1.0));
#3022 = DIRECTION('', (-0.9999999999999999, 0.0, 0.0));
#3023 = CYLINDRICAL_SURFACE('', #3024, 6.350003187660196);
#3024 = AXIS2_PLACEMENT_3D('', #3025, #3026, #3027);
#3025 = CARTESIAN_POINT('', (146.49999681234033, -75.01041059267239, 13.0));
#3026 = DIRECTION('', (0.0, 0.0, 1.0));
#3027 = DIRECTION('', (-6.1218354208E-4, -0.999999812615638, 0.0));
#3028 = SURFACE_CURVE('', #3029, (#910, #940), .CURVE_3D.);
#3029 = INTERSECTION_CURVE('', #3030, (#3100, #3105), .CURVE_3D.);
#3030 = B_SPLINE_CURVE_WITH_KNOTS('', 1, (#3031, #3032, #3033, #3034, #3035, #3036, #3037, #3038, #3039, #3040, #3041, #3042, #3043, #3044, #3045, #3046, #3047, #3048, #3049, #3050, #3051, #3052, #3053, #3054, #3055, #3056, #3057, #3058, #3059, #3060, #3061, #3062, #3063, #3064, #3065, #3066, #3067, #3068, #3069, #3070, #3071, #3072, #3073, #3074, #3075, #3076, #3077, #3078, #3079, #3080, #3081, #3082, #3083, #3084, #3085, #3086, #3087, #3088, #3089, #3090, #3091, #3092, #3093, #3094, #3095, #3096, #3097, #3098, #3099), .UNSPECIFIED., .U., .U., (2, 1, 1, 1, 1, 1, 1, 1, 1, 1, 1, 1, 1, 1, 1, 1, 1, 1, 1, 1, 1, 1, 1, 1, 1, 1, 1, 1, 1, 1, 1, 1, 1, 1, 1, 1, 1, 1, 1, 1, 1, 1, 1, 1, 1, 1, 1, 1, 1, 1, 1, 1, 1, 1, 1, 1, 1, 1, 1, 1, 1, 1, 1, 1, 1, 1, 1, 1, 2), (0.0, 0.014705882352941176, 0.029411764705882353, 0.04411764705882353, 0.058823529411764705, 0.07352941176470588, 0.08823529411764706, 0.10294117647058823, 0.11764705882352941, 0.1323529411764706, 0.14705882352941177, 0.16176470588235295, 0.17647058823529413, 0.19117647058823528, 0.20588235294117646, 0.22058823529411764, 0.23529411764705882, 0.25, 0.2647058823529412, 0.27941176470588236, 0.29411764705882354, 0.3088235294117647, 0.3235294117647059, 0.3382352941176471, 0.35294117647058826, 0.36764705882352944, 0.38235294117647056, 0.39705882352941174, 0.4117647058823529, 0.4264705882352941, 0.4411764705882353, 0.45588235294117646, 0.47058823529411764, 0.4852941176470588, 0.5, 0.5147058823529411, 0.5294117647058824, 0.5441176470588235, 0.5588235294117647, 0.5735294117647058, 0.5882352941176471, 0.6029411764705882, 0.6176470588235294, 0.6323529411764706, 0.6470588235294118, 0.6617647058823529, 0.6764705882352942, 0.6911764705882353, 0.7058823529411765, 0.7205882352941176, 0.7352941176470589, 0.75, 0.7647058823529411, 0.7794117647058824, 0.7941176470588235, 0.8088235294117647, 0.8235294117647058, 0.8382352941176471, 0.8529411764705882, 0.8676470588235294, 0.8823529411764706, 0.8970588235294118, 0.9117647058823529, 0.9264705882352942, 0.9411764705882353, 0.9558823529411765, 0.9705882352941176, 0.9852941176470589, 1.0), .UNSPECIFIED.);
#3031 = CARTESIAN_POINT('', (140.33159583371312, -73.50264076601925, 10.0000003));
#3032 = CARTESIAN_POINT('', (140.3430615557374, -73.45648371881558, 10.0000003));
#3033 = CARTESIAN_POINT('', (140.3490994352715, -73.43275348795592, 10.0000003));
#3034 = CARTESIAN_POINT('', (140.3963890949934, -73.2586933449302, 10.0000003));
#3035 = CARTESIAN_POINT('', (140.42098224271516, -73.1751661006279, 10.0000003));
#3036 = CARTESIAN_POINT('', (140.42849849125795, -73.15045128656149, 10.0000003));
#3037 = CARTESIAN_POINT('', (140.47082588950633, -73.01751358917532, 10.0000003));
#3038 = CARTESIAN_POINT('', (140.51516506428774, -72.88807003781402, 10.0000003));
#3039 = CARTESIAN_POINT('', (140.52436246521302, -72.86231035461857, 10.0000003));
#3040 = CARTESIAN_POINT('', (140.55478860915278, -72.7794825561714, 10.0000003));
#3041 = CARTESIAN_POINT('', (140.62696165807012, -72.5958715973358, 10.0000003));
#3042 = CARTESIAN_POINT('', (140.63243928217548, -72.58259076544049, 10.0000003));
#3043 = CARTESIAN_POINT('', (140.6481444776043, -72.54497660739938, 10.0000003));
#3044 = CARTESIAN_POINT('', (140.69005643950698, -72.44776872393305, 10.0000003));
#3045 = CARTESIAN_POINT('', (140.69611306987065, -72.43408103549407, 10.0000003));
#3046 = CARTESIAN_POINT('', (140.75074621901973, -72.31436569347325, 10.0000003));
#3047 = CARTESIAN_POINT('', (140.7579090463615, -72.29914362479722, 10.0000003));
#3048 = CARTESIAN_POINT('', (140.76459628525996, -72.28502598178518, 10.0000003));
#3049 = CARTESIAN_POINT('', (140.8312827878039, -72.14890368348648, 10.0000003));
#3050 = CARTESIAN_POINT('', (140.83852178074397, -72.13460793082203, 10.0000003));
#3051 = CARTESIAN_POINT('', (140.86243161910517, -72.08801445673905, 10.0000003));
#3052 = CARTESIAN_POINT('', (140.91002378970376, -71.99797933379031, 10.0000003));
#3053 = CARTESIAN_POINT('', (140.91801067620918, -71.98320540317266, 10.0000003));
#3054 = CARTESIAN_POINT('', (140.98302421798348, -71.86628052595914, 10.0000003));
#3055 = CARTESIAN_POINT('', (140.9941518972729, -71.84683472752852, 10.0000003));
#3056 = CARTESIAN_POINT('', (141.00296161337775, -71.83155159852667, 10.0000003));
#3057 = CARTESIAN_POINT('', (141.08452727623302, -71.69450495668266, 10.0000003));
#3058 = CARTESIAN_POINT('', (141.0940195569724, -71.67905195125604, 10.0000003));
#3059 = CARTESIAN_POINT('', (141.11233348264722, -71.64951423467872, 10.0000003));
#3060 = CARTESIAN_POINT('', (141.18112585599593, -71.54167130684377, 10.0000003));
#3061 = CARTESIAN_POINT('', (141.19160570604288, -71.52565459750187, 10.0000003));
#3062 = CARTESIAN_POINT('', (141.25015510799543, -71.43805806770854, 10.0000003));
#3063 = CARTESIAN_POINT('', (141.28391693603217, -71.38893973026472, 10.0000003));
#3064 = CARTESIAN_POINT('', (141.2954959786182, -71.37231884629213, 10.0000003));
#3065 = CARTESIAN_POINT('', (141.39323566673625, -71.23635030101792, 10.0000003));
#3066 = CARTESIAN_POINT('', (141.39627133963, -71.2322461200081, 10.0000003));
#3067 = CARTESIAN_POINT('', (141.40595353086488, -71.21920187647785, 10.0000003));
#3068 = CARTESIAN_POINT('', (141.51038817369258, -71.08277184701026, 10.0000003));
#3069 = CARTESIAN_POINT('', (141.52415393325367, -71.06534682564185, 10.0000003));
#3070 = CARTESIAN_POINT('', (141.55045131790195, -71.03240356882495, 10.0000003));
#3071 = CARTESIAN_POINT('', (141.63480433959236, -70.92967013456786, 10.0000003));
#3072 = CARTESIAN_POINT('', (141.65007600358376, -70.91153164446169, 10.0000003));
#3073 = CARTESIAN_POINT('', (141.7124514426631, -70.83884615992332, 10.0000003));
#3074 = CARTESIAN_POINT('', (141.76686688612534, -70.77720594549753, 10.0000003));
#3075 = CARTESIAN_POINT('', (141.78384707207755, -70.75829675239083, 10.0000003));
#3076 = CARTESIAN_POINT('', (141.88201575814776, -70.65187970871466, 10.0000003));
#3077 = CARTESIAN_POINT('', (141.90702647467572, -70.62553157944664, 10.0000003));
#3078 = CARTESIAN_POINT('', (141.9259578117488, -70.6057871462967, 10.0000003));
#3079 = CARTESIAN_POINT('', (142.05594292435848, -70.47467189605328, 10.0000003));
#3080 = CARTESIAN_POINT('', (142.05887635737582, -70.4717996170775, 10.0000003));
#3081 = CARTESIAN_POINT('', (142.07699717812383, -70.45413857280622, 10.0000003));
#3082 = CARTESIAN_POINT('', (142.21514443460381, -70.32398545358177, 10.0000003));
#3083 = CARTESIAN_POINT('', (142.23790587340227, -70.3032754436123, 10.0000003));
#3084 = CARTESIAN_POINT('', (142.24275380543833, -70.29889040663065, 10.0000003));
#3085 = CARTESIAN_POINT('', (142.38446063444565, -70.17461671247705, 10.0000003));
#3086 = CARTESIAN_POINT('', (142.41006596328003, -70.15294148487565, 10.0000003));
#3087 = CARTESIAN_POINT('', (142.43335758099727, -70.13342526919679, 10.0000003));
#3088 = CARTESIAN_POINT('', (142.56481310338737, -70.0267503253502, 10.0000003));
#3089 = CARTESIAN_POINT('', (142.5937549508177, -70.0040331595794, 10.0000003));
#3090 = CARTESIAN_POINT('', (142.63038653530114, -69.97566563516685, 10.0000003));
#3091 = CARTESIAN_POINT('', (142.75735126953495, -69.88058166528955, 10.0000003));
#3092 = CARTESIAN_POINT('', (142.7902472376105, -69.85674213456544, 10.0000003));
#3093 = CARTESIAN_POINT('', (142.83352936799176, -69.82586076044716, 10.0000003));
#3094 = CARTESIAN_POINT('', (142.96353078161198, -69.73632787652173, 10.0000003));
#3095 = CARTESIAN_POINT('', (143.00116630515478, -69.71128561157576, 10.0000003));
#3096 = CARTESIAN_POINT('', (143.04246511895028, -69.68424733264196, 10.0000003));
#3097 = CARTESIAN_POINT('', (143.18522551745838, -69.5942466599686, 10.0000003));
#3098 = CARTESIAN_POINT('', (143.22861577566093, -69.56792893481179, 10.0000003));
#3099 = CARTESIAN_POINT('', (143.25686393565536, -69.55104894249205, 10.000000300000002));
#3100 = PLANE('', #3101);
#3101 = AXIS2_PLACEMENT_3D('', #3102, #3103, #3104);
#3102 = CARTESIAN_POINT('', (154.0500001000001, -67.4604086199147, 10.0000003));
#3103 = DIRECTION('', (0.0, 0.0, 1.0));
#3104 = DIRECTION('', (-0.9999999999999999, 0.0, 0.0));
#3105 = CYLINDRICAL_SURFACE('', #3106, 6.350003187660196);
#3106 = AXIS2_PLACEMENT_3D('', #3107, #3108, #3109);
#3107 = CARTESIAN_POINT('', (146.49999681234033, -75.01041059267239, 13.0));
#3108 = DIRECTION('', (0.0, 0.0, 1.0));
#3109 = DIRECTION('', (-6.1218354208E-4, -0.999999812615638, 0.0));
#3110 = SURFACE_CURVE('', #3111, (#910, #940), .CURVE_3D.);
#3111 = INTERSECTION_CURVE('', #3112, (#3121, #3126), .CURVE_3D.);
#3112 = B_SPLINE_CURVE_WITH_KNOTS('', 1, (#3113, #3114, #3115, #3116, #3117, #3118, #3119, #3120), .UNSPECIFIED., .U., .U., (2, 1, 1, 1, 1, 1, 1, 2), (0.0, 0.14285714285714285, 0.2857142857142857, 0.42857142857142855, 0.5714285714285714, 0.7142857142857143, 0.8571428571428571, 1.0), .UNSPECIFIED.);
#3113 = CARTESIAN_POINT('', (143.92940880759951, -69.20398158740784, 10.0000003));
#3114 = CARTESIAN_POINT('', (143.74907053858135, -69.28721698074231, 10.0000003));
#3115 = CARTESIAN_POINT('', (143.70068613329641, -69.31072637286815, 10.0000003));
#3116 = CARTESIAN_POINT('', (143.6858119773171, -69.31805570232869, 10.0000003));
#3117 = CARTESIAN_POINT('', (143.47638629329262, -69.42647650348412, 10.0000003));
#3118 = CARTESIAN_POINT('', (143.47537296258642, -69.42702532468357, 10.0000003));
#3119 = CARTESIAN_POINT('', (143.42489136128125, -69.4546687926819, 10.0000003));
#3120 = CARTESIAN_POINT('', (143.25686393565536, -69.55104894249205, 10.0000003));
#3121 = PLANE('', #3122);
#3122 = AXIS2_PLACEMENT_3D('', #3123, #3124, #3125);
#3123 = CARTESIAN_POINT('', (154.0500001000001, -67.4604086199147, 10.0000003));
#3124 = DIRECTION('', (0.0, 0.0, 1.0));
#3125 = DIRECTION('', (-0.9999999999999999, 0.0, 0.0));
#3126 = CYLINDRICAL_SURFACE('', #3127, 6.350003187660196);
#3127 = AXIS2_PLACEMENT_3D('', #3128, #3129, #3130);
#3128 = CARTESIAN_POINT('', (146.49999681234033, -75.01041059267239, 13.0));
#3129 = DIRECTION('', (0.0, 0.0, 1.0));
#3130 = DIRECTION('', (-6.1218354208E-4, -0.999999812615638, 0.0));
#3131 = SURFACE_CURVE('', #3132, (#910, #940), .CURVE_3D.);
#3132 = INTERSECTION_CURVE('', #3133, (#3138, #3143), .CURVE_3D.);
#3133 = B_SPLINE_CURVE_WITH_KNOTS('', 1, (#3134, #3135, #3136, #3137), .UNSPECIFIED., .U., .U., (2, 1, 1, 2), (0.0, 0.3333333333333333, 0.6666666666666666, 1.0), .UNSPECIFIED.);
#3134 = CARTESIAN_POINT('', (144.1621932223016, -69.10641068941217, 10.0000003));
#3135 = CARTESIAN_POINT('', (144.05433495678446, -69.15026737159207, 10.0000003));
#3136 = CARTESIAN_POINT('', (143.9765213659545, -69.18335197319871, 10.0000003));
#3137 = CARTESIAN_POINT('', (143.92940881014582, -69.2039815928638, 10.0000003));
#3138 = PLANE('', #3139);
#3139 = AXIS2_PLACEMENT_3D('', #3140, #3141, #3142);
#3140 = CARTESIAN_POINT('', (154.0500001000001, -67.4604086199147, 10.0000003));
#3141 = DIRECTION('', (0.0, 0.0, 1.0));
#3142 = DIRECTION('', (-0.9999999999999999, 0.0, 0.0));
#3143 = CYLINDRICAL_SURFACE('', #3144, 6.350003187660196);
#3144 = AXIS2_PLACEMENT_3D('', #3145, #3146, #3147);
#3145 = CARTESIAN_POINT('', (146.49999681234033, -75.01041059267239, 13.0));
#3146 = DIRECTION('', (0.0, 0.0, 1.0));
#3147 = DIRECTION('', (-6.1218354208E-4, -0.999999812615638, 0.0));
#3148 = SURFACE_CURVE('', #3149, (#910, #940), .CURVE_3D.);
#3149 = INTERSECTION_CURVE('', #3150, (#3154, #3159), .CURVE_3D.);
#3150 = B_SPLINE_CURVE_WITH_KNOTS('', 1, (#3151, #3152, #3153), .UNSPECIFIED., .U., .U., (2, 1, 2), (0.0, 0.5, 1.0), .UNSPECIFIED.);
#3151 = CARTESIAN_POINT('', (144.39867073983478, -69.01816817265106, 10.0000003));
#3152 = CARTESIAN_POINT('', (144.30481040393155, -69.0519127017915, 10.0000003));
#3153 = CARTESIAN_POINT('', (144.1621932223016, -69.10641068941217, 10.0000003));
#3154 = PLANE('', #3155);
#3155 = AXIS2_PLACEMENT_3D('', #3156, #3157, #3158);
#3156 = CARTESIAN_POINT('', (154.0500001000001, -67.4604086199147, 10.0000003));
#3157 = DIRECTION('', (0.0, 0.0, 1.0));
#3158 = DIRECTION('', (-0.9999999999999999, 0.0, 0.0));
#3159 = CYLINDRICAL_SURFACE('', #3160, 6.350003187660196);
#3160 = AXIS2_PLACEMENT_3D('', #3161, #3162, #3163);
#3161 = CARTESIAN_POINT('', (146.49999681234033, -75.01041059267239, 13.0));
#3162 = DIRECTION('', (0.0, 0.0, 1.0));
#3163 = DIRECTION('', (-6.1218354208E-4, -0.999999812615638, 0.0));
#3164 = SURFACE_CURVE('', #3165, (#910, #940), .CURVE_3D.);
#3165 = INTERSECTION_CURVE('', #3166, (#3176, #3181), .CURVE_3D.);
#3166 = B_SPLINE_CURVE_WITH_KNOTS('', 1, (#3167, #3168, #3169, #3170, #3171, #3172, #3173, #3174, #3175), .UNSPECIFIED., .U., .U., (2, 1, 1, 1, 1, 1, 1, 1, 2), (0.0, 0.125, 0.25, 0.375, 0.5, 0.625, 0.75, 0.875, 1.0), .UNSPECIFIED.);
#3167 = CARTESIAN_POINT('', (144.39867074193972, -69.018168178292, 10.0000003));
#3168 = CARTESIAN_POINT('', (144.40072060864765, -69.01744972980129, 10.0000003));
#3169 = CARTESIAN_POINT('', (144.63846857697922, -68.93939312339691, 10.0000003));
#3170 = CARTESIAN_POINT('', (144.68732097471363, -68.92462824436424, 10.0000003));
#3171 = CARTESIAN_POINT('', (144.8258238114526, -68.88507915295475, 10.0000003));
#3172 = CARTESIAN_POINT('', (144.88120757758858, -68.87021011575419, 10.0000003));
#3173 = CARTESIAN_POINT('', (145.12650422090783, -68.81072845690326, 10.0000003));
#3174 = CARTESIAN_POINT('', (145.17226054202163, -68.80076834212568, 10.0000003));
#3175 = CARTESIAN_POINT('', (145.37397124286016, -68.76104207256002, 10.0000003));
#3176 = PLANE('', #3177);
#3177 = AXIS2_PLACEMENT_3D('', #3178, #3179, #3180);
#3178 = CARTESIAN_POINT('', (154.0500001000001, -67.4604086199147, 10.0000003));
#3179 = DIRECTION('', (0.0, 0.0, 1.0));
#3180 = DIRECTION('', (-0.9999999999999999, 0.0, 0.0));
#3181 = CYLINDRICAL_SURFACE('', #3182, 6.350003187660196);
#3182 = AXIS2_PLACEMENT_3D('', #3183, #3184, #3185);
#3183 = CARTESIAN_POINT('', (146.49999681234033, -75.01041059267239, 13.0));
#3184 = DIRECTION('', (0.0, 0.0, 1.0));
#3185 = DIRECTION('', (-6.1218354208E-4, -0.999999812615638, 0.0));
#3186 = SURFACE_CURVE('', #3187, (#910, #940), .CURVE_3D.);
#3187 = INTERSECTION_CURVE('', #3188, (#3192, #3197), .CURVE_3D.);
#3188 = B_SPLINE_CURVE_WITH_KNOTS('', 1, (#3189, #3190, #3191), .UNSPECIFIED., .U., .U., (2, 1, 2), (0.0, 0.5, 1.0), .UNSPECIFIED.);
#3189 = CARTESIAN_POINT('', (145.62321675882464, -68.72122962683497, 10.0000003));
#3190 = CARTESIAN_POINT('', (145.40583143044634, -68.75538520500533, 10.0000003));
#3191 = CARTESIAN_POINT('', (145.37397124286016, -68.76104207256002, 10.0000003));
#3192 = PLANE('', #3193);
#3193 = AXIS2_PLACEMENT_3D('', #3194, #3195, #3196);
#3194 = CARTESIAN_POINT('', (154.0500001000001, -67.4604086199147, 10.0000003));
#3195 = DIRECTION('', (0.0, 0.0, 1.0));
#3196 = DIRECTION('', (-0.9999999999999999, 0.0, 0.0));
#3197 = CYLINDRICAL_SURFACE('', #3198, 6.350003187660196);
#3198 = AXIS2_PLACEMENT_3D('', #3199, #3200, #3201);
#3199 = CARTESIAN_POINT('', (146.49999681234033, -75.01041059267239, 13.0));
#3200 = DIRECTION('', (0.0, 0.0, 1.0));
#3201 = DIRECTION('', (-6.1218354208E-4, -0.999999812615638, 0.0));
#3202 = SURFACE_CURVE('', #3203, (#910, #940), .CURVE_3D.);
#3203 = INTERSECTION_CURVE('', #3204, (#3217, #3222), .CURVE_3D.);
#3204 = B_SPLINE_CURVE_WITH_KNOTS('', 1, (#3205, #3206, #3207, #3208, #3209, #3210, #3211, #3212, #3213, #3214, #3215, #3216), .UNSPECIFIED., .U., .U., (2, 1, 1, 1, 1, 1, 1, 1, 1, 1, 1, 2), (0.0, 0.09090909090909091, 0.18181818181818182, 0.2727272727272727, 0.36363636363636365, 0.45454545454545453, 0.5454545454545454, 0.6363636363636364, 0.7272727272727273, 0.8181818181818182, 0.9090909090909091, 1.0), .UNSPECIFIED.);
#3205 = CARTESIAN_POINT('', (147.63367305750202, -68.7624254250803, 10.0000003));
#3206 = CARTESIAN_POINT('', (147.42217361159635, -68.72772562251762, 10.0000003));
#3207 = CARTESIAN_POINT('', (147.38447587340886, -68.7223077568541, 10.0000003));
#3208 = CARTESIAN_POINT('', (147.13388153467298, -68.6921251731865, 10.0000003));
#3209 = CARTESIAN_POINT('', (147.01268283092995, -68.68113784379852, 10.0000003));
#3210 = CARTESIAN_POINT('', (146.8822856754153, -68.67192530764856, 10.0000003));
#3211 = CARTESIAN_POINT('', (146.63008581021128, -68.6617400754753, 10.0000003));
#3212 = CARTESIAN_POINT('', (146.37768040794919, -68.6615855690549, 10.0000003));
#3213 = CARTESIAN_POINT('', (146.1254682622601, -68.67146203250331, 10.0000003));
#3214 = CARTESIAN_POINT('', (145.99506094391725, -68.68051483902254, 10.0000003));
#3215 = CARTESIAN_POINT('', (145.8738478614351, -68.69135386127846, 10.0000003));
#3216 = CARTESIAN_POINT('', (145.62321675977432, -68.72122963278048, 10.0000003));
#3217 = PLANE('', #3218);
#3218 = AXIS2_PLACEMENT_3D('', #3219, #3220, #3221);
#3219 = CARTESIAN_POINT('', (154.0500001000001, -67.4604086199147, 10.0000003));
#3220 = DIRECTION('', (0.0, 0.0, 1.0));
#3221 = DIRECTION('', (-0.9999999999999999, 0.0, 0.0));
#3222 = CYLINDRICAL_SURFACE('', #3223, 6.350003187660196);
#3223 = AXIS2_PLACEMENT_3D('', #3224, #3225, #3226);
#3224 = CARTESIAN_POINT('', (146.49999681234033, -75.01041059267239, 13.0));
#3225 = DIRECTION('', (0.0, 0.0, 1.0));
#3226 = DIRECTION('', (-6.1218354208E-4, -0.999999812615638, 0.0));
#3227 = SURFACE_CURVE('', #3228, (#910, #940), .CURVE_3D.);
#3228 = INTERSECTION_CURVE('', #3229, (#3258, #3263), .CURVE_3D.);
#3229 = B_SPLINE_CURVE_WITH_KNOTS('', 1, (#3230, #3231, #3232, #3233, #3234, #3235, #3236, #3237, #3238, #3239, #3240, #3241, #3242, #3243, #3244, #3245, #3246, #3247, #3248, #3249, #3250, #3251, #3252, #3253, #3254, #3255, #3256, #3257), .UNSPECIFIED., .U., .U., (2, 1, 1, 1, 1, 1, 1, 1, 1, 1, 1, 1, 1, 1, 1, 1, 1, 1, 1, 1, 1, 1, 1, 1, 1, 1, 1, 2), (0.0, 0.037037037037037035, 0.07407407407407407, 0.1111111111111111, 0.14814814814814814, 0.18518518518518517, 0.2222222222222222, 0.25925925925925924, 0.2962962962962963, 0.3333333333333333, 0.37037037037037035, 0.4074074074074074, 0.4444444444444444, 0.48148148148148145, 0.5185185185185185, 0.5555555555555556, 0.5925925925925926, 0.6296296296296297, 0.6666666666666666, 0.7037037037037037, 0.7407407407407407, 0.7777777777777778, 0.8148148148148148, 0.8518518518518519, 0.8888888888888888, 0.9259259259259259, 0.9629629629629629, 1.0), .UNSPECIFIED.);
#3230 = CARTESIAN_POINT('', (150.17280880544064, -69.83035339736719, 10.0000003));
#3231 = CARTESIAN_POINT('', (150.07851159172742, -69.76476740455878, 10.0000003));
#3232 = CARTESIAN_POINT('', (150.04291794370187, -69.74066198953709, 10.0000003));
#3233 = CARTESIAN_POINT('', (149.9640465843432, -69.68848428160969, 10.0000003));
#3234 = CARTESIAN_POINT('', (149.86227845909673, -69.6236116720536, 10.0000003));
#3235 = CARTESIAN_POINT('', (149.82139734151116, -69.59830942878803, 10.0000003));
#3236 = CARTESIAN_POINT('', (149.74981125936316, -69.55502366384539, 10.0000003));
#3237 = CARTESIAN_POINT('', (149.62925748891422, -69.48499041848265, 10.0000003));
#3238 = CARTESIAN_POINT('', (149.58190257794809, -69.45843821024754, 10.0000003));
#3239 = CARTESIAN_POINT('', (149.53044131645365, -69.43018240819964, 10.0000003));
#3240 = CARTESIAN_POINT('', (149.37655931100025, -69.349321591906, 10.0000003));
#3241 = CARTESIAN_POINT('', (149.32114942529347, -69.32150574044272, 10.0000003));
#3242 = CARTESIAN_POINT('', (149.3062833541237, -69.31415776044133, 10.0000003));
#3243 = CARTESIAN_POINT('', (149.1002677084415, -69.21721356942314, 10.0000003));
#3244 = CARTESIAN_POINT('', (149.07769153582214, -69.20713303634022, 10.0000003));
#3245 = CARTESIAN_POINT('', (149.03060521317303, -69.18644616928091, 10.0000003));
#3246 = CARTESIAN_POINT('', (148.84502703036884, -69.10927733203272, 10.0000003));
#3247 = CARTESIAN_POINT('', (148.78987499019013, -69.08765798819009, 10.0000003));
#3248 = CARTESIAN_POINT('', (148.70247734467821, -69.05460502264516, 10.0000003));
#3249 = CARTESIAN_POINT('', (148.60865744131803, -69.02074525685487, 10.0000003));
#3250 = CARTESIAN_POINT('', (148.43496354719096, -68.9623990005608, 10.0000003));
#3251 = CARTESIAN_POINT('', (148.3689562261547, -68.94167668906371, 10.0000003));
#3252 = CARTESIAN_POINT('', (148.3201229325462, -68.9268523090822, 10.0000003));
#3253 = CARTESIAN_POINT('', (148.12630210624178, -68.87219655483347, 10.0000003));
#3254 = CARTESIAN_POINT('', (148.0061481604612, -68.84161422710412, 10.0000003));
#3255 = CARTESIAN_POINT('', (147.88107846845122, -68.81241463087565, 10.0000003));
#3256 = CARTESIAN_POINT('', (147.83533539544683, -68.80239872479055, 10.0000003));
#3257 = CARTESIAN_POINT('', (147.63367305750202, -68.7624254250803, 10.0000003));
#3258 = PLANE('', #3259);
#3259 = AXIS2_PLACEMENT_3D('', #3260, #3261, #3262);
#3260 = CARTESIAN_POINT('', (154.0500001000001, -67.4604086199147, 10.0000003));
#3261 = DIRECTION('', (0.0, 0.0, 1.0));
#3262 = DIRECTION('', (-0.9999999999999999, 0.0, 0.0));
#3263 = CYLINDRICAL_SURFACE('', #3264, 6.350003187660196);
#3264 = AXIS2_PLACEMENT_3D('', #3265, #3266, #3267);
#3265 = CARTESIAN_POINT('', (146.49999681234033, -75.01041059267239, 13.0));
#3266 = DIRECTION('', (0.0, 0.0, 1.0));
#3267 = DIRECTION('', (-6.1218354208E-4, -0.999999812615638, 0.0));
#3268 = SURFACE_CURVE('', #3269, (#910, #940), .CURVE_3D.);
#3269 = INTERSECTION_CURVE('', #3270, (#3275, #3280), .CURVE_3D.);
#3270 = B_SPLINE_CURVE_WITH_KNOTS('', 1, (#3271, #3272, #3273, #3274), .UNSPECIFIED., .U., .U., (2, 1, 1, 2), (0.0, 0.3333333333333333, 0.6666666666666666, 1.0), .UNSPECIFIED.);
#3271 = CARTESIAN_POINT('', (150.3757683240284, -69.98040704670129, 10.0000003));
#3272 = CARTESIAN_POINT('', (150.280135005799, -69.90814680865948, 10.0000003));
#3273 = CARTESIAN_POINT('', (150.248920672642, -69.88516812299784, 10.0000003));
#3274 = CARTESIAN_POINT('', (150.1728088020565, -69.83035340234699, 10.0000003));
#3275 = PLANE('', #3276);
#3276 = AXIS2_PLACEMENT_3D('', #3277, #3278, #3279);
#3277 = CARTESIAN_POINT('', (154.0500001000001, -67.4604086199147, 10.0000003));
#3278 = DIRECTION('', (0.0, 0.0, 1.0));
#3279 = DIRECTION('', (-0.9999999999999999, 0.0, 0.0));
#3280 = CYLINDRICAL_SURFACE('', #3281, 6.350003187660196);
#3281 = AXIS2_PLACEMENT_3D('', #3282, #3283, #3284);
#3282 = CARTESIAN_POINT('', (146.49999681234033, -75.01041059267239, 13.0));
#3283 = DIRECTION('', (0.0, 0.0, 1.0));
#3284 = DIRECTION('', (-6.1218354208E-4, -0.999999812615638, 0.0));
#3285 = SURFACE_CURVE('', #3286, (#910, #940), .CURVE_3D.);
#3286 = INTERSECTION_CURVE('', #3287, (#3295, #3300), .CURVE_3D.);
#3287 = B_SPLINE_CURVE_WITH_KNOTS('', 1, (#3288, #3289, #3290, #3291, #3292, #3293, #3294), .UNSPECIFIED., .U., .U., (2, 1, 1, 1, 1, 1, 2), (0.0, 0.16666666666666666, 0.3333333333333333, 0.5, 0.6666666666666666, 0.8333333333333334, 1.0), .UNSPECIFIED.);
#3288 = CARTESIAN_POINT('', (150.76300503308002, -70.30410616210263, 10.000000299999998));
#3289 = CARTESIAN_POINT('', (150.64588139909824, -70.20061002751606, 10.0000003));
#3290 = CARTESIAN_POINT('', (150.6214510009997, -70.17965952745729, 10.0000003));
#3291 = CARTESIAN_POINT('', (150.57260375008286, -70.13840759452614, 10.0000003));
#3292 = CARTESIAN_POINT('', (150.46882222978246, -70.05349973114178, 10.0000003));
#3293 = CARTESIAN_POINT('', (150.4412797204813, -70.031572422849, 10.0000003));
#3294 = CARTESIAN_POINT('', (150.3757683240284, -69.98040704670129, 10.0000003));
#3295 = PLANE('', #3296);
#3296 = AXIS2_PLACEMENT_3D('', #3297, #3298, #3299);
#3297 = CARTESIAN_POINT('', (154.0500001000001, -67.4604086199147, 10.0000003));
#3298 = DIRECTION('', (0.0, 0.0, 1.0));
#3299 = DIRECTION('', (-0.9999999999999999, 0.0, 0.0));
#3300 = CYLINDRICAL_SURFACE('', #3301, 6.350003187660196);
#3301 = AXIS2_PLACEMENT_3D('', #3302, #3303, #3304);
#3302 = CARTESIAN_POINT('', (146.49999681234033, -75.01041059267239, 13.0));
#3303 = DIRECTION('', (0.0, 0.0, 1.0));
#3304 = DIRECTION('', (-6.1218354208E-4, -0.999999812615638, 0.0));
#3305 = SURFACE_CURVE('', #3306, (#910, #940), .CURVE_3D.);
#3306 = INTERSECTION_CURVE('', #3307, (#3364, #3369), .CURVE_3D.);
#3307 = B_SPLINE_CURVE_WITH_KNOTS('', 1, (#3308, #3309, #3310, #3311, #3312, #3313, #3314, #3315, #3316, #3317, #3318, #3319, #3320, #3321, #3322, #3323, #3324, #3325, #3326, #3327, #3328, #3329, #3330, #3331, #3332, #3333, #3334, #3335, #3336, #3337, #3338, #3339, #3340, #3341, #3342, #3343, #3344, #3345, #3346, #3347, #3348, #3349, #3350, #3351, #3352, #3353, #3354, #3355, #3356, #3357, #3358, #3359, #3360, #3361, #3362, #3363), .UNSPECIFIED., .U., .U., (2, 1, 1, 1, 1, 1, 1, 1, 1, 1, 1, 1, 1, 1, 1, 1, 1, 1, 1, 1, 1, 1, 1, 1, 1, 1, 1, 1, 1, 1, 1, 1, 1, 1, 1, 1, 1, 1, 1, 1, 1, 1, 1, 1, 1, 1, 1, 1, 1, 1, 1, 1, 1, 1, 1, 2), (0.0, 0.01818181818181818, 0.03636363636363636, 0.05454545454545454, 0.07272727272727272, 0.09090909090909091, 0.10909090909090909, 0.12727272727272726, 0.14545454545454545, 0.16363636363636364, 0.18181818181818182, 0.2, 0.21818181818181817, 0.23636363636363636, 0.2545454545454545, 0.2727272727272727, 0.2909090909090909, 0.3090909090909091, 0.32727272727272727, 0.34545454545454546, 0.36363636363636365, 0.38181818181818183, 0.4, 0.41818181818181815, 0.43636363636363634, 0.45454545454545453, 0.4727272727272727, 0.4909090909090909, 0.509090909090909, 0.5272727272727272, 0.5454545454545454, 0.5636363636363636, 0.5818181818181818, 0.6, 0.6181818181818182, 0.6363636363636364, 0.6545454545454545, 0.6727272727272727, 0.6909090909090909, 0.7090909090909091, 0.7272727272727273, 0.7454545454545455, 0.7636363636363637, 0.7818181818181819, 0.8, 0.8181818181818182, 0.8363636363636363, 0.8545454545454545, 0.8727272727272727, 0.8909090909090909, 0.9090909090909091, 0.9272727272727272, 0.9454545454545454, 0.9636363636363636, 0.9818181818181818, 1.0), .UNSPECIFIED.);
#3308 = CARTESIAN_POINT('', (150.76300503308002, -70.30410616210263, 10.0000003));
#3309 = CARTESIAN_POINT('', (150.7905841812626, -70.329235471729, 10.0000003));
#3310 = CARTESIAN_POINT('', (150.81235135056744, -70.3492799551632, 10.0000003));
#3311 = CARTESIAN_POINT('', (150.94667043116877, -70.47724015567029, 10.0000003));
#3312 = CARTESIAN_POINT('', (150.94960106590148, -70.4801167313445, 10.0000003));
#3313 = CARTESIAN_POINT('', (150.9690694177151, -70.49932086499203, 10.0000003));
#3314 = CARTESIAN_POINT('', (151.09833269603615, -70.6311586492453, 10.0000003));
#3315 = CARTESIAN_POINT('', (151.11647471990324, -70.65028763428253, 10.0000003));
#3316 = CARTESIAN_POINT('', (151.12331043092735, -70.65753663774532, 10.0000003));
#3317 = CARTESIAN_POINT('', (151.2383064623665, -70.78300451521028, 10.0000003));
#3318 = CARTESIAN_POINT('', (151.2546085556732, -70.80134803036046, 10.0000003));
#3319 = CARTESIAN_POINT('', (151.2926457216367, -70.84471054159873, 10.0000003));
#3320 = CARTESIAN_POINT('', (151.37018222594972, -70.93563028934791, 10.0000003));
#3321 = CARTESIAN_POINT('', (151.38486832505956, -70.95324769385765, 10.0000003));
#3322 = CARTESIAN_POINT('', (151.45440875816954, -71.03846613758247, 10.0000003));
#3323 = CARTESIAN_POINT('', (151.49441083432515, -71.08888422398684, 10.0000003));
#3324 = CARTESIAN_POINT('', (151.50766863030105, -71.10582822743834, 10.0000003));
#3325 = CARTESIAN_POINT('', (151.60834395935308, -71.23849729715494, 10.0000003));
#3326 = CARTESIAN_POINT('', (151.61137520576455, -71.24260600610864, 10.0000003));
#3327 = CARTESIAN_POINT('', (151.62336332019675, -71.25892340630614, 10.0000003));
#3328 = CARTESIAN_POINT('', (151.7205070242017, -71.39532918125913, 10.0000003));
#3329 = CARTESIAN_POINT('', (151.73167272172836, -71.41150691760359, 10.0000003));
#3330 = CARTESIAN_POINT('', (151.75420811178031, -71.44448797655582, 10.0000003));
#3331 = CARTESIAN_POINT('', (151.82311101599743, -71.54818650140984, 10.0000003));
#3332 = CARTESIAN_POINT('', (151.83322892156716, -71.5637925760644, 10.0000003));
#3333 = CARTESIAN_POINT('', (151.89177075408043, -71.65611271614634, 10.0000003));
#3334 = CARTESIAN_POINT('', (151.9195223875535, -71.70113831271344, 10.0000003));
#3335 = CARTESIAN_POINT('', (151.928696809345, -71.71621010912315, 10.0000003));
#3336 = CARTESIAN_POINT('', (152.00971118484642, -71.85357863377837, 10.0000003));
#3337 = CARTESIAN_POINT('', (152.01822432413303, -71.86848353887424, 10.0000003));
#3338 = CARTESIAN_POINT('', (152.0208145410415, -71.87303715462687, 10.0000003));
#3339 = CARTESIAN_POINT('', (152.09365416148444, -72.00482613309366, 10.0000003));
#3340 = CARTESIAN_POINT('', (152.1013794671553, -72.01924813676459, 10.0000003));
#3341 = CARTESIAN_POINT('', (152.14113558701004, -72.09491855731841, 10.0000003));
#3342 = CARTESIAN_POINT('', (152.17221030656384, -72.15584678024092, 10.0000003));
#3343 = CARTESIAN_POINT('', (152.17921812185153, -72.16981456351078, 10.0000003));
#3344 = CARTESIAN_POINT('', (152.24540003679064, -72.30617645492272, 10.0000003));
#3345 = CARTESIAN_POINT('', (152.25187188759892, -72.31996943889968, 10.0000003));
#3346 = CARTESIAN_POINT('', (152.25254378802478, -72.32140635767419, 10.0000003));
#3347 = CARTESIAN_POINT('', (152.31307061021488, -72.454884520851, 10.0000003));
#3348 = CARTESIAN_POINT('', (152.31893625373846, -72.46826892458304, 10.0000003));
#3349 = CARTESIAN_POINT('', (152.35486312217563, -72.55214271116508, 10.0000003));
#3350 = CARTESIAN_POINT('', (152.37598400157424, -72.6030645362747, 10.0000003));
#3351 = CARTESIAN_POINT('', (152.38645298462563, -72.62877791422278, 10.0000003));
#3352 = CARTESIAN_POINT('', (152.44793192771343, -72.7867630606642, 10.0000003));
#3353 = CARTESIAN_POINT('', (152.48742273511272, -72.89539964645775, 10.0000003));
#3354 = CARTESIAN_POINT('', (152.49608940888686, -72.92009624862399, 10.0000003));
#3355 = CARTESIAN_POINT('', (152.5316031584714, -73.02489671243731, 10.0000003));
#3356 = CARTESIAN_POINT('', (152.5812539568616, -73.18261081548019, 10.0000003));
#3357 = CARTESIAN_POINT('', (152.58833589727033, -73.20634084063721, 10.0000003));
#3358 = CARTESIAN_POINT('', (152.60574461619362, -73.26616742182858, 10.0000003));
#3359 = CARTESIAN_POINT('', (152.65883013131858, -73.46402363193522, 10.0000003));
#3360 = CARTESIAN_POINT('', (152.6645142701945, -73.48684077310187, 10.0000003));
#3361 = CARTESIAN_POINT('', (152.67023915940504, -73.51019398771699, 10.0000003));
#3362 = CARTESIAN_POINT('', (152.72143986854084, -73.73911724267442, 10.0000003));
#3363 = CARTESIAN_POINT('', (152.72498488844434, -73.75659085456903, 10.0000003));
#3364 = PLANE('', #3365);
#3365 = AXIS2_PLACEMENT_3D('', #3366, #3367, #3368);
#3366 = CARTESIAN_POINT('', (154.0500001000001, -67.4604086199147, 10.0000003));
#3367 = DIRECTION('', (0.0, 0.0, 1.0));
#3368 = DIRECTION('', (-0.9999999999999999, 0.0, 0.0));
#3369 = CYLINDRICAL_SURFACE('', #3370, 6.350003187660196);
#3370 = AXIS2_PLACEMENT_3D('', #3371, #3372, #3373);
#3371 = CARTESIAN_POINT('', (146.49999681234033, -75.01041059267239, 13.0));
#3372 = DIRECTION('', (0.0, 0.0, 1.0));
#3373 = DIRECTION('', (-6.1218354208E-4, -0.999999812615638, 0.0));
#3374 = SURFACE_CURVE('', #3375, (#910, #940), .CURVE_3D.);
#3375 = INTERSECTION_CURVE('', #3376, (#3380, #3385), .CURVE_3D.);
#3376 = B_SPLINE_CURVE_WITH_KNOTS('', 1, (#3377, #3378, #3379), .UNSPECIFIED., .U., .U., (2, 1, 2), (0.0, 0.5, 1.0), .UNSPECIFIED.);
#3377 = CARTESIAN_POINT('', (152.76989535462863, -74.00496902166705, 10.000000299999998));
#3378 = CARTESIAN_POINT('', (152.72588016854567, -73.76104398585915, 10.0000003));
#3379 = CARTESIAN_POINT('', (152.7249848825668, -73.75659085587493, 10.0000003));
#3380 = PLANE('', #3381);
#3381 = AXIS2_PLACEMENT_3D('', #3382, #3383, #3384);
#3382 = CARTESIAN_POINT('', (154.0500001000001, -67.4604086199147, 10.0000003));
#3383 = DIRECTION('', (0.0, 0.0, 1.0));
#3384 = DIRECTION('', (-0.9999999999999999, 0.0, 0.0));
#3385 = CYLINDRICAL_SURFACE('', #3386, 6.350003187660196);
#3386 = AXIS2_PLACEMENT_3D('', #3387, #3388, #3389);
#3387 = CARTESIAN_POINT('', (146.49999681234033, -75.01041059267239, 13.0));
#3388 = DIRECTION('', (0.0, 0.0, 1.0));
#3389 = DIRECTION('', (-6.1218354208E-4, -0.999999812615638, 0.0));
#3390 = SURFACE_CURVE('', #3391, (#910, #940), .CURVE_3D.);
#3391 = INTERSECTION_CURVE('', #3392, (#3411, #3416), .CURVE_3D.);
#3392 = B_SPLINE_CURVE_WITH_KNOTS('', 1, (#3393, #3394, #3395, #3396, #3397, #3398, #3399, #3400, #3401, #3402, #3403, #3404, #3405, #3406, #3407, #3408, #3409, #3410), .UNSPECIFIED., .U., .U., (2, 1, 1, 1, 1, 1, 1, 1, 1, 1, 1, 1, 1, 1, 1, 1, 1, 2), (0.0, 0.058823529411764705, 0.11764705882352941, 0.17647058823529413, 0.23529411764705882, 0.29411764705882354, 0.35294117647058826, 0.4117647058823529, 0.47058823529411764, 0.5294117647058824, 0.5882352941176471, 0.6470588235294118, 0.7058823529411765, 0.7647058823529411, 0.8235294117647058, 0.8823529411764706, 0.9411764705882353, 1.0), .UNSPECIFIED.);
#3393 = CARTESIAN_POINT('', (152.76989535462863, -74.00496902166705, 10.0000003));
#3394 = CARTESIAN_POINT('', (152.7702984949424, -74.00748622241673, 10.0000003));
#3395 = CARTESIAN_POINT('', (152.7736271021244, -74.02852288504074, 10.0000003));
#3396 = CARTESIAN_POINT('', (152.80489945679454, -74.25493516140472, 10.0000003));
#3397 = CARTESIAN_POINT('', (152.8065492774631, -74.26883356501557, 10.0000003));
#3398 = CARTESIAN_POINT('', (152.80890671450067, -74.28916422026005, 10.0000003));
#3399 = CARTESIAN_POINT('', (152.829942033179, -74.5060952305466, 10.0000003));
#3400 = CARTESIAN_POINT('', (152.831271638947, -74.5230713337659, 10.0000003));
#3401 = CARTESIAN_POINT('', (152.83275491080218, -74.54274046356358, 10.0000003));
#3402 = CARTESIAN_POINT('', (152.84498348229997, -74.75805243185893, 10.0000003));
#3403 = CARTESIAN_POINT('', (152.8454492290172, -74.770048135154, 10.0000003));
#3404 = CARTESIAN_POINT('', (152.84572555340455, -74.77745731811692, 10.0000003));
#3405 = CARTESIAN_POINT('', (152.8461422240705, -74.78909882960727, 10.0000003));
#3406 = CARTESIAN_POINT('', (152.84631435281932, -74.79409101726773, 10.0000003));
#3407 = CARTESIAN_POINT('', (152.846789361441, -74.80850759127166, 10.0000003));
#3408 = CARTESIAN_POINT('', (152.84717811978936, -74.82112262775105, 10.0000003));
#3409 = CARTESIAN_POINT('', (152.84999995714418, -75.00967284212774, 10.0000003));
#3410 = CARTESIAN_POINT('', (152.85, -75.010408, 10.0000003));
#3411 = PLANE('', #3412);
#3412 = AXIS2_PLACEMENT_3D('', #3413, #3414, #3415);
#3413 = CARTESIAN_POINT('', (154.0500001000001, -67.4604086199147, 10.0000003));
#3414 = DIRECTION('', (0.0, 0.0, 1.0));
#3415 = DIRECTION('', (-0.9999999999999999, 0.0, 0.0));
#3416 = CYLINDRICAL_SURFACE('', #3417, 6.350003187660196);
#3417 = AXIS2_PLACEMENT_3D('', #3418, #3419, #3420);
#3418 = CARTESIAN_POINT('', (146.49999681234033, -75.01041059267239, 13.0));
#3419 = DIRECTION('', (0.0, 0.0, 1.0));
#3420 = DIRECTION('', (-6.1218354208E-4, -0.999999812615638, 0.0));
#3421 = SURFACE_CURVE('', #3422, (#910, #945), .CURVE_3D.);
#3422 = INTERSECTION_CURVE('', #3423, (#3429, #3434), .CURVE_3D.);
#3423 = B_SPLINE_CURVE_WITH_KNOTS('', 1, (#3424, #3425, #3426, #3427, #3428), .UNSPECIFIED., .U., .U., (2, 1, 1, 1, 2), (0.0, 0.25, 0.5, 0.75, 1.0), .UNSPECIFIED.);
#3424 = CARTESIAN_POINT('', (152.85000000000008, -106.50000031081998, 10.0000003));
#3425 = CARTESIAN_POINT('', (152.8500000000001, -104.21588758719537, 10.0000003));
#3426 = CARTESIAN_POINT('', (152.85000000000002, -86.8190039356978, 10.0000003));
#3427 = CARTESIAN_POINT('', (152.85, -75.08065767501303, 10.0000003));
#3428 = CARTESIAN_POINT('', (152.85, -75.010408, 10.0000003));
#3429 = PLANE('', #3430);
#3430 = AXIS2_PLACEMENT_3D('', #3431, #3432, #3433);
#3431 = CARTESIAN_POINT('', (154.0500001000001, -67.4604086199147, 10.0000003));
#3432 = DIRECTION('', (0.0, 0.0, 1.0));
#3433 = DIRECTION('', (-0.9999999999999999, 0.0, 0.0));
#3434 = PLANE('', #3435);
#3435 = AXIS2_PLACEMENT_3D('', #3436, #3437, #3438);
#3436 = CARTESIAN_POINT('', (152.8500000000001, -106.50000031082, 5.0));
#3437 = DIRECTION('', (1.0, 3.6102988124E-15, -0.0));
#3438 = DIRECTION('', (-3.6102988124E-15, 1.0, 0.0));
#3439 = SURFACE_CURVE('', #3440, (#910, #950), .CURVE_3D.);
#3440 = INTERSECTION_CURVE('', #3441, (#3451, #3456), .CURVE_3D.);
#3441 = B_SPLINE_CURVE_WITH_KNOTS('', 1, (#3442, #3443, #3444, #3445, #3446, #3447, #3448, #3449, #3450), .UNSPECIFIED., .U., .U., (2, 1, 1, 1, 1, 1, 1, 1, 2), (0.0, 0.125, 0.25, 0.375, 0.5, 0.625, 0.75, 0.875, 1.0), .UNSPECIFIED.);
#3442 = CARTESIAN_POINT('', (152.77182113474856, -107.49335889934625, 10.0000003));
#3443 = CARTESIAN_POINT('', (152.80598483433226, -107.24636250930294, 10.0000003));
#3444 = CARTESIAN_POINT('', (152.8304251600781, -106.99821528376715, 10.0000003));
#3445 = CARTESIAN_POINT('', (152.84510441598871, -106.74930012206336, 10.0000003));
#3446 = CARTESIAN_POINT('', (152.84582860784906, -106.73013003961107, 10.0000003));
#3447 = CARTESIAN_POINT('', (152.84640322051064, -106.71369763462906, 10.0000003));
#3448 = CARTESIAN_POINT('', (152.84686678367717, -106.69945554077658, 10.0000003));
#3449 = CARTESIAN_POINT('', (152.84724617439193, -106.68699319362614, 10.0000003));
#3450 = CARTESIAN_POINT('', (152.85000000000008, -106.50000031081998, 10.0000003));
#3451 = PLANE('', #3452);
#3452 = AXIS2_PLACEMENT_3D('', #3453, #3454, #3455);
#3453 = CARTESIAN_POINT('', (154.0500001000001, -67.4604086199147, 10.0000003));
#3454 = DIRECTION('', (0.0, 0.0, 1.0));
#3455 = DIRECTION('', (-0.9999999999999999, 0.0, 0.0));
#3456 = CYLINDRICAL_SURFACE('', #3457, 6.3499987711770265);
#3457 = AXIS2_PLACEMENT_3D('', #3458, #3459, #3460);
#3458 = CARTESIAN_POINT('', (146.50000122882312, -106.50000122882308, 13.0));
#3459 = DIRECTION('', (0.0, 0.0, 1.0));
#3460 = DIRECTION('', (-0.7071067638808002, 0.7071067984922946, 0.0));
#3461 = SURFACE_CURVE('', #3462, (#910, #950), .CURVE_3D.);
#3462 = INTERSECTION_CURVE('', #3463, (#3470, #3475), .CURVE_3D.);
#3463 = B_SPLINE_CURVE_WITH_KNOTS('', 1, (#3464, #3465, #3466, #3467, #3468, #3469), .UNSPECIFIED., .U., .U., (2, 1, 1, 1, 1, 2), (0.0, 0.2, 0.4, 0.6, 0.8, 1.0), .UNSPECIFIED.);
#3464 = CARTESIAN_POINT('', (152.77182112892808, -107.49335889854117, 10.0000003));
#3465 = CARTESIAN_POINT('', (152.72798673925314, -107.73882360342866, 10.0000003));
#3466 = CARTESIAN_POINT('', (152.70578099333085, -107.84565419611306, 10.0000003));
#3467 = CARTESIAN_POINT('', (152.6745492374169, -107.98237813215101, 10.0000003));
#3468 = CARTESIAN_POINT('', (152.61849273272583, -108.19898507530905, 10.0000003));
#3469 = CARTESIAN_POINT('', (152.6115910260565, -108.2236469419274, 10.0000003));
#3470 = PLANE('', #3471);
#3471 = AXIS2_PLACEMENT_3D('', #3472, #3473, #3474);
#3472 = CARTESIAN_POINT('', (154.0500001000001, -67.4604086199147, 10.0000003));
#3473 = DIRECTION('', (0.0, 0.0, 1.0));
#3474 = DIRECTION('', (-0.9999999999999999, 0.0, 0.0));
#3475 = CYLINDRICAL_SURFACE('', #3476, 6.3499987711770265);
#3476 = AXIS2_PLACEMENT_3D('', #3477, #3478, #3479);
#3477 = CARTESIAN_POINT('', (146.50000122882312, -106.50000122882308, 13.0));
#3478 = DIRECTION('', (0.0, 0.0, 1.0));
#3479 = DIRECTION('', (-0.7071067638808002, 0.7071067984922946, 0.0));
#3480 = SURFACE_CURVE('', #3481, (#910, #950), .CURVE_3D.);
#3481 = INTERSECTION_CURVE('', #3482, (#3505, #3510), .CURVE_3D.);
#3482 = B_SPLINE_CURVE_WITH_KNOTS('', 1, (#3483, #3484, #3485, #3486, #3487, #3488, #3489, #3490, #3491, #3492, #3493, #3494, #3495, #3496, #3497, #3498, #3499, #3500, #3501, #3502, #3503, #3504), .UNSPECIFIED., .U., .U., (2, 1, 1, 1, 1, 1, 1, 1, 1, 1, 1, 1, 1, 1, 1, 1, 1, 1, 1, 1, 1, 2), (0.0, 0.047619047619047616, 0.09523809523809523, 0.14285714285714285, 0.19047619047619047, 0.23809523809523808, 0.2857142857142857, 0.3333333333333333, 0.38095238095238093, 0.42857142857142855, 0.47619047619047616, 0.5238095238095238, 0.5714285714285714, 0.6190476190476191, 0.6666666666666666, 0.7142857142857143, 0.7619047619047619, 0.8095238095238095, 0.8571428571428571, 0.9047619047619048, 0.9523809523809523, 1.0), .UNSPECIFIED.);
#3483 = CARTESIAN_POINT('', (151.4867627783685, -110.43124704178435, 10.000000300000002));
#3484 = CARTESIAN_POINT('', (151.56738440949988, -110.32676384154735, 10.0000003));
#3485 = CARTESIAN_POINT('', (151.63725818380493, -110.23243681064372, 10.0000003));
#3486 = CARTESIAN_POINT('', (151.71997033512068, -110.11585616552183, 10.0000003));
#3487 = CARTESIAN_POINT('', (151.77983230796323, -110.02787143189119, 10.0000003));
#3488 = CARTESIAN_POINT('', (151.85642920670347, -109.91045042383104, 10.0000003));
#3489 = CARTESIAN_POINT('', (151.9142653117833, -109.8178663306494, 10.0000003));
#3490 = CARTESIAN_POINT('', (151.97930413355178, -109.70931954774717, 10.0000003));
#3491 = CARTESIAN_POINT('', (152.04034990922798, -109.60274531970231, 10.0000003));
#3492 = CARTESIAN_POINT('', (152.09042939432823, -109.51157844355242, 10.0000003));
#3493 = CARTESIAN_POINT('', (152.15789168690304, -109.38284010019935, 10.0000003));
#3494 = CARTESIAN_POINT('', (152.19116338323124, -109.31658741180817, 10.0000003));
#3495 = CARTESIAN_POINT('', (152.26670940382894, -109.15848975019583, 10.0000003));
#3496 = CARTESIAN_POINT('', (152.2825363427403, -109.12388614441386, 10.0000003));
#3497 = CARTESIAN_POINT('', (152.36524096454445, -108.93340362802985, 10.0000003));
#3498 = CARTESIAN_POINT('', (152.36663527090127, -108.93004020181914, 10.0000003));
#3499 = CARTESIAN_POINT('', (152.4388898554071, -108.74768587640634, 10.0000003));
#3500 = CARTESIAN_POINT('', (152.4575153131936, -108.69784342708874, 10.0000003));
#3501 = CARTESIAN_POINT('', (152.5053866907902, -108.56345218465995, 10.0000003));
#3502 = CARTESIAN_POINT('', (152.5392091820957, -108.46225801402699, 10.0000003));
#3503 = CARTESIAN_POINT('', (152.56514143689463, -108.38057525033463, 10.0000003));
#3504 = CARTESIAN_POINT('', (152.611591020371, -108.2236469404438, 10.0000003));
#3505 = PLANE('', #3506);
#3506 = AXIS2_PLACEMENT_3D('', #3507, #3508, #3509);
#3507 = CARTESIAN_POINT('', (154.0500001000001, -67.4604086199147, 10.0000003));
#3508 = DIRECTION('', (0.0, 0.0, 1.0));
#3509 = DIRECTION('', (-0.9999999999999999, 0.0, 0.0));
#3510 = CYLINDRICAL_SURFACE('', #3511, 6.3499987711770265);
#3511 = AXIS2_PLACEMENT_3D('', #3512, #3513, #3514);
#3512 = CARTESIAN_POINT('', (146.50000122882312, -106.50000122882308, 13.0));
#3513 = DIRECTION('', (0.0, 0.0, 1.0));
#3514 = DIRECTION('', (-0.7071067638808002, 0.7071067984922946, 0.0));
#3515 = SURFACE_CURVE('', #3516, (#910, #950), .CURVE_3D.);
#3516 = INTERSECTION_CURVE('', #3517, (#3523, #3528), .CURVE_3D.);
#3517 = B_SPLINE_CURVE_WITH_KNOTS('', 1, (#3518, #3519, #3520, #3521, #3522), .UNSPECIFIED., .U., .U., (2, 1, 1, 1, 2), (0.0, 0.25, 0.5, 0.75, 1.0), .UNSPECIFIED.);
#3518 = CARTESIAN_POINT('', (151.4867627783685, -110.43124704178435, 10.0000003));
#3519 = CARTESIAN_POINT('', (151.39503800424583, -110.5448868095545, 10.0000003));
#3520 = CARTESIAN_POINT('', (151.32857814476088, -110.62399557421477, 10.0000003));
#3521 = CARTESIAN_POINT('', (151.19755394614606, -110.77264477374015, 10.0000003));
#3522 = CARTESIAN_POINT('', (151.1629483954748, -110.81038498377632, 10.0000003));
#3523 = PLANE('', #3524);
#3524 = AXIS2_PLACEMENT_3D('', #3525, #3526, #3527);
#3525 = CARTESIAN_POINT('', (154.0500001000001, -67.4604086199147, 10.0000003));
#3526 = DIRECTION('', (0.0, 0.0, 1.0));
#3527 = DIRECTION('', (-0.9999999999999999, 0.0, 0.0));
#3528 = CYLINDRICAL_SURFACE('', #3529, 6.3499987711770265);
#3529 = AXIS2_PLACEMENT_3D('', #3530, #3531, #3532);
#3530 = CARTESIAN_POINT('', (146.50000122882312, -106.50000122882308, 13.0));
#3531 = DIRECTION('', (0.0, 0.0, 1.0));
#3532 = DIRECTION('', (-0.7071067638808002, 0.7071067984922946, 0.0));
#3533 = SURFACE_CURVE('', #3534, (#910, #950), .CURVE_3D.);
#3534 = INTERSECTION_CURVE('', #3535, (#3540, #3545), .CURVE_3D.);
#3535 = B_SPLINE_CURVE_WITH_KNOTS('', 1, (#3536, #3537, #3538, #3539), .UNSPECIFIED., .U., .U., (2, 1, 1, 2), (0.0, 0.3333333333333333, 0.6666666666666666, 1.0), .UNSPECIFIED.);
#3536 = CARTESIAN_POINT('', (151.16294839108255, -110.81038497987326, 10.0000003));
#3537 = CARTESIAN_POINT('', (150.99012831055717, -110.99012853034007, 10.0000003));
#3538 = CARTESIAN_POINT('', (150.96122207982987, -111.01884985568506, 10.0000003));
#3539 = CARTESIAN_POINT('', (150.81038519506322, -111.16294820016321, 10.0000003));
#3540 = PLANE('', #3541);
#3541 = AXIS2_PLACEMENT_3D('', #3542, #3543, #3544);
#3542 = CARTESIAN_POINT('', (154.0500001000001, -67.4604086199147, 10.0000003));
#3543 = DIRECTION('', (0.0, 0.0, 1.0));
#3544 = DIRECTION('', (-0.9999999999999999, 0.0, 0.0));
#3545 = CYLINDRICAL_SURFACE('', #3546, 6.3499987711770265);
#3546 = AXIS2_PLACEMENT_3D('', #3547, #3548, #3549);
#3547 = CARTESIAN_POINT('', (146.50000122882312, -106.50000122882308, 13.0));
#3548 = DIRECTION('', (0.0, 0.0, 1.0));
#3549 = DIRECTION('', (-0.7071067638808002, 0.7071067984922946, 0.0));
#3550 = SURFACE_CURVE('', #3551, (#910, #950), .CURVE_3D.);
#3551 = INTERSECTION_CURVE('', #3552, (#3557, #3562), .CURVE_3D.);
#3552 = B_SPLINE_CURVE_WITH_KNOTS('', 1, (#3553, #3554, #3555, #3556), .UNSPECIFIED., .U., .U., (2, 1, 1, 2), (0.0, 0.3333333333333333, 0.6666666666666666, 1.0), .UNSPECIFIED.);
#3553 = CARTESIAN_POINT('', (150.43124703271803, -111.48676278551581, 10.0000003));
#3554 = CARTESIAN_POINT('', (150.62399533786544, -111.32857834662228, 10.0000003));
#3555 = CARTESIAN_POINT('', (150.65504082512226, -111.30188943526187, 10.0000003));
#3556 = CARTESIAN_POINT('', (150.81038519099073, -111.16294819592758, 10.000000300000002));
#3557 = PLANE('', #3558);
#3558 = AXIS2_PLACEMENT_3D('', #3559, #3560, #3561);
#3559 = CARTESIAN_POINT('', (154.0500001000001, -67.4604086199147, 10.0000003));
#3560 = DIRECTION('', (0.0, 0.0, 1.0));
#3561 = DIRECTION('', (-0.9999999999999999, 0.0, 0.0));
#3562 = CYLINDRICAL_SURFACE('', #3563, 6.3499987711770265);
#3563 = AXIS2_PLACEMENT_3D('', #3564, #3565, #3566);
#3564 = CARTESIAN_POINT('', (146.50000122882312, -106.50000122882308, 13.0));
#3565 = DIRECTION('', (0.0, 0.0, 1.0));
#3566 = DIRECTION('', (-0.7071067638808002, 0.7071067984922946, 0.0));
#3567 = SURFACE_CURVE('', #3568, (#910, #950), .CURVE_3D.);
#3568 = INTERSECTION_CURVE('', #3569, (#3593, #3598), .CURVE_3D.);
#3569 = B_SPLINE_CURVE_WITH_KNOTS('', 1, (#3570, #3571, #3572, #3573, #3574, #3575, #3576, #3577, #3578, #3579, #3580, #3581, #3582, #3583, #3584, #3585, #3586, #3587, #3588, #3589, #3590, #3591, #3592), .UNSPECIFIED., .U., .U., (2, 1, 1, 1, 1, 1, 1, 1, 1, 1, 1, 1, 1, 1, 1, 1, 1, 1, 1, 1, 1, 1, 2), (0.0, 0.045454545454545456, 0.09090909090909091, 0.13636363636363635, 0.18181818181818182, 0.22727272727272727, 0.2727272727272727, 0.3181818181818182, 0.36363636363636365, 0.4090909090909091, 0.45454545454545453, 0.5, 0.5454545454545454, 0.5909090909090909, 0.6363636363636364, 0.6818181818181818, 0.7272727272727273, 0.7727272727272727, 0.8181818181818182, 0.8636363636363636, 0.9090909090909091, 0.9545454545454546, 1.0), .UNSPECIFIED.);
#3570 = CARTESIAN_POINT('', (150.4312470289904, -111.4867627809737, 10.0000003));
#3571 = CARTESIAN_POINT('', (150.23243655918506, -111.63725836650032, 10.0000003));
#3572 = CARTESIAN_POINT('', (150.0452699514982, -111.76816543260144, 10.0000003));
#3573 = CARTESIAN_POINT('', (150.02787117345383, -111.77983248064554, 10.0000003));
#3574 = CARTESIAN_POINT('', (149.8178660656318, -111.91426547418628, 10.0000003));
#3575 = CARTESIAN_POINT('', (149.81519723257315, -111.9159000324077, 10.0000003));
#3576 = CARTESIAN_POINT('', (149.60274504851313, -112.04035006110118, 10.0000003));
#3577 = CARTESIAN_POINT('', (149.38283982325672, -112.15789182801231, 10.0000003));
#3578 = CARTESIAN_POINT('', (149.29763313891797, -112.2005047232145, 10.0000003));
#3579 = CARTESIAN_POINT('', (149.15848946792678, -112.26670953395671, 10.0000003));
#3580 = CARTESIAN_POINT('', (149.06203191173609, -112.31020631760973, 10.0000003));
#3581 = CARTESIAN_POINT('', (148.9300399146589, -112.36663538984686, 10.0000003));
#3582 = CARTESIAN_POINT('', (148.88951900106537, -112.38325621310585, 10.0000003));
#3583 = CARTESIAN_POINT('', (148.75379390963786, -112.4365745624774, 10.0000003));
#3584 = CARTESIAN_POINT('', (148.69784341625748, -112.45751531718943, 10.0000003));
#3585 = CARTESIAN_POINT('', (148.63890804550107, -112.47892772306253, 10.0000003));
#3586 = CARTESIAN_POINT('', (148.53962080085017, -112.51352236002018, 10.0000003));
#3587 = CARTESIAN_POINT('', (148.46225800304722, -112.53920918566322, 10.0000003));
#3588 = CARTESIAN_POINT('', (148.449123482582, -112.5434610685053, 10.0000003));
#3589 = CARTESIAN_POINT('', (148.3721789374112, -112.56773845297968, 10.0000003));
#3590 = CARTESIAN_POINT('', (148.2999929313558, -112.58954261260259, 10.0000003));
#3591 = CARTESIAN_POINT('', (148.2321385529059, -112.60918977432314, 10.0000003));
#3592 = CARTESIAN_POINT('', (148.223647218855, -112.61159094795482, 10.0000003));
#3593 = PLANE('', #3594);
#3594 = AXIS2_PLACEMENT_3D('', #3595, #3596, #3597);
#3595 = CARTESIAN_POINT('', (154.0500001000001, -67.4604086199147, 10.0000003));
#3596 = DIRECTION('', (0.0, 0.0, 1.0));
#3597 = DIRECTION('', (-0.9999999999999999, 0.0, 0.0));
#3598 = CYLINDRICAL_SURFACE('', #3599, 6.3499987711770265);
#3599 = AXIS2_PLACEMENT_3D('', #3600, #3601, #3602);
#3600 = CARTESIAN_POINT('', (146.50000122882312, -106.50000122882308, 13.0));
#3601 = DIRECTION('', (0.0, 0.0, 1.0));
#3602 = DIRECTION('', (-0.7071067638808002, 0.7071067984922946, 0.0));
#3603 = SURFACE_CURVE('', #3604, (#910, #950), .CURVE_3D.);
#3604 = INTERSECTION_CURVE('', #3605, (#3617, #3622), .CURVE_3D.);
#3605 = B_SPLINE_CURVE_WITH_KNOTS('', 1, (#3606, #3607, #3608, #3609, #3610, #3611, #3612, #3613, #3614, #3615, #3616), .UNSPECIFIED., .U., .U., (2, 1, 1, 1, 1, 1, 1, 1, 1, 1, 2), (0.0, 0.1, 0.2, 0.3, 0.4, 0.5, 0.6, 0.7, 0.8, 0.9, 1.0), .UNSPECIFIED.);
#3606 = CARTESIAN_POINT('', (148.22364721714933, -112.61159094233197, 10.0000003));
#3607 = CARTESIAN_POINT('', (148.17279348850354, -112.6257053067151, 10.0000003));
#3608 = CARTESIAN_POINT('', (148.11722608717042, -112.64060935436677, 10.0000003));
#3609 = CARTESIAN_POINT('', (148.06448636711633, -112.65425753206634, 10.0000003));
#3610 = CARTESIAN_POINT('', (148.01436420638294, -112.66678233132266, 10.0000003));
#3611 = CARTESIAN_POINT('', (147.98237812070082, -112.67454924016583, 10.0000003));
#3612 = CARTESIAN_POINT('', (147.96772150671333, -112.67804959216727, 10.0000003));
#3613 = CARTESIAN_POINT('', (147.92523428755396, -112.68798919925825, 10.0000003));
#3614 = CARTESIAN_POINT('', (147.84565408392086, -112.70578101765841, 10.0000003));
#3615 = CARTESIAN_POINT('', (147.73882359187937, -112.72798674155041, 10.0000003));
#3616 = CARTESIAN_POINT('', (147.49335888794357, -112.77182113655454, 10.0000003));
#3617 = PLANE('', #3618);
#3618 = AXIS2_PLACEMENT_3D('', #3619, #3620, #3621);
#3619 = CARTESIAN_POINT('', (154.0500001000001, -67.4604086199147, 10.0000003));
#3620 = DIRECTION('', (0.0, 0.0, 1.0));
#3621 = DIRECTION('', (-0.9999999999999999, 0.0, 0.0));
#3622 = CYLINDRICAL_SURFACE('', #3623, 6.3499987711770265);
#3623 = AXIS2_PLACEMENT_3D('', #3624, #3625, #3626);
#3624 = CARTESIAN_POINT('', (146.50000122882312, -106.50000122882308, 13.0));
#3625 = DIRECTION('', (0.0, 0.0, 1.0));
#3626 = DIRECTION('', (-0.7071067638808002, 0.7071067984922946, 0.0));
#3627 = SURFACE_CURVE('', #3628, (#910, #950), .CURVE_3D.);
#3628 = INTERSECTION_CURVE('', #3629, (#3639, #3644), .CURVE_3D.);
#3629 = B_SPLINE_CURVE_WITH_KNOTS('', 1, (#3630, #3631, #3632, #3633, #3634, #3635, #3636, #3637, #3638), .UNSPECIFIED., .U., .U., (2, 1, 1, 1, 1, 1, 1, 1, 2), (0.0, 0.125, 0.25, 0.375, 0.5, 0.625, 0.75, 0.875, 1.0), .UNSPECIFIED.);
#3630 = CARTESIAN_POINT('', (146.5, -112.85, 10.0000003));
#3631 = CARTESIAN_POINT('', (146.68699288294096, -112.84724618354477, 10.0000003));
#3632 = CARTESIAN_POINT('', (146.69945523010995, -112.84686679344003, 10.0000003));
#3633 = CARTESIAN_POINT('', (146.71369732398512, -112.84640323097062, 10.0000003));
#3634 = CARTESIAN_POINT('', (146.73012972899525, -112.84582861911335, 10.0000003));
#3635 = CARTESIAN_POINT('', (146.7492998115022, -112.84510442819061, 10.0000003));
#3636 = CARTESIAN_POINT('', (146.99821527225794, -112.83042516098388, 10.0000003));
#3637 = CARTESIAN_POINT('', (147.24636249783813, -112.80598483568919, 10.0000003));
#3638 = CARTESIAN_POINT('', (147.49335888794357, -112.77182113655452, 10.0000003));
#3639 = PLANE('', #3640);
#3640 = AXIS2_PLACEMENT_3D('', #3641, #3642, #3643);
#3641 = CARTESIAN_POINT('', (154.0500001000001, -67.4604086199147, 10.0000003));
#3642 = DIRECTION('', (0.0, 0.0, 1.0));
#3643 = DIRECTION('', (-0.9999999999999999, 0.0, 0.0));
#3644 = CYLINDRICAL_SURFACE('', #3645, 6.3499987711770265);
#3645 = AXIS2_PLACEMENT_3D('', #3646, #3647, #3648);
#3646 = CARTESIAN_POINT('', (146.50000122882312, -106.50000122882308, 13.0));
#3647 = DIRECTION('', (0.0, 0.0, 1.0));
#3648 = DIRECTION('', (-0.7071067638808002, 0.7071067984922946, 0.0));
#3649 = SURFACE_CURVE('', #3650, (#910, #955), .CURVE_3D.);
#3650 = INTERSECTION_CURVE('', #3651, (#3657, #3662), .CURVE_3D.);
#3651 = B_SPLINE_CURVE_WITH_KNOTS('', 1, (#3652, #3653, #3654, #3655, #3656), .UNSPECIFIED., .U., .U., (2, 1, 1, 1, 2), (0.0, 0.25, 0.5, 0.75, 1.0), .UNSPECIFIED.);
#3652 = CARTESIAN_POINT('', (103.49999968917959, -112.84999999999984, 10.0000003));
#3653 = CARTESIAN_POINT('', (104.58661395911236, -112.84999999999982, 10.0000003));
#3654 = CARTESIAN_POINT('', (130.37500149594234, -112.84999999999994, 10.0000003));
#3655 = CARTESIAN_POINT('', (146.23228360918634, -112.85, 10.0000003));
#3656 = CARTESIAN_POINT('', (146.5, -112.85, 10.0000003));
#3657 = PLANE('', #3658);
#3658 = AXIS2_PLACEMENT_3D('', #3659, #3660, #3661);
#3659 = CARTESIAN_POINT('', (154.0500001000001, -67.4604086199147, 10.0000003));
#3660 = DIRECTION('', (0.0, 0.0, 1.0));
#3661 = DIRECTION('', (-0.9999999999999999, 0.0, 0.0));
#3662 = PLANE('', #3663);
#3663 = AXIS2_PLACEMENT_3D('', #3664, #3665, #3666);
#3664 = CARTESIAN_POINT('', (103.49999968917959, -112.84999999999982, 5.0));
#3665 = DIRECTION('', (-3.9658198919E-15, -1.0, 0.0));
#3666 = DIRECTION('', (1.0, -3.9658198919E-15, 0.0));
#3667 = SURFACE_CURVE('', #3668, (#910, #960), .CURVE_3D.);
#3668 = INTERSECTION_CURVE('', #3669, (#3679, #3684), .CURVE_3D.);
#3669 = B_SPLINE_CURVE_WITH_KNOTS('', 1, (#3670, #3671, #3672, #3673, #3674, #3675, #3676, #3677, #3678), .UNSPECIFIED., .U., .U., (2, 1, 1, 1, 1, 1, 1, 1, 2), (0.0, 0.125, 0.25, 0.375, 0.5, 0.625, 0.75, 0.875, 1.0), .UNSPECIFIED.);
#3670 = CARTESIAN_POINT('', (102.50664110065333, -112.77182113474848, 10.0000003));
#3671 = CARTESIAN_POINT('', (102.75363719349588, -112.80598479915618, 10.0000003));
#3672 = CARTESIAN_POINT('', (103.0017844178798, -112.83042513659714, 10.0000003));
#3673 = CARTESIAN_POINT('', (103.25069987793621, -112.84510441598852, 10.0000003));
#3674 = CARTESIAN_POINT('', (103.26986996038849, -112.84582860784883, 10.0000003));
#3675 = CARTESIAN_POINT('', (103.28630236537052, -112.84640322051044, 10.0000003));
#3676 = CARTESIAN_POINT('', (103.30054445922298, -112.84686678367697, 10.0000003));
#3677 = CARTESIAN_POINT('', (103.31300680637344, -112.84724617439173, 10.0000003));
#3678 = CARTESIAN_POINT('', (103.49999968917959, -112.84999999999984, 10.0000003));
#3679 = PLANE('', #3680);
#3680 = AXIS2_PLACEMENT_3D('', #3681, #3682, #3683);
#3681 = CARTESIAN_POINT('', (154.0500001000001, -67.4604086199147, 10.0000003));
#3682 = DIRECTION('', (0.0, 0.0, 1.0));
#3683 = DIRECTION('', (-0.9999999999999999, 0.0, 0.0));
#3684 = CYLINDRICAL_SURFACE('', #3685, 6.3499987711753985);
#3685 = AXIS2_PLACEMENT_3D('', #3686, #3687, #3688);
#3686 = CARTESIAN_POINT('', (103.49999877117529, -106.5000012288245, 13.0));
#3687 = DIRECTION('', (0.0, 0.0, 1.0));
#3688 = DIRECTION('', (0.7071067984923036, 0.7071067638807912, 0.0));
#3689 = SURFACE_CURVE('', #3690, (#910, #960), .CURVE_3D.);
#3690 = INTERSECTION_CURVE('', #3691, (#3703, #3708), .CURVE_3D.);
#3691 = B_SPLINE_CURVE_WITH_KNOTS('', 1, (#3692, #3693, #3694, #3695, #3696, #3697, #3698, #3699, #3700, #3701, #3702), .UNSPECIFIED., .U., .U., (2, 1, 1, 1, 1, 1, 1, 1, 1, 1, 2), (0.0, 0.1, 0.2, 0.3, 0.4, 0.5, 0.6, 0.7, 0.8, 0.9, 1.0), .UNSPECIFIED.);
#3692 = CARTESIAN_POINT('', (102.50664110145838, -112.77182112892802, 10.0000003));
#3693 = CARTESIAN_POINT('', (102.2611761032725, -112.72798668091247, 10.0000003));
#3694 = CARTESIAN_POINT('', (102.1543460602403, -112.70578104891823, 10.0000003));
#3695 = CARTESIAN_POINT('', (102.07476585556168, -112.68798923222114, 10.0000003));
#3696 = CARTESIAN_POINT('', (102.0322786357055, -112.67804962600184, 10.0000003));
#3697 = CARTESIAN_POINT('', (102.0176215770667, -112.6745491676064, 10.0000003));
#3698 = CARTESIAN_POINT('', (101.98563596761366, -112.66678237405077, 10.0000003));
#3699 = CARTESIAN_POINT('', (101.93551380627328, -112.65425757614418, 10.0000003));
#3700 = CARTESIAN_POINT('', (101.88277408542201, -112.64060939982184, 10.0000003));
#3701 = CARTESIAN_POINT('', (101.82720668307306, -112.625705353569, 10.0000003));
#3702 = CARTESIAN_POINT('', (101.77635277003316, -112.61159094482113, 10.0000003));
#3703 = PLANE('', #3704);
#3704 = AXIS2_PLACEMENT_3D('', #3705, #3706, #3707);
#3705 = CARTESIAN_POINT('', (154.0500001000001, -67.4604086199147, 10.0000003));
#3706 = DIRECTION('', (0.0, 0.0, 1.0));
#3707 = DIRECTION('', (-0.9999999999999999, 0.0, 0.0));
#3708 = CYLINDRICAL_SURFACE('', #3709, 6.3499987711753985);
#3709 = AXIS2_PLACEMENT_3D('', #3710, #3711, #3712);
#3710 = CARTESIAN_POINT('', (103.49999877117529, -106.5000012288245, 13.0));
#3711 = DIRECTION('', (0.0, 0.0, 1.0));
#3712 = DIRECTION('', (0.7071067984923036, 0.7071067638807912, 0.0));
#3713 = SURFACE_CURVE('', #3714, (#910, #960), .CURVE_3D.);
#3714 = INTERSECTION_CURVE('', #3715, (#3739, #3744), .CURVE_3D.);
#3715 = B_SPLINE_CURVE_WITH_KNOTS('', 1, (#3716, #3717, #3718, #3719, #3720, #3721, #3722, #3723, #3724, #3725, #3726, #3727, #3728, #3729, #3730, #3731, #3732, #3733, #3734, #3735, #3736, #3737, #3738), .UNSPECIFIED., .U., .U., (2, 1, 1, 1, 1, 1, 1, 1, 1, 1, 1, 1, 1, 1, 1, 1, 1, 1, 1, 1, 1, 1, 2), (0.0, 0.045454545454545456, 0.09090909090909091, 0.13636363636363635, 0.18181818181818182, 0.22727272727272727, 0.2727272727272727, 0.3181818181818182, 0.36363636363636365, 0.4090909090909091, 0.45454545454545453, 0.5, 0.5454545454545454, 0.5909090909090909, 0.6363636363636364, 0.6818181818181818, 0.7272727272727273, 0.7727272727272727, 0.8181818181818182, 0.8636363636363636, 0.9090909090909091, 0.9545454545454546, 1.0), .UNSPECIFIED.);
#3716 = CARTESIAN_POINT('', (99.56875319324097, -111.48676296364812, 10.0000003));
#3717 = CARTESIAN_POINT('', (99.76756318935574, -111.6372581838051, 10.0000003));
#3718 = CARTESIAN_POINT('', (99.95472743321392, -111.76816367261445, 10.0000003));
#3719 = CARTESIAN_POINT('', (99.97212856810827, -111.7798323079634, 10.0000003));
#3720 = CARTESIAN_POINT('', (100.18213366935007, -111.91426531178345, 10.0000003));
#3721 = CARTESIAN_POINT('', (100.18480480120229, -111.91590127732832, 10.0000003));
#3722 = CARTESIAN_POINT('', (100.39725468029715, -112.0403499092281, 10.0000003));
#3723 = CARTESIAN_POINT('', (100.61715989980013, -112.15789168690316, 10.0000003));
#3724 = CARTESIAN_POINT('', (100.70236749905774, -112.2005050363137, 10.0000003));
#3725 = CARTESIAN_POINT('', (100.84151024980366, -112.26670940382905, 10.0000003));
#3726 = CARTESIAN_POINT('', (100.93796854014252, -112.31020651686754, 10.0000003));
#3727 = CARTESIAN_POINT('', (101.06995979818038, -112.36663527090136, 10.0000003));
#3728 = CARTESIAN_POINT('', (101.1104813354591, -112.3832563497875, 10.0000003));
#3729 = CARTESIAN_POINT('', (101.24620643236398, -112.43657469231711, 10.0000003));
#3730 = CARTESIAN_POINT('', (101.30215629213339, -112.45751520960945, 10.0000003));
#3731 = CARTESIAN_POINT('', (101.36109221725644, -112.4789278170619, 10.0000003));
#3732 = CARTESIAN_POINT('', (101.4603794648271, -112.51352245013078, 10.0000003));
#3733 = CARTESIAN_POINT('', (101.53774170134491, -112.53920908961467, 10.0000003));
#3734 = CARTESIAN_POINT('', (101.55087672635744, -112.54346113589216, 10.0000003));
#3735 = CARTESIAN_POINT('', (101.62782127350084, -112.56773851805602, 10.0000003));
#3736 = CARTESIAN_POINT('', (101.70000728105515, -112.58954267538877, 10.0000003));
#3737 = CARTESIAN_POINT('', (101.76786166060381, -112.6091898348597, 10.0000003));
#3738 = CARTESIAN_POINT('', (101.77635277003316, -112.61159094482113, 10.0000003));
#3739 = PLANE('', #3740);
#3740 = AXIS2_PLACEMENT_3D('', #3741, #3742, #3743);
#3741 = CARTESIAN_POINT('', (154.0500001000001, -67.4604086199147, 10.0000003));
#3742 = DIRECTION('', (0.0, 0.0, 1.0));
#3743 = DIRECTION('', (-0.9999999999999999, 0.0, 0.0));
#3744 = CYLINDRICAL_SURFACE('', #3745, 6.3499987711753985);
#3745 = AXIS2_PLACEMENT_3D('', #3746, #3747, #3748);
#3746 = CARTESIAN_POINT('', (103.49999877117529, -106.5000012288245, 13.0));
#3747 = DIRECTION('', (0.0, 0.0, 1.0));
#3748 = DIRECTION('', (0.7071067984923036, 0.7071067638807912, 0.0));
#3749 = SURFACE_CURVE('', #3750, (#910, #960), .CURVE_3D.);
#3750 = INTERSECTION_CURVE('', #3751, (#3756, #3761), .CURVE_3D.);
#3751 = B_SPLINE_CURVE_WITH_KNOTS('', 1, (#3752, #3753, #3754, #3755), .UNSPECIFIED., .U., .U., (2, 1, 1, 2), (0.0, 0.3333333333333333, 0.6666666666666666, 1.0), .UNSPECIFIED.);
#3752 = CARTESIAN_POINT('', (99.5687531967874, -111.48676295896315, 10.0000003));
#3753 = CARTESIAN_POINT('', (99.37600442578466, -111.32857814476104, 10.0000003));
#3754 = CARTESIAN_POINT('', (99.34495848426248, -111.30188883767799, 10.0000003));
#3755 = CARTESIAN_POINT('', (99.18961479645864, -111.16294819232678, 10.000000300000002));
#3756 = PLANE('', #3757);
#3757 = AXIS2_PLACEMENT_3D('', #3758, #3759, #3760);
#3758 = CARTESIAN_POINT('', (154.0500001000001, -67.4604086199147, 10.0000003));
#3759 = DIRECTION('', (0.0, 0.0, 1.0));
#3760 = DIRECTION('', (-0.9999999999999999, 0.0, 0.0));
#3761 = CYLINDRICAL_SURFACE('', #3762, 6.3499987711753985);
#3762 = AXIS2_PLACEMENT_3D('', #3763, #3764, #3765);
#3763 = CARTESIAN_POINT('', (103.49999877117529, -106.5000012288245, 13.0));
#3764 = DIRECTION('', (0.0, 0.0, 1.0));
#3765 = DIRECTION('', (0.7071067984923036, 0.7071067638807912, 0.0));
#3766 = SURFACE_CURVE('', #3767, (#910, #960), .CURVE_3D.);
#3767 = INTERSECTION_CURVE('', #3768, (#3773, #3778), .CURVE_3D.);
#3768 = B_SPLINE_CURVE_WITH_KNOTS('', 1, (#3769, #3770, #3771, #3772), .UNSPECIFIED., .U., .U., (2, 1, 1, 2), (0.0, 0.3333333333333333, 0.6666666666666666, 1.0), .UNSPECIFIED.);
#3769 = CARTESIAN_POINT('', (99.18961479645864, -111.16294819232678, 10.0000003));
#3770 = CARTESIAN_POINT('', (99.0387773726161, -111.0188493151145, 10.0000003));
#3771 = CARTESIAN_POINT('', (99.00987146965939, -110.99012831055734, 10.0000003));
#3772 = CARTESIAN_POINT('', (98.83705179983625, -110.81038519506336, 10.0000003));
#3773 = PLANE('', #3774);
#3774 = AXIS2_PLACEMENT_3D('', #3775, #3776, #3777);
#3775 = CARTESIAN_POINT('', (154.0500001000001, -67.4604086199147, 10.0000003));
#3776 = DIRECTION('', (0.0, 0.0, 1.0));
#3777 = DIRECTION('', (-0.9999999999999999, 0.0, 0.0));
#3778 = CYLINDRICAL_SURFACE('', #3779, 6.3499987711753985);
#3779 = AXIS2_PLACEMENT_3D('', #3780, #3781, #3782);
#3780 = CARTESIAN_POINT('', (103.49999877117529, -106.5000012288245, 13.0));
#3781 = DIRECTION('', (0.0, 0.0, 1.0));
#3782 = DIRECTION('', (0.7071067984923036, 0.7071067638807912, 0.0));
#3783 = SURFACE_CURVE('', #3784, (#910, #960), .CURVE_3D.);
#3784 = INTERSECTION_CURVE('', #3785, (#3791, #3796), .CURVE_3D.);
#3785 = B_SPLINE_CURVE_WITH_KNOTS('', 1, (#3786, #3787, #3788, #3789, #3790), .UNSPECIFIED., .U., .U., (2, 1, 1, 1, 2), (0.0, 0.25, 0.5, 0.75, 1.0), .UNSPECIFIED.);
#3786 = CARTESIAN_POINT('', (98.83705180407188, -110.81038519099087, 10.000000300000002));
#3787 = CARTESIAN_POINT('', (98.80244563899171, -110.77264431762111, 10.0000003));
#3788 = CARTESIAN_POINT('', (98.67142165337717, -110.62399533786558, 10.0000003));
#3789 = CARTESIAN_POINT('', (98.60496163411639, -110.54488637190872, 10.0000003));
#3790 = CARTESIAN_POINT('', (98.51323702920422, -110.43124679769231, 10.0000003));
#3791 = PLANE('', #3792);
#3792 = AXIS2_PLACEMENT_3D('', #3793, #3794, #3795);
#3793 = CARTESIAN_POINT('', (154.0500001000001, -67.4604086199147, 10.0000003));
#3794 = DIRECTION('', (0.0, 0.0, 1.0));
#3795 = DIRECTION('', (-0.9999999999999999, 0.0, 0.0));
#3796 = CYLINDRICAL_SURFACE('', #3797, 6.3499987711753985);
#3797 = AXIS2_PLACEMENT_3D('', #3798, #3799, #3800);
#3798 = CARTESIAN_POINT('', (103.49999877117529, -106.5000012288245, 13.0));
#3799 = DIRECTION('', (0.0, 0.0, 1.0));
#3800 = DIRECTION('', (0.7071067984923036, 0.7071067638807912, 0.0));
#3801 = SURFACE_CURVE('', #3802, (#910, #960), .CURVE_3D.);
#3802 = INTERSECTION_CURVE('', #3803, (#3826, #3831), .CURVE_3D.);
#3803 = B_SPLINE_CURVE_WITH_KNOTS('', 1, (#3804, #3805, #3806, #3807, #3808, #3809, #3810, #3811, #3812, #3813, #3814, #3815, #3816, #3817, #3818, #3819, #3820, #3821, #3822, #3823, #3824, #3825), .UNSPECIFIED., .U., .U., (2, 1, 1, 1, 1, 1, 1, 1, 1, 1, 1, 1, 1, 1, 1, 1, 1, 1, 1, 1, 1, 2), (0.0, 0.047619047619047616, 0.09523809523809523, 0.14285714285714285, 0.19047619047619047, 0.23809523809523808, 0.2857142857142857, 0.3333333333333333, 0.38095238095238093, 0.42857142857142855, 0.47619047619047616, 0.5238095238095238, 0.5714285714285714, 0.6190476190476191, 0.6666666666666666, 0.7142857142857143, 0.7619047619047619, 0.8095238095238095, 0.8571428571428571, 0.9047619047619048, 0.9523809523809523, 1.0), .UNSPECIFIED.);
#3804 = CARTESIAN_POINT('', (98.51323702920422, -110.43124679769231, 10.0000003));
#3805 = CARTESIAN_POINT('', (98.43261527083948, -110.32676341825481, 10.0000003));
#3806 = CARTESIAN_POINT('', (98.36274163349916, -110.23243655918522, 10.0000003));
#3807 = CARTESIAN_POINT('', (98.28002937950474, -110.11585575354638, 10.0000003));
#3808 = CARTESIAN_POINT('', (98.22016751935395, -110.02787117345396, 10.0000003));
#3809 = CARTESIAN_POINT('', (98.14357053675329, -109.91045002090686, 10.0000003));
#3810 = CARTESIAN_POINT('', (98.08573452581322, -109.81786606563192, 10.0000003));
#3811 = CARTESIAN_POINT('', (98.0206956347486, -109.70931915216488, 10.0000003));
#3812 = CARTESIAN_POINT('', (97.95964993889835, -109.60274504851324, 10.0000003));
#3813 = CARTESIAN_POINT('', (97.90957039582449, -109.51157805401124, 10.0000003));
#3814 = CARTESIAN_POINT('', (97.8421081719872, -109.3828398232568, 10.0000003));
#3815 = CARTESIAN_POINT('', (97.8088364264795, -109.3165870273128, 10.0000003));
#3816 = CARTESIAN_POINT('', (97.73329046604283, -109.15848946792687, 10.0000003));
#3817 = CARTESIAN_POINT('', (97.71746348473351, -109.1238857642004, 10.0000003));
#3818 = CARTESIAN_POINT('', (97.6347588761827, -108.93340324413484, 10.0000003));
#3819 = CARTESIAN_POINT('', (97.63336461015271, -108.93003991465899, 10.0000003));
#3820 = CARTESIAN_POINT('', (97.56111000092972, -108.74768549681681, 10.0000003));
#3821 = CARTESIAN_POINT('', (97.5424846828102, -108.69784341625756, 10.0000003));
#3822 = CARTESIAN_POINT('', (97.49461318001444, -108.56345180865597, 10.0000003));
#3823 = CARTESIAN_POINT('', (97.4607908143364, -108.46225800304727, 10.0000003));
#3824 = CARTESIAN_POINT('', (97.43485844748835, -108.380574877453, 10.0000003));
#3825 = CARTESIAN_POINT('', (97.38840905204486, -108.22364721885505, 10.0000003));
#3826 = PLANE('', #3827);
#3827 = AXIS2_PLACEMENT_3D('', #3828, #3829, #3830);
#3828 = CARTESIAN_POINT('', (154.0500001000001, -67.4604086199147, 10.0000003));
#3829 = DIRECTION('', (0.0, 0.0, 1.0));
#3830 = DIRECTION('', (-0.9999999999999999, 0.0, 0.0));
#3831 = CYLINDRICAL_SURFACE('', #3832, 6.3499987711753985);
#3832 = AXIS2_PLACEMENT_3D('', #3833, #3834, #3835);
#3833 = CARTESIAN_POINT('', (103.49999877117529, -106.5000012288245, 13.0));
#3834 = DIRECTION('', (0.0, 0.0, 1.0));
#3835 = DIRECTION('', (0.7071067984923036, 0.7071067638807912, 0.0));
#3836 = SURFACE_CURVE('', #3837, (#910, #960), .CURVE_3D.);
#3837 = INTERSECTION_CURVE('', #3838, (#3845, #3850), .CURVE_3D.);
#3838 = B_SPLINE_CURVE_WITH_KNOTS('', 1, (#3839, #3840, #3841, #3842, #3843, #3844), .UNSPECIFIED., .U., .U., (2, 1, 1, 1, 1, 2), (0.0, 0.2, 0.4, 0.6, 0.8, 1.0), .UNSPECIFIED.);
#3839 = CARTESIAN_POINT('', (97.38840905766772, -108.22364721714938, 10.000000299999998));
#3840 = CARTESIAN_POINT('', (97.38150716455408, -108.19898470538774, 10.0000003));
#3841 = CARTESIAN_POINT('', (97.32545075983387, -107.98237812070086, 10.0000003));
#3842 = CARTESIAN_POINT('', (97.29421892675398, -107.84565382756736, 10.0000003));
#3843 = CARTESIAN_POINT('', (97.27201325844935, -107.7388235918794, 10.0000003));
#3844 = CARTESIAN_POINT('', (97.22817891026219, -107.49335918353418, 10.0000003));
#3845 = PLANE('', #3846);
#3846 = AXIS2_PLACEMENT_3D('', #3847, #3848, #3849);
#3847 = CARTESIAN_POINT('', (154.0500001000001, -67.4604086199147, 10.0000003));
#3848 = DIRECTION('', (0.0, 0.0, 1.0));
#3849 = DIRECTION('', (-0.9999999999999999, 0.0, 0.0));
#3850 = CYLINDRICAL_SURFACE('', #3851, 6.3499987711753985);
#3851 = AXIS2_PLACEMENT_3D('', #3852, #3853, #3854);
#3852 = CARTESIAN_POINT('', (103.49999877117529, -106.5000012288245, 13.0));
#3853 = DIRECTION('', (0.0, 0.0, 1.0));
#3854 = DIRECTION('', (0.7071067984923036, 0.7071067638807912, 0.0));
#3855 = SURFACE_CURVE('', #3856, (#910, #960), .CURVE_3D.);
#3856 = INTERSECTION_CURVE('', #3857, (#3867, #3872), .CURVE_3D.);
#3857 = B_SPLINE_CURVE_WITH_KNOTS('', 1, (#3858, #3859, #3860, #3861, #3862, #3863, #3864, #3865, #3866), .UNSPECIFIED., .U., .U., (2, 1, 1, 1, 1, 1, 1, 1, 2), (0.0, 0.125, 0.25, 0.375, 0.5, 0.625, 0.75, 0.875, 1.0), .UNSPECIFIED.);
#3858 = CARTESIAN_POINT('', (97.22817891604655, -107.49335918250124, 10.0000003));
#3859 = CARTESIAN_POINT('', (97.19401516431066, -107.24636249783816, 10.0000003));
#3860 = CARTESIAN_POINT('', (97.16957483901601, -106.99821527225794, 10.0000003));
#3861 = CARTESIAN_POINT('', (97.15489557180858, -106.74929981148301, 10.0000003));
#3862 = CARTESIAN_POINT('', (97.1541713808866, -106.73012972899528, 10.0000003));
#3863 = CARTESIAN_POINT('', (97.15359676902932, -106.71369732398513, 10.0000003));
#3864 = CARTESIAN_POINT('', (97.15313320655991, -106.69945523010998, 10.0000003));
#3865 = CARTESIAN_POINT('', (97.15275381645517, -106.68699288294096, 10.0000003));
#3866 = CARTESIAN_POINT('', (97.15, -106.5, 10.0000003));
#3867 = PLANE('', #3868);
#3868 = AXIS2_PLACEMENT_3D('', #3869, #3870, #3871);
#3869 = CARTESIAN_POINT('', (154.0500001000001, -67.4604086199147, 10.0000003));
#3870 = DIRECTION('', (0.0, 0.0, 1.0));
#3871 = DIRECTION('', (-0.9999999999999999, 0.0, 0.0));
#3872 = CYLINDRICAL_SURFACE('', #3873, 6.3499987711753985);
#3873 = AXIS2_PLACEMENT_3D('', #3874, #3875, #3876);
#3874 = CARTESIAN_POINT('', (103.49999877117529, -106.5000012288245, 13.0));
#3875 = DIRECTION('', (0.0, 0.0, 1.0));
#3876 = DIRECTION('', (0.7071067984923036, 0.7071067638807912, 0.0));
#3877 = SURFACE_CURVE('', #3878, (#910, #915), .CURVE_3D.);
#3878 = INTERSECTION_CURVE('', #3879, (#3884, #3889), .CURVE_3D.);
#3879 = B_SPLINE_CURVE_WITH_KNOTS('', 1, (#3880, #3881, #3882, #3883), .UNSPECIFIED., .U., .U., (2, 1, 1, 2), (0.0, 0.3333333333333333, 0.6666666666666666, 1.0), .UNSPECIFIED.);
#3880 = CARTESIAN_POINT('', (97.15, -106.5, 10.0000003));
#3881 = CARTESIAN_POINT('', (97.15, -105.62818060986919, 10.0000003));
#3882 = CARTESIAN_POINT('', (97.15, -97.87500074594239, 10.0000003));
#3883 = CARTESIAN_POINT('', (97.15000000000002, -83.49999968917966, 10.0000003));
#3884 = PLANE('', #3885);
#3885 = AXIS2_PLACEMENT_3D('', #3886, #3887, #3888);
#3886 = CARTESIAN_POINT('', (154.0500001000001, -67.4604086199147, 10.0000003));
#3887 = DIRECTION('', (0.0, 0.0, 1.0));
#3888 = DIRECTION('', (-0.9999999999999999, 0.0, 0.0));
#3889 = PLANE('', #3890);
#3890 = AXIS2_PLACEMENT_3D('', #3891, #3892, #3893);
#3891 = CARTESIAN_POINT('', (97.15000000000002, -83.49999968917966, 5.0));
#3892 = DIRECTION('', (-1.0, 6.1786324014E-16, 0.0));
#3893 = DIRECTION('', (-6.1786324014E-16, -1.0, 0.0));
#3894 = SURFACE_CURVE('', #3895, (#910, #920), .CURVE_3D.);
#3895 = INTERSECTION_CURVE('', #3896, (#3907, #3912), .CURVE_3D.);
#3896 = B_SPLINE_CURVE_WITH_KNOTS('', 1, (#3897, #3898, #3899, #3900, #3901, #3902, #3903, #3904, #3905, #3906), .UNSPECIFIED., .U., .U., (2, 1, 1, 1, 1, 1, 1, 1, 1, 2), (0.0, 0.1111111111111111, 0.2222222222222222, 0.3333333333333333, 0.4444444444444444, 0.5555555555555556, 0.6666666666666666, 0.7777777777777778, 0.8888888888888888, 1.0), .UNSPECIFIED.);
#3897 = CARTESIAN_POINT('', (97.22817891206833, -82.50664080506277, 10.0000003));
#3898 = CARTESIAN_POINT('', (97.19401520084371, -82.75363719349595, 10.0000003));
#3899 = CARTESIAN_POINT('', (97.16957486340272, -83.00178441787986, 10.0000003));
#3900 = CARTESIAN_POINT('', (97.15489558401134, -83.2506998779363, 10.0000003));
#3901 = CARTESIAN_POINT('', (97.15417139215103, -83.26986996038858, 10.0000003));
#3902 = CARTESIAN_POINT('', (97.15368260726373, -83.28376847356851, 10.0000003));
#3903 = CARTESIAN_POINT('', (97.15359677948942, -83.2863023653706, 10.0000003));
#3904 = CARTESIAN_POINT('', (97.1531332163229, -83.30054445922305, 10.0000003));
#3905 = CARTESIAN_POINT('', (97.15275382560816, -83.3130068063735, 10.0000003));
#3906 = CARTESIAN_POINT('', (97.15000000000002, -83.49999968917966, 10.0000003));
#3907 = PLANE('', #3908);
#3908 = AXIS2_PLACEMENT_3D('', #3909, #3910, #3911);
#3909 = CARTESIAN_POINT('', (154.0500001000001, -67.4604086199147, 10.0000003));
#3910 = DIRECTION('', (0.0, 0.0, 1.0));
#3911 = DIRECTION('', (-0.9999999999999999, 0.0, 0.0));
#3912 = CYLINDRICAL_SURFACE('', #3913, 6.34999877117574);
#3913 = AXIS2_PLACEMENT_3D('', #3914, #3915, #3916);
#3914 = CARTESIAN_POINT('', (103.4999987711757, -83.49999877117563, 13.0));
#3915 = DIRECTION('', (0.0, 0.0, 1.0));
#3916 = DIRECTION('', (0.7071067638807866, -0.707106798492308, 0.0));
#3917 = SURFACE_CURVE('', #3918, (#910, #920), .CURVE_3D.);
#3918 = INTERSECTION_CURVE('', #3919, (#3927, #3932), .CURVE_3D.);
#3919 = B_SPLINE_CURVE_WITH_KNOTS('', 1, (#3920, #3921, #3922, #3923, #3924, #3925, #3926), .UNSPECIFIED., .U., .U., (2, 1, 1, 1, 1, 1, 2), (0.0, 0.16666666666666666, 0.3333333333333333, 0.5, 0.6666666666666666, 0.8333333333333334, 1.0), .UNSPECIFIED.);
#3920 = CARTESIAN_POINT('', (97.38840897394343, -81.7763530580722, 10.0000003));
#3921 = CARTESIAN_POINT('', (97.38150734419304, -81.801014647685, 10.0000003));
#3922 = CARTESIAN_POINT('', (97.33484883434843, -81.9790087480748, 10.0000003));
#3923 = CARTESIAN_POINT('', (97.3254508323935, -82.01762157706678, 10.0000003));
#3924 = CARTESIAN_POINT('', (97.29421906225627, -82.15434554753386, 10.0000003));
#3925 = CARTESIAN_POINT('', (97.27201331908742, -82.26117610327258, 10.0000003));
#3926 = CARTESIAN_POINT('', (97.22817891206833, -82.50664080506277, 10.0000003));
#3927 = PLANE('', #3928);
#3928 = AXIS2_PLACEMENT_3D('', #3929, #3930, #3931);
#3929 = CARTESIAN_POINT('', (154.0500001000001, -67.4604086199147, 10.0000003));
#3930 = DIRECTION('', (0.0, 0.0, 1.0));
#3931 = DIRECTION('', (-0.9999999999999999, 0.0, 0.0));
#3932 = CYLINDRICAL_SURFACE('', #3933, 6.34999877117574);
#3933 = AXIS2_PLACEMENT_3D('', #3934, #3935, #3936);
#3934 = CARTESIAN_POINT('', (103.4999987711757, -83.49999877117563, 13.0));
#3935 = DIRECTION('', (0.0, 0.0, 1.0));
#3936 = DIRECTION('', (0.7071067638807866, -0.707106798492308, 0.0));
#3937 = SURFACE_CURVE('', #3938, (#910, #920), .CURVE_3D.);
#3938 = INTERSECTION_CURVE('', #3939, (#3962, #3967), .CURVE_3D.);
#3939 = B_SPLINE_CURVE_WITH_KNOTS('', 1, (#3940, #3941, #3942, #3943, #3944, #3945, #3946, #3947, #3948, #3949, #3950, #3951, #3952, #3953, #3954, #3955, #3956, #3957, #3958, #3959, #3960, #3961), .UNSPECIFIED., .U., .U., (2, 1, 1, 1, 1, 1, 1, 1, 1, 1, 1, 1, 1, 1, 1, 1, 1, 1, 1, 1, 1, 2), (0.0, 0.047619047619047616, 0.09523809523809523, 0.14285714285714285, 0.19047619047619047, 0.23809523809523808, 0.2857142857142857, 0.3333333333333333, 0.38095238095238093, 0.42857142857142855, 0.47619047619047616, 0.5238095238095238, 0.5714285714285714, 0.6190476190476191, 0.6666666666666666, 0.7142857142857143, 0.7619047619047619, 0.8095238095238095, 0.8571428571428571, 0.9047619047619048, 0.9523809523809523, 1.0), .UNSPECIFIED.);
#3940 = CARTESIAN_POINT('', (97.38840897962892, -81.7763530595558, 10.000000300000002));
#3941 = CARTESIAN_POINT('', (97.43485865512639, -81.61942445288274, 10.0000003));
#3942 = CARTESIAN_POINT('', (97.46079091038524, -81.537741701345, 10.0000003));
#3943 = CARTESIAN_POINT('', (97.49461341862623, -81.43654749689806, 10.0000003));
#3944 = CARTESIAN_POINT('', (97.54248479039049, -81.30215629213347, 10.0000003));
#3945 = CARTESIAN_POINT('', (97.56111027404106, -81.25231378156182, 10.0000003));
#3946 = CARTESIAN_POINT('', (97.63336461465926, -81.0699600744615, 10.0000003));
#3947 = CARTESIAN_POINT('', (97.63475918801808, -81.06659600424726, 10.0000003));
#3948 = CARTESIAN_POINT('', (97.71746382234238, -80.8761134917751, 10.0000003));
#3949 = CARTESIAN_POINT('', (97.73329047097305, -80.8415105213789, 10.0000003));
#3950 = CARTESIAN_POINT('', (97.80883680985016, -80.68341219805298, 10.0000003));
#3951 = CARTESIAN_POINT('', (97.84210817733347, -80.61716016625077, 10.0000003));
#3952 = CARTESIAN_POINT('', (97.9095708314295, -80.48842113736995, 10.0000003));
#3953 = CARTESIAN_POINT('', (97.9596499446524, -80.39725494121231, 10.0000003));
#3954 = CARTESIAN_POINT('', (98.0206961306331, -80.29068000120648, 10.0000003));
#3955 = CARTESIAN_POINT('', (98.08573453196622, -80.18213392432745, 10.0000003));
#3956 = CARTESIAN_POINT('', (98.14357110308674, -80.08954908961387, 10.0000003));
#3957 = CARTESIAN_POINT('', (98.2201675258964, -79.9721288167547, 10.0000003));
#3958 = CARTESIAN_POINT('', (98.28003002939457, -79.8841433082511, 10.0000003));
#3959 = CARTESIAN_POINT('', (98.36274164042098, -79.76756343128787, 10.0000003));
#3960 = CARTESIAN_POINT('', (98.43261602156906, -79.67323558763232, 10.0000003));
#3961 = CARTESIAN_POINT('', (98.51323703635185, -79.56875319324105, 10.0000003));
#3962 = PLANE('', #3963);
#3963 = AXIS2_PLACEMENT_3D('', #3964, #3965, #3966);
#3964 = CARTESIAN_POINT('', (154.0500001000001, -67.4604086199147, 10.0000003));
#3965 = DIRECTION('', (0.0, 0.0, 1.0));
#3966 = DIRECTION('', (-0.9999999999999999, 0.0, 0.0));
#3967 = CYLINDRICAL_SURFACE('', #3968, 6.34999877117574);
#3968 = AXIS2_PLACEMENT_3D('', #3969, #3970, #3971);
#3969 = CARTESIAN_POINT('', (103.4999987711757, -83.49999877117563, 13.0));
#3970 = DIRECTION('', (0.0, 0.0, 1.0));
#3971 = DIRECTION('', (0.7071067638807866, -0.707106798492308, 0.0));
#3972 = SURFACE_CURVE('', #3973, (#910, #920), .CURVE_3D.);
#3973 = INTERSECTION_CURVE('', #3974, (#3980, #3985), .CURVE_3D.);
#3974 = B_SPLINE_CURVE_WITH_KNOTS('', 1, (#3975, #3976, #3977, #3978, #3979), .UNSPECIFIED., .U., .U., (2, 1, 1, 1, 2), (0.0, 0.25, 0.5, 0.75, 1.0), .UNSPECIFIED.);
#3975 = CARTESIAN_POINT('', (98.83705160452499, -79.18961501622321, 10.0000003));
#3976 = CARTESIAN_POINT('', (98.80244667098842, -79.2273545477515, 10.0000003));
#3977 = CARTESIAN_POINT('', (98.67142166087527, -79.37600465335537, 10.0000003));
#3978 = CARTESIAN_POINT('', (98.60496250910231, -79.45511256920159, 10.0000003));
#3979 = CARTESIAN_POINT('', (98.51323704103682, -79.56875319678747, 10.0000003));
#3980 = PLANE('', #3981);
#3981 = AXIS2_PLACEMENT_3D('', #3982, #3983, #3984);
#3982 = CARTESIAN_POINT('', (154.0500001000001, -67.4604086199147, 10.0000003));
#3983 = DIRECTION('', (0.0, 0.0, 1.0));
#3984 = DIRECTION('', (-0.9999999999999999, 0.0, 0.0));
#3985 = CYLINDRICAL_SURFACE('', #3986, 6.34999877117574);
#3986 = AXIS2_PLACEMENT_3D('', #3987, #3988, #3989);
#3987 = CARTESIAN_POINT('', (103.4999987711757, -83.49999877117563, 13.0));
#3988 = DIRECTION('', (0.0, 0.0, 1.0));
#3989 = DIRECTION('', (0.7071067638807866, -0.707106798492308, 0.0));
#3990 = SURFACE_CURVE('', #3991, (#915, #960), .CURVE_3D.);
#3991 = LINE('', #3992, #3993);
#3992 = CARTESIAN_POINT('', (97.15, -106.5, 10.0000003));
#3993 = VECTOR('', #3994, 2.9999997);
#3994 = DIRECTION('', (0.0, 0.0, 1.0));
#3995 = SURFACE_CURVE('', #3996, (#915, #925), .CURVE_3D.);
#3996 = LINE('', #3997, #3998);
#3997 = CARTESIAN_POINT('', (97.15000000000002, -83.49999968917966, 13.0));
#3998 = VECTOR('', #3999, 23.00000031082034);
#3999 = DIRECTION('', (-6.1786324014E-16, -1.0, 0.0));
#4000 = SURFACE_CURVE('', #4001, (#915, #920), .CURVE_3D.);
#4001 = LINE('', #4002, #4003);
#4002 = CARTESIAN_POINT('', (97.15000000000002, -83.49999968917966, 10.0000003));
#4003 = VECTOR('', #4004, 2.9999997);
#4004 = DIRECTION('', (0.0, 0.0, 1.0));
#4005 = SURFACE_CURVE('', #4006, (#920, #925), .CURVE_3D.);
#4006 = (
    BOUNDED_CURVE()
    B_SPLINE_CURVE(2, (#4007, #4008, #4009, #4010, #4011, #4012), .UNSPECIFIED., .U., .U.)
    B_SPLINE_CURVE_WITH_KNOTS((3, 1, 1, 1, 3), (0.0, 0.25, 0.5, 0.75, 1.0), .UNSPECIFIED.)
    CURVE()
    GEOMETRIC_REPRESENTATION_ITEM()
    RATIONAL_B_SPLINE_CURVE((1.0, 0.9267766654140132, 0.8535533308280263, 0.8535533308280263, 0.9267766654140132, 1.0))
    REPRESENTATION_ITEM('')
);
#4007 = CARTESIAN_POINT('', (103.5, -77.15, 13.0));
#4008 = CARTESIAN_POINT('', (102.2887783221654, -77.14999976560962, 13.0));
#4009 = CARTESIAN_POINT('', (99.93980772428887, -78.07993548033183, 12.999999999999998));
#4010 = CARTESIAN_POINT('', (98.07993565459643, -79.93980745898708, 12.999999999999998));
#4011 = CARTESIAN_POINT('', (97.14999982489663, -82.28877801134502, 13.0));
#4012 = CARTESIAN_POINT('', (97.15000000000002, -83.49999968917965, 13.0));
#4013 = SURFACE_CURVE('', #4014, (#920, #930), .CURVE_3D.);
#4014 = LINE('', #4015, #4016);
#4015 = CARTESIAN_POINT('', (103.5, -77.15, 10.0000003));
#4016 = VECTOR('', #4017, 2.9999997);
#4017 = DIRECTION('', (0.0, 0.0, 1.0));
#4018 = SURFACE_CURVE('', #4019, (#925, #960), .CURVE_3D.);
#4019 = (
    BOUNDED_CURVE()
    B_SPLINE_CURVE(2, (#4020, #4021, #4022, #4023, #4024, #4025), .UNSPECIFIED., .U., .U.)
    B_SPLINE_CURVE_WITH_KNOTS((3, 1, 1, 1, 3), (0.0, 0.25, 0.5, 0.75, 1.0), .UNSPECIFIED.)
    CURVE()
    GEOMETRIC_REPRESENTATION_ITEM()
    RATIONAL_B_SPLINE_CURVE((1.0, 0.9267766654140068, 0.8535533308280138, 0.8535533308280138, 0.9267766654140068, 1.0))
    REPRESENTATION_ITEM('')
);
#4020 = CARTESIAN_POINT('', (97.15, -106.5, 13.0));
#4021 = CARTESIAN_POINT('', (97.14999976560959, -107.7112216778346, 13.0));
#4022 = CARTESIAN_POINT('', (98.07993548033176, -110.06019227571112, 13.0));
#4023 = CARTESIAN_POINT('', (99.93980745898702, -111.92006434540355, 13.0));
#4024 = CARTESIAN_POINT('', (102.28877801134499, -112.85000017510329, 13.0));
#4025 = CARTESIAN_POINT('', (103.49999968917959, -112.84999999999984, 13.0));
#4026 = SURFACE_CURVE('', #4027, (#925, #955), .CURVE_3D.);
#4027 = LINE('', #4028, #4029);
#4028 = CARTESIAN_POINT('', (103.49999968917959, -112.84999999999982, 13.0));
#4029 = VECTOR('', #4030, 43.00000031082041);
#4030 = DIRECTION('', (1.0, -3.9658198919E-15, 0.0));
#4031 = SURFACE_CURVE('', #4032, (#925, #950), .CURVE_3D.);
#4032 = (
    BOUNDED_CURVE()
    B_SPLINE_CURVE(2, (#4033, #4034, #4035, #4036, #4037, #4038), .UNSPECIFIED., .U., .U.)
    B_SPLINE_CURVE_WITH_KNOTS((3, 1, 1, 1, 3), (0.0, 0.25, 0.5, 0.75, 1.0), .UNSPECIFIED.)
    CURVE()
    GEOMETRIC_REPRESENTATION_ITEM()
    RATIONAL_B_SPLINE_CURVE((1.0, 0.9267766654140424, 0.8535533308280847, 0.8535533308280847, 0.9267766654140424, 1.0))
    REPRESENTATION_ITEM('')
);
#4033 = CARTESIAN_POINT('', (146.5, -112.85, 13.0));
#4034 = CARTESIAN_POINT('', (147.71122167783463, -112.85000023439014, 13.0));
#4035 = CARTESIAN_POINT('', (150.060192275711, -111.92006451966769, 13.0));
#4036 = CARTESIAN_POINT('', (151.92006434540332, -110.06019254101246, 13.0));
#4037 = CARTESIAN_POINT('', (152.8500001751033, -107.7112219886546, 13.0));
#4038 = CARTESIAN_POINT('', (152.85000000000008, -106.50000031081998, 13.0));
#4039 = SURFACE_CURVE('', #4040, (#925, #945), .CURVE_3D.);
#4040 = LINE('', #4041, #4042);
#4041 = CARTESIAN_POINT('', (152.8500000000001, -106.50000031082, 13.0));
#4042 = VECTOR('', #4043, 31.48959231082);
#4043 = DIRECTION('', (-3.6102988124E-15, 1.0, 0.0));
#4044 = SURFACE_CURVE('', #4045, (#925, #940), .CURVE_3D.);
#4045 = (
    BOUNDED_CURVE()
    B_SPLINE_CURVE(2, (#4046, #4047, #4048, #4049, #4050, #4051), .UNSPECIFIED., .U., .U.)
    B_SPLINE_CURVE_WITH_KNOTS((3, 1, 1, 1, 3), (0.0, 0.25, 0.5, 0.75, 1.0), .UNSPECIFIED.)
    CURVE()
    GEOMETRIC_REPRESENTATION_ITEM()
    RATIONAL_B_SPLINE_CURVE((1.0, 0.7501531479591811, 0.5003062959183622, 0.5003062959183621, 0.750153147959181, 1.0))
    REPRESENTATION_ITEM('')
);
#4046 = CARTESIAN_POINT('', (152.85, -75.010408, 13.0));
#4047 = CARTESIAN_POINT('', (152.84999913595246, -72.89417279740968, 13.0));
#4048 = CARTESIAN_POINT('', (149.67694079434983, -68.6623510883052, 13.0));
#4049 = CARTESIAN_POINT('', (143.33082756521884, -68.6584661015018, 13.0));
#4050 = CARTESIAN_POINT('', (140.1525902997058, -72.88639965123575, 13.000000000000002));
#4051 = CARTESIAN_POINT('', (140.1499983874198, -75.00263326657077, 13.0));
#4052 = SURFACE_CURVE('', #4053, (#925, #935), .CURVE_3D.);
#4053 = LINE('', #4054, #4055);
#4054 = CARTESIAN_POINT('', (140.1499983874198, -75.00263326657077, 13.0));
#4055 = VECTOR('', #4056, 3.0386965879709495);
#4056 = DIRECTION('', (-0.7075396720853374, -0.7066736251094795, 0.0));
#4057 = SURFACE_CURVE('', #4058, (#925, #930), .CURVE_3D.);
#4058 = LINE('', #4059, #4060);
#4059 = CARTESIAN_POINT('', (138.0, -77.15, 13.0));
#4060 = VECTOR('', #4061, 34.5);
#4061 = DIRECTION('', (-1.0, 0.0, 0.0));
#4062 = SURFACE_CURVE('', #4063, (#930, #935), .CURVE_3D.);
#4063 = LINE('', #4064, #4065);
#4064 = CARTESIAN_POINT('', (138.0, -77.15, 10.0000003));
#4065 = VECTOR('', #4066, 2.9999997);
#4066 = DIRECTION('', (0.0, 0.0, 1.0));
#4067 = SURFACE_CURVE('', #4068, (#935, #940), .CURVE_3D.);
#4068 = LINE('', #4069, #4070);
#4069 = CARTESIAN_POINT('', (140.1499983874198, -75.00263326657077, 10.0000003));
#4070 = VECTOR('', #4071, 2.9999997);
#4071 = DIRECTION('', (0.0, 0.0, 1.0));
#4072 = SURFACE_CURVE('', #4073, (#940, #945), .CURVE_3D.);
#4073 = LINE('', #4074, #4075);
#4074 = CARTESIAN_POINT('', (152.85, -75.010408, 10.0000003));
#4075 = VECTOR('', #4076, 2.9999997);
#4076 = DIRECTION('', (0.0, 0.0, 1.0));
#4077 = SURFACE_CURVE('', #4078, (#945, #950), .CURVE_3D.);
#4078 = LINE('', #4079, #4080);
#4079 = CARTESIAN_POINT('', (152.8500000000001, -106.50000031082, 10.0000003));
#4080 = VECTOR('', #4081, 2.9999997);
#4081 = DIRECTION('', (0.0, 0.0, 1.0));
#4082 = SURFACE_CURVE('', #4083, (#950, #955), .CURVE_3D.);
#4083 = LINE('', #4084, #4085);
#4084 = CARTESIAN_POINT('', (146.5, -112.85, 10.0000003));
#4085 = VECTOR('', #4086, 2.9999997);
#4086 = DIRECTION('', (0.0, 0.0, 1.0));
#4087 = SURFACE_CURVE('', #4088, (#955, #960), .CURVE_3D.);
#4088 = LINE('', #4089, #4090);
#4089 = CARTESIAN_POINT('', (103.49999968917959, -112.84999999999982, 10.0000003));
#4090 = VECTOR('', #4091, 2.9999997);
#4091 = DIRECTION('', (0.0, 0.0, 1.0));
#4092 = SURFACE_CURVE('', #4093, (#965, #1005), .CURVE_3D.);
#4093 = LINE('', #4094, #4095);
#4094 = CARTESIAN_POINT('', (94.25000000000006, -83.5000001084257, 13.0));
#4095 = VECTOR('', #4096, 2.0);
#4096 = DIRECTION('', (0.0, 0.0, 1.0));
#4097 = SURFACE_CURVE('', #4098, (#965, #1010), .CURVE_3D.);
#4098 = (
    BOUNDED_CURVE()
    B_SPLINE_CURVE(2, (#4099, #4100, #4101, #4102, #4103, #4104), .UNSPECIFIED., .U., .U.)
    B_SPLINE_CURVE_WITH_KNOTS((3, 1, 1, 1, 3), (0.0, 0.25, 0.5, 0.75, 1.0), .UNSPECIFIED.)
    CURVE()
    GEOMETRIC_REPRESENTATION_ITEM()
    RATIONAL_B_SPLINE_CURVE((1.0, 0.9267766707765147, 0.8535533415530294, 0.8535533415530293, 0.9267766707765146, 1.0))
    REPRESENTATION_ITEM('')
);
#4099 = CARTESIAN_POINT('', (103.5, -74.25, 15.0));
#4100 = CARTESIAN_POINT('', (101.73562192204581, -74.24999976560962, 15.0));
#4101 = CARTESIAN_POINT('', (98.31389309061728, -75.60463072172425, 15.0));
#4102 = CARTESIAN_POINT('', (95.6046306609343, -78.3138931831644, 15.0));
#4103 = CARTESIAN_POINT('', (94.24999974492816, -81.73562203047153, 15.000000000000002));
#4104 = CARTESIAN_POINT('', (94.25000000000006, -83.50000010842571, 15.0));
#4105 = SURFACE_CURVE('', #4106, (#965, #970), .CURVE_3D.);
#4106 = LINE('', #4107, #4108);
#4107 = CARTESIAN_POINT('', (103.5, -74.25, 13.0));
#4108 = VECTOR('', #4109, 2.0);
#4109 = DIRECTION('', (0.0, 0.0, 1.0));
#4110 = SURFACE_CURVE('', #4111, (#970, #1010), .CURVE_3D.);
#4111 = LINE('', #4112, #4113);
#4112 = CARTESIAN_POINT('', (138.0, -74.25, 15.0));
#4113 = VECTOR('', #4114, 34.5);
#4114 = DIRECTION('', (-1.0, 0.0, 0.0));
#4115 = SURFACE_CURVE('', #4116, (#970, #975), .CURVE_3D.);
#4116 = LINE('', #4117, #4118);
#4117 = CARTESIAN_POINT('', (138.0, -74.25, 13.0));
#4118 = VECTOR('', #4119, 2.0);
#4119 = DIRECTION('', (0.0, 0.0, 1.0));
#4120 = SURFACE_CURVE('', #4121, (#975, #1010), .CURVE_3D.);
#4121 = LINE('', #4122, #4123);
#4122 = CARTESIAN_POINT('', (137.25000056252816, -74.9990814186381, 15.0));
#4123 = VECTOR('', #4124, 1.060010437664152);
#4124 = DIRECTION('', (0.7075396720852559, 0.7066736251095611, 0.0));
#4125 = SURFACE_CURVE('', #4126, (#975, #980), .CURVE_3D.);
#4126 = LINE('', #4127, #4128);
#4127 = CARTESIAN_POINT('', (137.25000056252816, -74.9990814186381, 13.0));
#4128 = VECTOR('', #4129, 2.0);
#4129 = DIRECTION('', (0.0, 0.0, 1.0));
#4130 = SURFACE_CURVE('', #4131, (#980, #1010), .CURVE_3D.);
#4131 = (
    BOUNDED_CURVE()
    B_SPLINE_CURVE(2, (#4132, #4133, #4134, #4135, #4136, #4137), .UNSPECIFIED., .U., .U.)
    B_SPLINE_CURVE_WITH_KNOTS((3, 1, 1, 1, 3), (0.0, 0.25, 0.5, 0.75, 1.0), .UNSPECIFIED.)
    CURVE()
    GEOMETRIC_REPRESENTATION_ITEM()
    RATIONAL_B_SPLINE_CURVE((1.0, 0.7501531319584501, 0.5003062639169003, 0.5003062639169001, 0.75015313195845, 1.0))
    REPRESENTATION_ITEM('')
);
#4132 = CARTESIAN_POINT('', (155.75, -75.010408, 15.0));
#4133 = CARTESIAN_POINT('', (155.74999913595246, -71.92770359661561, 15.000000000000002));
#4134 = CARTESIAN_POINT('', (151.12782875649947, -65.76323905062127, 14.999999999999998));
#4135 = CARTESIAN_POINT('', (141.88349145166782, -65.75757922673996, 15.0));
#4136 = CARTESIAN_POINT('', (137.25377618227378, -71.91637932739708, 15.000000000000002));
#4137 = CARTESIAN_POINT('', (137.2500005625282, -74.9990814186381, 15.0));
#4138 = SURFACE_CURVE('', #4139, (#980, #985), .CURVE_3D.);
#4139 = LINE('', #4140, #4141);
#4140 = CARTESIAN_POINT('', (155.75, -75.010408, 13.0));
#4141 = VECTOR('', #4142, 2.0);
#4142 = DIRECTION('', (0.0, 0.0, 1.0));
#4143 = SURFACE_CURVE('', #4144, (#985, #1010), .CURVE_3D.);
#4144 = LINE('', #4145, #4146);
#4145 = CARTESIAN_POINT('', (155.75000000000009, -106.49999989157442, 15.0));
#4146 = VECTOR('', #4147, 31.48959189157442);
#4147 = DIRECTION('', (-2.7077241453E-15, 1.0, 0.0));
#4148 = SURFACE_CURVE('', #4149, (#985, #990), .CURVE_3D.);
#4149 = LINE('', #4150, #4151);
#4150 = CARTESIAN_POINT('', (155.75000000000009, -106.49999989157442, 13.0));
#4151 = VECTOR('', #4152, 2.0);
#4152 = DIRECTION('', (0.0, 0.0, 1.0));
#4153 = SURFACE_CURVE('', #4154, (#990, #1010), .CURVE_3D.);
#4154 = (
    BOUNDED_CURVE()
    B_SPLINE_CURVE(2, (#4155, #4156, #4157, #4158, #4159, #4160), .UNSPECIFIED., .U., .U.)
    B_SPLINE_CURVE_WITH_KNOTS((3, 1, 1, 1, 3), (0.0, 0.25, 0.5, 0.75, 1.0), .UNSPECIFIED.)
    CURVE()
    GEOMETRIC_REPRESENTATION_ITEM()
    RATIONAL_B_SPLINE_CURVE((1.0, 0.9267766707765404, 0.8535533415530807, 0.8535533415530807, 0.9267766707765404, 1.0))
    REPRESENTATION_ITEM('')
);
#4155 = CARTESIAN_POINT('', (146.5, -115.75, 15.0));
#4156 = CARTESIAN_POINT('', (148.26437807795412, -115.75000023439016, 15.0));
#4157 = CARTESIAN_POINT('', (151.68610690938243, -114.39536927827534, 15.0));
#4158 = CARTESIAN_POINT('', (154.3953693390653, -111.68610681683538, 15.0));
#4159 = CARTESIAN_POINT('', (155.7500002550717, -108.26437796952854, 15.0));
#4160 = CARTESIAN_POINT('', (155.75000000000009, -106.49999989157439, 15.0));
#4161 = SURFACE_CURVE('', #4162, (#990, #995), .CURVE_3D.);
#4162 = LINE('', #4163, #4164);
#4163 = CARTESIAN_POINT('', (146.5, -115.75, 13.0));
#4164 = VECTOR('', #4165, 2.0);
#4165 = DIRECTION('', (0.0, 0.0, 1.0));
#4166 = SURFACE_CURVE('', #4167, (#995, #1010), .CURVE_3D.);
#4167 = LINE('', #4168, #4169);
#4168 = CARTESIAN_POINT('', (103.50000010842572, -115.7499999999998, 15.0));
#4169 = VECTOR('', #4170, 42.99999989157428);
#4170 = DIRECTION('', (1.0, -4.6267899189E-15, 0.0));
#4171 = SURFACE_CURVE('', #4172, (#995, #1000), .CURVE_3D.);
#4172 = LINE('', #4173, #4174);
#4173 = CARTESIAN_POINT('', (103.50000010842572, -115.7499999999998, 13.0));
#4174 = VECTOR('', #4175, 2.0);
#4175 = DIRECTION('', (0.0, 0.0, 1.0));
#4176 = SURFACE_CURVE('', #4177, (#1000, #1010), .CURVE_3D.);
#4177 = (
    BOUNDED_CURVE()
    B_SPLINE_CURVE(2, (#4178, #4179, #4180, #4181, #4182, #4183), .UNSPECIFIED., .U., .U.)
    B_SPLINE_CURVE_WITH_KNOTS((3, 1, 1, 1, 3), (0.0, 0.25, 0.5, 0.75, 1.0), .UNSPECIFIED.)
    CURVE()
    GEOMETRIC_REPRESENTATION_ITEM()
    RATIONAL_B_SPLINE_CURVE((1.0, 0.9267766707765097, 0.8535533415530194, 0.8535533415530194, 0.9267766707765097, 1.0))
    REPRESENTATION_ITEM('')
);
#4178 = CARTESIAN_POINT('', (94.25, -106.5, 15.0));
#4179 = CARTESIAN_POINT('', (94.24999976560959, -108.26437807795418, 15.000000000000002));
#4180 = CARTESIAN_POINT('', (95.6046307217242, -111.68610690938274, 15.000000000000002));
#4181 = CARTESIAN_POINT('', (98.31389318316438, -114.39536933906571, 15.000000000000002));
#4182 = CARTESIAN_POINT('', (101.73562203047153, -115.75000025507178, 15.000000000000002));
#4183 = CARTESIAN_POINT('', (103.50000010842571, -115.74999999999983, 15.0));
#4184 = SURFACE_CURVE('', #4185, (#1000, #1005), .CURVE_3D.);
#4185 = LINE('', #4186, #4187);
#4186 = CARTESIAN_POINT('', (94.25, -106.5, 13.0));
#4187 = VECTOR('', #4188, 2.0);
#4188 = DIRECTION('', (0.0, 0.0, 1.0));
#4189 = SURFACE_CURVE('', #4190, (#1005, #1010), .CURVE_3D.);
#4190 = LINE('', #4191, #4192);
#4191 = CARTESIAN_POINT('', (94.25000000000006, -83.5000001084257, 15.0));
#4192 = VECTOR('', #4193, 22.999999891574305);
#4193 = DIRECTION('', (-2.4714530056E-15, -1.0, 0.0));
#4194 = CARTESIAN_POINT('', (94.25000000000006, -83.5000001084257, 13.0));
#4195 = CARTESIAN_POINT('', (94.25, -106.5, 13.0));
#4196 = CARTESIAN_POINT('', (103.50000010842572, -115.7499999999998, 13.0));
#4197 = CARTESIAN_POINT('', (146.5, -115.75, 13.0));
#4198 = CARTESIAN_POINT('', (155.75000000000009, -106.49999989157442, 13.0));
#4199 = CARTESIAN_POINT('', (155.75, -75.010408, 13.0));
#4200 = CARTESIAN_POINT('', (137.25000056252816, -74.9990814186381, 13.0));
#4201 = CARTESIAN_POINT('', (138.0, -74.25, 13.0));
#4202 = CARTESIAN_POINT('', (103.5, -74.25, 13.0));
#4203 = CARTESIAN_POINT('', (97.42528653220052, -79.01665702234646, 13.0));
#4204 = CARTESIAN_POINT('', (97.59717251109424, -78.79265088737877, 13.000000000000002));
#4205 = CARTESIAN_POINT('', (97.77731326556201, -78.57522944927182, 13.0));
#4206 = CARTESIAN_POINT('', (97.9654586189082, -78.3646947389325, 13.0));
#4207 = CARTESIAN_POINT('', (98.16134407872883, -78.1613427234454, 13.0));
#4208 = CARTESIAN_POINT('', (101.27459906964098, -76.28542464219346, 13.0));
#4209 = CARTESIAN_POINT('', (101.8199669680977, -76.1392938325385, 13.0));
#4210 = CARTESIAN_POINT('', (102.37473161312761, -76.0343268096136, 13.0));
#4211 = CARTESIAN_POINT('', (103.5000001, -75.9499998, 13.0));
#4212 = CARTESIAN_POINT('', (138.0000001, -75.9499998, 13.0));
#4213 = CARTESIAN_POINT('', (138.94999938746463, -75.00116333639171, 13.0));
#4214 = CARTESIAN_POINT('', (138.97230452208726, -74.43041451718278, 13.0));
#4215 = CARTESIAN_POINT('', (139.08643781603325, -73.58153333034626, 13.0));
#4216 = CARTESIAN_POINT('', (139.14579351194433, -73.30212461931275, 13.0));
#4217 = CARTESIAN_POINT('', (139.29598420879796, -72.75104121060426, 13.0));
#4218 = CARTESIAN_POINT('', (139.48740684419468, -72.21288851253917, 13.0));
#4219 = CARTESIAN_POINT('', (139.59824704753294, -71.94962671173542, 13.0));
#4220 = CARTESIAN_POINT('', (139.71896596650313, -71.69074666731444, 13.0));
#4221 = CARTESIAN_POINT('', (139.84939073739622, -71.43661889910778, 13.0));
#4222 = CARTESIAN_POINT('', (140.8243794918535, -70.03146321179712, 13.0));
#4223 = CARTESIAN_POINT('', (141.0167792113966, -69.82033605968674, 13.0));
#4224 = CARTESIAN_POINT('', (141.21702700152466, -69.61663834898393, 13.0));
#4225 = CARTESIAN_POINT('', (141.63991083740666, -69.23268495076232, 13.0));
#4226 = CARTESIAN_POINT('', (141.86194102965052, -69.05297925478034, 13.0));
#4227 = CARTESIAN_POINT('', (142.0906111088618, -68.88180004660363, 13.0));
#4228 = CARTESIAN_POINT('', (143.58310769835356, -68.04662511116013, 13.0));
#4229 = CARTESIAN_POINT('', (143.84861248073, -67.94127262845436, 13.000000000000002));
#4230 = CARTESIAN_POINT('', (144.1179130389415, -67.84603851804496, 13.000000000000002));
#4231 = CARTESIAN_POINT('', (144.66635146846454, -67.68645706649583, 12.999999999999998));
#4232 = CARTESIAN_POINT('', (145.7915129272519, -67.49372238687141, 13.0));
#4233 = CARTESIAN_POINT('', (146.36179752005137, -67.46167216262164, 13.0));
#4234 = CARTESIAN_POINT('', (147.78382063140694, -67.5703603396122, 13.0));
#4235 = CARTESIAN_POINT('', (148.0643352245269, -67.62424808854692, 13.0));
#4236 = CARTESIAN_POINT('', (148.61824663785694, -67.76364792698968, 13.0));
#4237 = CARTESIAN_POINT('', (148.89085258476806, -67.84896102180626, 13.000000000000002));
#4238 = CARTESIAN_POINT('', (149.42541124642344, -68.05020214062995, 12.999999999999998));
#4239 = CARTESIAN_POINT('', (149.68659946233439, -68.16584231818952, 12.999999999999998));
#4240 = CARTESIAN_POINT('', (151.14534378609474, -69.05866270344876, 13.0));
#4241 = CARTESIAN_POINT('', (151.3671548225117, -69.23864100925844, 13.0));
#4242 = CARTESIAN_POINT('', (152.70829080460797, -70.7139426480116, 13.0));
#4243 = CARTESIAN_POINT('', (152.86636892268228, -70.95185701004786, 13.000000000000004));
#4244 = CARTESIAN_POINT('', (153.01533438476574, -71.19558067771946, 13.0));
#4245 = CARTESIAN_POINT('', (153.15497427792124, -71.4447654017256, 12.999999999999998));
#4246 = CARTESIAN_POINT('', (153.28508807790234, -71.69905329733061, 13.000000000000002));
#4247 = CARTESIAN_POINT('', (153.96369931325103, -73.87212457429546, 12.999999999999998));
#4248 = CARTESIAN_POINT('', (154.00141533189228, -74.15526734460109, 13.000000000000002));
#4249 = CARTESIAN_POINT('', (154.02839392870789, -74.43963346443712, 13.000000000000002));
#4250 = CARTESIAN_POINT('', (154.0500001, -75.0104078, 13.0));
#4251 = CARTESIAN_POINT('', (154.05000010000006, -106.49999993733907, 13.0));
#4252 = CARTESIAN_POINT('', (153.91837714589988, -107.90363263340646, 13.0));
#4253 = CARTESIAN_POINT('', (153.71457481791498, -108.725402256452, 13.0));
#4254 = CARTESIAN_POINT('', (153.62631950906245, -108.9936069798035, 13.0));
#4255 = CARTESIAN_POINT('', (153.52809692481333, -109.25832543814526, 13.0));
#4256 = CARTESIAN_POINT('', (153.4200451452581, -109.51918549355189, 13.0));
#4257 = CARTESIAN_POINT('', (152.73810317652897, -110.75306660349075, 13.0));
#4258 = CARTESIAN_POINT('', (152.5747132552739, -110.98334311526665, 13.0));
#4259 = CARTESIAN_POINT('', (151.42477034662866, -112.22268672402224, 13.0));
#4260 = CARTESIAN_POINT('', (150.7530662230776, -112.73810332509069, 13.0));
#4261 = CARTESIAN_POINT('', (149.51918505174217, -113.420045182731, 13.0));
#4262 = CARTESIAN_POINT('', (149.25832498423574, -113.5280969343131, 13.0));
#4263 = CARTESIAN_POINT('', (148.99360650647856, -113.62631946623587, 13.0));
#4264 = CARTESIAN_POINT('', (148.18003256854118, -113.86070590587194, 13.0));
#4265 = CARTESIAN_POINT('', (147.62526925872191, -113.96567270193567, 13.0));
#4266 = CARTESIAN_POINT('', (146.5000001, -114.0499998, 13.0));
#4267 = CARTESIAN_POINT('', (103.49999996266074, -114.04999979999981, 13.0));
#4268 = CARTESIAN_POINT('', (102.0963672665933, -113.91837684589984, 13.0));
#4269 = CARTESIAN_POINT('', (101.0063929201962, -113.62631920906256, 13.0));
#4270 = CARTESIAN_POINT('', (100.74167446185443, -113.52809662481346, 13.0));
#4271 = CARTESIAN_POINT('', (100.48081502237768, -113.42004512781038, 13.0));
#4272 = CARTESIAN_POINT('', (100.22417756010572, -113.30231506029145, 13.0));
#4273 = CARTESIAN_POINT('', (99.24693329650884, -112.73810287652921, 13.000000000000002));
#4274 = CARTESIAN_POINT('', (99.01665678473293, -112.57471295527414, 13.000000000000002));
#4275 = CARTESIAN_POINT('', (97.77731317597731, -111.42477004662891, 13.0));
#4276 = CARTESIAN_POINT('', (96.28542512979008, -108.72540148152171, 13.0));
#4277 = CARTESIAN_POINT('', (96.08162302856702, -107.90363249846173, 13.0));
#4278 = CARTESIAN_POINT('', (95.99747272528384, -107.3453309547291, 13.0));
#4279 = CARTESIAN_POINT('', (95.9500001, -106.4999998, 13.0));
#4280 = CARTESIAN_POINT('', (95.95000010000003, -83.49999966266078, 13.0));
#4281 = CARTESIAN_POINT('', (95.97111135453626, -82.93578743467945, 13.0));
#4282 = CARTESIAN_POINT('', (96.57995477218952, -80.48081472237773, 13.0));
#4283 = CARTESIAN_POINT('', (96.6976851450934, -80.22417665517153, 13.0));
#4284 = CARTESIAN_POINT('', (96.82492856220969, -79.97212133194013, 13.0));
#4285 = CARTESIAN_POINT('', (96.96150832750969, -79.72499888060473, 13.0));
#4286 = CARTESIAN_POINT('', (97.10723206765765, -79.48315726978059, 13.0));
#4287 = CARTESIAN_POINT('', (95.95000010000003, -83.49999966266078, 10.0000003));
#4288 = CARTESIAN_POINT('', (95.9500001, -106.4999998, 10.0000003));
#4289 = CARTESIAN_POINT('', (103.49999996266074, -114.04999979999981, 10.0000003));
#4290 = CARTESIAN_POINT('', (146.5000001, -114.0499998, 10.0000003));
#4291 = CARTESIAN_POINT('', (154.0500001000001, -106.49999993733907, 10.0000003));
#4292 = CARTESIAN_POINT('', (154.0500001, -75.0104078, 10.0000003));
#4293 = CARTESIAN_POINT('', (138.94999938746463, -75.00116333639173, 10.0000003));
#4294 = CARTESIAN_POINT('', (138.0000001, -75.9499998, 10.0000003));
#4295 = CARTESIAN_POINT('', (103.5000001, -75.9499998, 10.0000003));
#4296 = CARTESIAN_POINT('', (98.83705160891726, -79.18961502012627, 10.0000003));
#4297 = CARTESIAN_POINT('', (99.18961502470111, -78.83705159668811, 10.0000003));
#4298 = CARTESIAN_POINT('', (99.56875320230768, -78.51323702920429, 10.0000003));
#4299 = CARTESIAN_POINT('', (101.77635306918391, -77.38840897080955, 10.0000003));
#4300 = CARTESIAN_POINT('', (102.50664081749876, -77.22817891604657, 10.0000003));
#4301 = CARTESIAN_POINT('', (103.5, -77.15, 10.0000003));
#4302 = CARTESIAN_POINT('', (138.0, -77.15, 10.0000003));
#4303 = CARTESIAN_POINT('', (140.1499983874198, -75.00263326657077, 10.0000003));
#4304 = CARTESIAN_POINT('', (140.33159583371312, -73.50264076601925, 10.0000003));
#4305 = CARTESIAN_POINT('', (143.25686393565536, -69.55104894249205, 10.000000300000002));
#4306 = CARTESIAN_POINT('', (143.92940881014582, -69.2039815928638, 10.0000003));
#4307 = CARTESIAN_POINT('', (144.1621932223016, -69.10641068941217, 10.0000003));
#4308 = CARTESIAN_POINT('', (144.39867074193972, -69.018168178292, 10.0000003));
#4309 = CARTESIAN_POINT('', (145.37397124286016, -68.76104207256002, 10.0000003));
#4310 = CARTESIAN_POINT('', (145.62321675977432, -68.72122963278048, 10.0000003));
#4311 = CARTESIAN_POINT('', (147.63367305750202, -68.7624254250803, 10.0000003));
#4312 = CARTESIAN_POINT('', (150.1728088020565, -69.83035340234699, 10.0000003));
#4313 = CARTESIAN_POINT('', (150.3757683240284, -69.98040704670129, 10.0000003));
#4314 = CARTESIAN_POINT('', (150.76300503308002, -70.30410616210263, 10.000000299999998));
#4315 = CARTESIAN_POINT('', (152.7249848825668, -73.75659085587493, 10.0000003));
#4316 = CARTESIAN_POINT('', (152.76989535462863, -74.00496902166705, 10.000000299999998));
#4317 = CARTESIAN_POINT('', (152.85, -75.010408, 10.0000003));
#4318 = CARTESIAN_POINT('', (152.85000000000008, -106.50000031081998, 10.0000003));
#4319 = CARTESIAN_POINT('', (152.77182112892808, -107.49335889854117, 10.0000003));
#4320 = CARTESIAN_POINT('', (152.611591020371, -108.2236469404438, 10.0000003));
#4321 = CARTESIAN_POINT('', (151.4867627783685, -110.43124704178435, 10.000000300000002));
#4322 = CARTESIAN_POINT('', (151.16294839108255, -110.81038497987326, 10.0000003));
#4323 = CARTESIAN_POINT('', (150.81038519099073, -111.16294819592758, 10.000000300000002));
#4324 = CARTESIAN_POINT('', (150.4312470289904, -111.4867627809737, 10.0000003));
#4325 = CARTESIAN_POINT('', (148.22364721714933, -112.61159094233197, 10.0000003));
#4326 = CARTESIAN_POINT('', (147.49335888794357, -112.77182113655454, 10.0000003));
#4327 = CARTESIAN_POINT('', (146.5, -112.85, 10.0000003));
#4328 = CARTESIAN_POINT('', (103.49999968917959, -112.84999999999984, 10.0000003));
#4329 = CARTESIAN_POINT('', (102.50664110145838, -112.77182112892802, 10.0000003));
#4330 = CARTESIAN_POINT('', (101.77635277003316, -112.61159094482113, 10.0000003));
#4331 = CARTESIAN_POINT('', (99.5687531967874, -111.48676295896315, 10.0000003));
#4332 = CARTESIAN_POINT('', (99.18961479645864, -111.16294819232678, 10.000000300000002));
#4333 = CARTESIAN_POINT('', (98.83705180407188, -110.81038519099087, 10.000000300000002));
#4334 = CARTESIAN_POINT('', (98.51323702920422, -110.43124679769231, 10.0000003));
#4335 = CARTESIAN_POINT('', (97.38840905766772, -108.22364721714938, 10.000000299999998));
#4336 = CARTESIAN_POINT('', (97.22817891604655, -107.49335918250124, 10.0000003));
#4337 = CARTESIAN_POINT('', (97.15, -106.5, 10.0000003));
#4338 = CARTESIAN_POINT('', (97.15000000000002, -83.49999968917966, 10.0000003));
#4339 = CARTESIAN_POINT('', (97.22817891206833, -82.50664080506277, 10.0000003));
#4340 = CARTESIAN_POINT('', (97.38840897962892, -81.7763530595558, 10.000000300000002));
#4341 = CARTESIAN_POINT('', (98.51323704103682, -79.56875319678747, 10.0000003));
#4342 = CARTESIAN_POINT('', (97.15, -106.5, 13.0));
#4343 = CARTESIAN_POINT('', (97.15000000000002, -83.49999968917966, 13.0));
#4344 = CARTESIAN_POINT('', (103.5, -77.15, 13.0));
#4345 = CARTESIAN_POINT('', (103.49999968917959, -112.84999999999982, 13.0));
#4346 = CARTESIAN_POINT('', (146.5, -112.85, 13.0));
#4347 = CARTESIAN_POINT('', (152.8500000000001, -106.50000031082, 13.0));
#4348 = CARTESIAN_POINT('', (152.85, -75.010408, 13.0));
#4349 = CARTESIAN_POINT('', (140.1499983874198, -75.00263326657077, 13.0));
#4350 = CARTESIAN_POINT('', (138.0, -77.15, 13.0));
#4351 = CARTESIAN_POINT('', (94.25000000000006, -83.5000001084257, 15.0));
#4352 = CARTESIAN_POINT('', (103.5, -74.25, 15.0));
#4353 = CARTESIAN_POINT('', (138.0, -74.25, 15.0));
#4354 = CARTESIAN_POINT('', (137.25000056252816, -74.9990814186381, 15.0));
#4355 = CARTESIAN_POINT('', (155.75, -75.010408, 15.0));
#4356 = CARTESIAN_POINT('', (155.75000000000009, -106.49999989157442, 15.0));
#4357 = CARTESIAN_POINT('', (146.5, -115.75, 15.0));
#4358 = CARTESIAN_POINT('', (103.50000010842572, -115.7499999999998, 15.0));
#4359 = CARTESIAN_POINT('', (94.25, -106.5, 15.0));
ENDSEC;
END-ISO-10303-21;
