ISO-10303-21;
HEADER;
FILE_DESCRIPTION(('Open CASCADE Model'),'2;1');
FILE_NAME('Open CASCADE Shape Model','2026-08-30T19:46:17',('Author'),(
    'Open CASCADE'),'Open CASCADE STEP processor 7.8','Open CASCADE 7.8'
  ,'Unknown');
FILE_SCHEMA(('AUTOMOTIVE_DESIGN { 1 0 10303 214 1 1 1 1 }'));
ENDSEC;
DATA;
#1 = APPLICATION_PROTOCOL_DEFINITION('international standard',
  'automotive_design',2000,#2);
#2 = APPLICATION_CONTEXT(
  'core data for automotive mechanical design processes');
#3 = SHAPE_DEFINITION_REPRESENTATION(#4,#10);
#4 = PRODUCT_DEFINITION_SHAPE('','',#5);
#5 = PRODUCT_DEFINITION('design','',#6,#9);
#6 = PRODUCT_DEFINITION_FORMATION('','',#7);
#7 = PRODUCT('Open CASCADE STEP translator 7.8 3',
  'Open CASCADE STEP translator 7.8 3','',(#8));
#8 = PRODUCT_CONTEXT('',#2,'mechanical');
#9 = PRODUCT_DEFINITION_CONTEXT('part definition',#2,'design');
#10 = ADVANCED_BREP_SHAPE_REPRESENTATION('',(#11,#15),#8351);
#11 = AXIS2_PLACEMENT_3D('',#12,#13,#14);
#12 = CARTESIAN_POINT('',(0.,0.,0.));
#13 = DIRECTION('',(0.,0.,1.));
#14 = DIRECTION('',(1.,0.,-0.));
#15 = MANIFOLD_SOLID_BREP('',#16);
#16 = CLOSED_SHELL('',(#17,#111,#170,#262,#340,#399,#836,#890,#947,#1001
    ,#1033,#1088,#1141,#1225,#1278,#1361,#1414,#1498,#1551,#1634,#1687,
    #1771,#1824,#1907,#1933,#1964,#2046,#2106,#2161,#2187,#2219,#2327,
    #2354,#2385,#2468,#2494,#2526,#2634,#2661,#2692,#2775,#2801,#2833,
    #2941,#2968,#2999,#3082,#3108,#3155,#3210,#3323,#3376,#3435,#3466,
    #3493,#3524,#3606,#3632,#3713,#3744,#3770,#3802,#3884,#3910,#3991,
    #4022,#4049,#4080,#4162,#4188,#4242,#4248,#4301,#4334,#4422,#4449,
    #4503,#4557,#4617,#4623,#4650,#4683,#4796,#4850,#4938,#4944,#4971,
    #5004,#5117,#5171,#5259,#5265,#5292,#5325,#5438,#5521,#5552,#5583,
    #5674,#5705,#5754,#5802,#5833,#5888,#5936,#5968,#6056,#6084,#6132,
    #6163,#6194,#6272,#6320,#6353,#6441,#6468,#6516,#6547,#6578,#6656,
    #6704,#6736,#6824,#6852,#6883,#6961,#6987,#7013,#7430,#7457,#7505,
    #7511,#7542,#7569,#7600,#7626,#7673,#7699,#7730,#7777,#7808,#7834,
    #7881,#7907,#7938,#7985,#8016,#8063,#8089,#8115,#8142,#8174,#8201,
    #8229,#8256,#8288,#8315,#8321,#8327,#8333,#8339,#8345));
#17 = ADVANCED_FACE('',(#18),#32,.F.);
#18 = FACE_BOUND('',#19,.F.);
#19 = EDGE_LOOP('',(#20,#55,#84));
#20 = ORIENTED_EDGE('',*,*,#21,.F.);
#21 = EDGE_CURVE('',#22,#24,#26,.T.);
#22 = VERTEX_POINT('',#23);
#23 = CARTESIAN_POINT('',(100.00000000001,-75.00000125991,0.));
#24 = VERTEX_POINT('',#25);
#25 = CARTESIAN_POINT('',(100.,-76.25,0.));
#26 = SURFACE_CURVE('',#27,(#31,#43),.PCURVE_S1.);
#27 = LINE('',#28,#29);
#28 = CARTESIAN_POINT('',(100.,-73.75,0.));
#29 = VECTOR('',#30,1.);
#30 = DIRECTION('',(0.,-1.,0.));
#31 = PCURVE('',#32,#37);
#32 = PLANE('',#33);
#33 = AXIS2_PLACEMENT_3D('',#34,#35,#36);
#34 = CARTESIAN_POINT('',(120.,-92.5,0.));
#35 = DIRECTION('',(0.,0.,1.));
#36 = DIRECTION('',(1.,0.,-0.));
#37 = DEFINITIONAL_REPRESENTATION('',(#38),#42);
#38 = LINE('',#39,#40);
#39 = CARTESIAN_POINT('',(-20.,18.75));
#40 = VECTOR('',#41,1.);
#41 = DIRECTION('',(0.,-1.));
#42 = ( GEOMETRIC_REPRESENTATION_CONTEXT(2) 
PARAMETRIC_REPRESENTATION_CONTEXT() REPRESENTATION_CONTEXT('2D SPACE',''
  ) );
#43 = PCURVE('',#44,#49);
#44 = PLANE('',#45);
#45 = AXIS2_PLACEMENT_3D('',#46,#47,#48);
#46 = CARTESIAN_POINT('',(120.,-92.5,0.));
#47 = DIRECTION('',(0.,0.,1.));
#48 = DIRECTION('',(1.,0.,-0.));
#49 = DEFINITIONAL_REPRESENTATION('',(#50),#54);
#50 = LINE('',#51,#52);
#51 = CARTESIAN_POINT('',(-20.,18.75));
#52 = VECTOR('',#53,1.);
#53 = DIRECTION('',(0.,-1.));
#54 = ( GEOMETRIC_REPRESENTATION_CONTEXT(2) 
PARAMETRIC_REPRESENTATION_CONTEXT() REPRESENTATION_CONTEXT('2D SPACE',''
  ) );
#55 = ORIENTED_EDGE('',*,*,#56,.T.);
#56 = EDGE_CURVE('',#22,#57,#59,.T.);
#57 = VERTEX_POINT('',#58);
#58 = CARTESIAN_POINT('',(98.759807234997,-75.15627509601,0.));
#59 = SURFACE_CURVE('',#60,(#65,#72),.PCURVE_S1.);
#60 = CIRCLE('',#61,5.000115766671);
#61 = AXIS2_PLACEMENT_3D('',#62,#63,#64);
#62 = CARTESIAN_POINT('',(100.00011576533,-80.00011576533,0.));
#63 = DIRECTION('',(0.,0.,1.));
#64 = DIRECTION('',(-2.31525300912E-05,0.999999999732,0.));
#65 = PCURVE('',#32,#66);
#66 = DEFINITIONAL_REPRESENTATION('',(#67),#71);
#67 = CIRCLE('',#68,5.000115766671);
#68 = AXIS2_PLACEMENT_2D('',#69,#70);
#69 = CARTESIAN_POINT('',(-19.99988423466,12.499884234669));
#70 = DIRECTION('',(-2.31525300912E-05,0.999999999732));
#71 = ( GEOMETRIC_REPRESENTATION_CONTEXT(2) 
PARAMETRIC_REPRESENTATION_CONTEXT() REPRESENTATION_CONTEXT('2D SPACE',''
  ) );
#72 = PCURVE('',#73,#78);
#73 = PLANE('',#74);
#74 = AXIS2_PLACEMENT_3D('',#75,#76,#77);
#75 = CARTESIAN_POINT('',(100.,-75.,0.));
#76 = DIRECTION('',(0.,0.,1.));
#77 = DIRECTION('',(1.,0.,-0.));
#78 = DEFINITIONAL_REPRESENTATION('',(#79),#83);
#79 = CIRCLE('',#80,5.000115766671);
#80 = AXIS2_PLACEMENT_2D('',#81,#82);
#81 = CARTESIAN_POINT('',(1.157653307189E-04,-5.000115765331));
#82 = DIRECTION('',(-2.31525300912E-05,0.999999999732));
#83 = ( GEOMETRIC_REPRESENTATION_CONTEXT(2) 
PARAMETRIC_REPRESENTATION_CONTEXT() REPRESENTATION_CONTEXT('2D SPACE',''
  ) );
#84 = ORIENTED_EDGE('',*,*,#85,.T.);
#85 = EDGE_CURVE('',#57,#24,#86,.T.);
#86 = SURFACE_CURVE('',#87,(#92,#99),.PCURVE_S1.);
#87 = CIRCLE('',#88,1.25);
#88 = AXIS2_PLACEMENT_3D('',#89,#90,#91);
#89 = CARTESIAN_POINT('',(100.,-75.,0.));
#90 = DIRECTION('',(0.,0.,1.));
#91 = DIRECTION('',(-1.,0.,-0.));
#92 = PCURVE('',#32,#93);
#93 = DEFINITIONAL_REPRESENTATION('',(#94),#98);
#94 = CIRCLE('',#95,1.25);
#95 = AXIS2_PLACEMENT_2D('',#96,#97);
#96 = CARTESIAN_POINT('',(-20.,17.5));
#97 = DIRECTION('',(-1.,0.));
#98 = ( GEOMETRIC_REPRESENTATION_CONTEXT(2) 
PARAMETRIC_REPRESENTATION_CONTEXT() REPRESENTATION_CONTEXT('2D SPACE',''
  ) );
#99 = PCURVE('',#100,#105);
#100 = PLANE('',#101);
#101 = AXIS2_PLACEMENT_3D('',#102,#103,#104);
#102 = CARTESIAN_POINT('',(120.,-92.5,0.));
#103 = DIRECTION('',(0.,0.,1.));
#104 = DIRECTION('',(1.,0.,-0.));
#105 = DEFINITIONAL_REPRESENTATION('',(#106),#110);
#106 = CIRCLE('',#107,1.25);
#107 = AXIS2_PLACEMENT_2D('',#108,#109);
#108 = CARTESIAN_POINT('',(-20.,17.5));
#109 = DIRECTION('',(-1.,0.));
#110 = ( GEOMETRIC_REPRESENTATION_CONTEXT(2) 
PARAMETRIC_REPRESENTATION_CONTEXT() REPRESENTATION_CONTEXT('2D SPACE',''
  ) );
#111 = ADVANCED_FACE('',(#112),#44,.F.);
#112 = FACE_BOUND('',#113,.F.);
#113 = EDGE_LOOP('',(#114,#142,#143));
#114 = ORIENTED_EDGE('',*,*,#115,.T.);
#115 = EDGE_CURVE('',#116,#22,#118,.T.);
#116 = VERTEX_POINT('',#117);
#117 = CARTESIAN_POINT('',(100.00002894066,-76.24999999966,0.));
#118 = SURFACE_CURVE('',#119,(#123,#130),.PCURVE_S1.);
#119 = LINE('',#120,#121);
#120 = CARTESIAN_POINT('',(100.00002894066,-76.24999999966,0.));
#121 = VECTOR('',#122,1.);
#122 = DIRECTION('',(-2.315253009328E-05,0.999999999732,0.));
#123 = PCURVE('',#44,#124);
#124 = DEFINITIONAL_REPRESENTATION('',(#125),#129);
#125 = LINE('',#126,#127);
#126 = CARTESIAN_POINT('',(-19.99997105933,16.250000000335));
#127 = VECTOR('',#128,1.);
#128 = DIRECTION('',(-2.315253009328E-05,0.999999999732));
#129 = ( GEOMETRIC_REPRESENTATION_CONTEXT(2) 
PARAMETRIC_REPRESENTATION_CONTEXT() REPRESENTATION_CONTEXT('2D SPACE',''
  ) );
#130 = PCURVE('',#131,#136);
#131 = PLANE('',#132);
#132 = AXIS2_PLACEMENT_3D('',#133,#134,#135);
#133 = CARTESIAN_POINT('',(120.,-92.5,0.));
#134 = DIRECTION('',(0.,0.,1.));
#135 = DIRECTION('',(1.,0.,-0.));
#136 = DEFINITIONAL_REPRESENTATION('',(#137),#141);
#137 = LINE('',#138,#139);
#138 = CARTESIAN_POINT('',(-19.99997105933,16.250000000335));
#139 = VECTOR('',#140,1.);
#140 = DIRECTION('',(-2.315253009328E-05,0.999999999732));
#141 = ( GEOMETRIC_REPRESENTATION_CONTEXT(2) 
PARAMETRIC_REPRESENTATION_CONTEXT() REPRESENTATION_CONTEXT('2D SPACE',''
  ) );
#142 = ORIENTED_EDGE('',*,*,#21,.T.);
#143 = ORIENTED_EDGE('',*,*,#144,.T.);
#144 = EDGE_CURVE('',#24,#116,#145,.T.);
#145 = SURFACE_CURVE('',#146,(#151,#158),.PCURVE_S1.);
#146 = CIRCLE('',#147,1.25);
#147 = AXIS2_PLACEMENT_3D('',#148,#149,#150);
#148 = CARTESIAN_POINT('',(100.,-75.,0.));
#149 = DIRECTION('',(0.,0.,1.));
#150 = DIRECTION('',(-1.,0.,-0.));
#151 = PCURVE('',#44,#152);
#152 = DEFINITIONAL_REPRESENTATION('',(#153),#157);
#153 = CIRCLE('',#154,1.25);
#154 = AXIS2_PLACEMENT_2D('',#155,#156);
#155 = CARTESIAN_POINT('',(-20.,17.5));
#156 = DIRECTION('',(-1.,0.));
#157 = ( GEOMETRIC_REPRESENTATION_CONTEXT(2) 
PARAMETRIC_REPRESENTATION_CONTEXT() REPRESENTATION_CONTEXT('2D SPACE',''
  ) );
#158 = PCURVE('',#159,#164);
#159 = PLANE('',#160);
#160 = AXIS2_PLACEMENT_3D('',#161,#162,#163);
#161 = CARTESIAN_POINT('',(120.,-92.5,0.));
#162 = DIRECTION('',(0.,0.,1.));
#163 = DIRECTION('',(1.,0.,-0.));
#164 = DEFINITIONAL_REPRESENTATION('',(#165),#169);
#165 = CIRCLE('',#166,1.25);
#166 = AXIS2_PLACEMENT_2D('',#167,#168);
#167 = CARTESIAN_POINT('',(-20.,17.5));
#168 = DIRECTION('',(-1.,0.));
#169 = ( GEOMETRIC_REPRESENTATION_CONTEXT(2) 
PARAMETRIC_REPRESENTATION_CONTEXT() REPRESENTATION_CONTEXT('2D SPACE',''
  ) );
#170 = ADVANCED_FACE('',(#171),#100,.F.);
#171 = FACE_BOUND('',#172,.F.);
#172 = EDGE_LOOP('',(#173,#174,#203,#232));
#173 = ORIENTED_EDGE('',*,*,#85,.F.);
#174 = ORIENTED_EDGE('',*,*,#175,.T.);
#175 = EDGE_CURVE('',#57,#176,#178,.T.);
#176 = VERTEX_POINT('',#177);
#177 = CARTESIAN_POINT('',(95.156275096017,-78.75980723499,0.));
#178 = SURFACE_CURVE('',#179,(#184,#191),.PCURVE_S1.);
#179 = CIRCLE('',#180,5.000115766671);
#180 = AXIS2_PLACEMENT_3D('',#181,#182,#183);
#181 = CARTESIAN_POINT('',(100.00011576533,-80.00011576533,0.));
#182 = DIRECTION('',(0.,0.,1.));
#183 = DIRECTION('',(-2.31525300912E-05,0.999999999732,0.));
#184 = PCURVE('',#100,#185);
#185 = DEFINITIONAL_REPRESENTATION('',(#186),#190);
#186 = CIRCLE('',#187,5.000115766671);
#187 = AXIS2_PLACEMENT_2D('',#188,#189);
#188 = CARTESIAN_POINT('',(-19.99988423466,12.499884234669));
#189 = DIRECTION('',(-2.31525300912E-05,0.999999999732));
#190 = ( GEOMETRIC_REPRESENTATION_CONTEXT(2) 
PARAMETRIC_REPRESENTATION_CONTEXT() REPRESENTATION_CONTEXT('2D SPACE',''
  ) );
#191 = PCURVE('',#192,#197);
#192 = PLANE('',#193);
#193 = AXIS2_PLACEMENT_3D('',#194,#195,#196);
#194 = CARTESIAN_POINT('',(96.891519540323,-76.89151954032,0.));
#195 = DIRECTION('',(0.,0.,1.));
#196 = DIRECTION('',(1.,0.,-0.));
#197 = DEFINITIONAL_REPRESENTATION('',(#198),#202);
#198 = CIRCLE('',#199,5.000115766671);
#199 = AXIS2_PLACEMENT_2D('',#200,#201);
#200 = CARTESIAN_POINT('',(3.108596225007,-3.108596225007));
#201 = DIRECTION('',(-2.31525300912E-05,0.999999999732));
#202 = ( GEOMETRIC_REPRESENTATION_CONTEXT(2) 
PARAMETRIC_REPRESENTATION_CONTEXT() REPRESENTATION_CONTEXT('2D SPACE',''
  ) );
#203 = ORIENTED_EDGE('',*,*,#204,.F.);
#204 = EDGE_CURVE('',#205,#176,#207,.T.);
#205 = VERTEX_POINT('',#206);
#206 = CARTESIAN_POINT('',(96.25,-80.,0.));
#207 = SURFACE_CURVE('',#208,(#213,#220),.PCURVE_S1.);
#208 = CIRCLE('',#209,1.25);
#209 = AXIS2_PLACEMENT_3D('',#210,#211,#212);
#210 = CARTESIAN_POINT('',(95.,-80.,0.));
#211 = DIRECTION('',(0.,0.,1.));
#212 = DIRECTION('',(1.,0.,-0.));
#213 = PCURVE('',#100,#214);
#214 = DEFINITIONAL_REPRESENTATION('',(#215),#219);
#215 = CIRCLE('',#216,1.25);
#216 = AXIS2_PLACEMENT_2D('',#217,#218);
#217 = CARTESIAN_POINT('',(-25.,12.5));
#218 = DIRECTION('',(1.,0.));
#219 = ( GEOMETRIC_REPRESENTATION_CONTEXT(2) 
PARAMETRIC_REPRESENTATION_CONTEXT() REPRESENTATION_CONTEXT('2D SPACE',''
  ) );
#220 = PCURVE('',#221,#226);
#221 = PLANE('',#222);
#222 = AXIS2_PLACEMENT_3D('',#223,#224,#225);
#223 = CARTESIAN_POINT('',(120.,-92.5,0.));
#224 = DIRECTION('',(0.,0.,1.));
#225 = DIRECTION('',(1.,0.,-0.));
#226 = DEFINITIONAL_REPRESENTATION('',(#227),#231);
#227 = CIRCLE('',#228,1.25);
#228 = AXIS2_PLACEMENT_2D('',#229,#230);
#229 = CARTESIAN_POINT('',(-25.,12.5));
#230 = DIRECTION('',(1.,0.));
#231 = ( GEOMETRIC_REPRESENTATION_CONTEXT(2) 
PARAMETRIC_REPRESENTATION_CONTEXT() REPRESENTATION_CONTEXT('2D SPACE',''
  ) );
#232 = ORIENTED_EDGE('',*,*,#233,.T.);
#233 = EDGE_CURVE('',#205,#24,#234,.T.);
#234 = SURFACE_CURVE('',#235,(#240,#251),.PCURVE_S1.);
#235 = CIRCLE('',#236,3.750115766671);
#236 = AXIS2_PLACEMENT_3D('',#237,#238,#239);
#237 = CARTESIAN_POINT('',(100.00011576533,-80.00011576533,0.));
#238 = DIRECTION('',(0.,0.,-1.));
#239 = DIRECTION('',(-0.999999999732,2.315253010187E-05,0.));
#240 = PCURVE('',#100,#241);
#241 = DEFINITIONAL_REPRESENTATION('',(#242),#250);
#242 = ( BOUNDED_CURVE() B_SPLINE_CURVE(2,(#243,#244,#245,#246,#247,#248
,#249),.UNSPECIFIED.,.T.,.F.) B_SPLINE_CURVE_WITH_KNOTS((1,2,2,2,2,1),(
    -2.094395102393,0.,2.094395102393,4.188790204786,6.28318530718,
8.377580409573),.UNSPECIFIED.) CURVE() GEOMETRIC_REPRESENTATION_ITEM() 
RATIONAL_B_SPLINE_CURVE((1.,0.5,1.,0.5,1.,0.5,1.)) REPRESENTATION_ITEM(
  '') );
#243 = CARTESIAN_POINT('',(-23.75000000033,12.499971059337));
#244 = CARTESIAN_POINT('',(-23.74984961559,18.995362099736));
#245 = CARTESIAN_POINT('',(-18.12475115946,15.747536342534));
#246 = CARTESIAN_POINT('',(-12.49965270333,12.499710585333));
#247 = CARTESIAN_POINT('',(-18.1249015442,9.252145302136));
#248 = CARTESIAN_POINT('',(-23.75015038507,6.004580018939));
#249 = CARTESIAN_POINT('',(-23.75000000033,12.499971059337));
#250 = ( GEOMETRIC_REPRESENTATION_CONTEXT(2) 
PARAMETRIC_REPRESENTATION_CONTEXT() REPRESENTATION_CONTEXT('2D SPACE',''
  ) );
#251 = PCURVE('',#159,#252);
#252 = DEFINITIONAL_REPRESENTATION('',(#253),#261);
#253 = ( BOUNDED_CURVE() B_SPLINE_CURVE(2,(#254,#255,#256,#257,#258,#259
,#260),.UNSPECIFIED.,.T.,.F.) B_SPLINE_CURVE_WITH_KNOTS((1,2,2,2,2,1),(
    -2.094395102393,0.,2.094395102393,4.188790204786,6.28318530718,
8.377580409573),.UNSPECIFIED.) CURVE() GEOMETRIC_REPRESENTATION_ITEM() 
RATIONAL_B_SPLINE_CURVE((1.,0.5,1.,0.5,1.,0.5,1.)) REPRESENTATION_ITEM(
  '') );
#254 = CARTESIAN_POINT('',(-23.75000000033,12.499971059337));
#255 = CARTESIAN_POINT('',(-23.74984961559,18.995362099736));
#256 = CARTESIAN_POINT('',(-18.12475115946,15.747536342534));
#257 = CARTESIAN_POINT('',(-12.49965270333,12.499710585333));
#258 = CARTESIAN_POINT('',(-18.1249015442,9.252145302136));
#259 = CARTESIAN_POINT('',(-23.75015038507,6.004580018939));
#260 = CARTESIAN_POINT('',(-23.75000000033,12.499971059337));
#261 = ( GEOMETRIC_REPRESENTATION_CONTEXT(2) 
PARAMETRIC_REPRESENTATION_CONTEXT() REPRESENTATION_CONTEXT('2D SPACE',''
  ) );
#262 = ADVANCED_FACE('',(#263),#73,.F.);
#263 = FACE_BOUND('',#264,.F.);
#264 = EDGE_LOOP('',(#265,#266,#294,#318));
#265 = ORIENTED_EDGE('',*,*,#56,.F.);
#266 = ORIENTED_EDGE('',*,*,#267,.T.);
#267 = EDGE_CURVE('',#22,#268,#270,.T.);
#268 = VERTEX_POINT('',#269);
#269 = CARTESIAN_POINT('',(99.999971059337,-73.75000000033,0.));
#270 = SURFACE_CURVE('',#271,(#275,#282),.PCURVE_S1.);
#271 = LINE('',#272,#273);
#272 = CARTESIAN_POINT('',(100.00002894066,-76.24999999966,0.));
#273 = VECTOR('',#274,1.);
#274 = DIRECTION('',(-2.315253009328E-05,0.999999999732,0.));
#275 = PCURVE('',#73,#276);
#276 = DEFINITIONAL_REPRESENTATION('',(#277),#281);
#277 = LINE('',#278,#279);
#278 = CARTESIAN_POINT('',(2.894066258818E-05,-1.249999999665));
#279 = VECTOR('',#280,1.);
#280 = DIRECTION('',(-2.315253009328E-05,0.999999999732));
#281 = ( GEOMETRIC_REPRESENTATION_CONTEXT(2) 
PARAMETRIC_REPRESENTATION_CONTEXT() REPRESENTATION_CONTEXT('2D SPACE',''
  ) );
#282 = PCURVE('',#283,#288);
#283 = PLANE('',#284);
#284 = AXIS2_PLACEMENT_3D('',#285,#286,#287);
#285 = CARTESIAN_POINT('',(100.,-75.,0.));
#286 = DIRECTION('',(0.,0.,1.));
#287 = DIRECTION('',(1.,0.,-0.));
#288 = DEFINITIONAL_REPRESENTATION('',(#289),#293);
#289 = LINE('',#290,#291);
#290 = CARTESIAN_POINT('',(2.894066258818E-05,-1.249999999665));
#291 = VECTOR('',#292,1.);
#292 = DIRECTION('',(-2.315253009328E-05,0.999999999732));
#293 = ( GEOMETRIC_REPRESENTATION_CONTEXT(2) 
PARAMETRIC_REPRESENTATION_CONTEXT() REPRESENTATION_CONTEXT('2D SPACE',''
  ) );
#294 = ORIENTED_EDGE('',*,*,#295,.T.);
#295 = EDGE_CURVE('',#268,#296,#298,.T.);
#296 = VERTEX_POINT('',#297);
#297 = CARTESIAN_POINT('',(98.75,-75.,0.));
#298 = SURFACE_CURVE('',#299,(#304,#311),.PCURVE_S1.);
#299 = CIRCLE('',#300,1.25);
#300 = AXIS2_PLACEMENT_3D('',#301,#302,#303);
#301 = CARTESIAN_POINT('',(100.,-75.,0.));
#302 = DIRECTION('',(0.,0.,1.));
#303 = DIRECTION('',(1.,0.,-0.));
#304 = PCURVE('',#73,#305);
#305 = DEFINITIONAL_REPRESENTATION('',(#306),#310);
#306 = CIRCLE('',#307,1.25);
#307 = AXIS2_PLACEMENT_2D('',#308,#309);
#308 = CARTESIAN_POINT('',(-2.84217094304E-14,0.));
#309 = DIRECTION('',(1.,0.));
#310 = ( GEOMETRIC_REPRESENTATION_CONTEXT(2) 
PARAMETRIC_REPRESENTATION_CONTEXT() REPRESENTATION_CONTEXT('2D SPACE',''
  ) );
#311 = PCURVE('',#192,#312);
#312 = DEFINITIONAL_REPRESENTATION('',(#313),#317);
#313 = CIRCLE('',#314,1.25);
#314 = AXIS2_PLACEMENT_2D('',#315,#316);
#315 = CARTESIAN_POINT('',(3.108480459677,1.891519540323));
#316 = DIRECTION('',(1.,0.));
#317 = ( GEOMETRIC_REPRESENTATION_CONTEXT(2) 
PARAMETRIC_REPRESENTATION_CONTEXT() REPRESENTATION_CONTEXT('2D SPACE',''
  ) );
#318 = ORIENTED_EDGE('',*,*,#319,.T.);
#319 = EDGE_CURVE('',#296,#57,#320,.T.);
#320 = SURFACE_CURVE('',#321,(#326,#333),.PCURVE_S1.);
#321 = CIRCLE('',#322,1.25);
#322 = AXIS2_PLACEMENT_3D('',#323,#324,#325);
#323 = CARTESIAN_POINT('',(100.,-75.,0.));
#324 = DIRECTION('',(0.,0.,1.));
#325 = DIRECTION('',(-1.,0.,-0.));
#326 = PCURVE('',#73,#327);
#327 = DEFINITIONAL_REPRESENTATION('',(#328),#332);
#328 = CIRCLE('',#329,1.25);
#329 = AXIS2_PLACEMENT_2D('',#330,#331);
#330 = CARTESIAN_POINT('',(-2.84217094304E-14,0.));
#331 = DIRECTION('',(-1.,0.));
#332 = ( GEOMETRIC_REPRESENTATION_CONTEXT(2) 
PARAMETRIC_REPRESENTATION_CONTEXT() REPRESENTATION_CONTEXT('2D SPACE',''
  ) );
#333 = PCURVE('',#192,#334);
#334 = DEFINITIONAL_REPRESENTATION('',(#335),#339);
#335 = CIRCLE('',#336,1.25);
#336 = AXIS2_PLACEMENT_2D('',#337,#338);
#337 = CARTESIAN_POINT('',(3.108480459677,1.891519540323));
#338 = DIRECTION('',(-1.,0.));
#339 = ( GEOMETRIC_REPRESENTATION_CONTEXT(2) 
PARAMETRIC_REPRESENTATION_CONTEXT() REPRESENTATION_CONTEXT('2D SPACE',''
  ) );
#340 = ADVANCED_FACE('',(#341),#131,.F.);
#341 = FACE_BOUND('',#342,.F.);
#342 = EDGE_LOOP('',(#343,#371,#372));
#343 = ORIENTED_EDGE('',*,*,#344,.T.);
#344 = EDGE_CURVE('',#345,#22,#347,.T.);
#345 = VERTEX_POINT('',#346);
#346 = CARTESIAN_POINT('',(101.25,-75.,0.));
#347 = SURFACE_CURVE('',#348,(#352,#359),.PCURVE_S1.);
#348 = LINE('',#349,#350);
#349 = CARTESIAN_POINT('',(140.,-75.,0.));
#350 = VECTOR('',#351,1.);
#351 = DIRECTION('',(-1.,0.,0.));
#352 = PCURVE('',#131,#353);
#353 = DEFINITIONAL_REPRESENTATION('',(#354),#358);
#354 = LINE('',#355,#356);
#355 = CARTESIAN_POINT('',(20.,17.5));
#356 = VECTOR('',#357,1.);
#357 = DIRECTION('',(-1.,0.));
#358 = ( GEOMETRIC_REPRESENTATION_CONTEXT(2) 
PARAMETRIC_REPRESENTATION_CONTEXT() REPRESENTATION_CONTEXT('2D SPACE',''
  ) );
#359 = PCURVE('',#360,#365);
#360 = PLANE('',#361);
#361 = AXIS2_PLACEMENT_3D('',#362,#363,#364);
#362 = CARTESIAN_POINT('',(100.,-75.,0.));
#363 = DIRECTION('',(0.,0.,1.));
#364 = DIRECTION('',(1.,0.,-0.));
#365 = DEFINITIONAL_REPRESENTATION('',(#366),#370);
#366 = LINE('',#367,#368);
#367 = CARTESIAN_POINT('',(40.,0.));
#368 = VECTOR('',#369,1.);
#369 = DIRECTION('',(-1.,0.));
#370 = ( GEOMETRIC_REPRESENTATION_CONTEXT(2) 
PARAMETRIC_REPRESENTATION_CONTEXT() REPRESENTATION_CONTEXT('2D SPACE',''
  ) );
#371 = ORIENTED_EDGE('',*,*,#115,.F.);
#372 = ORIENTED_EDGE('',*,*,#373,.T.);
#373 = EDGE_CURVE('',#116,#345,#374,.T.);
#374 = SURFACE_CURVE('',#375,(#380,#387),.PCURVE_S1.);
#375 = CIRCLE('',#376,1.25);
#376 = AXIS2_PLACEMENT_3D('',#377,#378,#379);
#377 = CARTESIAN_POINT('',(100.,-75.,0.));
#378 = DIRECTION('',(0.,0.,1.));
#379 = DIRECTION('',(-1.,0.,-0.));
#380 = PCURVE('',#131,#381);
#381 = DEFINITIONAL_REPRESENTATION('',(#382),#386);
#382 = CIRCLE('',#383,1.25);
#383 = AXIS2_PLACEMENT_2D('',#384,#385);
#384 = CARTESIAN_POINT('',(-20.,17.5));
#385 = DIRECTION('',(-1.,0.));
#386 = ( GEOMETRIC_REPRESENTATION_CONTEXT(2) 
PARAMETRIC_REPRESENTATION_CONTEXT() REPRESENTATION_CONTEXT('2D SPACE',''
  ) );
#387 = PCURVE('',#388,#393);
#388 = PLANE('',#389);
#389 = AXIS2_PLACEMENT_3D('',#390,#391,#392);
#390 = CARTESIAN_POINT('',(120.,-92.5,0.));
#391 = DIRECTION('',(0.,0.,1.));
#392 = DIRECTION('',(1.,0.,-0.));
#393 = DEFINITIONAL_REPRESENTATION('',(#394),#398);
#394 = CIRCLE('',#395,1.25);
#395 = AXIS2_PLACEMENT_2D('',#396,#397);
#396 = CARTESIAN_POINT('',(-20.,17.5));
#397 = DIRECTION('',(-1.,0.));
#398 = ( GEOMETRIC_REPRESENTATION_CONTEXT(2) 
PARAMETRIC_REPRESENTATION_CONTEXT() REPRESENTATION_CONTEXT('2D SPACE',''
  ) );
#399 = ADVANCED_FACE('',(#400),#159,.F.);
#400 = FACE_BOUND('',#401,.F.);
#401 = EDGE_LOOP('',(#402,#425,#426,#427,#456,#484,#512,#549,#586,#614,
    #642,#679,#708,#736,#764,#801));
#402 = ORIENTED_EDGE('',*,*,#403,.F.);
#403 = EDGE_CURVE('',#116,#404,#406,.T.);
#404 = VERTEX_POINT('',#405);
#405 = CARTESIAN_POINT('',(139.99997105933,-76.24999999966,0.));
#406 = SURFACE_CURVE('',#407,(#411,#418),.PCURVE_S1.);
#407 = LINE('',#408,#409);
#408 = CARTESIAN_POINT('',(100.,-76.25,0.));
#409 = VECTOR('',#410,1.);
#410 = DIRECTION('',(1.,0.,0.));
#411 = PCURVE('',#159,#412);
#412 = DEFINITIONAL_REPRESENTATION('',(#413),#417);
#413 = LINE('',#414,#415);
#414 = CARTESIAN_POINT('',(-20.,16.25));
#415 = VECTOR('',#416,1.);
#416 = DIRECTION('',(1.,0.));
#417 = ( GEOMETRIC_REPRESENTATION_CONTEXT(2) 
PARAMETRIC_REPRESENTATION_CONTEXT() REPRESENTATION_CONTEXT('2D SPACE',''
  ) );
#418 = PCURVE('',#388,#419);
#419 = DEFINITIONAL_REPRESENTATION('',(#420),#424);
#420 = LINE('',#421,#422);
#421 = CARTESIAN_POINT('',(-20.,16.25));
#422 = VECTOR('',#423,1.);
#423 = DIRECTION('',(1.,0.));
#424 = ( GEOMETRIC_REPRESENTATION_CONTEXT(2) 
PARAMETRIC_REPRESENTATION_CONTEXT() REPRESENTATION_CONTEXT('2D SPACE',''
  ) );
#425 = ORIENTED_EDGE('',*,*,#144,.F.);
#426 = ORIENTED_EDGE('',*,*,#233,.F.);
#427 = ORIENTED_EDGE('',*,*,#428,.F.);
#428 = EDGE_CURVE('',#429,#205,#431,.T.);
#429 = VERTEX_POINT('',#430);
#430 = CARTESIAN_POINT('',(96.249999999665,-80.00002894066,0.));
#431 = SURFACE_CURVE('',#432,(#437,#444),.PCURVE_S1.);
#432 = CIRCLE('',#433,1.25);
#433 = AXIS2_PLACEMENT_3D('',#434,#435,#436);
#434 = CARTESIAN_POINT('',(95.,-80.,0.));
#435 = DIRECTION('',(0.,0.,1.));
#436 = DIRECTION('',(-1.,0.,-0.));
#437 = PCURVE('',#159,#438);
#438 = DEFINITIONAL_REPRESENTATION('',(#439),#443);
#439 = CIRCLE('',#440,1.25);
#440 = AXIS2_PLACEMENT_2D('',#441,#442);
#441 = CARTESIAN_POINT('',(-25.,12.5));
#442 = DIRECTION('',(-1.,0.));
#443 = ( GEOMETRIC_REPRESENTATION_CONTEXT(2) 
PARAMETRIC_REPRESENTATION_CONTEXT() REPRESENTATION_CONTEXT('2D SPACE',''
  ) );
#444 = PCURVE('',#445,#450);
#445 = PLANE('',#446);
#446 = AXIS2_PLACEMENT_3D('',#447,#448,#449);
#447 = CARTESIAN_POINT('',(120.,-92.5,0.));
#448 = DIRECTION('',(0.,0.,1.));
#449 = DIRECTION('',(1.,0.,-0.));
#450 = DEFINITIONAL_REPRESENTATION('',(#451),#455);
#451 = CIRCLE('',#452,1.25);
#452 = AXIS2_PLACEMENT_2D('',#453,#454);
#453 = CARTESIAN_POINT('',(-25.,12.5));
#454 = DIRECTION('',(-1.,0.));
#455 = ( GEOMETRIC_REPRESENTATION_CONTEXT(2) 
PARAMETRIC_REPRESENTATION_CONTEXT() REPRESENTATION_CONTEXT('2D SPACE',''
  ) );
#456 = ORIENTED_EDGE('',*,*,#457,.F.);
#457 = EDGE_CURVE('',#458,#429,#460,.T.);
#458 = VERTEX_POINT('',#459);
#459 = CARTESIAN_POINT('',(96.249999999665,-104.9999710593,0.));
#460 = SURFACE_CURVE('',#461,(#465,#472),.PCURVE_S1.);
#461 = LINE('',#462,#463);
#462 = CARTESIAN_POINT('',(96.25,-105.,0.));
#463 = VECTOR('',#464,1.);
#464 = DIRECTION('',(0.,1.,0.));
#465 = PCURVE('',#159,#466);
#466 = DEFINITIONAL_REPRESENTATION('',(#467),#471);
#467 = LINE('',#468,#469);
#468 = CARTESIAN_POINT('',(-23.75,-12.5));
#469 = VECTOR('',#470,1.);
#470 = DIRECTION('',(0.,1.));
#471 = ( GEOMETRIC_REPRESENTATION_CONTEXT(2) 
PARAMETRIC_REPRESENTATION_CONTEXT() REPRESENTATION_CONTEXT('2D SPACE',''
  ) );
#472 = PCURVE('',#473,#478);
#473 = PLANE('',#474);
#474 = AXIS2_PLACEMENT_3D('',#475,#476,#477);
#475 = CARTESIAN_POINT('',(120.,-92.5,0.));
#476 = DIRECTION('',(0.,0.,1.));
#477 = DIRECTION('',(1.,0.,-0.));
#478 = DEFINITIONAL_REPRESENTATION('',(#479),#483);
#479 = LINE('',#480,#481);
#480 = CARTESIAN_POINT('',(-23.75,-12.5));
#481 = VECTOR('',#482,1.);
#482 = DIRECTION('',(0.,1.));
#483 = ( GEOMETRIC_REPRESENTATION_CONTEXT(2) 
PARAMETRIC_REPRESENTATION_CONTEXT() REPRESENTATION_CONTEXT('2D SPACE',''
  ) );
#484 = ORIENTED_EDGE('',*,*,#485,.F.);
#485 = EDGE_CURVE('',#486,#458,#488,.T.);
#486 = VERTEX_POINT('',#487);
#487 = CARTESIAN_POINT('',(96.25,-105.,0.));
#488 = SURFACE_CURVE('',#489,(#493,#500),.PCURVE_S1.);
#489 = LINE('',#490,#491);
#490 = CARTESIAN_POINT('',(96.25,-105.,0.));
#491 = VECTOR('',#492,1.);
#492 = DIRECTION('',(0.,1.,0.));
#493 = PCURVE('',#159,#494);
#494 = DEFINITIONAL_REPRESENTATION('',(#495),#499);
#495 = LINE('',#496,#497);
#496 = CARTESIAN_POINT('',(-23.75,-12.5));
#497 = VECTOR('',#498,1.);
#498 = DIRECTION('',(0.,1.));
#499 = ( GEOMETRIC_REPRESENTATION_CONTEXT(2) 
PARAMETRIC_REPRESENTATION_CONTEXT() REPRESENTATION_CONTEXT('2D SPACE',''
  ) );
#500 = PCURVE('',#501,#506);
#501 = PLANE('',#502);
#502 = AXIS2_PLACEMENT_3D('',#503,#504,#505);
#503 = CARTESIAN_POINT('',(120.,-92.5,0.));
#504 = DIRECTION('',(0.,0.,1.));
#505 = DIRECTION('',(1.,0.,-0.));
#506 = DEFINITIONAL_REPRESENTATION('',(#507),#511);
#507 = LINE('',#508,#509);
#508 = CARTESIAN_POINT('',(-23.75,-12.5));
#509 = VECTOR('',#510,1.);
#510 = DIRECTION('',(0.,1.));
#511 = ( GEOMETRIC_REPRESENTATION_CONTEXT(2) 
PARAMETRIC_REPRESENTATION_CONTEXT() REPRESENTATION_CONTEXT('2D SPACE',''
  ) );
#512 = ORIENTED_EDGE('',*,*,#513,.F.);
#513 = EDGE_CURVE('',#514,#486,#516,.T.);
#514 = VERTEX_POINT('',#515);
#515 = CARTESIAN_POINT('',(100.,-108.75,0.));
#516 = SURFACE_CURVE('',#517,(#522,#533),.PCURVE_S1.);
#517 = CIRCLE('',#518,3.75011576667);
#518 = AXIS2_PLACEMENT_3D('',#519,#520,#521);
#519 = CARTESIAN_POINT('',(100.00011576533,-104.9998842346,0.));
#520 = DIRECTION('',(0.,0.,-1.));
#521 = DIRECTION('',(-2.31525299844E-05,-0.999999999732,-0.));
#522 = PCURVE('',#159,#523);
#523 = DEFINITIONAL_REPRESENTATION('',(#524),#532);
#524 = ( BOUNDED_CURVE() B_SPLINE_CURVE(2,(#525,#526,#527,#528,#529,#530
,#531),.UNSPECIFIED.,.T.,.F.) B_SPLINE_CURVE_WITH_KNOTS((1,2,2,2,2,1),(
    -2.094395102393,0.,2.094395102393,4.188790204786,6.28318530718,
8.377580409573),.UNSPECIFIED.) CURVE() GEOMETRIC_REPRESENTATION_ITEM() 
RATIONAL_B_SPLINE_CURVE((1.,0.5,1.,0.5,1.,0.5,1.)) REPRESENTATION_ITEM(
  '') );
#525 = CARTESIAN_POINT('',(-19.99997105933,-16.25000000033));
#526 = CARTESIAN_POINT('',(-26.49536209973,-16.24984961559));
#527 = CARTESIAN_POINT('',(-23.24753634253,-10.62475115946));
#528 = CARTESIAN_POINT('',(-19.99971058533,-4.999652703339));
#529 = CARTESIAN_POINT('',(-16.75214530213,-10.6249015442));
#530 = CARTESIAN_POINT('',(-13.50458001894,-16.25015038507));
#531 = CARTESIAN_POINT('',(-19.99997105933,-16.25000000033));
#532 = ( GEOMETRIC_REPRESENTATION_CONTEXT(2) 
PARAMETRIC_REPRESENTATION_CONTEXT() REPRESENTATION_CONTEXT('2D SPACE',''
  ) );
#533 = PCURVE('',#534,#539);
#534 = PLANE('',#535);
#535 = AXIS2_PLACEMENT_3D('',#536,#537,#538);
#536 = CARTESIAN_POINT('',(120.,-92.5,0.));
#537 = DIRECTION('',(0.,0.,1.));
#538 = DIRECTION('',(1.,0.,-0.));
#539 = DEFINITIONAL_REPRESENTATION('',(#540),#548);
#540 = ( BOUNDED_CURVE() B_SPLINE_CURVE(2,(#541,#542,#543,#544,#545,#546
,#547),.UNSPECIFIED.,.T.,.F.) B_SPLINE_CURVE_WITH_KNOTS((1,2,2,2,2,1),(
    -2.094395102393,0.,2.094395102393,4.188790204786,6.28318530718,
8.377580409573),.UNSPECIFIED.) CURVE() GEOMETRIC_REPRESENTATION_ITEM() 
RATIONAL_B_SPLINE_CURVE((1.,0.5,1.,0.5,1.,0.5,1.)) REPRESENTATION_ITEM(
  '') );
#541 = CARTESIAN_POINT('',(-19.99997105933,-16.25000000033));
#542 = CARTESIAN_POINT('',(-26.49536209973,-16.24984961559));
#543 = CARTESIAN_POINT('',(-23.24753634253,-10.62475115946));
#544 = CARTESIAN_POINT('',(-19.99971058533,-4.999652703339));
#545 = CARTESIAN_POINT('',(-16.75214530213,-10.6249015442));
#546 = CARTESIAN_POINT('',(-13.50458001894,-16.25015038507));
#547 = CARTESIAN_POINT('',(-19.99997105933,-16.25000000033));
#548 = ( GEOMETRIC_REPRESENTATION_CONTEXT(2) 
PARAMETRIC_REPRESENTATION_CONTEXT() REPRESENTATION_CONTEXT('2D SPACE',''
  ) );
#549 = ORIENTED_EDGE('',*,*,#550,.F.);
#550 = EDGE_CURVE('',#551,#514,#553,.T.);
#551 = VERTEX_POINT('',#552);
#552 = CARTESIAN_POINT('',(100.00002894066,-108.7500000003,0.));
#553 = SURFACE_CURVE('',#554,(#559,#570),.PCURVE_S1.);
#554 = CIRCLE('',#555,3.75011576667);
#555 = AXIS2_PLACEMENT_3D('',#556,#557,#558);
#556 = CARTESIAN_POINT('',(100.00011576533,-104.9998842346,0.));
#557 = DIRECTION('',(0.,0.,-1.));
#558 = DIRECTION('',(-2.31525299844E-05,-0.999999999732,-0.));
#559 = PCURVE('',#159,#560);
#560 = DEFINITIONAL_REPRESENTATION('',(#561),#569);
#561 = ( BOUNDED_CURVE() B_SPLINE_CURVE(2,(#562,#563,#564,#565,#566,#567
,#568),.UNSPECIFIED.,.T.,.F.) B_SPLINE_CURVE_WITH_KNOTS((1,2,2,2,2,1),(
    -2.094395102393,0.,2.094395102393,4.188790204786,6.28318530718,
8.377580409573),.UNSPECIFIED.) CURVE() GEOMETRIC_REPRESENTATION_ITEM() 
RATIONAL_B_SPLINE_CURVE((1.,0.5,1.,0.5,1.,0.5,1.)) REPRESENTATION_ITEM(
  '') );
#562 = CARTESIAN_POINT('',(-19.99997105933,-16.25000000033));
#563 = CARTESIAN_POINT('',(-26.49536209973,-16.24984961559));
#564 = CARTESIAN_POINT('',(-23.24753634253,-10.62475115946));
#565 = CARTESIAN_POINT('',(-19.99971058533,-4.999652703339));
#566 = CARTESIAN_POINT('',(-16.75214530213,-10.6249015442));
#567 = CARTESIAN_POINT('',(-13.50458001894,-16.25015038507));
#568 = CARTESIAN_POINT('',(-19.99997105933,-16.25000000033));
#569 = ( GEOMETRIC_REPRESENTATION_CONTEXT(2) 
PARAMETRIC_REPRESENTATION_CONTEXT() REPRESENTATION_CONTEXT('2D SPACE',''
  ) );
#570 = PCURVE('',#571,#576);
#571 = PLANE('',#572);
#572 = AXIS2_PLACEMENT_3D('',#573,#574,#575);
#573 = CARTESIAN_POINT('',(120.,-92.5,0.));
#574 = DIRECTION('',(0.,0.,1.));
#575 = DIRECTION('',(1.,0.,-0.));
#576 = DEFINITIONAL_REPRESENTATION('',(#577),#585);
#577 = ( BOUNDED_CURVE() B_SPLINE_CURVE(2,(#578,#579,#580,#581,#582,#583
,#584),.UNSPECIFIED.,.T.,.F.) B_SPLINE_CURVE_WITH_KNOTS((1,2,2,2,2,1),(
    -2.094395102393,0.,2.094395102393,4.188790204786,6.28318530718,
8.377580409573),.UNSPECIFIED.) CURVE() GEOMETRIC_REPRESENTATION_ITEM() 
RATIONAL_B_SPLINE_CURVE((1.,0.5,1.,0.5,1.,0.5,1.)) REPRESENTATION_ITEM(
  '') );
#578 = CARTESIAN_POINT('',(-19.99997105933,-16.25000000033));
#579 = CARTESIAN_POINT('',(-26.49536209973,-16.24984961559));
#580 = CARTESIAN_POINT('',(-23.24753634253,-10.62475115946));
#581 = CARTESIAN_POINT('',(-19.99971058533,-4.999652703339));
#582 = CARTESIAN_POINT('',(-16.75214530213,-10.6249015442));
#583 = CARTESIAN_POINT('',(-13.50458001894,-16.25015038507));
#584 = CARTESIAN_POINT('',(-19.99997105933,-16.25000000033));
#585 = ( GEOMETRIC_REPRESENTATION_CONTEXT(2) 
PARAMETRIC_REPRESENTATION_CONTEXT() REPRESENTATION_CONTEXT('2D SPACE',''
  ) );
#586 = ORIENTED_EDGE('',*,*,#587,.F.);
#587 = EDGE_CURVE('',#588,#551,#590,.T.);
#588 = VERTEX_POINT('',#589);
#589 = CARTESIAN_POINT('',(139.99997105933,-108.7500000003,0.));
#590 = SURFACE_CURVE('',#591,(#595,#602),.PCURVE_S1.);
#591 = LINE('',#592,#593);
#592 = CARTESIAN_POINT('',(140.,-108.75,0.));
#593 = VECTOR('',#594,1.);
#594 = DIRECTION('',(-1.,0.,0.));
#595 = PCURVE('',#159,#596);
#596 = DEFINITIONAL_REPRESENTATION('',(#597),#601);
#597 = LINE('',#598,#599);
#598 = CARTESIAN_POINT('',(20.,-16.25));
#599 = VECTOR('',#600,1.);
#600 = DIRECTION('',(-1.,0.));
#601 = ( GEOMETRIC_REPRESENTATION_CONTEXT(2) 
PARAMETRIC_REPRESENTATION_CONTEXT() REPRESENTATION_CONTEXT('2D SPACE',''
  ) );
#602 = PCURVE('',#603,#608);
#603 = PLANE('',#604);
#604 = AXIS2_PLACEMENT_3D('',#605,#606,#607);
#605 = CARTESIAN_POINT('',(120.,-92.5,0.));
#606 = DIRECTION('',(0.,0.,1.));
#607 = DIRECTION('',(1.,0.,-0.));
#608 = DEFINITIONAL_REPRESENTATION('',(#609),#613);
#609 = LINE('',#610,#611);
#610 = CARTESIAN_POINT('',(20.,-16.25));
#611 = VECTOR('',#612,1.);
#612 = DIRECTION('',(-1.,0.));
#613 = ( GEOMETRIC_REPRESENTATION_CONTEXT(2) 
PARAMETRIC_REPRESENTATION_CONTEXT() REPRESENTATION_CONTEXT('2D SPACE',''
  ) );
#614 = ORIENTED_EDGE('',*,*,#615,.F.);
#615 = EDGE_CURVE('',#616,#588,#618,.T.);
#616 = VERTEX_POINT('',#617);
#617 = CARTESIAN_POINT('',(140.,-108.75,0.));
#618 = SURFACE_CURVE('',#619,(#623,#630),.PCURVE_S1.);
#619 = LINE('',#620,#621);
#620 = CARTESIAN_POINT('',(140.,-108.75,0.));
#621 = VECTOR('',#622,1.);
#622 = DIRECTION('',(-1.,0.,0.));
#623 = PCURVE('',#159,#624);
#624 = DEFINITIONAL_REPRESENTATION('',(#625),#629);
#625 = LINE('',#626,#627);
#626 = CARTESIAN_POINT('',(20.,-16.25));
#627 = VECTOR('',#628,1.);
#628 = DIRECTION('',(-1.,0.));
#629 = ( GEOMETRIC_REPRESENTATION_CONTEXT(2) 
PARAMETRIC_REPRESENTATION_CONTEXT() REPRESENTATION_CONTEXT('2D SPACE',''
  ) );
#630 = PCURVE('',#631,#636);
#631 = PLANE('',#632);
#632 = AXIS2_PLACEMENT_3D('',#633,#634,#635);
#633 = CARTESIAN_POINT('',(120.,-92.5,0.));
#634 = DIRECTION('',(0.,0.,1.));
#635 = DIRECTION('',(1.,0.,-0.));
#636 = DEFINITIONAL_REPRESENTATION('',(#637),#641);
#637 = LINE('',#638,#639);
#638 = CARTESIAN_POINT('',(20.,-16.25));
#639 = VECTOR('',#640,1.);
#640 = DIRECTION('',(-1.,0.));
#641 = ( GEOMETRIC_REPRESENTATION_CONTEXT(2) 
PARAMETRIC_REPRESENTATION_CONTEXT() REPRESENTATION_CONTEXT('2D SPACE',''
  ) );
#642 = ORIENTED_EDGE('',*,*,#643,.F.);
#643 = EDGE_CURVE('',#644,#616,#646,.T.);
#644 = VERTEX_POINT('',#645);
#645 = CARTESIAN_POINT('',(143.75,-105.,0.));
#646 = SURFACE_CURVE('',#647,(#652,#663),.PCURVE_S1.);
#647 = CIRCLE('',#648,3.75011576667);
#648 = AXIS2_PLACEMENT_3D('',#649,#650,#651);
#649 = CARTESIAN_POINT('',(139.99988423467,-104.9998842346,0.));
#650 = DIRECTION('',(0.,0.,-1.));
#651 = DIRECTION('',(0.999999999732,-2.315252988588E-05,0.));
#652 = PCURVE('',#159,#653);
#653 = DEFINITIONAL_REPRESENTATION('',(#654),#662);
#654 = ( BOUNDED_CURVE() B_SPLINE_CURVE(2,(#655,#656,#657,#658,#659,#660
,#661),.UNSPECIFIED.,.T.,.F.) B_SPLINE_CURVE_WITH_KNOTS((1,2,2,2,2,1),(
    -2.094395102393,0.,2.094395102393,4.188790204786,6.28318530718,
8.377580409573),.UNSPECIFIED.) CURVE() GEOMETRIC_REPRESENTATION_ITEM() 
RATIONAL_B_SPLINE_CURVE((1.,0.5,1.,0.5,1.,0.5,1.)) REPRESENTATION_ITEM(
  '') );
#655 = CARTESIAN_POINT('',(23.750000000335,-12.49997105933));
#656 = CARTESIAN_POINT('',(23.7498496156,-18.99536209973));
#657 = CARTESIAN_POINT('',(18.12475115947,-15.74753634253));
#658 = CARTESIAN_POINT('',(12.499652703341,-12.49971058533));
#659 = CARTESIAN_POINT('',(18.124901544206,-9.252145302138));
#660 = CARTESIAN_POINT('',(23.75015038507,-6.004580018941));
#661 = CARTESIAN_POINT('',(23.750000000335,-12.49997105933));
#662 = ( GEOMETRIC_REPRESENTATION_CONTEXT(2) 
PARAMETRIC_REPRESENTATION_CONTEXT() REPRESENTATION_CONTEXT('2D SPACE',''
  ) );
#663 = PCURVE('',#664,#669);
#664 = PLANE('',#665);
#665 = AXIS2_PLACEMENT_3D('',#666,#667,#668);
#666 = CARTESIAN_POINT('',(120.,-92.5,0.));
#667 = DIRECTION('',(0.,0.,1.));
#668 = DIRECTION('',(1.,0.,-0.));
#669 = DEFINITIONAL_REPRESENTATION('',(#670),#678);
#670 = ( BOUNDED_CURVE() B_SPLINE_CURVE(2,(#671,#672,#673,#674,#675,#676
,#677),.UNSPECIFIED.,.T.,.F.) B_SPLINE_CURVE_WITH_KNOTS((1,2,2,2,2,1),(
    -2.094395102393,0.,2.094395102393,4.188790204786,6.28318530718,
8.377580409573),.UNSPECIFIED.) CURVE() GEOMETRIC_REPRESENTATION_ITEM() 
RATIONAL_B_SPLINE_CURVE((1.,0.5,1.,0.5,1.,0.5,1.)) REPRESENTATION_ITEM(
  '') );
#671 = CARTESIAN_POINT('',(23.750000000335,-12.49997105933));
#672 = CARTESIAN_POINT('',(23.7498496156,-18.99536209973));
#673 = CARTESIAN_POINT('',(18.12475115947,-15.74753634253));
#674 = CARTESIAN_POINT('',(12.499652703341,-12.49971058533));
#675 = CARTESIAN_POINT('',(18.124901544206,-9.252145302138));
#676 = CARTESIAN_POINT('',(23.75015038507,-6.004580018941));
#677 = CARTESIAN_POINT('',(23.750000000335,-12.49997105933));
#678 = ( GEOMETRIC_REPRESENTATION_CONTEXT(2) 
PARAMETRIC_REPRESENTATION_CONTEXT() REPRESENTATION_CONTEXT('2D SPACE',''
  ) );
#679 = ORIENTED_EDGE('',*,*,#680,.F.);
#680 = EDGE_CURVE('',#681,#644,#683,.T.);
#681 = VERTEX_POINT('',#682);
#682 = CARTESIAN_POINT('',(143.75000000033,-104.9999710593,0.));
#683 = SURFACE_CURVE('',#684,(#689,#696),.PCURVE_S1.);
#684 = CIRCLE('',#685,1.25);
#685 = AXIS2_PLACEMENT_3D('',#686,#687,#688);
#686 = CARTESIAN_POINT('',(145.,-105.,0.));
#687 = DIRECTION('',(0.,0.,1.));
#688 = DIRECTION('',(1.,0.,-0.));
#689 = PCURVE('',#159,#690);
#690 = DEFINITIONAL_REPRESENTATION('',(#691),#695);
#691 = CIRCLE('',#692,1.25);
#692 = AXIS2_PLACEMENT_2D('',#693,#694);
#693 = CARTESIAN_POINT('',(25.,-12.5));
#694 = DIRECTION('',(1.,0.));
#695 = ( GEOMETRIC_REPRESENTATION_CONTEXT(2) 
PARAMETRIC_REPRESENTATION_CONTEXT() REPRESENTATION_CONTEXT('2D SPACE',''
  ) );
#696 = PCURVE('',#697,#702);
#697 = PLANE('',#698);
#698 = AXIS2_PLACEMENT_3D('',#699,#700,#701);
#699 = CARTESIAN_POINT('',(120.,-92.5,0.));
#700 = DIRECTION('',(0.,0.,1.));
#701 = DIRECTION('',(1.,0.,-0.));
#702 = DEFINITIONAL_REPRESENTATION('',(#703),#707);
#703 = CIRCLE('',#704,1.25);
#704 = AXIS2_PLACEMENT_2D('',#705,#706);
#705 = CARTESIAN_POINT('',(25.,-12.5));
#706 = DIRECTION('',(1.,0.));
#707 = ( GEOMETRIC_REPRESENTATION_CONTEXT(2) 
PARAMETRIC_REPRESENTATION_CONTEXT() REPRESENTATION_CONTEXT('2D SPACE',''
  ) );
#708 = ORIENTED_EDGE('',*,*,#709,.F.);
#709 = EDGE_CURVE('',#710,#681,#712,.T.);
#710 = VERTEX_POINT('',#711);
#711 = CARTESIAN_POINT('',(143.75000000033,-80.00002894066,0.));
#712 = SURFACE_CURVE('',#713,(#717,#724),.PCURVE_S1.);
#713 = LINE('',#714,#715);
#714 = CARTESIAN_POINT('',(143.75,-80.,0.));
#715 = VECTOR('',#716,1.);
#716 = DIRECTION('',(0.,-1.,0.));
#717 = PCURVE('',#159,#718);
#718 = DEFINITIONAL_REPRESENTATION('',(#719),#723);
#719 = LINE('',#720,#721);
#720 = CARTESIAN_POINT('',(23.75,12.5));
#721 = VECTOR('',#722,1.);
#722 = DIRECTION('',(0.,-1.));
#723 = ( GEOMETRIC_REPRESENTATION_CONTEXT(2) 
PARAMETRIC_REPRESENTATION_CONTEXT() REPRESENTATION_CONTEXT('2D SPACE',''
  ) );
#724 = PCURVE('',#725,#730);
#725 = PLANE('',#726);
#726 = AXIS2_PLACEMENT_3D('',#727,#728,#729);
#727 = CARTESIAN_POINT('',(120.,-92.5,0.));
#728 = DIRECTION('',(0.,0.,1.));
#729 = DIRECTION('',(1.,0.,-0.));
#730 = DEFINITIONAL_REPRESENTATION('',(#731),#735);
#731 = LINE('',#732,#733);
#732 = CARTESIAN_POINT('',(23.75,12.5));
#733 = VECTOR('',#734,1.);
#734 = DIRECTION('',(0.,-1.));
#735 = ( GEOMETRIC_REPRESENTATION_CONTEXT(2) 
PARAMETRIC_REPRESENTATION_CONTEXT() REPRESENTATION_CONTEXT('2D SPACE',''
  ) );
#736 = ORIENTED_EDGE('',*,*,#737,.F.);
#737 = EDGE_CURVE('',#738,#710,#740,.T.);
#738 = VERTEX_POINT('',#739);
#739 = CARTESIAN_POINT('',(143.75,-80.,0.));
#740 = SURFACE_CURVE('',#741,(#745,#752),.PCURVE_S1.);
#741 = LINE('',#742,#743);
#742 = CARTESIAN_POINT('',(143.75,-80.,0.));
#743 = VECTOR('',#744,1.);
#744 = DIRECTION('',(0.,-1.,0.));
#745 = PCURVE('',#159,#746);
#746 = DEFINITIONAL_REPRESENTATION('',(#747),#751);
#747 = LINE('',#748,#749);
#748 = CARTESIAN_POINT('',(23.75,12.5));
#749 = VECTOR('',#750,1.);
#750 = DIRECTION('',(0.,-1.));
#751 = ( GEOMETRIC_REPRESENTATION_CONTEXT(2) 
PARAMETRIC_REPRESENTATION_CONTEXT() REPRESENTATION_CONTEXT('2D SPACE',''
  ) );
#752 = PCURVE('',#753,#758);
#753 = PLANE('',#754);
#754 = AXIS2_PLACEMENT_3D('',#755,#756,#757);
#755 = CARTESIAN_POINT('',(120.,-92.5,0.));
#756 = DIRECTION('',(0.,0.,1.));
#757 = DIRECTION('',(1.,0.,-0.));
#758 = DEFINITIONAL_REPRESENTATION('',(#759),#763);
#759 = LINE('',#760,#761);
#760 = CARTESIAN_POINT('',(23.75,12.5));
#761 = VECTOR('',#762,1.);
#762 = DIRECTION('',(0.,-1.));
#763 = ( GEOMETRIC_REPRESENTATION_CONTEXT(2) 
PARAMETRIC_REPRESENTATION_CONTEXT() REPRESENTATION_CONTEXT('2D SPACE',''
  ) );
#764 = ORIENTED_EDGE('',*,*,#765,.F.);
#765 = EDGE_CURVE('',#766,#738,#768,.T.);
#766 = VERTEX_POINT('',#767);
#767 = CARTESIAN_POINT('',(140.,-76.25,0.));
#768 = SURFACE_CURVE('',#769,(#774,#785),.PCURVE_S1.);
#769 = CIRCLE('',#770,3.750115766671);
#770 = AXIS2_PLACEMENT_3D('',#771,#772,#773);
#771 = CARTESIAN_POINT('',(139.99988423466,-80.00011576533,0.));
#772 = DIRECTION('',(0.,0.,-1.));
#773 = DIRECTION('',(2.315253013597E-05,0.999999999732,0.));
#774 = PCURVE('',#159,#775);
#775 = DEFINITIONAL_REPRESENTATION('',(#776),#784);
#776 = ( BOUNDED_CURVE() B_SPLINE_CURVE(2,(#777,#778,#779,#780,#781,#782
,#783),.UNSPECIFIED.,.T.,.F.) B_SPLINE_CURVE_WITH_KNOTS((1,2,2,2,2,1),(
    -2.094395102393,0.,2.094395102393,4.188790204786,6.28318530718,
8.377580409573),.UNSPECIFIED.) CURVE() GEOMETRIC_REPRESENTATION_ITEM() 
RATIONAL_B_SPLINE_CURVE((1.,0.5,1.,0.5,1.,0.5,1.)) REPRESENTATION_ITEM(
  '') );
#777 = CARTESIAN_POINT('',(19.999971059337,16.250000000335));
#778 = CARTESIAN_POINT('',(26.495362099736,16.249849615598));
#779 = CARTESIAN_POINT('',(23.247536342534,10.624751159467));
#780 = CARTESIAN_POINT('',(19.999710585332,4.999652703336));
#781 = CARTESIAN_POINT('',(16.752145302136,10.624901544204));
#782 = CARTESIAN_POINT('',(13.504580018939,16.250150385071));
#783 = CARTESIAN_POINT('',(19.999971059337,16.250000000335));
#784 = ( GEOMETRIC_REPRESENTATION_CONTEXT(2) 
PARAMETRIC_REPRESENTATION_CONTEXT() REPRESENTATION_CONTEXT('2D SPACE',''
  ) );
#785 = PCURVE('',#786,#791);
#786 = PLANE('',#787);
#787 = AXIS2_PLACEMENT_3D('',#788,#789,#790);
#788 = CARTESIAN_POINT('',(120.,-92.5,0.));
#789 = DIRECTION('',(0.,0.,1.));
#790 = DIRECTION('',(1.,0.,-0.));
#791 = DEFINITIONAL_REPRESENTATION('',(#792),#800);
#792 = ( BOUNDED_CURVE() B_SPLINE_CURVE(2,(#793,#794,#795,#796,#797,#798
,#799),.UNSPECIFIED.,.T.,.F.) B_SPLINE_CURVE_WITH_KNOTS((1,2,2,2,2,1),(
    -2.094395102393,0.,2.094395102393,4.188790204786,6.28318530718,
8.377580409573),.UNSPECIFIED.) CURVE() GEOMETRIC_REPRESENTATION_ITEM() 
RATIONAL_B_SPLINE_CURVE((1.,0.5,1.,0.5,1.,0.5,1.)) REPRESENTATION_ITEM(
  '') );
#793 = CARTESIAN_POINT('',(19.999971059337,16.250000000335));
#794 = CARTESIAN_POINT('',(26.495362099736,16.249849615598));
#795 = CARTESIAN_POINT('',(23.247536342534,10.624751159467));
#796 = CARTESIAN_POINT('',(19.999710585332,4.999652703336));
#797 = CARTESIAN_POINT('',(16.752145302136,10.624901544204));
#798 = CARTESIAN_POINT('',(13.504580018939,16.250150385071));
#799 = CARTESIAN_POINT('',(19.999971059337,16.250000000335));
#800 = ( GEOMETRIC_REPRESENTATION_CONTEXT(2) 
PARAMETRIC_REPRESENTATION_CONTEXT() REPRESENTATION_CONTEXT('2D SPACE',''
  ) );
#801 = ORIENTED_EDGE('',*,*,#802,.F.);
#802 = EDGE_CURVE('',#404,#766,#803,.T.);
#803 = SURFACE_CURVE('',#804,(#809,#820),.PCURVE_S1.);
#804 = CIRCLE('',#805,3.750115766671);
#805 = AXIS2_PLACEMENT_3D('',#806,#807,#808);
#806 = CARTESIAN_POINT('',(139.99988423466,-80.00011576533,0.));
#807 = DIRECTION('',(0.,0.,-1.));
#808 = DIRECTION('',(2.315253013597E-05,0.999999999732,0.));
#809 = PCURVE('',#159,#810);
#810 = DEFINITIONAL_REPRESENTATION('',(#811),#819);
#811 = ( BOUNDED_CURVE() B_SPLINE_CURVE(2,(#812,#813,#814,#815,#816,#817
,#818),.UNSPECIFIED.,.T.,.F.) B_SPLINE_CURVE_WITH_KNOTS((1,2,2,2,2,1),(
    -2.094395102393,0.,2.094395102393,4.188790204786,6.28318530718,
8.377580409573),.UNSPECIFIED.) CURVE() GEOMETRIC_REPRESENTATION_ITEM() 
RATIONAL_B_SPLINE_CURVE((1.,0.5,1.,0.5,1.,0.5,1.)) REPRESENTATION_ITEM(
  '') );
#812 = CARTESIAN_POINT('',(19.999971059337,16.250000000335));
#813 = CARTESIAN_POINT('',(26.495362099736,16.249849615598));
#814 = CARTESIAN_POINT('',(23.247536342534,10.624751159467));
#815 = CARTESIAN_POINT('',(19.999710585332,4.999652703336));
#816 = CARTESIAN_POINT('',(16.752145302136,10.624901544204));
#817 = CARTESIAN_POINT('',(13.504580018939,16.250150385071));
#818 = CARTESIAN_POINT('',(19.999971059337,16.250000000335));
#819 = ( GEOMETRIC_REPRESENTATION_CONTEXT(2) 
PARAMETRIC_REPRESENTATION_CONTEXT() REPRESENTATION_CONTEXT('2D SPACE',''
  ) );
#820 = PCURVE('',#821,#826);
#821 = PLANE('',#822);
#822 = AXIS2_PLACEMENT_3D('',#823,#824,#825);
#823 = CARTESIAN_POINT('',(120.,-92.5,0.));
#824 = DIRECTION('',(0.,0.,1.));
#825 = DIRECTION('',(1.,0.,-0.));
#826 = DEFINITIONAL_REPRESENTATION('',(#827),#835);
#827 = ( BOUNDED_CURVE() B_SPLINE_CURVE(2,(#828,#829,#830,#831,#832,#833
,#834),.UNSPECIFIED.,.T.,.F.) B_SPLINE_CURVE_WITH_KNOTS((1,2,2,2,2,1),(
    -2.094395102393,0.,2.094395102393,4.188790204786,6.28318530718,
8.377580409573),.UNSPECIFIED.) CURVE() GEOMETRIC_REPRESENTATION_ITEM() 
RATIONAL_B_SPLINE_CURVE((1.,0.5,1.,0.5,1.,0.5,1.)) REPRESENTATION_ITEM(
  '') );
#828 = CARTESIAN_POINT('',(19.999971059337,16.250000000335));
#829 = CARTESIAN_POINT('',(26.495362099736,16.249849615598));
#830 = CARTESIAN_POINT('',(23.247536342534,10.624751159467));
#831 = CARTESIAN_POINT('',(19.999710585332,4.999652703336));
#832 = CARTESIAN_POINT('',(16.752145302136,10.624901544204));
#833 = CARTESIAN_POINT('',(13.504580018939,16.250150385071));
#834 = CARTESIAN_POINT('',(19.999971059337,16.250000000335));
#835 = ( GEOMETRIC_REPRESENTATION_CONTEXT(2) 
PARAMETRIC_REPRESENTATION_CONTEXT() REPRESENTATION_CONTEXT('2D SPACE',''
  ) );
#836 = ADVANCED_FACE('',(#837),#221,.F.);
#837 = FACE_BOUND('',#838,.F.);
#838 = EDGE_LOOP('',(#839,#840,#869));
#839 = ORIENTED_EDGE('',*,*,#204,.T.);
#840 = ORIENTED_EDGE('',*,*,#841,.T.);
#841 = EDGE_CURVE('',#176,#842,#844,.T.);
#842 = VERTEX_POINT('',#843);
#843 = CARTESIAN_POINT('',(94.999998740082,-79.99999999998,0.));
#844 = SURFACE_CURVE('',#845,(#850,#857),.PCURVE_S1.);
#845 = CIRCLE('',#846,5.000115766671);
#846 = AXIS2_PLACEMENT_3D('',#847,#848,#849);
#847 = CARTESIAN_POINT('',(100.00011576533,-80.00011576533,0.));
#848 = DIRECTION('',(0.,0.,1.));
#849 = DIRECTION('',(-2.31525300912E-05,0.999999999732,0.));
#850 = PCURVE('',#221,#851);
#851 = DEFINITIONAL_REPRESENTATION('',(#852),#856);
#852 = CIRCLE('',#853,5.000115766671);
#853 = AXIS2_PLACEMENT_2D('',#854,#855);
#854 = CARTESIAN_POINT('',(-19.99988423466,12.499884234669));
#855 = DIRECTION('',(-2.31525300912E-05,0.999999999732));
#856 = ( GEOMETRIC_REPRESENTATION_CONTEXT(2) 
PARAMETRIC_REPRESENTATION_CONTEXT() REPRESENTATION_CONTEXT('2D SPACE',''
  ) );
#857 = PCURVE('',#858,#863);
#858 = PLANE('',#859);
#859 = AXIS2_PLACEMENT_3D('',#860,#861,#862);
#860 = CARTESIAN_POINT('',(95.,-80.,0.));
#861 = DIRECTION('',(0.,0.,1.));
#862 = DIRECTION('',(1.,0.,-0.));
#863 = DEFINITIONAL_REPRESENTATION('',(#864),#868);
#864 = CIRCLE('',#865,5.000115766671);
#865 = AXIS2_PLACEMENT_2D('',#866,#867);
#866 = CARTESIAN_POINT('',(5.000115765331,-1.157653307473E-04));
#867 = DIRECTION('',(-2.31525300912E-05,0.999999999732));
#868 = ( GEOMETRIC_REPRESENTATION_CONTEXT(2) 
PARAMETRIC_REPRESENTATION_CONTEXT() REPRESENTATION_CONTEXT('2D SPACE',''
  ) );
#869 = ORIENTED_EDGE('',*,*,#870,.F.);
#870 = EDGE_CURVE('',#205,#842,#871,.T.);
#871 = SURFACE_CURVE('',#872,(#876,#883),.PCURVE_S1.);
#872 = LINE('',#873,#874);
#873 = CARTESIAN_POINT('',(96.25,-80.,0.));
#874 = VECTOR('',#875,1.);
#875 = DIRECTION('',(-1.,0.,0.));
#876 = PCURVE('',#221,#877);
#877 = DEFINITIONAL_REPRESENTATION('',(#878),#882);
#878 = LINE('',#879,#880);
#879 = CARTESIAN_POINT('',(-23.75,12.5));
#880 = VECTOR('',#881,1.);
#881 = DIRECTION('',(-1.,0.));
#882 = ( GEOMETRIC_REPRESENTATION_CONTEXT(2) 
PARAMETRIC_REPRESENTATION_CONTEXT() REPRESENTATION_CONTEXT('2D SPACE',''
  ) );
#883 = PCURVE('',#445,#884);
#884 = DEFINITIONAL_REPRESENTATION('',(#885),#889);
#885 = LINE('',#886,#887);
#886 = CARTESIAN_POINT('',(-23.75,12.5));
#887 = VECTOR('',#888,1.);
#888 = DIRECTION('',(-1.,0.));
#889 = ( GEOMETRIC_REPRESENTATION_CONTEXT(2) 
PARAMETRIC_REPRESENTATION_CONTEXT() REPRESENTATION_CONTEXT('2D SPACE',''
  ) );
#890 = ADVANCED_FACE('',(#891),#192,.F.);
#891 = FACE_BOUND('',#892,.F.);
#892 = EDGE_LOOP('',(#893,#894,#923,#945,#946));
#893 = ORIENTED_EDGE('',*,*,#295,.F.);
#894 = ORIENTED_EDGE('',*,*,#895,.T.);
#895 = EDGE_CURVE('',#268,#896,#898,.T.);
#896 = VERTEX_POINT('',#897);
#897 = CARTESIAN_POINT('',(93.750000000335,-79.99997105933,0.));
#898 = SURFACE_CURVE('',#899,(#904,#911),.PCURVE_S1.);
#899 = CIRCLE('',#900,6.250115766671);
#900 = AXIS2_PLACEMENT_3D('',#901,#902,#903);
#901 = CARTESIAN_POINT('',(100.00011576533,-80.00011576533,0.));
#902 = DIRECTION('',(0.,0.,1.));
#903 = DIRECTION('',(-2.315253009843E-05,0.999999999732,0.));
#904 = PCURVE('',#192,#905);
#905 = DEFINITIONAL_REPRESENTATION('',(#906),#910);
#906 = CIRCLE('',#907,6.250115766671);
#907 = AXIS2_PLACEMENT_2D('',#908,#909);
#908 = CARTESIAN_POINT('',(3.108596225007,-3.108596225007));
#909 = DIRECTION('',(-2.315253009843E-05,0.999999999732));
#910 = ( GEOMETRIC_REPRESENTATION_CONTEXT(2) 
PARAMETRIC_REPRESENTATION_CONTEXT() REPRESENTATION_CONTEXT('2D SPACE',''
  ) );
#911 = PCURVE('',#912,#917);
#912 = CYLINDRICAL_SURFACE('',#913,6.250115766671);
#913 = AXIS2_PLACEMENT_3D('',#914,#915,#916);
#914 = CARTESIAN_POINT('',(100.00011576533,-80.00011576533,0.));
#915 = DIRECTION('',(-0.,-0.,-1.));
#916 = DIRECTION('',(-2.315253009843E-05,0.999999999732,0.));
#917 = DEFINITIONAL_REPRESENTATION('',(#918),#922);
#918 = LINE('',#919,#920);
#919 = CARTESIAN_POINT('',(-0.,0.));
#920 = VECTOR('',#921,1.);
#921 = DIRECTION('',(-1.,0.));
#922 = ( GEOMETRIC_REPRESENTATION_CONTEXT(2) 
PARAMETRIC_REPRESENTATION_CONTEXT() REPRESENTATION_CONTEXT('2D SPACE',''
  ) );
#923 = ORIENTED_EDGE('',*,*,#924,.F.);
#924 = EDGE_CURVE('',#176,#896,#925,.T.);
#925 = SURFACE_CURVE('',#926,(#931,#938),.PCURVE_S1.);
#926 = CIRCLE('',#927,1.25);
#927 = AXIS2_PLACEMENT_3D('',#928,#929,#930);
#928 = CARTESIAN_POINT('',(95.,-80.,0.));
#929 = DIRECTION('',(0.,0.,1.));
#930 = DIRECTION('',(1.,0.,-0.));
#931 = PCURVE('',#192,#932);
#932 = DEFINITIONAL_REPRESENTATION('',(#933),#937);
#933 = CIRCLE('',#934,1.25);
#934 = AXIS2_PLACEMENT_2D('',#935,#936);
#935 = CARTESIAN_POINT('',(-1.891519540323,-3.108480459677));
#936 = DIRECTION('',(1.,0.));
#937 = ( GEOMETRIC_REPRESENTATION_CONTEXT(2) 
PARAMETRIC_REPRESENTATION_CONTEXT() REPRESENTATION_CONTEXT('2D SPACE',''
  ) );
#938 = PCURVE('',#858,#939);
#939 = DEFINITIONAL_REPRESENTATION('',(#940),#944);
#940 = CIRCLE('',#941,1.25);
#941 = AXIS2_PLACEMENT_2D('',#942,#943);
#942 = CARTESIAN_POINT('',(-1.42108547152E-14,0.));
#943 = DIRECTION('',(1.,0.));
#944 = ( GEOMETRIC_REPRESENTATION_CONTEXT(2) 
PARAMETRIC_REPRESENTATION_CONTEXT() REPRESENTATION_CONTEXT('2D SPACE',''
  ) );
#945 = ORIENTED_EDGE('',*,*,#175,.F.);
#946 = ORIENTED_EDGE('',*,*,#319,.F.);
#947 = ADVANCED_FACE('',(#948),#283,.F.);
#948 = FACE_BOUND('',#949,.F.);
#949 = EDGE_LOOP('',(#950,#951,#974));
#950 = ORIENTED_EDGE('',*,*,#267,.F.);
#951 = ORIENTED_EDGE('',*,*,#952,.F.);
#952 = EDGE_CURVE('',#953,#22,#955,.T.);
#953 = VERTEX_POINT('',#954);
#954 = CARTESIAN_POINT('',(100.,-73.75,0.));
#955 = SURFACE_CURVE('',#956,(#960,#967),.PCURVE_S1.);
#956 = LINE('',#957,#958);
#957 = CARTESIAN_POINT('',(100.,-73.75,0.));
#958 = VECTOR('',#959,1.);
#959 = DIRECTION('',(0.,-1.,0.));
#960 = PCURVE('',#283,#961);
#961 = DEFINITIONAL_REPRESENTATION('',(#962),#966);
#962 = LINE('',#963,#964);
#963 = CARTESIAN_POINT('',(-2.84217094304E-14,1.25));
#964 = VECTOR('',#965,1.);
#965 = DIRECTION('',(0.,-1.));
#966 = ( GEOMETRIC_REPRESENTATION_CONTEXT(2) 
PARAMETRIC_REPRESENTATION_CONTEXT() REPRESENTATION_CONTEXT('2D SPACE',''
  ) );
#967 = PCURVE('',#360,#968);
#968 = DEFINITIONAL_REPRESENTATION('',(#969),#973);
#969 = LINE('',#970,#971);
#970 = CARTESIAN_POINT('',(-2.84217094304E-14,1.25));
#971 = VECTOR('',#972,1.);
#972 = DIRECTION('',(0.,-1.));
#973 = ( GEOMETRIC_REPRESENTATION_CONTEXT(2) 
PARAMETRIC_REPRESENTATION_CONTEXT() REPRESENTATION_CONTEXT('2D SPACE',''
  ) );
#974 = ORIENTED_EDGE('',*,*,#975,.T.);
#975 = EDGE_CURVE('',#953,#268,#976,.T.);
#976 = SURFACE_CURVE('',#977,(#982,#989),.PCURVE_S1.);
#977 = CIRCLE('',#978,1.25);
#978 = AXIS2_PLACEMENT_3D('',#979,#980,#981);
#979 = CARTESIAN_POINT('',(100.,-75.,0.));
#980 = DIRECTION('',(0.,0.,1.));
#981 = DIRECTION('',(1.,0.,-0.));
#982 = PCURVE('',#283,#983);
#983 = DEFINITIONAL_REPRESENTATION('',(#984),#988);
#984 = CIRCLE('',#985,1.25);
#985 = AXIS2_PLACEMENT_2D('',#986,#987);
#986 = CARTESIAN_POINT('',(-2.84217094304E-14,0.));
#987 = DIRECTION('',(1.,0.));
#988 = ( GEOMETRIC_REPRESENTATION_CONTEXT(2) 
PARAMETRIC_REPRESENTATION_CONTEXT() REPRESENTATION_CONTEXT('2D SPACE',''
  ) );
#989 = PCURVE('',#990,#995);
#990 = CYLINDRICAL_SURFACE('',#991,1.25);
#991 = AXIS2_PLACEMENT_3D('',#992,#993,#994);
#992 = CARTESIAN_POINT('',(100.,-75.,0.));
#993 = DIRECTION('',(-0.,-0.,-1.));
#994 = DIRECTION('',(1.,0.,-0.));
#995 = DEFINITIONAL_REPRESENTATION('',(#996),#1000);
#996 = LINE('',#997,#998);
#997 = CARTESIAN_POINT('',(-0.,0.));
#998 = VECTOR('',#999,1.);
#999 = DIRECTION('',(-1.,0.));
#1000 = ( GEOMETRIC_REPRESENTATION_CONTEXT(2) 
PARAMETRIC_REPRESENTATION_CONTEXT() REPRESENTATION_CONTEXT('2D SPACE',''
  ) );
#1001 = ADVANCED_FACE('',(#1002),#360,.F.);
#1002 = FACE_BOUND('',#1003,.F.);
#1003 = EDGE_LOOP('',(#1004,#1005,#1006));
#1004 = ORIENTED_EDGE('',*,*,#952,.T.);
#1005 = ORIENTED_EDGE('',*,*,#344,.F.);
#1006 = ORIENTED_EDGE('',*,*,#1007,.T.);
#1007 = EDGE_CURVE('',#345,#953,#1008,.T.);
#1008 = SURFACE_CURVE('',#1009,(#1014,#1021),.PCURVE_S1.);
#1009 = CIRCLE('',#1010,1.25);
#1010 = AXIS2_PLACEMENT_3D('',#1011,#1012,#1013);
#1011 = CARTESIAN_POINT('',(100.,-75.,0.));
#1012 = DIRECTION('',(0.,0.,1.));
#1013 = DIRECTION('',(1.,0.,-0.));
#1014 = PCURVE('',#360,#1015);
#1015 = DEFINITIONAL_REPRESENTATION('',(#1016),#1020);
#1016 = CIRCLE('',#1017,1.25);
#1017 = AXIS2_PLACEMENT_2D('',#1018,#1019);
#1018 = CARTESIAN_POINT('',(-2.84217094304E-14,0.));
#1019 = DIRECTION('',(1.,0.));
#1020 = ( GEOMETRIC_REPRESENTATION_CONTEXT(2) 
PARAMETRIC_REPRESENTATION_CONTEXT() REPRESENTATION_CONTEXT('2D SPACE',''
  ) );
#1021 = PCURVE('',#1022,#1027);
#1022 = PLANE('',#1023);
#1023 = AXIS2_PLACEMENT_3D('',#1024,#1025,#1026);
#1024 = CARTESIAN_POINT('',(120.,-75.,0.));
#1025 = DIRECTION('',(0.,0.,1.));
#1026 = DIRECTION('',(1.,0.,-0.));
#1027 = DEFINITIONAL_REPRESENTATION('',(#1028),#1032);
#1028 = CIRCLE('',#1029,1.25);
#1029 = AXIS2_PLACEMENT_2D('',#1030,#1031);
#1030 = CARTESIAN_POINT('',(-20.,0.));
#1031 = DIRECTION('',(1.,0.));
#1032 = ( GEOMETRIC_REPRESENTATION_CONTEXT(2) 
PARAMETRIC_REPRESENTATION_CONTEXT() REPRESENTATION_CONTEXT('2D SPACE',''
  ) );
#1033 = ADVANCED_FACE('',(#1034),#388,.F.);
#1034 = FACE_BOUND('',#1035,.F.);
#1035 = EDGE_LOOP('',(#1036,#1059,#1060,#1061));
#1036 = ORIENTED_EDGE('',*,*,#1037,.T.);
#1037 = EDGE_CURVE('',#1038,#345,#1040,.T.);
#1038 = VERTEX_POINT('',#1039);
#1039 = CARTESIAN_POINT('',(138.75,-75.,0.));
#1040 = SURFACE_CURVE('',#1041,(#1045,#1052),.PCURVE_S1.);
#1041 = LINE('',#1042,#1043);
#1042 = CARTESIAN_POINT('',(140.,-75.,0.));
#1043 = VECTOR('',#1044,1.);
#1044 = DIRECTION('',(-1.,0.,0.));
#1045 = PCURVE('',#388,#1046);
#1046 = DEFINITIONAL_REPRESENTATION('',(#1047),#1051);
#1047 = LINE('',#1048,#1049);
#1048 = CARTESIAN_POINT('',(20.,17.5));
#1049 = VECTOR('',#1050,1.);
#1050 = DIRECTION('',(-1.,0.));
#1051 = ( GEOMETRIC_REPRESENTATION_CONTEXT(2) 
PARAMETRIC_REPRESENTATION_CONTEXT() REPRESENTATION_CONTEXT('2D SPACE',''
  ) );
#1052 = PCURVE('',#1022,#1053);
#1053 = DEFINITIONAL_REPRESENTATION('',(#1054),#1058);
#1054 = LINE('',#1055,#1056);
#1055 = CARTESIAN_POINT('',(20.,0.));
#1056 = VECTOR('',#1057,1.);
#1057 = DIRECTION('',(-1.,0.));
#1058 = ( GEOMETRIC_REPRESENTATION_CONTEXT(2) 
PARAMETRIC_REPRESENTATION_CONTEXT() REPRESENTATION_CONTEXT('2D SPACE',''
  ) );
#1059 = ORIENTED_EDGE('',*,*,#373,.F.);
#1060 = ORIENTED_EDGE('',*,*,#403,.T.);
#1061 = ORIENTED_EDGE('',*,*,#1062,.F.);
#1062 = EDGE_CURVE('',#1038,#404,#1063,.T.);
#1063 = SURFACE_CURVE('',#1064,(#1069,#1076),.PCURVE_S1.);
#1064 = CIRCLE('',#1065,1.25);
#1065 = AXIS2_PLACEMENT_3D('',#1066,#1067,#1068);
#1066 = CARTESIAN_POINT('',(140.,-75.,0.));
#1067 = DIRECTION('',(0.,0.,1.));
#1068 = DIRECTION('',(-1.,0.,-0.));
#1069 = PCURVE('',#388,#1070);
#1070 = DEFINITIONAL_REPRESENTATION('',(#1071),#1075);
#1071 = CIRCLE('',#1072,1.25);
#1072 = AXIS2_PLACEMENT_2D('',#1073,#1074);
#1073 = CARTESIAN_POINT('',(20.,17.5));
#1074 = DIRECTION('',(-1.,0.));
#1075 = ( GEOMETRIC_REPRESENTATION_CONTEXT(2) 
PARAMETRIC_REPRESENTATION_CONTEXT() REPRESENTATION_CONTEXT('2D SPACE',''
  ) );
#1076 = PCURVE('',#1077,#1082);
#1077 = PLANE('',#1078);
#1078 = AXIS2_PLACEMENT_3D('',#1079,#1080,#1081);
#1079 = CARTESIAN_POINT('',(120.,-92.5,0.));
#1080 = DIRECTION('',(0.,0.,1.));
#1081 = DIRECTION('',(1.,0.,-0.));
#1082 = DEFINITIONAL_REPRESENTATION('',(#1083),#1087);
#1083 = CIRCLE('',#1084,1.25);
#1084 = AXIS2_PLACEMENT_2D('',#1085,#1086);
#1085 = CARTESIAN_POINT('',(20.,17.5));
#1086 = DIRECTION('',(-1.,0.));
#1087 = ( GEOMETRIC_REPRESENTATION_CONTEXT(2) 
PARAMETRIC_REPRESENTATION_CONTEXT() REPRESENTATION_CONTEXT('2D SPACE',''
  ) );
#1088 = ADVANCED_FACE('',(#1089),#821,.F.);
#1089 = FACE_BOUND('',#1090,.F.);
#1090 = EDGE_LOOP('',(#1091,#1114,#1115));
#1091 = ORIENTED_EDGE('',*,*,#1092,.T.);
#1092 = EDGE_CURVE('',#1093,#404,#1095,.T.);
#1093 = VERTEX_POINT('',#1094);
#1094 = CARTESIAN_POINT('',(140.00000000001,-74.99999874499,0.));
#1095 = SURFACE_CURVE('',#1096,(#1100,#1107),.PCURVE_S1.);
#1096 = LINE('',#1097,#1098);
#1097 = CARTESIAN_POINT('',(140.00002894066,-73.75000000033,0.));
#1098 = VECTOR('',#1099,1.);
#1099 = DIRECTION('',(-2.315253013876E-05,-0.999999999732,0.));
#1100 = PCURVE('',#821,#1101);
#1101 = DEFINITIONAL_REPRESENTATION('',(#1102),#1106);
#1102 = LINE('',#1103,#1104);
#1103 = CARTESIAN_POINT('',(20.000028940663,18.749999999664));
#1104 = VECTOR('',#1105,1.);
#1105 = DIRECTION('',(-2.315253013876E-05,-0.999999999732));
#1106 = ( GEOMETRIC_REPRESENTATION_CONTEXT(2) 
PARAMETRIC_REPRESENTATION_CONTEXT() REPRESENTATION_CONTEXT('2D SPACE',''
  ) );
#1107 = PCURVE('',#1077,#1108);
#1108 = DEFINITIONAL_REPRESENTATION('',(#1109),#1113);
#1109 = LINE('',#1110,#1111);
#1110 = CARTESIAN_POINT('',(20.000028940663,18.749999999664));
#1111 = VECTOR('',#1112,1.);
#1112 = DIRECTION('',(-2.315253013876E-05,-0.999999999732));
#1113 = ( GEOMETRIC_REPRESENTATION_CONTEXT(2) 
PARAMETRIC_REPRESENTATION_CONTEXT() REPRESENTATION_CONTEXT('2D SPACE',''
  ) );
#1114 = ORIENTED_EDGE('',*,*,#802,.T.);
#1115 = ORIENTED_EDGE('',*,*,#1116,.T.);
#1116 = EDGE_CURVE('',#766,#1093,#1117,.T.);
#1117 = SURFACE_CURVE('',#1118,(#1122,#1129),.PCURVE_S1.);
#1118 = LINE('',#1119,#1120);
#1119 = CARTESIAN_POINT('',(140.,-76.25,0.));
#1120 = VECTOR('',#1121,1.);
#1121 = DIRECTION('',(0.,1.,0.));
#1122 = PCURVE('',#821,#1123);
#1123 = DEFINITIONAL_REPRESENTATION('',(#1124),#1128);
#1124 = LINE('',#1125,#1126);
#1125 = CARTESIAN_POINT('',(20.,16.25));
#1126 = VECTOR('',#1127,1.);
#1127 = DIRECTION('',(0.,1.));
#1128 = ( GEOMETRIC_REPRESENTATION_CONTEXT(2) 
PARAMETRIC_REPRESENTATION_CONTEXT() REPRESENTATION_CONTEXT('2D SPACE',''
  ) );
#1129 = PCURVE('',#1130,#1135);
#1130 = PLANE('',#1131);
#1131 = AXIS2_PLACEMENT_3D('',#1132,#1133,#1134);
#1132 = CARTESIAN_POINT('',(120.,-92.5,0.));
#1133 = DIRECTION('',(0.,0.,1.));
#1134 = DIRECTION('',(1.,0.,-0.));
#1135 = DEFINITIONAL_REPRESENTATION('',(#1136),#1140);
#1136 = LINE('',#1137,#1138);
#1137 = CARTESIAN_POINT('',(20.,16.25));
#1138 = VECTOR('',#1139,1.);
#1139 = DIRECTION('',(0.,1.));
#1140 = ( GEOMETRIC_REPRESENTATION_CONTEXT(2) 
PARAMETRIC_REPRESENTATION_CONTEXT() REPRESENTATION_CONTEXT('2D SPACE',''
  ) );
#1141 = ADVANCED_FACE('',(#1142),#786,.F.);
#1142 = FACE_BOUND('',#1143,.F.);
#1143 = EDGE_LOOP('',(#1144,#1168,#1169,#1198));
#1144 = ORIENTED_EDGE('',*,*,#1145,.F.);
#1145 = EDGE_CURVE('',#766,#1146,#1148,.T.);
#1146 = VERTEX_POINT('',#1147);
#1147 = CARTESIAN_POINT('',(141.240192765,-75.15627509601,0.));
#1148 = SURFACE_CURVE('',#1149,(#1154,#1161),.PCURVE_S1.);
#1149 = CIRCLE('',#1150,1.25);
#1150 = AXIS2_PLACEMENT_3D('',#1151,#1152,#1153);
#1151 = CARTESIAN_POINT('',(140.,-75.,0.));
#1152 = DIRECTION('',(0.,0.,1.));
#1153 = DIRECTION('',(-1.,0.,-0.));
#1154 = PCURVE('',#786,#1155);
#1155 = DEFINITIONAL_REPRESENTATION('',(#1156),#1160);
#1156 = CIRCLE('',#1157,1.25);
#1157 = AXIS2_PLACEMENT_2D('',#1158,#1159);
#1158 = CARTESIAN_POINT('',(20.,17.5));
#1159 = DIRECTION('',(-1.,0.));
#1160 = ( GEOMETRIC_REPRESENTATION_CONTEXT(2) 
PARAMETRIC_REPRESENTATION_CONTEXT() REPRESENTATION_CONTEXT('2D SPACE',''
  ) );
#1161 = PCURVE('',#1130,#1162);
#1162 = DEFINITIONAL_REPRESENTATION('',(#1163),#1167);
#1163 = CIRCLE('',#1164,1.25);
#1164 = AXIS2_PLACEMENT_2D('',#1165,#1166);
#1165 = CARTESIAN_POINT('',(20.,17.5));
#1166 = DIRECTION('',(-1.,0.));
#1167 = ( GEOMETRIC_REPRESENTATION_CONTEXT(2) 
PARAMETRIC_REPRESENTATION_CONTEXT() REPRESENTATION_CONTEXT('2D SPACE',''
  ) );
#1168 = ORIENTED_EDGE('',*,*,#765,.T.);
#1169 = ORIENTED_EDGE('',*,*,#1170,.F.);
#1170 = EDGE_CURVE('',#1171,#738,#1173,.T.);
#1171 = VERTEX_POINT('',#1172);
#1172 = CARTESIAN_POINT('',(144.84372490398,-78.75980723499,0.));
#1173 = SURFACE_CURVE('',#1174,(#1179,#1186),.PCURVE_S1.);
#1174 = CIRCLE('',#1175,1.25);
#1175 = AXIS2_PLACEMENT_3D('',#1176,#1177,#1178);
#1176 = CARTESIAN_POINT('',(145.,-80.,0.));
#1177 = DIRECTION('',(0.,0.,1.));
#1178 = DIRECTION('',(1.,0.,-0.));
#1179 = PCURVE('',#786,#1180);
#1180 = DEFINITIONAL_REPRESENTATION('',(#1181),#1185);
#1181 = CIRCLE('',#1182,1.25);
#1182 = AXIS2_PLACEMENT_2D('',#1183,#1184);
#1183 = CARTESIAN_POINT('',(25.,12.5));
#1184 = DIRECTION('',(1.,0.));
#1185 = ( GEOMETRIC_REPRESENTATION_CONTEXT(2) 
PARAMETRIC_REPRESENTATION_CONTEXT() REPRESENTATION_CONTEXT('2D SPACE',''
  ) );
#1186 = PCURVE('',#1187,#1192);
#1187 = PLANE('',#1188);
#1188 = AXIS2_PLACEMENT_3D('',#1189,#1190,#1191);
#1189 = CARTESIAN_POINT('',(120.,-92.5,0.));
#1190 = DIRECTION('',(0.,0.,1.));
#1191 = DIRECTION('',(1.,0.,-0.));
#1192 = DEFINITIONAL_REPRESENTATION('',(#1193),#1197);
#1193 = CIRCLE('',#1194,1.25);
#1194 = AXIS2_PLACEMENT_2D('',#1195,#1196);
#1195 = CARTESIAN_POINT('',(25.,12.5));
#1196 = DIRECTION('',(1.,0.));
#1197 = ( GEOMETRIC_REPRESENTATION_CONTEXT(2) 
PARAMETRIC_REPRESENTATION_CONTEXT() REPRESENTATION_CONTEXT('2D SPACE',''
  ) );
#1198 = ORIENTED_EDGE('',*,*,#1199,.T.);
#1199 = EDGE_CURVE('',#1171,#1146,#1200,.T.);
#1200 = SURFACE_CURVE('',#1201,(#1206,#1213),.PCURVE_S1.);
#1201 = CIRCLE('',#1202,5.000115766671);
#1202 = AXIS2_PLACEMENT_3D('',#1203,#1204,#1205);
#1203 = CARTESIAN_POINT('',(139.99988423466,-80.00011576533,0.));
#1204 = DIRECTION('',(0.,0.,1.));
#1205 = DIRECTION('',(0.999999999732,2.315253008835E-05,-0.));
#1206 = PCURVE('',#786,#1207);
#1207 = DEFINITIONAL_REPRESENTATION('',(#1208),#1212);
#1208 = CIRCLE('',#1209,5.000115766671);
#1209 = AXIS2_PLACEMENT_2D('',#1210,#1211);
#1210 = CARTESIAN_POINT('',(19.999884234669,12.499884234669));
#1211 = DIRECTION('',(0.999999999732,2.315253008835E-05));
#1212 = ( GEOMETRIC_REPRESENTATION_CONTEXT(2) 
PARAMETRIC_REPRESENTATION_CONTEXT() REPRESENTATION_CONTEXT('2D SPACE',''
  ) );
#1213 = PCURVE('',#1214,#1219);
#1214 = PLANE('',#1215);
#1215 = AXIS2_PLACEMENT_3D('',#1216,#1217,#1218);
#1216 = CARTESIAN_POINT('',(143.10848045967,-76.89151954032,0.));
#1217 = DIRECTION('',(0.,0.,1.));
#1218 = DIRECTION('',(1.,0.,-0.));
#1219 = DEFINITIONAL_REPRESENTATION('',(#1220),#1224);
#1220 = CIRCLE('',#1221,5.000115766671);
#1221 = AXIS2_PLACEMENT_2D('',#1222,#1223);
#1222 = CARTESIAN_POINT('',(-3.108596225007,-3.108596225007));
#1223 = DIRECTION('',(0.999999999732,2.315253008835E-05));
#1224 = ( GEOMETRIC_REPRESENTATION_CONTEXT(2) 
PARAMETRIC_REPRESENTATION_CONTEXT() REPRESENTATION_CONTEXT('2D SPACE',''
  ) );
#1225 = ADVANCED_FACE('',(#1226),#753,.F.);
#1226 = FACE_BOUND('',#1227,.F.);
#1227 = EDGE_LOOP('',(#1228,#1251,#1252));
#1228 = ORIENTED_EDGE('',*,*,#1229,.T.);
#1229 = EDGE_CURVE('',#1230,#738,#1232,.T.);
#1230 = VERTEX_POINT('',#1231);
#1231 = CARTESIAN_POINT('',(145.,-80.,0.));
#1232 = SURFACE_CURVE('',#1233,(#1237,#1244),.PCURVE_S1.);
#1233 = LINE('',#1234,#1235);
#1234 = CARTESIAN_POINT('',(146.25,-80.,0.));
#1235 = VECTOR('',#1236,1.);
#1236 = DIRECTION('',(-1.,0.,0.));
#1237 = PCURVE('',#753,#1238);
#1238 = DEFINITIONAL_REPRESENTATION('',(#1239),#1243);
#1239 = LINE('',#1240,#1241);
#1240 = CARTESIAN_POINT('',(26.25,12.5));
#1241 = VECTOR('',#1242,1.);
#1242 = DIRECTION('',(-1.,0.));
#1243 = ( GEOMETRIC_REPRESENTATION_CONTEXT(2) 
PARAMETRIC_REPRESENTATION_CONTEXT() REPRESENTATION_CONTEXT('2D SPACE',''
  ) );
#1244 = PCURVE('',#1187,#1245);
#1245 = DEFINITIONAL_REPRESENTATION('',(#1246),#1250);
#1246 = LINE('',#1247,#1248);
#1247 = CARTESIAN_POINT('',(26.25,12.5));
#1248 = VECTOR('',#1249,1.);
#1249 = DIRECTION('',(-1.,0.));
#1250 = ( GEOMETRIC_REPRESENTATION_CONTEXT(2) 
PARAMETRIC_REPRESENTATION_CONTEXT() REPRESENTATION_CONTEXT('2D SPACE',''
  ) );
#1251 = ORIENTED_EDGE('',*,*,#737,.T.);
#1252 = ORIENTED_EDGE('',*,*,#1253,.T.);
#1253 = EDGE_CURVE('',#710,#1230,#1254,.T.);
#1254 = SURFACE_CURVE('',#1255,(#1259,#1266),.PCURVE_S1.);
#1255 = LINE('',#1256,#1257);
#1256 = CARTESIAN_POINT('',(143.75000000033,-80.00002894066,0.));
#1257 = VECTOR('',#1258,1.);
#1258 = DIRECTION('',(0.999999999732,2.315253024108E-05,0.));
#1259 = PCURVE('',#753,#1260);
#1260 = DEFINITIONAL_REPRESENTATION('',(#1261),#1265);
#1261 = LINE('',#1262,#1263);
#1262 = CARTESIAN_POINT('',(23.750000000335,12.499971059337));
#1263 = VECTOR('',#1264,1.);
#1264 = DIRECTION('',(0.999999999732,2.315253024108E-05));
#1265 = ( GEOMETRIC_REPRESENTATION_CONTEXT(2) 
PARAMETRIC_REPRESENTATION_CONTEXT() REPRESENTATION_CONTEXT('2D SPACE',''
  ) );
#1266 = PCURVE('',#1267,#1272);
#1267 = PLANE('',#1268);
#1268 = AXIS2_PLACEMENT_3D('',#1269,#1270,#1271);
#1269 = CARTESIAN_POINT('',(120.,-92.5,0.));
#1270 = DIRECTION('',(0.,0.,1.));
#1271 = DIRECTION('',(1.,0.,-0.));
#1272 = DEFINITIONAL_REPRESENTATION('',(#1273),#1277);
#1273 = LINE('',#1274,#1275);
#1274 = CARTESIAN_POINT('',(23.750000000335,12.499971059337));
#1275 = VECTOR('',#1276,1.);
#1276 = DIRECTION('',(0.999999999732,2.315253024108E-05));
#1277 = ( GEOMETRIC_REPRESENTATION_CONTEXT(2) 
PARAMETRIC_REPRESENTATION_CONTEXT() REPRESENTATION_CONTEXT('2D SPACE',''
  ) );
#1278 = ADVANCED_FACE('',(#1279),#725,.F.);
#1279 = FACE_BOUND('',#1280,.F.);
#1280 = EDGE_LOOP('',(#1281,#1305,#1306,#1335));
#1281 = ORIENTED_EDGE('',*,*,#1282,.F.);
#1282 = EDGE_CURVE('',#710,#1283,#1285,.T.);
#1283 = VERTEX_POINT('',#1284);
#1284 = CARTESIAN_POINT('',(145.,-81.25,0.));
#1285 = SURFACE_CURVE('',#1286,(#1291,#1298),.PCURVE_S1.);
#1286 = CIRCLE('',#1287,1.25);
#1287 = AXIS2_PLACEMENT_3D('',#1288,#1289,#1290);
#1288 = CARTESIAN_POINT('',(145.,-80.,0.));
#1289 = DIRECTION('',(0.,0.,1.));
#1290 = DIRECTION('',(-1.,0.,-0.));
#1291 = PCURVE('',#725,#1292);
#1292 = DEFINITIONAL_REPRESENTATION('',(#1293),#1297);
#1293 = CIRCLE('',#1294,1.25);
#1294 = AXIS2_PLACEMENT_2D('',#1295,#1296);
#1295 = CARTESIAN_POINT('',(25.,12.5));
#1296 = DIRECTION('',(-1.,0.));
#1297 = ( GEOMETRIC_REPRESENTATION_CONTEXT(2) 
PARAMETRIC_REPRESENTATION_CONTEXT() REPRESENTATION_CONTEXT('2D SPACE',''
  ) );
#1298 = PCURVE('',#1267,#1299);
#1299 = DEFINITIONAL_REPRESENTATION('',(#1300),#1304);
#1300 = CIRCLE('',#1301,1.25);
#1301 = AXIS2_PLACEMENT_2D('',#1302,#1303);
#1302 = CARTESIAN_POINT('',(25.,12.5));
#1303 = DIRECTION('',(-1.,0.));
#1304 = ( GEOMETRIC_REPRESENTATION_CONTEXT(2) 
PARAMETRIC_REPRESENTATION_CONTEXT() REPRESENTATION_CONTEXT('2D SPACE',''
  ) );
#1305 = ORIENTED_EDGE('',*,*,#709,.T.);
#1306 = ORIENTED_EDGE('',*,*,#1307,.F.);
#1307 = EDGE_CURVE('',#1308,#681,#1310,.T.);
#1308 = VERTEX_POINT('',#1309);
#1309 = CARTESIAN_POINT('',(145.,-103.75,0.));
#1310 = SURFACE_CURVE('',#1311,(#1316,#1323),.PCURVE_S1.);
#1311 = CIRCLE('',#1312,1.25);
#1312 = AXIS2_PLACEMENT_3D('',#1313,#1314,#1315);
#1313 = CARTESIAN_POINT('',(145.,-105.,0.));
#1314 = DIRECTION('',(0.,0.,1.));
#1315 = DIRECTION('',(1.,0.,-0.));
#1316 = PCURVE('',#725,#1317);
#1317 = DEFINITIONAL_REPRESENTATION('',(#1318),#1322);
#1318 = CIRCLE('',#1319,1.25);
#1319 = AXIS2_PLACEMENT_2D('',#1320,#1321);
#1320 = CARTESIAN_POINT('',(25.,-12.5));
#1321 = DIRECTION('',(1.,0.));
#1322 = ( GEOMETRIC_REPRESENTATION_CONTEXT(2) 
PARAMETRIC_REPRESENTATION_CONTEXT() REPRESENTATION_CONTEXT('2D SPACE',''
  ) );
#1323 = PCURVE('',#1324,#1329);
#1324 = PLANE('',#1325);
#1325 = AXIS2_PLACEMENT_3D('',#1326,#1327,#1328);
#1326 = CARTESIAN_POINT('',(120.,-92.5,0.));
#1327 = DIRECTION('',(0.,0.,1.));
#1328 = DIRECTION('',(1.,0.,-0.));
#1329 = DEFINITIONAL_REPRESENTATION('',(#1330),#1334);
#1330 = CIRCLE('',#1331,1.25);
#1331 = AXIS2_PLACEMENT_2D('',#1332,#1333);
#1332 = CARTESIAN_POINT('',(25.,-12.5));
#1333 = DIRECTION('',(1.,0.));
#1334 = ( GEOMETRIC_REPRESENTATION_CONTEXT(2) 
PARAMETRIC_REPRESENTATION_CONTEXT() REPRESENTATION_CONTEXT('2D SPACE',''
  ) );
#1335 = ORIENTED_EDGE('',*,*,#1336,.T.);
#1336 = EDGE_CURVE('',#1308,#1283,#1337,.T.);
#1337 = SURFACE_CURVE('',#1338,(#1342,#1349),.PCURVE_S1.);
#1338 = LINE('',#1339,#1340);
#1339 = CARTESIAN_POINT('',(145.,-105.,0.));
#1340 = VECTOR('',#1341,1.);
#1341 = DIRECTION('',(0.,1.,0.));
#1342 = PCURVE('',#725,#1343);
#1343 = DEFINITIONAL_REPRESENTATION('',(#1344),#1348);
#1344 = LINE('',#1345,#1346);
#1345 = CARTESIAN_POINT('',(25.,-12.5));
#1346 = VECTOR('',#1347,1.);
#1347 = DIRECTION('',(0.,1.));
#1348 = ( GEOMETRIC_REPRESENTATION_CONTEXT(2) 
PARAMETRIC_REPRESENTATION_CONTEXT() REPRESENTATION_CONTEXT('2D SPACE',''
  ) );
#1349 = PCURVE('',#1350,#1355);
#1350 = PLANE('',#1351);
#1351 = AXIS2_PLACEMENT_3D('',#1352,#1353,#1354);
#1352 = CARTESIAN_POINT('',(145.,-92.5,0.));
#1353 = DIRECTION('',(0.,0.,1.));
#1354 = DIRECTION('',(1.,0.,-0.));
#1355 = DEFINITIONAL_REPRESENTATION('',(#1356),#1360);
#1356 = LINE('',#1357,#1358);
#1357 = CARTESIAN_POINT('',(0.,-12.5));
#1358 = VECTOR('',#1359,1.);
#1359 = DIRECTION('',(0.,1.));
#1360 = ( GEOMETRIC_REPRESENTATION_CONTEXT(2) 
PARAMETRIC_REPRESENTATION_CONTEXT() REPRESENTATION_CONTEXT('2D SPACE',''
  ) );
#1361 = ADVANCED_FACE('',(#1362),#697,.F.);
#1362 = FACE_BOUND('',#1363,.F.);
#1363 = EDGE_LOOP('',(#1364,#1387,#1388));
#1364 = ORIENTED_EDGE('',*,*,#1365,.T.);
#1365 = EDGE_CURVE('',#1366,#681,#1368,.T.);
#1366 = VERTEX_POINT('',#1367);
#1367 = CARTESIAN_POINT('',(145.00000128078,-105.,0.));
#1368 = SURFACE_CURVE('',#1369,(#1373,#1380),.PCURVE_S1.);
#1369 = LINE('',#1370,#1371);
#1370 = CARTESIAN_POINT('',(146.24999999966,-105.0000289406,0.));
#1371 = VECTOR('',#1372,1.);
#1372 = DIRECTION('',(-0.999999999732,2.315252990002E-05,0.));
#1373 = PCURVE('',#697,#1374);
#1374 = DEFINITIONAL_REPRESENTATION('',(#1375),#1379);
#1375 = LINE('',#1376,#1377);
#1376 = CARTESIAN_POINT('',(26.249999999665,-12.50002894066));
#1377 = VECTOR('',#1378,1.);
#1378 = DIRECTION('',(-0.999999999732,2.315252990002E-05));
#1379 = ( GEOMETRIC_REPRESENTATION_CONTEXT(2) 
PARAMETRIC_REPRESENTATION_CONTEXT() REPRESENTATION_CONTEXT('2D SPACE',''
  ) );
#1380 = PCURVE('',#1324,#1381);
#1381 = DEFINITIONAL_REPRESENTATION('',(#1382),#1386);
#1382 = LINE('',#1383,#1384);
#1383 = CARTESIAN_POINT('',(26.249999999665,-12.50002894066));
#1384 = VECTOR('',#1385,1.);
#1385 = DIRECTION('',(-0.999999999732,2.315252990002E-05));
#1386 = ( GEOMETRIC_REPRESENTATION_CONTEXT(2) 
PARAMETRIC_REPRESENTATION_CONTEXT() REPRESENTATION_CONTEXT('2D SPACE',''
  ) );
#1387 = ORIENTED_EDGE('',*,*,#680,.T.);
#1388 = ORIENTED_EDGE('',*,*,#1389,.T.);
#1389 = EDGE_CURVE('',#644,#1366,#1390,.T.);
#1390 = SURFACE_CURVE('',#1391,(#1395,#1402),.PCURVE_S1.);
#1391 = LINE('',#1392,#1393);
#1392 = CARTESIAN_POINT('',(143.75,-105.,0.));
#1393 = VECTOR('',#1394,1.);
#1394 = DIRECTION('',(1.,0.,0.));
#1395 = PCURVE('',#697,#1396);
#1396 = DEFINITIONAL_REPRESENTATION('',(#1397),#1401);
#1397 = LINE('',#1398,#1399);
#1398 = CARTESIAN_POINT('',(23.75,-12.5));
#1399 = VECTOR('',#1400,1.);
#1400 = DIRECTION('',(1.,0.));
#1401 = ( GEOMETRIC_REPRESENTATION_CONTEXT(2) 
PARAMETRIC_REPRESENTATION_CONTEXT() REPRESENTATION_CONTEXT('2D SPACE',''
  ) );
#1402 = PCURVE('',#1403,#1408);
#1403 = PLANE('',#1404);
#1404 = AXIS2_PLACEMENT_3D('',#1405,#1406,#1407);
#1405 = CARTESIAN_POINT('',(120.,-92.5,0.));
#1406 = DIRECTION('',(0.,0.,1.));
#1407 = DIRECTION('',(1.,0.,-0.));
#1408 = DEFINITIONAL_REPRESENTATION('',(#1409),#1413);
#1409 = LINE('',#1410,#1411);
#1410 = CARTESIAN_POINT('',(23.75,-12.5));
#1411 = VECTOR('',#1412,1.);
#1412 = DIRECTION('',(1.,0.));
#1413 = ( GEOMETRIC_REPRESENTATION_CONTEXT(2) 
PARAMETRIC_REPRESENTATION_CONTEXT() REPRESENTATION_CONTEXT('2D SPACE',''
  ) );
#1414 = ADVANCED_FACE('',(#1415),#664,.F.);
#1415 = FACE_BOUND('',#1416,.F.);
#1416 = EDGE_LOOP('',(#1417,#1441,#1442,#1471));
#1417 = ORIENTED_EDGE('',*,*,#1418,.F.);
#1418 = EDGE_CURVE('',#644,#1419,#1421,.T.);
#1419 = VERTEX_POINT('',#1420);
#1420 = CARTESIAN_POINT('',(144.84372490398,-106.240192765,0.));
#1421 = SURFACE_CURVE('',#1422,(#1427,#1434),.PCURVE_S1.);
#1422 = CIRCLE('',#1423,1.25);
#1423 = AXIS2_PLACEMENT_3D('',#1424,#1425,#1426);
#1424 = CARTESIAN_POINT('',(145.,-105.,0.));
#1425 = DIRECTION('',(0.,0.,1.));
#1426 = DIRECTION('',(-1.,0.,-0.));
#1427 = PCURVE('',#664,#1428);
#1428 = DEFINITIONAL_REPRESENTATION('',(#1429),#1433);
#1429 = CIRCLE('',#1430,1.25);
#1430 = AXIS2_PLACEMENT_2D('',#1431,#1432);
#1431 = CARTESIAN_POINT('',(25.,-12.5));
#1432 = DIRECTION('',(-1.,0.));
#1433 = ( GEOMETRIC_REPRESENTATION_CONTEXT(2) 
PARAMETRIC_REPRESENTATION_CONTEXT() REPRESENTATION_CONTEXT('2D SPACE',''
  ) );
#1434 = PCURVE('',#1403,#1435);
#1435 = DEFINITIONAL_REPRESENTATION('',(#1436),#1440);
#1436 = CIRCLE('',#1437,1.25);
#1437 = AXIS2_PLACEMENT_2D('',#1438,#1439);
#1438 = CARTESIAN_POINT('',(25.,-12.5));
#1439 = DIRECTION('',(-1.,0.));
#1440 = ( GEOMETRIC_REPRESENTATION_CONTEXT(2) 
PARAMETRIC_REPRESENTATION_CONTEXT() REPRESENTATION_CONTEXT('2D SPACE',''
  ) );
#1441 = ORIENTED_EDGE('',*,*,#643,.T.);
#1442 = ORIENTED_EDGE('',*,*,#1443,.F.);
#1443 = EDGE_CURVE('',#1444,#616,#1446,.T.);
#1444 = VERTEX_POINT('',#1445);
#1445 = CARTESIAN_POINT('',(141.240192765,-109.8437249039,0.));
#1446 = SURFACE_CURVE('',#1447,(#1452,#1459),.PCURVE_S1.);
#1447 = CIRCLE('',#1448,1.25);
#1448 = AXIS2_PLACEMENT_3D('',#1449,#1450,#1451);
#1449 = CARTESIAN_POINT('',(140.,-110.,0.));
#1450 = DIRECTION('',(0.,0.,1.));
#1451 = DIRECTION('',(1.,0.,-0.));
#1452 = PCURVE('',#664,#1453);
#1453 = DEFINITIONAL_REPRESENTATION('',(#1454),#1458);
#1454 = CIRCLE('',#1455,1.25);
#1455 = AXIS2_PLACEMENT_2D('',#1456,#1457);
#1456 = CARTESIAN_POINT('',(20.,-17.5));
#1457 = DIRECTION('',(1.,0.));
#1458 = ( GEOMETRIC_REPRESENTATION_CONTEXT(2) 
PARAMETRIC_REPRESENTATION_CONTEXT() REPRESENTATION_CONTEXT('2D SPACE',''
  ) );
#1459 = PCURVE('',#1460,#1465);
#1460 = PLANE('',#1461);
#1461 = AXIS2_PLACEMENT_3D('',#1462,#1463,#1464);
#1462 = CARTESIAN_POINT('',(120.,-92.5,0.));
#1463 = DIRECTION('',(0.,0.,1.));
#1464 = DIRECTION('',(1.,0.,-0.));
#1465 = DEFINITIONAL_REPRESENTATION('',(#1466),#1470);
#1466 = CIRCLE('',#1467,1.25);
#1467 = AXIS2_PLACEMENT_2D('',#1468,#1469);
#1468 = CARTESIAN_POINT('',(20.,-17.5));
#1469 = DIRECTION('',(1.,0.));
#1470 = ( GEOMETRIC_REPRESENTATION_CONTEXT(2) 
PARAMETRIC_REPRESENTATION_CONTEXT() REPRESENTATION_CONTEXT('2D SPACE',''
  ) );
#1471 = ORIENTED_EDGE('',*,*,#1472,.T.);
#1472 = EDGE_CURVE('',#1444,#1419,#1473,.T.);
#1473 = SURFACE_CURVE('',#1474,(#1479,#1486),.PCURVE_S1.);
#1474 = CIRCLE('',#1475,5.000115766671);
#1475 = AXIS2_PLACEMENT_3D('',#1476,#1477,#1478);
#1476 = CARTESIAN_POINT('',(139.99988423466,-104.9998842346,0.));
#1477 = DIRECTION('',(0.,0.,1.));
#1478 = DIRECTION('',(2.31525300912E-05,-0.999999999732,0.));
#1479 = PCURVE('',#664,#1480);
#1480 = DEFINITIONAL_REPRESENTATION('',(#1481),#1485);
#1481 = CIRCLE('',#1482,5.000115766671);
#1482 = AXIS2_PLACEMENT_2D('',#1483,#1484);
#1483 = CARTESIAN_POINT('',(19.999884234669,-12.49988423466));
#1484 = DIRECTION('',(2.31525300912E-05,-0.999999999732));
#1485 = ( GEOMETRIC_REPRESENTATION_CONTEXT(2) 
PARAMETRIC_REPRESENTATION_CONTEXT() REPRESENTATION_CONTEXT('2D SPACE',''
  ) );
#1486 = PCURVE('',#1487,#1492);
#1487 = PLANE('',#1488);
#1488 = AXIS2_PLACEMENT_3D('',#1489,#1490,#1491);
#1489 = CARTESIAN_POINT('',(143.10848045967,-108.1084804596,0.));
#1490 = DIRECTION('',(0.,0.,1.));
#1491 = DIRECTION('',(1.,0.,-0.));
#1492 = DEFINITIONAL_REPRESENTATION('',(#1493),#1497);
#1493 = CIRCLE('',#1494,5.000115766671);
#1494 = AXIS2_PLACEMENT_2D('',#1495,#1496);
#1495 = CARTESIAN_POINT('',(-3.108596225008,3.108596225008));
#1496 = DIRECTION('',(2.31525300912E-05,-0.999999999732));
#1497 = ( GEOMETRIC_REPRESENTATION_CONTEXT(2) 
PARAMETRIC_REPRESENTATION_CONTEXT() REPRESENTATION_CONTEXT('2D SPACE',''
  ) );
#1498 = ADVANCED_FACE('',(#1499),#631,.F.);
#1499 = FACE_BOUND('',#1500,.F.);
#1500 = EDGE_LOOP('',(#1501,#1524,#1525));
#1501 = ORIENTED_EDGE('',*,*,#1502,.T.);
#1502 = EDGE_CURVE('',#1503,#616,#1505,.T.);
#1503 = VERTEX_POINT('',#1504);
#1504 = CARTESIAN_POINT('',(140.,-110.,0.));
#1505 = SURFACE_CURVE('',#1506,(#1510,#1517),.PCURVE_S1.);
#1506 = LINE('',#1507,#1508);
#1507 = CARTESIAN_POINT('',(140.,-111.25,0.));
#1508 = VECTOR('',#1509,1.);
#1509 = DIRECTION('',(0.,1.,0.));
#1510 = PCURVE('',#631,#1511);
#1511 = DEFINITIONAL_REPRESENTATION('',(#1512),#1516);
#1512 = LINE('',#1513,#1514);
#1513 = CARTESIAN_POINT('',(20.,-18.75));
#1514 = VECTOR('',#1515,1.);
#1515 = DIRECTION('',(0.,1.));
#1516 = ( GEOMETRIC_REPRESENTATION_CONTEXT(2) 
PARAMETRIC_REPRESENTATION_CONTEXT() REPRESENTATION_CONTEXT('2D SPACE',''
  ) );
#1517 = PCURVE('',#1460,#1518);
#1518 = DEFINITIONAL_REPRESENTATION('',(#1519),#1523);
#1519 = LINE('',#1520,#1521);
#1520 = CARTESIAN_POINT('',(20.,-18.75));
#1521 = VECTOR('',#1522,1.);
#1522 = DIRECTION('',(0.,1.));
#1523 = ( GEOMETRIC_REPRESENTATION_CONTEXT(2) 
PARAMETRIC_REPRESENTATION_CONTEXT() REPRESENTATION_CONTEXT('2D SPACE',''
  ) );
#1524 = ORIENTED_EDGE('',*,*,#615,.T.);
#1525 = ORIENTED_EDGE('',*,*,#1526,.T.);
#1526 = EDGE_CURVE('',#588,#1503,#1527,.T.);
#1527 = SURFACE_CURVE('',#1528,(#1532,#1539),.PCURVE_S1.);
#1528 = LINE('',#1529,#1530);
#1529 = CARTESIAN_POINT('',(139.99997105933,-108.7500000003,0.));
#1530 = VECTOR('',#1531,1.);
#1531 = DIRECTION('',(2.315252984317E-05,-0.999999999732,0.));
#1532 = PCURVE('',#631,#1533);
#1533 = DEFINITIONAL_REPRESENTATION('',(#1534),#1538);
#1534 = LINE('',#1535,#1536);
#1535 = CARTESIAN_POINT('',(19.999971059338,-16.25000000033));
#1536 = VECTOR('',#1537,1.);
#1537 = DIRECTION('',(2.315252984317E-05,-0.999999999732));
#1538 = ( GEOMETRIC_REPRESENTATION_CONTEXT(2) 
PARAMETRIC_REPRESENTATION_CONTEXT() REPRESENTATION_CONTEXT('2D SPACE',''
  ) );
#1539 = PCURVE('',#1540,#1545);
#1540 = PLANE('',#1541);
#1541 = AXIS2_PLACEMENT_3D('',#1542,#1543,#1544);
#1542 = CARTESIAN_POINT('',(120.,-92.5,0.));
#1543 = DIRECTION('',(0.,0.,1.));
#1544 = DIRECTION('',(1.,0.,-0.));
#1545 = DEFINITIONAL_REPRESENTATION('',(#1546),#1550);
#1546 = LINE('',#1547,#1548);
#1547 = CARTESIAN_POINT('',(19.999971059338,-16.25000000033));
#1548 = VECTOR('',#1549,1.);
#1549 = DIRECTION('',(2.315252984317E-05,-0.999999999732));
#1550 = ( GEOMETRIC_REPRESENTATION_CONTEXT(2) 
PARAMETRIC_REPRESENTATION_CONTEXT() REPRESENTATION_CONTEXT('2D SPACE',''
  ) );
#1551 = ADVANCED_FACE('',(#1552),#603,.F.);
#1552 = FACE_BOUND('',#1553,.F.);
#1553 = EDGE_LOOP('',(#1554,#1555,#1584,#1612));
#1554 = ORIENTED_EDGE('',*,*,#587,.T.);
#1555 = ORIENTED_EDGE('',*,*,#1556,.F.);
#1556 = EDGE_CURVE('',#1557,#551,#1559,.T.);
#1557 = VERTEX_POINT('',#1558);
#1558 = CARTESIAN_POINT('',(101.25,-110.,0.));
#1559 = SURFACE_CURVE('',#1560,(#1565,#1572),.PCURVE_S1.);
#1560 = CIRCLE('',#1561,1.25);
#1561 = AXIS2_PLACEMENT_3D('',#1562,#1563,#1564);
#1562 = CARTESIAN_POINT('',(100.,-110.,0.));
#1563 = DIRECTION('',(0.,0.,1.));
#1564 = DIRECTION('',(1.,0.,-0.));
#1565 = PCURVE('',#603,#1566);
#1566 = DEFINITIONAL_REPRESENTATION('',(#1567),#1571);
#1567 = CIRCLE('',#1568,1.25);
#1568 = AXIS2_PLACEMENT_2D('',#1569,#1570);
#1569 = CARTESIAN_POINT('',(-20.,-17.5));
#1570 = DIRECTION('',(1.,0.));
#1571 = ( GEOMETRIC_REPRESENTATION_CONTEXT(2) 
PARAMETRIC_REPRESENTATION_CONTEXT() REPRESENTATION_CONTEXT('2D SPACE',''
  ) );
#1572 = PCURVE('',#1573,#1578);
#1573 = PLANE('',#1574);
#1574 = AXIS2_PLACEMENT_3D('',#1575,#1576,#1577);
#1575 = CARTESIAN_POINT('',(120.,-92.5,0.));
#1576 = DIRECTION('',(0.,0.,1.));
#1577 = DIRECTION('',(1.,0.,-0.));
#1578 = DEFINITIONAL_REPRESENTATION('',(#1579),#1583);
#1579 = CIRCLE('',#1580,1.25);
#1580 = AXIS2_PLACEMENT_2D('',#1581,#1582);
#1581 = CARTESIAN_POINT('',(-20.,-17.5));
#1582 = DIRECTION('',(1.,0.));
#1583 = ( GEOMETRIC_REPRESENTATION_CONTEXT(2) 
PARAMETRIC_REPRESENTATION_CONTEXT() REPRESENTATION_CONTEXT('2D SPACE',''
  ) );
#1584 = ORIENTED_EDGE('',*,*,#1585,.T.);
#1585 = EDGE_CURVE('',#1557,#1586,#1588,.T.);
#1586 = VERTEX_POINT('',#1587);
#1587 = CARTESIAN_POINT('',(138.75,-110.,0.));
#1588 = SURFACE_CURVE('',#1589,(#1593,#1600),.PCURVE_S1.);
#1589 = LINE('',#1590,#1591);
#1590 = CARTESIAN_POINT('',(100.,-110.,0.));
#1591 = VECTOR('',#1592,1.);
#1592 = DIRECTION('',(1.,0.,0.));
#1593 = PCURVE('',#603,#1594);
#1594 = DEFINITIONAL_REPRESENTATION('',(#1595),#1599);
#1595 = LINE('',#1596,#1597);
#1596 = CARTESIAN_POINT('',(-20.,-17.5));
#1597 = VECTOR('',#1598,1.);
#1598 = DIRECTION('',(1.,0.));
#1599 = ( GEOMETRIC_REPRESENTATION_CONTEXT(2) 
PARAMETRIC_REPRESENTATION_CONTEXT() REPRESENTATION_CONTEXT('2D SPACE',''
  ) );
#1600 = PCURVE('',#1601,#1606);
#1601 = PLANE('',#1602);
#1602 = AXIS2_PLACEMENT_3D('',#1603,#1604,#1605);
#1603 = CARTESIAN_POINT('',(120.,-110.,0.));
#1604 = DIRECTION('',(0.,0.,1.));
#1605 = DIRECTION('',(1.,0.,-0.));
#1606 = DEFINITIONAL_REPRESENTATION('',(#1607),#1611);
#1607 = LINE('',#1608,#1609);
#1608 = CARTESIAN_POINT('',(-20.,0.));
#1609 = VECTOR('',#1610,1.);
#1610 = DIRECTION('',(1.,0.));
#1611 = ( GEOMETRIC_REPRESENTATION_CONTEXT(2) 
PARAMETRIC_REPRESENTATION_CONTEXT() REPRESENTATION_CONTEXT('2D SPACE',''
  ) );
#1612 = ORIENTED_EDGE('',*,*,#1613,.F.);
#1613 = EDGE_CURVE('',#588,#1586,#1614,.T.);
#1614 = SURFACE_CURVE('',#1615,(#1620,#1627),.PCURVE_S1.);
#1615 = CIRCLE('',#1616,1.25);
#1616 = AXIS2_PLACEMENT_3D('',#1617,#1618,#1619);
#1617 = CARTESIAN_POINT('',(140.,-110.,0.));
#1618 = DIRECTION('',(0.,0.,1.));
#1619 = DIRECTION('',(1.,0.,-0.));
#1620 = PCURVE('',#603,#1621);
#1621 = DEFINITIONAL_REPRESENTATION('',(#1622),#1626);
#1622 = CIRCLE('',#1623,1.25);
#1623 = AXIS2_PLACEMENT_2D('',#1624,#1625);
#1624 = CARTESIAN_POINT('',(20.,-17.5));
#1625 = DIRECTION('',(1.,0.));
#1626 = ( GEOMETRIC_REPRESENTATION_CONTEXT(2) 
PARAMETRIC_REPRESENTATION_CONTEXT() REPRESENTATION_CONTEXT('2D SPACE',''
  ) );
#1627 = PCURVE('',#1540,#1628);
#1628 = DEFINITIONAL_REPRESENTATION('',(#1629),#1633);
#1629 = CIRCLE('',#1630,1.25);
#1630 = AXIS2_PLACEMENT_2D('',#1631,#1632);
#1631 = CARTESIAN_POINT('',(20.,-17.5));
#1632 = DIRECTION('',(1.,0.));
#1633 = ( GEOMETRIC_REPRESENTATION_CONTEXT(2) 
PARAMETRIC_REPRESENTATION_CONTEXT() REPRESENTATION_CONTEXT('2D SPACE',''
  ) );
#1634 = ADVANCED_FACE('',(#1635),#571,.F.);
#1635 = FACE_BOUND('',#1636,.F.);
#1636 = EDGE_LOOP('',(#1637,#1638,#1666));
#1637 = ORIENTED_EDGE('',*,*,#550,.T.);
#1638 = ORIENTED_EDGE('',*,*,#1639,.T.);
#1639 = EDGE_CURVE('',#514,#1640,#1642,.T.);
#1640 = VERTEX_POINT('',#1641);
#1641 = CARTESIAN_POINT('',(99.999999999985,-110.0000012709,0.));
#1642 = SURFACE_CURVE('',#1643,(#1647,#1654),.PCURVE_S1.);
#1643 = LINE('',#1644,#1645);
#1644 = CARTESIAN_POINT('',(100.,-108.75,0.));
#1645 = VECTOR('',#1646,1.);
#1646 = DIRECTION('',(0.,-1.,0.));
#1647 = PCURVE('',#571,#1648);
#1648 = DEFINITIONAL_REPRESENTATION('',(#1649),#1653);
#1649 = LINE('',#1650,#1651);
#1650 = CARTESIAN_POINT('',(-20.,-16.25));
#1651 = VECTOR('',#1652,1.);
#1652 = DIRECTION('',(0.,-1.));
#1653 = ( GEOMETRIC_REPRESENTATION_CONTEXT(2) 
PARAMETRIC_REPRESENTATION_CONTEXT() REPRESENTATION_CONTEXT('2D SPACE',''
  ) );
#1654 = PCURVE('',#1655,#1660);
#1655 = PLANE('',#1656);
#1656 = AXIS2_PLACEMENT_3D('',#1657,#1658,#1659);
#1657 = CARTESIAN_POINT('',(120.,-92.5,0.));
#1658 = DIRECTION('',(0.,0.,1.));
#1659 = DIRECTION('',(1.,0.,-0.));
#1660 = DEFINITIONAL_REPRESENTATION('',(#1661),#1665);
#1661 = LINE('',#1662,#1663);
#1662 = CARTESIAN_POINT('',(-20.,-16.25));
#1663 = VECTOR('',#1664,1.);
#1664 = DIRECTION('',(0.,-1.));
#1665 = ( GEOMETRIC_REPRESENTATION_CONTEXT(2) 
PARAMETRIC_REPRESENTATION_CONTEXT() REPRESENTATION_CONTEXT('2D SPACE',''
  ) );
#1666 = ORIENTED_EDGE('',*,*,#1667,.T.);
#1667 = EDGE_CURVE('',#1640,#551,#1668,.T.);
#1668 = SURFACE_CURVE('',#1669,(#1673,#1680),.PCURVE_S1.);
#1669 = LINE('',#1670,#1671);
#1670 = CARTESIAN_POINT('',(99.999971059338,-111.2499999996,0.));
#1671 = VECTOR('',#1672,1.);
#1672 = DIRECTION('',(2.315252999097E-05,0.999999999732,0.));
#1673 = PCURVE('',#571,#1674);
#1674 = DEFINITIONAL_REPRESENTATION('',(#1675),#1679);
#1675 = LINE('',#1676,#1677);
#1676 = CARTESIAN_POINT('',(-20.00002894066,-18.74999999966));
#1677 = VECTOR('',#1678,1.);
#1678 = DIRECTION('',(2.315252999097E-05,0.999999999732));
#1679 = ( GEOMETRIC_REPRESENTATION_CONTEXT(2) 
PARAMETRIC_REPRESENTATION_CONTEXT() REPRESENTATION_CONTEXT('2D SPACE',''
  ) );
#1680 = PCURVE('',#1573,#1681);
#1681 = DEFINITIONAL_REPRESENTATION('',(#1682),#1686);
#1682 = LINE('',#1683,#1684);
#1683 = CARTESIAN_POINT('',(-20.00002894066,-18.74999999966));
#1684 = VECTOR('',#1685,1.);
#1685 = DIRECTION('',(2.315252999097E-05,0.999999999732));
#1686 = ( GEOMETRIC_REPRESENTATION_CONTEXT(2) 
PARAMETRIC_REPRESENTATION_CONTEXT() REPRESENTATION_CONTEXT('2D SPACE',''
  ) );
#1687 = ADVANCED_FACE('',(#1688),#534,.F.);
#1688 = FACE_BOUND('',#1689,.F.);
#1689 = EDGE_LOOP('',(#1690,#1691,#1720,#1749));
#1690 = ORIENTED_EDGE('',*,*,#513,.T.);
#1691 = ORIENTED_EDGE('',*,*,#1692,.F.);
#1692 = EDGE_CURVE('',#1693,#486,#1695,.T.);
#1693 = VERTEX_POINT('',#1694);
#1694 = CARTESIAN_POINT('',(95.156275096017,-106.240192765,0.));
#1695 = SURFACE_CURVE('',#1696,(#1701,#1708),.PCURVE_S1.);
#1696 = CIRCLE('',#1697,1.25);
#1697 = AXIS2_PLACEMENT_3D('',#1698,#1699,#1700);
#1698 = CARTESIAN_POINT('',(95.,-105.,0.));
#1699 = DIRECTION('',(0.,0.,1.));
#1700 = DIRECTION('',(-1.,0.,-0.));
#1701 = PCURVE('',#534,#1702);
#1702 = DEFINITIONAL_REPRESENTATION('',(#1703),#1707);
#1703 = CIRCLE('',#1704,1.25);
#1704 = AXIS2_PLACEMENT_2D('',#1705,#1706);
#1705 = CARTESIAN_POINT('',(-25.,-12.5));
#1706 = DIRECTION('',(-1.,0.));
#1707 = ( GEOMETRIC_REPRESENTATION_CONTEXT(2) 
PARAMETRIC_REPRESENTATION_CONTEXT() REPRESENTATION_CONTEXT('2D SPACE',''
  ) );
#1708 = PCURVE('',#1709,#1714);
#1709 = PLANE('',#1710);
#1710 = AXIS2_PLACEMENT_3D('',#1711,#1712,#1713);
#1711 = CARTESIAN_POINT('',(120.,-92.5,0.));
#1712 = DIRECTION('',(0.,0.,1.));
#1713 = DIRECTION('',(1.,0.,-0.));
#1714 = DEFINITIONAL_REPRESENTATION('',(#1715),#1719);
#1715 = CIRCLE('',#1716,1.25);
#1716 = AXIS2_PLACEMENT_2D('',#1717,#1718);
#1717 = CARTESIAN_POINT('',(-25.,-12.5));
#1718 = DIRECTION('',(-1.,0.));
#1719 = ( GEOMETRIC_REPRESENTATION_CONTEXT(2) 
PARAMETRIC_REPRESENTATION_CONTEXT() REPRESENTATION_CONTEXT('2D SPACE',''
  ) );
#1720 = ORIENTED_EDGE('',*,*,#1721,.T.);
#1721 = EDGE_CURVE('',#1693,#1722,#1724,.T.);
#1722 = VERTEX_POINT('',#1723);
#1723 = CARTESIAN_POINT('',(98.759807234997,-109.8437249039,0.));
#1724 = SURFACE_CURVE('',#1725,(#1730,#1737),.PCURVE_S1.);
#1725 = CIRCLE('',#1726,5.000115766671);
#1726 = AXIS2_PLACEMENT_3D('',#1727,#1728,#1729);
#1727 = CARTESIAN_POINT('',(100.00011576533,-104.9998842346,0.));
#1728 = DIRECTION('',(0.,0.,1.));
#1729 = DIRECTION('',(-0.999999999732,-2.31525300912E-05,0.));
#1730 = PCURVE('',#534,#1731);
#1731 = DEFINITIONAL_REPRESENTATION('',(#1732),#1736);
#1732 = CIRCLE('',#1733,5.000115766671);
#1733 = AXIS2_PLACEMENT_2D('',#1734,#1735);
#1734 = CARTESIAN_POINT('',(-19.99988423466,-12.49988423466));
#1735 = DIRECTION('',(-0.999999999732,-2.31525300912E-05));
#1736 = ( GEOMETRIC_REPRESENTATION_CONTEXT(2) 
PARAMETRIC_REPRESENTATION_CONTEXT() REPRESENTATION_CONTEXT('2D SPACE',''
  ) );
#1737 = PCURVE('',#1738,#1743);
#1738 = PLANE('',#1739);
#1739 = AXIS2_PLACEMENT_3D('',#1740,#1741,#1742);
#1740 = CARTESIAN_POINT('',(96.891519540323,-108.1084804596,0.));
#1741 = DIRECTION('',(0.,0.,1.));
#1742 = DIRECTION('',(1.,0.,-0.));
#1743 = DEFINITIONAL_REPRESENTATION('',(#1744),#1748);
#1744 = CIRCLE('',#1745,5.000115766671);
#1745 = AXIS2_PLACEMENT_2D('',#1746,#1747);
#1746 = CARTESIAN_POINT('',(3.108596225007,3.108596225007));
#1747 = DIRECTION('',(-0.999999999732,-2.31525300912E-05));
#1748 = ( GEOMETRIC_REPRESENTATION_CONTEXT(2) 
PARAMETRIC_REPRESENTATION_CONTEXT() REPRESENTATION_CONTEXT('2D SPACE',''
  ) );
#1749 = ORIENTED_EDGE('',*,*,#1750,.F.);
#1750 = EDGE_CURVE('',#514,#1722,#1751,.T.);
#1751 = SURFACE_CURVE('',#1752,(#1757,#1764),.PCURVE_S1.);
#1752 = CIRCLE('',#1753,1.25);
#1753 = AXIS2_PLACEMENT_3D('',#1754,#1755,#1756);
#1754 = CARTESIAN_POINT('',(100.,-110.,0.));
#1755 = DIRECTION('',(0.,0.,1.));
#1756 = DIRECTION('',(1.,0.,-0.));
#1757 = PCURVE('',#534,#1758);
#1758 = DEFINITIONAL_REPRESENTATION('',(#1759),#1763);
#1759 = CIRCLE('',#1760,1.25);
#1760 = AXIS2_PLACEMENT_2D('',#1761,#1762);
#1761 = CARTESIAN_POINT('',(-20.,-17.5));
#1762 = DIRECTION('',(1.,0.));
#1763 = ( GEOMETRIC_REPRESENTATION_CONTEXT(2) 
PARAMETRIC_REPRESENTATION_CONTEXT() REPRESENTATION_CONTEXT('2D SPACE',''
  ) );
#1764 = PCURVE('',#1655,#1765);
#1765 = DEFINITIONAL_REPRESENTATION('',(#1766),#1770);
#1766 = CIRCLE('',#1767,1.25);
#1767 = AXIS2_PLACEMENT_2D('',#1768,#1769);
#1768 = CARTESIAN_POINT('',(-20.,-17.5));
#1769 = DIRECTION('',(1.,0.));
#1770 = ( GEOMETRIC_REPRESENTATION_CONTEXT(2) 
PARAMETRIC_REPRESENTATION_CONTEXT() REPRESENTATION_CONTEXT('2D SPACE',''
  ) );
#1771 = ADVANCED_FACE('',(#1772),#501,.F.);
#1772 = FACE_BOUND('',#1773,.F.);
#1773 = EDGE_LOOP('',(#1774,#1775,#1803));
#1774 = ORIENTED_EDGE('',*,*,#485,.T.);
#1775 = ORIENTED_EDGE('',*,*,#1776,.T.);
#1776 = EDGE_CURVE('',#458,#1777,#1779,.T.);
#1777 = VERTEX_POINT('',#1778);
#1778 = CARTESIAN_POINT('',(95.,-105.,0.));
#1779 = SURFACE_CURVE('',#1780,(#1784,#1791),.PCURVE_S1.);
#1780 = LINE('',#1781,#1782);
#1781 = CARTESIAN_POINT('',(96.249999999665,-104.9999710593,0.));
#1782 = VECTOR('',#1783,1.);
#1783 = DIRECTION('',(-0.999999999732,-2.315253013876E-05,0.));
#1784 = PCURVE('',#501,#1785);
#1785 = DEFINITIONAL_REPRESENTATION('',(#1786),#1790);
#1786 = LINE('',#1787,#1788);
#1787 = CARTESIAN_POINT('',(-23.75000000033,-12.49997105933));
#1788 = VECTOR('',#1789,1.);
#1789 = DIRECTION('',(-0.999999999732,-2.315253013876E-05));
#1790 = ( GEOMETRIC_REPRESENTATION_CONTEXT(2) 
PARAMETRIC_REPRESENTATION_CONTEXT() REPRESENTATION_CONTEXT('2D SPACE',''
  ) );
#1791 = PCURVE('',#1792,#1797);
#1792 = PLANE('',#1793);
#1793 = AXIS2_PLACEMENT_3D('',#1794,#1795,#1796);
#1794 = CARTESIAN_POINT('',(120.,-92.5,0.));
#1795 = DIRECTION('',(0.,0.,1.));
#1796 = DIRECTION('',(1.,0.,-0.));
#1797 = DEFINITIONAL_REPRESENTATION('',(#1798),#1802);
#1798 = LINE('',#1799,#1800);
#1799 = CARTESIAN_POINT('',(-23.75000000033,-12.49997105933));
#1800 = VECTOR('',#1801,1.);
#1801 = DIRECTION('',(-0.999999999732,-2.315253013876E-05));
#1802 = ( GEOMETRIC_REPRESENTATION_CONTEXT(2) 
PARAMETRIC_REPRESENTATION_CONTEXT() REPRESENTATION_CONTEXT('2D SPACE',''
  ) );
#1803 = ORIENTED_EDGE('',*,*,#1804,.T.);
#1804 = EDGE_CURVE('',#1777,#486,#1805,.T.);
#1805 = SURFACE_CURVE('',#1806,(#1810,#1817),.PCURVE_S1.);
#1806 = LINE('',#1807,#1808);
#1807 = CARTESIAN_POINT('',(93.75,-105.,0.));
#1808 = VECTOR('',#1809,1.);
#1809 = DIRECTION('',(1.,0.,0.));
#1810 = PCURVE('',#501,#1811);
#1811 = DEFINITIONAL_REPRESENTATION('',(#1812),#1816);
#1812 = LINE('',#1813,#1814);
#1813 = CARTESIAN_POINT('',(-26.25,-12.5));
#1814 = VECTOR('',#1815,1.);
#1815 = DIRECTION('',(1.,0.));
#1816 = ( GEOMETRIC_REPRESENTATION_CONTEXT(2) 
PARAMETRIC_REPRESENTATION_CONTEXT() REPRESENTATION_CONTEXT('2D SPACE',''
  ) );
#1817 = PCURVE('',#1709,#1818);
#1818 = DEFINITIONAL_REPRESENTATION('',(#1819),#1823);
#1819 = LINE('',#1820,#1821);
#1820 = CARTESIAN_POINT('',(-26.25,-12.5));
#1821 = VECTOR('',#1822,1.);
#1822 = DIRECTION('',(1.,0.));
#1823 = ( GEOMETRIC_REPRESENTATION_CONTEXT(2) 
PARAMETRIC_REPRESENTATION_CONTEXT() REPRESENTATION_CONTEXT('2D SPACE',''
  ) );
#1824 = ADVANCED_FACE('',(#1825),#473,.F.);
#1825 = FACE_BOUND('',#1826,.F.);
#1826 = EDGE_LOOP('',(#1827,#1828,#1857,#1885));
#1827 = ORIENTED_EDGE('',*,*,#457,.T.);
#1828 = ORIENTED_EDGE('',*,*,#1829,.F.);
#1829 = EDGE_CURVE('',#1830,#429,#1832,.T.);
#1830 = VERTEX_POINT('',#1831);
#1831 = CARTESIAN_POINT('',(95.,-81.25,0.));
#1832 = SURFACE_CURVE('',#1833,(#1838,#1845),.PCURVE_S1.);
#1833 = CIRCLE('',#1834,1.25);
#1834 = AXIS2_PLACEMENT_3D('',#1835,#1836,#1837);
#1835 = CARTESIAN_POINT('',(95.,-80.,0.));
#1836 = DIRECTION('',(0.,0.,1.));
#1837 = DIRECTION('',(-1.,0.,-0.));
#1838 = PCURVE('',#473,#1839);
#1839 = DEFINITIONAL_REPRESENTATION('',(#1840),#1844);
#1840 = CIRCLE('',#1841,1.25);
#1841 = AXIS2_PLACEMENT_2D('',#1842,#1843);
#1842 = CARTESIAN_POINT('',(-25.,12.5));
#1843 = DIRECTION('',(-1.,0.));
#1844 = ( GEOMETRIC_REPRESENTATION_CONTEXT(2) 
PARAMETRIC_REPRESENTATION_CONTEXT() REPRESENTATION_CONTEXT('2D SPACE',''
  ) );
#1845 = PCURVE('',#1846,#1851);
#1846 = PLANE('',#1847);
#1847 = AXIS2_PLACEMENT_3D('',#1848,#1849,#1850);
#1848 = CARTESIAN_POINT('',(120.,-92.5,0.));
#1849 = DIRECTION('',(0.,0.,1.));
#1850 = DIRECTION('',(1.,0.,-0.));
#1851 = DEFINITIONAL_REPRESENTATION('',(#1852),#1856);
#1852 = CIRCLE('',#1853,1.25);
#1853 = AXIS2_PLACEMENT_2D('',#1854,#1855);
#1854 = CARTESIAN_POINT('',(-25.,12.5));
#1855 = DIRECTION('',(-1.,0.));
#1856 = ( GEOMETRIC_REPRESENTATION_CONTEXT(2) 
PARAMETRIC_REPRESENTATION_CONTEXT() REPRESENTATION_CONTEXT('2D SPACE',''
  ) );
#1857 = ORIENTED_EDGE('',*,*,#1858,.T.);
#1858 = EDGE_CURVE('',#1830,#1859,#1861,.T.);
#1859 = VERTEX_POINT('',#1860);
#1860 = CARTESIAN_POINT('',(95.,-103.75,0.));
#1861 = SURFACE_CURVE('',#1862,(#1866,#1873),.PCURVE_S1.);
#1862 = LINE('',#1863,#1864);
#1863 = CARTESIAN_POINT('',(95.,-80.,0.));
#1864 = VECTOR('',#1865,1.);
#1865 = DIRECTION('',(0.,-1.,0.));
#1866 = PCURVE('',#473,#1867);
#1867 = DEFINITIONAL_REPRESENTATION('',(#1868),#1872);
#1868 = LINE('',#1869,#1870);
#1869 = CARTESIAN_POINT('',(-25.,12.5));
#1870 = VECTOR('',#1871,1.);
#1871 = DIRECTION('',(0.,-1.));
#1872 = ( GEOMETRIC_REPRESENTATION_CONTEXT(2) 
PARAMETRIC_REPRESENTATION_CONTEXT() REPRESENTATION_CONTEXT('2D SPACE',''
  ) );
#1873 = PCURVE('',#1874,#1879);
#1874 = PLANE('',#1875);
#1875 = AXIS2_PLACEMENT_3D('',#1876,#1877,#1878);
#1876 = CARTESIAN_POINT('',(95.,-92.5,0.));
#1877 = DIRECTION('',(0.,0.,1.));
#1878 = DIRECTION('',(1.,0.,-0.));
#1879 = DEFINITIONAL_REPRESENTATION('',(#1880),#1884);
#1880 = LINE('',#1881,#1882);
#1881 = CARTESIAN_POINT('',(0.,12.5));
#1882 = VECTOR('',#1883,1.);
#1883 = DIRECTION('',(0.,-1.));
#1884 = ( GEOMETRIC_REPRESENTATION_CONTEXT(2) 
PARAMETRIC_REPRESENTATION_CONTEXT() REPRESENTATION_CONTEXT('2D SPACE',''
  ) );
#1885 = ORIENTED_EDGE('',*,*,#1886,.F.);
#1886 = EDGE_CURVE('',#458,#1859,#1887,.T.);
#1887 = SURFACE_CURVE('',#1888,(#1893,#1900),.PCURVE_S1.);
#1888 = CIRCLE('',#1889,1.25);
#1889 = AXIS2_PLACEMENT_3D('',#1890,#1891,#1892);
#1890 = CARTESIAN_POINT('',(95.,-105.,0.));
#1891 = DIRECTION('',(0.,0.,1.));
#1892 = DIRECTION('',(1.,0.,-0.));
#1893 = PCURVE('',#473,#1894);
#1894 = DEFINITIONAL_REPRESENTATION('',(#1895),#1899);
#1895 = CIRCLE('',#1896,1.25);
#1896 = AXIS2_PLACEMENT_2D('',#1897,#1898);
#1897 = CARTESIAN_POINT('',(-25.,-12.5));
#1898 = DIRECTION('',(1.,0.));
#1899 = ( GEOMETRIC_REPRESENTATION_CONTEXT(2) 
PARAMETRIC_REPRESENTATION_CONTEXT() REPRESENTATION_CONTEXT('2D SPACE',''
  ) );
#1900 = PCURVE('',#1792,#1901);
#1901 = DEFINITIONAL_REPRESENTATION('',(#1902),#1906);
#1902 = CIRCLE('',#1903,1.25);
#1903 = AXIS2_PLACEMENT_2D('',#1904,#1905);
#1904 = CARTESIAN_POINT('',(-25.,-12.5));
#1905 = DIRECTION('',(1.,0.));
#1906 = ( GEOMETRIC_REPRESENTATION_CONTEXT(2) 
PARAMETRIC_REPRESENTATION_CONTEXT() REPRESENTATION_CONTEXT('2D SPACE',''
  ) );
#1907 = ADVANCED_FACE('',(#1908),#445,.F.);
#1908 = FACE_BOUND('',#1909,.F.);
#1909 = EDGE_LOOP('',(#1910,#1911,#1912));
#1910 = ORIENTED_EDGE('',*,*,#428,.T.);
#1911 = ORIENTED_EDGE('',*,*,#870,.T.);
#1912 = ORIENTED_EDGE('',*,*,#1913,.T.);
#1913 = EDGE_CURVE('',#842,#429,#1914,.T.);
#1914 = SURFACE_CURVE('',#1915,(#1919,#1926),.PCURVE_S1.);
#1915 = LINE('',#1916,#1917);
#1916 = CARTESIAN_POINT('',(93.750000000335,-79.99997105933,0.));
#1917 = VECTOR('',#1918,1.);
#1918 = DIRECTION('',(0.999999999732,-2.315253009328E-05,0.));
#1919 = PCURVE('',#445,#1920);
#1920 = DEFINITIONAL_REPRESENTATION('',(#1921),#1925);
#1921 = LINE('',#1922,#1923);
#1922 = CARTESIAN_POINT('',(-26.24999999966,12.500028940663));
#1923 = VECTOR('',#1924,1.);
#1924 = DIRECTION('',(0.999999999732,-2.315253009328E-05));
#1925 = ( GEOMETRIC_REPRESENTATION_CONTEXT(2) 
PARAMETRIC_REPRESENTATION_CONTEXT() REPRESENTATION_CONTEXT('2D SPACE',''
  ) );
#1926 = PCURVE('',#1846,#1927);
#1927 = DEFINITIONAL_REPRESENTATION('',(#1928),#1932);
#1928 = LINE('',#1929,#1930);
#1929 = CARTESIAN_POINT('',(-26.24999999966,12.500028940663));
#1930 = VECTOR('',#1931,1.);
#1931 = DIRECTION('',(0.999999999732,-2.315253009328E-05));
#1932 = ( GEOMETRIC_REPRESENTATION_CONTEXT(2) 
PARAMETRIC_REPRESENTATION_CONTEXT() REPRESENTATION_CONTEXT('2D SPACE',''
  ) );
#1933 = ADVANCED_FACE('',(#1934),#858,.F.);
#1934 = FACE_BOUND('',#1935,.F.);
#1935 = EDGE_LOOP('',(#1936,#1962,#1963));
#1936 = ORIENTED_EDGE('',*,*,#1937,.T.);
#1937 = EDGE_CURVE('',#896,#842,#1938,.T.);
#1938 = SURFACE_CURVE('',#1939,(#1943,#1950),.PCURVE_S1.);
#1939 = LINE('',#1940,#1941);
#1940 = CARTESIAN_POINT('',(93.750000000335,-79.99997105933,0.));
#1941 = VECTOR('',#1942,1.);
#1942 = DIRECTION('',(0.999999999732,-2.315253009328E-05,0.));
#1943 = PCURVE('',#858,#1944);
#1944 = DEFINITIONAL_REPRESENTATION('',(#1945),#1949);
#1945 = LINE('',#1946,#1947);
#1946 = CARTESIAN_POINT('',(-1.249999999665,2.894066261661E-05));
#1947 = VECTOR('',#1948,1.);
#1948 = DIRECTION('',(0.999999999732,-2.315253009328E-05));
#1949 = ( GEOMETRIC_REPRESENTATION_CONTEXT(2) 
PARAMETRIC_REPRESENTATION_CONTEXT() REPRESENTATION_CONTEXT('2D SPACE',''
  ) );
#1950 = PCURVE('',#1951,#1956);
#1951 = PLANE('',#1952);
#1952 = AXIS2_PLACEMENT_3D('',#1953,#1954,#1955);
#1953 = CARTESIAN_POINT('',(95.,-80.,0.));
#1954 = DIRECTION('',(0.,0.,1.));
#1955 = DIRECTION('',(1.,0.,-0.));
#1956 = DEFINITIONAL_REPRESENTATION('',(#1957),#1961);
#1957 = LINE('',#1958,#1959);
#1958 = CARTESIAN_POINT('',(-1.249999999665,2.894066261661E-05));
#1959 = VECTOR('',#1960,1.);
#1960 = DIRECTION('',(0.999999999732,-2.315253009328E-05));
#1961 = ( GEOMETRIC_REPRESENTATION_CONTEXT(2) 
PARAMETRIC_REPRESENTATION_CONTEXT() REPRESENTATION_CONTEXT('2D SPACE',''
  ) );
#1962 = ORIENTED_EDGE('',*,*,#841,.F.);
#1963 = ORIENTED_EDGE('',*,*,#924,.T.);
#1964 = ADVANCED_FACE('',(#1965),#912,.T.);
#1965 = FACE_BOUND('',#1966,.F.);
#1966 = EDGE_LOOP('',(#1967,#1990,#2019,#2045));
#1967 = ORIENTED_EDGE('',*,*,#1968,.T.);
#1968 = EDGE_CURVE('',#268,#1969,#1971,.T.);
#1969 = VERTEX_POINT('',#1970);
#1970 = CARTESIAN_POINT('',(99.999971059337,-73.75000000033,13.));
#1971 = SURFACE_CURVE('',#1972,(#1976,#1983),.PCURVE_S1.);
#1972 = LINE('',#1973,#1974);
#1973 = CARTESIAN_POINT('',(99.999971059337,-73.75000000033,0.));
#1974 = VECTOR('',#1975,1.);
#1975 = DIRECTION('',(0.,0.,1.));
#1976 = PCURVE('',#912,#1977);
#1977 = DEFINITIONAL_REPRESENTATION('',(#1978),#1982);
#1978 = LINE('',#1979,#1980);
#1979 = CARTESIAN_POINT('',(-0.,0.));
#1980 = VECTOR('',#1981,1.);
#1981 = DIRECTION('',(-0.,-1.));
#1982 = ( GEOMETRIC_REPRESENTATION_CONTEXT(2) 
PARAMETRIC_REPRESENTATION_CONTEXT() REPRESENTATION_CONTEXT('2D SPACE',''
  ) );
#1983 = PCURVE('',#990,#1984);
#1984 = DEFINITIONAL_REPRESENTATION('',(#1985),#1989);
#1985 = LINE('',#1986,#1987);
#1986 = CARTESIAN_POINT('',(-1.570819479325,0.));
#1987 = VECTOR('',#1988,1.);
#1988 = DIRECTION('',(-0.,-1.));
#1989 = ( GEOMETRIC_REPRESENTATION_CONTEXT(2) 
PARAMETRIC_REPRESENTATION_CONTEXT() REPRESENTATION_CONTEXT('2D SPACE',''
  ) );
#1990 = ORIENTED_EDGE('',*,*,#1991,.T.);
#1991 = EDGE_CURVE('',#1969,#1992,#1994,.T.);
#1992 = VERTEX_POINT('',#1993);
#1993 = CARTESIAN_POINT('',(93.750000000335,-79.99997105933,13.));
#1994 = SURFACE_CURVE('',#1995,(#2000,#2007),.PCURVE_S1.);
#1995 = CIRCLE('',#1996,6.250115766671);
#1996 = AXIS2_PLACEMENT_3D('',#1997,#1998,#1999);
#1997 = CARTESIAN_POINT('',(100.00011576533,-80.00011576533,13.));
#1998 = DIRECTION('',(0.,0.,1.));
#1999 = DIRECTION('',(-2.315253009843E-05,0.999999999732,0.));
#2000 = PCURVE('',#912,#2001);
#2001 = DEFINITIONAL_REPRESENTATION('',(#2002),#2006);
#2002 = LINE('',#2003,#2004);
#2003 = CARTESIAN_POINT('',(-0.,-13.));
#2004 = VECTOR('',#2005,1.);
#2005 = DIRECTION('',(-1.,0.));
#2006 = ( GEOMETRIC_REPRESENTATION_CONTEXT(2) 
PARAMETRIC_REPRESENTATION_CONTEXT() REPRESENTATION_CONTEXT('2D SPACE',''
  ) );
#2007 = PCURVE('',#2008,#2013);
#2008 = PLANE('',#2009);
#2009 = AXIS2_PLACEMENT_3D('',#2010,#2011,#2012);
#2010 = CARTESIAN_POINT('',(96.891519540323,-76.89151954032,13.));
#2011 = DIRECTION('',(0.,0.,1.));
#2012 = DIRECTION('',(1.,0.,-0.));
#2013 = DEFINITIONAL_REPRESENTATION('',(#2014),#2018);
#2014 = CIRCLE('',#2015,6.250115766671);
#2015 = AXIS2_PLACEMENT_2D('',#2016,#2017);
#2016 = CARTESIAN_POINT('',(3.108596225007,-3.108596225007));
#2017 = DIRECTION('',(-2.315253009843E-05,0.999999999732));
#2018 = ( GEOMETRIC_REPRESENTATION_CONTEXT(2) 
PARAMETRIC_REPRESENTATION_CONTEXT() REPRESENTATION_CONTEXT('2D SPACE',''
  ) );
#2019 = ORIENTED_EDGE('',*,*,#2020,.F.);
#2020 = EDGE_CURVE('',#896,#1992,#2021,.T.);
#2021 = SURFACE_CURVE('',#2022,(#2026,#2033),.PCURVE_S1.);
#2022 = LINE('',#2023,#2024);
#2023 = CARTESIAN_POINT('',(93.750000000335,-79.99997105933,0.));
#2024 = VECTOR('',#2025,1.);
#2025 = DIRECTION('',(0.,0.,1.));
#2026 = PCURVE('',#912,#2027);
#2027 = DEFINITIONAL_REPRESENTATION('',(#2028),#2032);
#2028 = LINE('',#2029,#2030);
#2029 = CARTESIAN_POINT('',(-1.570750021735,0.));
#2030 = VECTOR('',#2031,1.);
#2031 = DIRECTION('',(-0.,-1.));
#2032 = ( GEOMETRIC_REPRESENTATION_CONTEXT(2) 
PARAMETRIC_REPRESENTATION_CONTEXT() REPRESENTATION_CONTEXT('2D SPACE',''
  ) );
#2033 = PCURVE('',#2034,#2039);
#2034 = CYLINDRICAL_SURFACE('',#2035,1.25);
#2035 = AXIS2_PLACEMENT_3D('',#2036,#2037,#2038);
#2036 = CARTESIAN_POINT('',(95.,-80.,0.));
#2037 = DIRECTION('',(-0.,-0.,-1.));
#2038 = DIRECTION('',(1.,0.,-0.));
#2039 = DEFINITIONAL_REPRESENTATION('',(#2040),#2044);
#2040 = LINE('',#2041,#2042);
#2041 = CARTESIAN_POINT('',(-3.14156950106,0.));
#2042 = VECTOR('',#2043,1.);
#2043 = DIRECTION('',(-0.,-1.));
#2044 = ( GEOMETRIC_REPRESENTATION_CONTEXT(2) 
PARAMETRIC_REPRESENTATION_CONTEXT() REPRESENTATION_CONTEXT('2D SPACE',''
  ) );
#2045 = ORIENTED_EDGE('',*,*,#895,.F.);
#2046 = ADVANCED_FACE('',(#2047),#990,.T.);
#2047 = FACE_BOUND('',#2048,.F.);
#2048 = EDGE_LOOP('',(#2049,#2050,#2078,#2105));
#2049 = ORIENTED_EDGE('',*,*,#975,.F.);
#2050 = ORIENTED_EDGE('',*,*,#2051,.T.);
#2051 = EDGE_CURVE('',#953,#2052,#2054,.T.);
#2052 = VERTEX_POINT('',#2053);
#2053 = CARTESIAN_POINT('',(100.,-73.75,13.));
#2054 = SURFACE_CURVE('',#2055,(#2059,#2066),.PCURVE_S1.);
#2055 = LINE('',#2056,#2057);
#2056 = CARTESIAN_POINT('',(100.,-73.75,0.));
#2057 = VECTOR('',#2058,1.);
#2058 = DIRECTION('',(0.,0.,1.));
#2059 = PCURVE('',#990,#2060);
#2060 = DEFINITIONAL_REPRESENTATION('',(#2061),#2065);
#2061 = LINE('',#2062,#2063);
#2062 = CARTESIAN_POINT('',(-1.570796326795,0.));
#2063 = VECTOR('',#2064,1.);
#2064 = DIRECTION('',(-0.,-1.));
#2065 = ( GEOMETRIC_REPRESENTATION_CONTEXT(2) 
PARAMETRIC_REPRESENTATION_CONTEXT() REPRESENTATION_CONTEXT('2D SPACE',''
  ) );
#2066 = PCURVE('',#2067,#2072);
#2067 = PLANE('',#2068);
#2068 = AXIS2_PLACEMENT_3D('',#2069,#2070,#2071);
#2069 = CARTESIAN_POINT('',(140.,-73.75,0.));
#2070 = DIRECTION('',(0.,-1.,0.));
#2071 = DIRECTION('',(-1.,0.,0.));
#2072 = DEFINITIONAL_REPRESENTATION('',(#2073),#2077);
#2073 = LINE('',#2074,#2075);
#2074 = CARTESIAN_POINT('',(40.,0.));
#2075 = VECTOR('',#2076,1.);
#2076 = DIRECTION('',(0.,-1.));
#2077 = ( GEOMETRIC_REPRESENTATION_CONTEXT(2) 
PARAMETRIC_REPRESENTATION_CONTEXT() REPRESENTATION_CONTEXT('2D SPACE',''
  ) );
#2078 = ORIENTED_EDGE('',*,*,#2079,.T.);
#2079 = EDGE_CURVE('',#2052,#1969,#2080,.T.);
#2080 = SURFACE_CURVE('',#2081,(#2086,#2093),.PCURVE_S1.);
#2081 = CIRCLE('',#2082,1.25);
#2082 = AXIS2_PLACEMENT_3D('',#2083,#2084,#2085);
#2083 = CARTESIAN_POINT('',(100.,-75.,13.));
#2084 = DIRECTION('',(0.,0.,1.));
#2085 = DIRECTION('',(1.,0.,-0.));
#2086 = PCURVE('',#990,#2087);
#2087 = DEFINITIONAL_REPRESENTATION('',(#2088),#2092);
#2088 = LINE('',#2089,#2090);
#2089 = CARTESIAN_POINT('',(-0.,-13.));
#2090 = VECTOR('',#2091,1.);
#2091 = DIRECTION('',(-1.,0.));
#2092 = ( GEOMETRIC_REPRESENTATION_CONTEXT(2) 
PARAMETRIC_REPRESENTATION_CONTEXT() REPRESENTATION_CONTEXT('2D SPACE',''
  ) );
#2093 = PCURVE('',#2094,#2099);
#2094 = PLANE('',#2095);
#2095 = AXIS2_PLACEMENT_3D('',#2096,#2097,#2098);
#2096 = CARTESIAN_POINT('',(100.,-75.,13.));
#2097 = DIRECTION('',(0.,0.,1.));
#2098 = DIRECTION('',(1.,0.,-0.));
#2099 = DEFINITIONAL_REPRESENTATION('',(#2100),#2104);
#2100 = CIRCLE('',#2101,1.25);
#2101 = AXIS2_PLACEMENT_2D('',#2102,#2103);
#2102 = CARTESIAN_POINT('',(-2.84217094304E-14,0.));
#2103 = DIRECTION('',(1.,0.));
#2104 = ( GEOMETRIC_REPRESENTATION_CONTEXT(2) 
PARAMETRIC_REPRESENTATION_CONTEXT() REPRESENTATION_CONTEXT('2D SPACE',''
  ) );
#2105 = ORIENTED_EDGE('',*,*,#1968,.F.);
#2106 = ADVANCED_FACE('',(#2107),#1022,.F.);
#2107 = FACE_BOUND('',#2108,.F.);
#2108 = EDGE_LOOP('',(#2109,#2110,#2111,#2140));
#2109 = ORIENTED_EDGE('',*,*,#1007,.F.);
#2110 = ORIENTED_EDGE('',*,*,#1037,.F.);
#2111 = ORIENTED_EDGE('',*,*,#2112,.F.);
#2112 = EDGE_CURVE('',#2113,#1038,#2115,.T.);
#2113 = VERTEX_POINT('',#2114);
#2114 = CARTESIAN_POINT('',(140.,-73.75,0.));
#2115 = SURFACE_CURVE('',#2116,(#2121,#2128),.PCURVE_S1.);
#2116 = CIRCLE('',#2117,1.25);
#2117 = AXIS2_PLACEMENT_3D('',#2118,#2119,#2120);
#2118 = CARTESIAN_POINT('',(140.,-75.,0.));
#2119 = DIRECTION('',(0.,0.,1.));
#2120 = DIRECTION('',(1.,0.,-0.));
#2121 = PCURVE('',#1022,#2122);
#2122 = DEFINITIONAL_REPRESENTATION('',(#2123),#2127);
#2123 = CIRCLE('',#2124,1.25);
#2124 = AXIS2_PLACEMENT_2D('',#2125,#2126);
#2125 = CARTESIAN_POINT('',(20.,0.));
#2126 = DIRECTION('',(1.,0.));
#2127 = ( GEOMETRIC_REPRESENTATION_CONTEXT(2) 
PARAMETRIC_REPRESENTATION_CONTEXT() REPRESENTATION_CONTEXT('2D SPACE',''
  ) );
#2128 = PCURVE('',#2129,#2134);
#2129 = PLANE('',#2130);
#2130 = AXIS2_PLACEMENT_3D('',#2131,#2132,#2133);
#2131 = CARTESIAN_POINT('',(140.,-75.,0.));
#2132 = DIRECTION('',(0.,0.,1.));
#2133 = DIRECTION('',(1.,0.,-0.));
#2134 = DEFINITIONAL_REPRESENTATION('',(#2135),#2139);
#2135 = CIRCLE('',#2136,1.25);
#2136 = AXIS2_PLACEMENT_2D('',#2137,#2138);
#2137 = CARTESIAN_POINT('',(0.,0.));
#2138 = DIRECTION('',(1.,0.));
#2139 = ( GEOMETRIC_REPRESENTATION_CONTEXT(2) 
PARAMETRIC_REPRESENTATION_CONTEXT() REPRESENTATION_CONTEXT('2D SPACE',''
  ) );
#2140 = ORIENTED_EDGE('',*,*,#2141,.T.);
#2141 = EDGE_CURVE('',#2113,#953,#2142,.T.);
#2142 = SURFACE_CURVE('',#2143,(#2147,#2154),.PCURVE_S1.);
#2143 = LINE('',#2144,#2145);
#2144 = CARTESIAN_POINT('',(140.,-73.75,0.));
#2145 = VECTOR('',#2146,1.);
#2146 = DIRECTION('',(-1.,0.,0.));
#2147 = PCURVE('',#1022,#2148);
#2148 = DEFINITIONAL_REPRESENTATION('',(#2149),#2153);
#2149 = LINE('',#2150,#2151);
#2150 = CARTESIAN_POINT('',(20.,1.25));
#2151 = VECTOR('',#2152,1.);
#2152 = DIRECTION('',(-1.,0.));
#2153 = ( GEOMETRIC_REPRESENTATION_CONTEXT(2) 
PARAMETRIC_REPRESENTATION_CONTEXT() REPRESENTATION_CONTEXT('2D SPACE',''
  ) );
#2154 = PCURVE('',#2067,#2155);
#2155 = DEFINITIONAL_REPRESENTATION('',(#2156),#2160);
#2156 = LINE('',#2157,#2158);
#2157 = CARTESIAN_POINT('',(0.,-0.));
#2158 = VECTOR('',#2159,1.);
#2159 = DIRECTION('',(1.,0.));
#2160 = ( GEOMETRIC_REPRESENTATION_CONTEXT(2) 
PARAMETRIC_REPRESENTATION_CONTEXT() REPRESENTATION_CONTEXT('2D SPACE',''
  ) );
#2161 = ADVANCED_FACE('',(#2162),#1077,.F.);
#2162 = FACE_BOUND('',#2163,.F.);
#2163 = EDGE_LOOP('',(#2164,#2185,#2186));
#2164 = ORIENTED_EDGE('',*,*,#2165,.T.);
#2165 = EDGE_CURVE('',#1093,#1038,#2166,.T.);
#2166 = SURFACE_CURVE('',#2167,(#2171,#2178),.PCURVE_S1.);
#2167 = LINE('',#2168,#2169);
#2168 = CARTESIAN_POINT('',(140.,-75.,0.));
#2169 = VECTOR('',#2170,1.);
#2170 = DIRECTION('',(-1.,0.,0.));
#2171 = PCURVE('',#1077,#2172);
#2172 = DEFINITIONAL_REPRESENTATION('',(#2173),#2177);
#2173 = LINE('',#2174,#2175);
#2174 = CARTESIAN_POINT('',(20.,17.5));
#2175 = VECTOR('',#2176,1.);
#2176 = DIRECTION('',(-1.,0.));
#2177 = ( GEOMETRIC_REPRESENTATION_CONTEXT(2) 
PARAMETRIC_REPRESENTATION_CONTEXT() REPRESENTATION_CONTEXT('2D SPACE',''
  ) );
#2178 = PCURVE('',#2129,#2179);
#2179 = DEFINITIONAL_REPRESENTATION('',(#2180),#2184);
#2180 = LINE('',#2181,#2182);
#2181 = CARTESIAN_POINT('',(0.,0.));
#2182 = VECTOR('',#2183,1.);
#2183 = DIRECTION('',(-1.,0.));
#2184 = ( GEOMETRIC_REPRESENTATION_CONTEXT(2) 
PARAMETRIC_REPRESENTATION_CONTEXT() REPRESENTATION_CONTEXT('2D SPACE',''
  ) );
#2185 = ORIENTED_EDGE('',*,*,#1062,.T.);
#2186 = ORIENTED_EDGE('',*,*,#1092,.F.);
#2187 = ADVANCED_FACE('',(#2188),#1130,.F.);
#2188 = FACE_BOUND('',#2189,.F.);
#2189 = EDGE_LOOP('',(#2190,#2217,#2218));
#2190 = ORIENTED_EDGE('',*,*,#2191,.T.);
#2191 = EDGE_CURVE('',#1146,#1093,#2192,.T.);
#2192 = SURFACE_CURVE('',#2193,(#2198,#2205),.PCURVE_S1.);
#2193 = CIRCLE('',#2194,5.000115766671);
#2194 = AXIS2_PLACEMENT_3D('',#2195,#2196,#2197);
#2195 = CARTESIAN_POINT('',(139.99988423466,-80.00011576533,0.));
#2196 = DIRECTION('',(0.,0.,1.));
#2197 = DIRECTION('',(0.999999999732,2.315253008835E-05,-0.));
#2198 = PCURVE('',#1130,#2199);
#2199 = DEFINITIONAL_REPRESENTATION('',(#2200),#2204);
#2200 = CIRCLE('',#2201,5.000115766671);
#2201 = AXIS2_PLACEMENT_2D('',#2202,#2203);
#2202 = CARTESIAN_POINT('',(19.999884234669,12.499884234669));
#2203 = DIRECTION('',(0.999999999732,2.315253008835E-05));
#2204 = ( GEOMETRIC_REPRESENTATION_CONTEXT(2) 
PARAMETRIC_REPRESENTATION_CONTEXT() REPRESENTATION_CONTEXT('2D SPACE',''
  ) );
#2205 = PCURVE('',#2206,#2211);
#2206 = PLANE('',#2207);
#2207 = AXIS2_PLACEMENT_3D('',#2208,#2209,#2210);
#2208 = CARTESIAN_POINT('',(140.,-75.,0.));
#2209 = DIRECTION('',(0.,0.,1.));
#2210 = DIRECTION('',(1.,0.,-0.));
#2211 = DEFINITIONAL_REPRESENTATION('',(#2212),#2216);
#2212 = CIRCLE('',#2213,5.000115766671);
#2213 = AXIS2_PLACEMENT_2D('',#2214,#2215);
#2214 = CARTESIAN_POINT('',(-1.157653307473E-04,-5.000115765331));
#2215 = DIRECTION('',(0.999999999732,2.315253008835E-05));
#2216 = ( GEOMETRIC_REPRESENTATION_CONTEXT(2) 
PARAMETRIC_REPRESENTATION_CONTEXT() REPRESENTATION_CONTEXT('2D SPACE',''
  ) );
#2217 = ORIENTED_EDGE('',*,*,#1116,.F.);
#2218 = ORIENTED_EDGE('',*,*,#1145,.T.);
#2219 = ADVANCED_FACE('',(#2220),#1214,.F.);
#2220 = FACE_BOUND('',#2221,.F.);
#2221 = EDGE_LOOP('',(#2222,#2251,#2280,#2304,#2326));
#2222 = ORIENTED_EDGE('',*,*,#2223,.F.);
#2223 = EDGE_CURVE('',#2224,#1171,#2226,.T.);
#2224 = VERTEX_POINT('',#2225);
#2225 = CARTESIAN_POINT('',(146.24999999966,-79.99997105933,0.));
#2226 = SURFACE_CURVE('',#2227,(#2232,#2239),.PCURVE_S1.);
#2227 = CIRCLE('',#2228,1.25);
#2228 = AXIS2_PLACEMENT_3D('',#2229,#2230,#2231);
#2229 = CARTESIAN_POINT('',(145.,-80.,0.));
#2230 = DIRECTION('',(0.,0.,1.));
#2231 = DIRECTION('',(1.,0.,-0.));
#2232 = PCURVE('',#1214,#2233);
#2233 = DEFINITIONAL_REPRESENTATION('',(#2234),#2238);
#2234 = CIRCLE('',#2235,1.25);
#2235 = AXIS2_PLACEMENT_2D('',#2236,#2237);
#2236 = CARTESIAN_POINT('',(1.891519540324,-3.108480459676));
#2237 = DIRECTION('',(1.,0.));
#2238 = ( GEOMETRIC_REPRESENTATION_CONTEXT(2) 
PARAMETRIC_REPRESENTATION_CONTEXT() REPRESENTATION_CONTEXT('2D SPACE',''
  ) );
#2239 = PCURVE('',#2240,#2245);
#2240 = PLANE('',#2241);
#2241 = AXIS2_PLACEMENT_3D('',#2242,#2243,#2244);
#2242 = CARTESIAN_POINT('',(145.,-80.,0.));
#2243 = DIRECTION('',(0.,0.,1.));
#2244 = DIRECTION('',(1.,0.,-0.));
#2245 = DEFINITIONAL_REPRESENTATION('',(#2246),#2250);
#2246 = CIRCLE('',#2247,1.25);
#2247 = AXIS2_PLACEMENT_2D('',#2248,#2249);
#2248 = CARTESIAN_POINT('',(2.84217094304E-14,0.));
#2249 = DIRECTION('',(1.,0.));
#2250 = ( GEOMETRIC_REPRESENTATION_CONTEXT(2) 
PARAMETRIC_REPRESENTATION_CONTEXT() REPRESENTATION_CONTEXT('2D SPACE',''
  ) );
#2251 = ORIENTED_EDGE('',*,*,#2252,.T.);
#2252 = EDGE_CURVE('',#2224,#2253,#2255,.T.);
#2253 = VERTEX_POINT('',#2254);
#2254 = CARTESIAN_POINT('',(140.00002894066,-73.75000000033,0.));
#2255 = SURFACE_CURVE('',#2256,(#2261,#2268),.PCURVE_S1.);
#2256 = CIRCLE('',#2257,6.250115766671);
#2257 = AXIS2_PLACEMENT_3D('',#2258,#2259,#2260);
#2258 = CARTESIAN_POINT('',(139.99988423466,-80.00011576533,0.));
#2259 = DIRECTION('',(0.,0.,1.));
#2260 = DIRECTION('',(0.999999999732,2.315253023486E-05,-0.));
#2261 = PCURVE('',#1214,#2262);
#2262 = DEFINITIONAL_REPRESENTATION('',(#2263),#2267);
#2263 = CIRCLE('',#2264,6.250115766671);
#2264 = AXIS2_PLACEMENT_2D('',#2265,#2266);
#2265 = CARTESIAN_POINT('',(-3.108596225007,-3.108596225008));
#2266 = DIRECTION('',(0.999999999732,2.315253023486E-05));
#2267 = ( GEOMETRIC_REPRESENTATION_CONTEXT(2) 
PARAMETRIC_REPRESENTATION_CONTEXT() REPRESENTATION_CONTEXT('2D SPACE',''
  ) );
#2268 = PCURVE('',#2269,#2274);
#2269 = CYLINDRICAL_SURFACE('',#2270,6.250115766671);
#2270 = AXIS2_PLACEMENT_3D('',#2271,#2272,#2273);
#2271 = CARTESIAN_POINT('',(139.99988423466,-80.00011576533,0.));
#2272 = DIRECTION('',(-0.,-0.,-1.));
#2273 = DIRECTION('',(0.999999999732,2.315253023486E-05,-0.));
#2274 = DEFINITIONAL_REPRESENTATION('',(#2275),#2279);
#2275 = LINE('',#2276,#2277);
#2276 = CARTESIAN_POINT('',(-0.,0.));
#2277 = VECTOR('',#2278,1.);
#2278 = DIRECTION('',(-1.,0.));
#2279 = ( GEOMETRIC_REPRESENTATION_CONTEXT(2) 
PARAMETRIC_REPRESENTATION_CONTEXT() REPRESENTATION_CONTEXT('2D SPACE',''
  ) );
#2280 = ORIENTED_EDGE('',*,*,#2281,.F.);
#2281 = EDGE_CURVE('',#2282,#2253,#2284,.T.);
#2282 = VERTEX_POINT('',#2283);
#2283 = CARTESIAN_POINT('',(141.25,-75.,0.));
#2284 = SURFACE_CURVE('',#2285,(#2290,#2297),.PCURVE_S1.);
#2285 = CIRCLE('',#2286,1.25);
#2286 = AXIS2_PLACEMENT_3D('',#2287,#2288,#2289);
#2287 = CARTESIAN_POINT('',(140.,-75.,0.));
#2288 = DIRECTION('',(0.,0.,1.));
#2289 = DIRECTION('',(1.,0.,-0.));
#2290 = PCURVE('',#1214,#2291);
#2291 = DEFINITIONAL_REPRESENTATION('',(#2292),#2296);
#2292 = CIRCLE('',#2293,1.25);
#2293 = AXIS2_PLACEMENT_2D('',#2294,#2295);
#2294 = CARTESIAN_POINT('',(-3.108480459676,1.891519540324));
#2295 = DIRECTION('',(1.,0.));
#2296 = ( GEOMETRIC_REPRESENTATION_CONTEXT(2) 
PARAMETRIC_REPRESENTATION_CONTEXT() REPRESENTATION_CONTEXT('2D SPACE',''
  ) );
#2297 = PCURVE('',#2206,#2298);
#2298 = DEFINITIONAL_REPRESENTATION('',(#2299),#2303);
#2299 = CIRCLE('',#2300,1.25);
#2300 = AXIS2_PLACEMENT_2D('',#2301,#2302);
#2301 = CARTESIAN_POINT('',(0.,0.));
#2302 = DIRECTION('',(1.,0.));
#2303 = ( GEOMETRIC_REPRESENTATION_CONTEXT(2) 
PARAMETRIC_REPRESENTATION_CONTEXT() REPRESENTATION_CONTEXT('2D SPACE',''
  ) );
#2304 = ORIENTED_EDGE('',*,*,#2305,.F.);
#2305 = EDGE_CURVE('',#1146,#2282,#2306,.T.);
#2306 = SURFACE_CURVE('',#2307,(#2312,#2319),.PCURVE_S1.);
#2307 = CIRCLE('',#2308,1.25);
#2308 = AXIS2_PLACEMENT_3D('',#2309,#2310,#2311);
#2309 = CARTESIAN_POINT('',(140.,-75.,0.));
#2310 = DIRECTION('',(0.,0.,1.));
#2311 = DIRECTION('',(-1.,0.,-0.));
#2312 = PCURVE('',#1214,#2313);
#2313 = DEFINITIONAL_REPRESENTATION('',(#2314),#2318);
#2314 = CIRCLE('',#2315,1.25);
#2315 = AXIS2_PLACEMENT_2D('',#2316,#2317);
#2316 = CARTESIAN_POINT('',(-3.108480459676,1.891519540324));
#2317 = DIRECTION('',(-1.,0.));
#2318 = ( GEOMETRIC_REPRESENTATION_CONTEXT(2) 
PARAMETRIC_REPRESENTATION_CONTEXT() REPRESENTATION_CONTEXT('2D SPACE',''
  ) );
#2319 = PCURVE('',#2206,#2320);
#2320 = DEFINITIONAL_REPRESENTATION('',(#2321),#2325);
#2321 = CIRCLE('',#2322,1.25);
#2322 = AXIS2_PLACEMENT_2D('',#2323,#2324);
#2323 = CARTESIAN_POINT('',(0.,0.));
#2324 = DIRECTION('',(-1.,0.));
#2325 = ( GEOMETRIC_REPRESENTATION_CONTEXT(2) 
PARAMETRIC_REPRESENTATION_CONTEXT() REPRESENTATION_CONTEXT('2D SPACE',''
  ) );
#2326 = ORIENTED_EDGE('',*,*,#1199,.F.);
#2327 = ADVANCED_FACE('',(#2328),#1187,.F.);
#2328 = FACE_BOUND('',#2329,.F.);
#2329 = EDGE_LOOP('',(#2330,#2331,#2332));
#2330 = ORIENTED_EDGE('',*,*,#1170,.T.);
#2331 = ORIENTED_EDGE('',*,*,#1229,.F.);
#2332 = ORIENTED_EDGE('',*,*,#2333,.T.);
#2333 = EDGE_CURVE('',#1230,#1171,#2334,.T.);
#2334 = SURFACE_CURVE('',#2335,(#2340,#2347),.PCURVE_S1.);
#2335 = CIRCLE('',#2336,5.000115766671);
#2336 = AXIS2_PLACEMENT_3D('',#2337,#2338,#2339);
#2337 = CARTESIAN_POINT('',(139.99988423466,-80.00011576533,0.));
#2338 = DIRECTION('',(0.,0.,1.));
#2339 = DIRECTION('',(0.999999999732,2.315253008835E-05,-0.));
#2340 = PCURVE('',#1187,#2341);
#2341 = DEFINITIONAL_REPRESENTATION('',(#2342),#2346);
#2342 = CIRCLE('',#2343,5.000115766671);
#2343 = AXIS2_PLACEMENT_2D('',#2344,#2345);
#2344 = CARTESIAN_POINT('',(19.999884234669,12.499884234669));
#2345 = DIRECTION('',(0.999999999732,2.315253008835E-05));
#2346 = ( GEOMETRIC_REPRESENTATION_CONTEXT(2) 
PARAMETRIC_REPRESENTATION_CONTEXT() REPRESENTATION_CONTEXT('2D SPACE',''
  ) );
#2347 = PCURVE('',#2240,#2348);
#2348 = DEFINITIONAL_REPRESENTATION('',(#2349),#2353);
#2349 = CIRCLE('',#2350,5.000115766671);
#2350 = AXIS2_PLACEMENT_2D('',#2351,#2352);
#2351 = CARTESIAN_POINT('',(-5.000115765331,-1.157653307331E-04));
#2352 = DIRECTION('',(0.999999999732,2.315253008835E-05));
#2353 = ( GEOMETRIC_REPRESENTATION_CONTEXT(2) 
PARAMETRIC_REPRESENTATION_CONTEXT() REPRESENTATION_CONTEXT('2D SPACE',''
  ) );
#2354 = ADVANCED_FACE('',(#2355),#1267,.F.);
#2355 = FACE_BOUND('',#2356,.F.);
#2356 = EDGE_LOOP('',(#2357,#2383,#2384));
#2357 = ORIENTED_EDGE('',*,*,#2358,.T.);
#2358 = EDGE_CURVE('',#1283,#1230,#2359,.T.);
#2359 = SURFACE_CURVE('',#2360,(#2364,#2371),.PCURVE_S1.);
#2360 = LINE('',#2361,#2362);
#2361 = CARTESIAN_POINT('',(145.,-105.,0.));
#2362 = VECTOR('',#2363,1.);
#2363 = DIRECTION('',(0.,1.,0.));
#2364 = PCURVE('',#1267,#2365);
#2365 = DEFINITIONAL_REPRESENTATION('',(#2366),#2370);
#2366 = LINE('',#2367,#2368);
#2367 = CARTESIAN_POINT('',(25.,-12.5));
#2368 = VECTOR('',#2369,1.);
#2369 = DIRECTION('',(0.,1.));
#2370 = ( GEOMETRIC_REPRESENTATION_CONTEXT(2) 
PARAMETRIC_REPRESENTATION_CONTEXT() REPRESENTATION_CONTEXT('2D SPACE',''
  ) );
#2371 = PCURVE('',#2372,#2377);
#2372 = PLANE('',#2373);
#2373 = AXIS2_PLACEMENT_3D('',#2374,#2375,#2376);
#2374 = CARTESIAN_POINT('',(145.,-80.,0.));
#2375 = DIRECTION('',(0.,0.,1.));
#2376 = DIRECTION('',(1.,0.,-0.));
#2377 = DEFINITIONAL_REPRESENTATION('',(#2378),#2382);
#2378 = LINE('',#2379,#2380);
#2379 = CARTESIAN_POINT('',(2.84217094304E-14,-25.));
#2380 = VECTOR('',#2381,1.);
#2381 = DIRECTION('',(0.,1.));
#2382 = ( GEOMETRIC_REPRESENTATION_CONTEXT(2) 
PARAMETRIC_REPRESENTATION_CONTEXT() REPRESENTATION_CONTEXT('2D SPACE',''
  ) );
#2383 = ORIENTED_EDGE('',*,*,#1253,.F.);
#2384 = ORIENTED_EDGE('',*,*,#1282,.T.);
#2385 = ADVANCED_FACE('',(#2386),#1350,.F.);
#2386 = FACE_BOUND('',#2387,.F.);
#2387 = EDGE_LOOP('',(#2388,#2412,#2413,#2442));
#2388 = ORIENTED_EDGE('',*,*,#2389,.F.);
#2389 = EDGE_CURVE('',#1283,#2390,#2392,.T.);
#2390 = VERTEX_POINT('',#2391);
#2391 = CARTESIAN_POINT('',(146.25,-80.,0.));
#2392 = SURFACE_CURVE('',#2393,(#2398,#2405),.PCURVE_S1.);
#2393 = CIRCLE('',#2394,1.25);
#2394 = AXIS2_PLACEMENT_3D('',#2395,#2396,#2397);
#2395 = CARTESIAN_POINT('',(145.,-80.,0.));
#2396 = DIRECTION('',(0.,0.,1.));
#2397 = DIRECTION('',(-1.,0.,-0.));
#2398 = PCURVE('',#1350,#2399);
#2399 = DEFINITIONAL_REPRESENTATION('',(#2400),#2404);
#2400 = CIRCLE('',#2401,1.25);
#2401 = AXIS2_PLACEMENT_2D('',#2402,#2403);
#2402 = CARTESIAN_POINT('',(0.,12.5));
#2403 = DIRECTION('',(-1.,0.));
#2404 = ( GEOMETRIC_REPRESENTATION_CONTEXT(2) 
PARAMETRIC_REPRESENTATION_CONTEXT() REPRESENTATION_CONTEXT('2D SPACE',''
  ) );
#2405 = PCURVE('',#2372,#2406);
#2406 = DEFINITIONAL_REPRESENTATION('',(#2407),#2411);
#2407 = CIRCLE('',#2408,1.25);
#2408 = AXIS2_PLACEMENT_2D('',#2409,#2410);
#2409 = CARTESIAN_POINT('',(2.84217094304E-14,0.));
#2410 = DIRECTION('',(-1.,0.));
#2411 = ( GEOMETRIC_REPRESENTATION_CONTEXT(2) 
PARAMETRIC_REPRESENTATION_CONTEXT() REPRESENTATION_CONTEXT('2D SPACE',''
  ) );
#2412 = ORIENTED_EDGE('',*,*,#1336,.F.);
#2413 = ORIENTED_EDGE('',*,*,#2414,.F.);
#2414 = EDGE_CURVE('',#2415,#1308,#2417,.T.);
#2415 = VERTEX_POINT('',#2416);
#2416 = CARTESIAN_POINT('',(146.25,-105.,0.));
#2417 = SURFACE_CURVE('',#2418,(#2423,#2430),.PCURVE_S1.);
#2418 = CIRCLE('',#2419,1.25);
#2419 = AXIS2_PLACEMENT_3D('',#2420,#2421,#2422);
#2420 = CARTESIAN_POINT('',(145.,-105.,0.));
#2421 = DIRECTION('',(0.,0.,1.));
#2422 = DIRECTION('',(1.,0.,-0.));
#2423 = PCURVE('',#1350,#2424);
#2424 = DEFINITIONAL_REPRESENTATION('',(#2425),#2429);
#2425 = CIRCLE('',#2426,1.25);
#2426 = AXIS2_PLACEMENT_2D('',#2427,#2428);
#2427 = CARTESIAN_POINT('',(0.,-12.5));
#2428 = DIRECTION('',(1.,0.));
#2429 = ( GEOMETRIC_REPRESENTATION_CONTEXT(2) 
PARAMETRIC_REPRESENTATION_CONTEXT() REPRESENTATION_CONTEXT('2D SPACE',''
  ) );
#2430 = PCURVE('',#2431,#2436);
#2431 = PLANE('',#2432);
#2432 = AXIS2_PLACEMENT_3D('',#2433,#2434,#2435);
#2433 = CARTESIAN_POINT('',(145.,-105.,0.));
#2434 = DIRECTION('',(0.,0.,1.));
#2435 = DIRECTION('',(1.,0.,-0.));
#2436 = DEFINITIONAL_REPRESENTATION('',(#2437),#2441);
#2437 = CIRCLE('',#2438,1.25);
#2438 = AXIS2_PLACEMENT_2D('',#2439,#2440);
#2439 = CARTESIAN_POINT('',(2.84217094304E-14,1.42108547152E-14));
#2440 = DIRECTION('',(1.,0.));
#2441 = ( GEOMETRIC_REPRESENTATION_CONTEXT(2) 
PARAMETRIC_REPRESENTATION_CONTEXT() REPRESENTATION_CONTEXT('2D SPACE',''
  ) );
#2442 = ORIENTED_EDGE('',*,*,#2443,.T.);
#2443 = EDGE_CURVE('',#2415,#2390,#2444,.T.);
#2444 = SURFACE_CURVE('',#2445,(#2449,#2456),.PCURVE_S1.);
#2445 = LINE('',#2446,#2447);
#2446 = CARTESIAN_POINT('',(146.25,-105.,0.));
#2447 = VECTOR('',#2448,1.);
#2448 = DIRECTION('',(0.,1.,0.));
#2449 = PCURVE('',#1350,#2450);
#2450 = DEFINITIONAL_REPRESENTATION('',(#2451),#2455);
#2451 = LINE('',#2452,#2453);
#2452 = CARTESIAN_POINT('',(1.25,-12.5));
#2453 = VECTOR('',#2454,1.);
#2454 = DIRECTION('',(0.,1.));
#2455 = ( GEOMETRIC_REPRESENTATION_CONTEXT(2) 
PARAMETRIC_REPRESENTATION_CONTEXT() REPRESENTATION_CONTEXT('2D SPACE',''
  ) );
#2456 = PCURVE('',#2457,#2462);
#2457 = PLANE('',#2458);
#2458 = AXIS2_PLACEMENT_3D('',#2459,#2460,#2461);
#2459 = CARTESIAN_POINT('',(146.25,-105.,0.));
#2460 = DIRECTION('',(-1.,0.,0.));
#2461 = DIRECTION('',(0.,1.,0.));
#2462 = DEFINITIONAL_REPRESENTATION('',(#2463),#2467);
#2463 = LINE('',#2464,#2465);
#2464 = CARTESIAN_POINT('',(0.,0.));
#2465 = VECTOR('',#2466,1.);
#2466 = DIRECTION('',(1.,0.));
#2467 = ( GEOMETRIC_REPRESENTATION_CONTEXT(2) 
PARAMETRIC_REPRESENTATION_CONTEXT() REPRESENTATION_CONTEXT('2D SPACE',''
  ) );
#2468 = ADVANCED_FACE('',(#2469),#1324,.F.);
#2469 = FACE_BOUND('',#2470,.F.);
#2470 = EDGE_LOOP('',(#2471,#2472,#2473));
#2471 = ORIENTED_EDGE('',*,*,#1307,.T.);
#2472 = ORIENTED_EDGE('',*,*,#1365,.F.);
#2473 = ORIENTED_EDGE('',*,*,#2474,.T.);
#2474 = EDGE_CURVE('',#1366,#1308,#2475,.T.);
#2475 = SURFACE_CURVE('',#2476,(#2480,#2487),.PCURVE_S1.);
#2476 = LINE('',#2477,#2478);
#2477 = CARTESIAN_POINT('',(145.,-105.,0.));
#2478 = VECTOR('',#2479,1.);
#2479 = DIRECTION('',(0.,1.,0.));
#2480 = PCURVE('',#1324,#2481);
#2481 = DEFINITIONAL_REPRESENTATION('',(#2482),#2486);
#2482 = LINE('',#2483,#2484);
#2483 = CARTESIAN_POINT('',(25.,-12.5));
#2484 = VECTOR('',#2485,1.);
#2485 = DIRECTION('',(0.,1.));
#2486 = ( GEOMETRIC_REPRESENTATION_CONTEXT(2) 
PARAMETRIC_REPRESENTATION_CONTEXT() REPRESENTATION_CONTEXT('2D SPACE',''
  ) );
#2487 = PCURVE('',#2431,#2488);
#2488 = DEFINITIONAL_REPRESENTATION('',(#2489),#2493);
#2489 = LINE('',#2490,#2491);
#2490 = CARTESIAN_POINT('',(2.84217094304E-14,1.42108547152E-14));
#2491 = VECTOR('',#2492,1.);
#2492 = DIRECTION('',(0.,1.));
#2493 = ( GEOMETRIC_REPRESENTATION_CONTEXT(2) 
PARAMETRIC_REPRESENTATION_CONTEXT() REPRESENTATION_CONTEXT('2D SPACE',''
  ) );
#2494 = ADVANCED_FACE('',(#2495),#1403,.F.);
#2495 = FACE_BOUND('',#2496,.F.);
#2496 = EDGE_LOOP('',(#2497,#2498,#2499));
#2497 = ORIENTED_EDGE('',*,*,#1389,.F.);
#2498 = ORIENTED_EDGE('',*,*,#1418,.T.);
#2499 = ORIENTED_EDGE('',*,*,#2500,.T.);
#2500 = EDGE_CURVE('',#1419,#1366,#2501,.T.);
#2501 = SURFACE_CURVE('',#2502,(#2507,#2514),.PCURVE_S1.);
#2502 = CIRCLE('',#2503,5.000115766671);
#2503 = AXIS2_PLACEMENT_3D('',#2504,#2505,#2506);
#2504 = CARTESIAN_POINT('',(139.99988423466,-104.9998842346,0.));
#2505 = DIRECTION('',(0.,0.,1.));
#2506 = DIRECTION('',(2.31525300912E-05,-0.999999999732,0.));
#2507 = PCURVE('',#1403,#2508);
#2508 = DEFINITIONAL_REPRESENTATION('',(#2509),#2513);
#2509 = CIRCLE('',#2510,5.000115766671);
#2510 = AXIS2_PLACEMENT_2D('',#2511,#2512);
#2511 = CARTESIAN_POINT('',(19.999884234669,-12.49988423466));
#2512 = DIRECTION('',(2.31525300912E-05,-0.999999999732));
#2513 = ( GEOMETRIC_REPRESENTATION_CONTEXT(2) 
PARAMETRIC_REPRESENTATION_CONTEXT() REPRESENTATION_CONTEXT('2D SPACE',''
  ) );
#2514 = PCURVE('',#2515,#2520);
#2515 = PLANE('',#2516);
#2516 = AXIS2_PLACEMENT_3D('',#2517,#2518,#2519);
#2517 = CARTESIAN_POINT('',(145.,-105.,0.));
#2518 = DIRECTION('',(0.,0.,1.));
#2519 = DIRECTION('',(1.,0.,-0.));
#2520 = DEFINITIONAL_REPRESENTATION('',(#2521),#2525);
#2521 = CIRCLE('',#2522,5.000115766671);
#2522 = AXIS2_PLACEMENT_2D('',#2523,#2524);
#2523 = CARTESIAN_POINT('',(-5.000115765331,1.157653307473E-04));
#2524 = DIRECTION('',(2.31525300912E-05,-0.999999999732));
#2525 = ( GEOMETRIC_REPRESENTATION_CONTEXT(2) 
PARAMETRIC_REPRESENTATION_CONTEXT() REPRESENTATION_CONTEXT('2D SPACE',''
  ) );
#2526 = ADVANCED_FACE('',(#2527),#1487,.F.);
#2527 = FACE_BOUND('',#2528,.F.);
#2528 = EDGE_LOOP('',(#2529,#2560,#2589,#2611,#2612));
#2529 = ORIENTED_EDGE('',*,*,#2530,.F.);
#2530 = EDGE_CURVE('',#2531,#2533,#2535,.T.);
#2531 = VERTEX_POINT('',#2532);
#2532 = CARTESIAN_POINT('',(140.00002894066,-111.2499999996,0.));
#2533 = VERTEX_POINT('',#2534);
#2534 = CARTESIAN_POINT('',(141.25,-110.,0.));
#2535 = SURFACE_CURVE('',#2536,(#2541,#2548),.PCURVE_S1.);
#2536 = CIRCLE('',#2537,1.25);
#2537 = AXIS2_PLACEMENT_3D('',#2538,#2539,#2540);
#2538 = CARTESIAN_POINT('',(140.,-110.,0.));
#2539 = DIRECTION('',(0.,0.,1.));
#2540 = DIRECTION('',(-1.,0.,-0.));
#2541 = PCURVE('',#1487,#2542);
#2542 = DEFINITIONAL_REPRESENTATION('',(#2543),#2547);
#2543 = CIRCLE('',#2544,1.25);
#2544 = AXIS2_PLACEMENT_2D('',#2545,#2546);
#2545 = CARTESIAN_POINT('',(-3.108480459677,-1.891519540323));
#2546 = DIRECTION('',(-1.,0.));
#2547 = ( GEOMETRIC_REPRESENTATION_CONTEXT(2) 
PARAMETRIC_REPRESENTATION_CONTEXT() REPRESENTATION_CONTEXT('2D SPACE',''
  ) );
#2548 = PCURVE('',#2549,#2554);
#2549 = PLANE('',#2550);
#2550 = AXIS2_PLACEMENT_3D('',#2551,#2552,#2553);
#2551 = CARTESIAN_POINT('',(140.,-110.,0.));
#2552 = DIRECTION('',(0.,0.,1.));
#2553 = DIRECTION('',(1.,0.,-0.));
#2554 = DEFINITIONAL_REPRESENTATION('',(#2555),#2559);
#2555 = CIRCLE('',#2556,1.25);
#2556 = AXIS2_PLACEMENT_2D('',#2557,#2558);
#2557 = CARTESIAN_POINT('',(0.,1.42108547152E-14));
#2558 = DIRECTION('',(-1.,0.));
#2559 = ( GEOMETRIC_REPRESENTATION_CONTEXT(2) 
PARAMETRIC_REPRESENTATION_CONTEXT() REPRESENTATION_CONTEXT('2D SPACE',''
  ) );
#2560 = ORIENTED_EDGE('',*,*,#2561,.T.);
#2561 = EDGE_CURVE('',#2531,#2562,#2564,.T.);
#2562 = VERTEX_POINT('',#2563);
#2563 = CARTESIAN_POINT('',(146.24999999966,-105.0000289406,0.));
#2564 = SURFACE_CURVE('',#2565,(#2570,#2577),.PCURVE_S1.);
#2565 = CIRCLE('',#2566,6.25011576667);
#2566 = AXIS2_PLACEMENT_3D('',#2567,#2568,#2569);
#2567 = CARTESIAN_POINT('',(139.99988423467,-104.9998842346,0.));
#2568 = DIRECTION('',(0.,0.,1.));
#2569 = DIRECTION('',(2.315252985061E-05,-0.999999999732,0.));
#2570 = PCURVE('',#1487,#2571);
#2571 = DEFINITIONAL_REPRESENTATION('',(#2572),#2576);
#2572 = CIRCLE('',#2573,6.25011576667);
#2573 = AXIS2_PLACEMENT_2D('',#2574,#2575);
#2574 = CARTESIAN_POINT('',(-3.108596225006,3.108596225007));
#2575 = DIRECTION('',(2.315252985061E-05,-0.999999999732));
#2576 = ( GEOMETRIC_REPRESENTATION_CONTEXT(2) 
PARAMETRIC_REPRESENTATION_CONTEXT() REPRESENTATION_CONTEXT('2D SPACE',''
  ) );
#2577 = PCURVE('',#2578,#2583);
#2578 = CYLINDRICAL_SURFACE('',#2579,6.25011576667);
#2579 = AXIS2_PLACEMENT_3D('',#2580,#2581,#2582);
#2580 = CARTESIAN_POINT('',(139.99988423467,-104.9998842346,0.));
#2581 = DIRECTION('',(-0.,-0.,-1.));
#2582 = DIRECTION('',(2.315252985061E-05,-0.999999999732,0.));
#2583 = DEFINITIONAL_REPRESENTATION('',(#2584),#2588);
#2584 = LINE('',#2585,#2586);
#2585 = CARTESIAN_POINT('',(-0.,0.));
#2586 = VECTOR('',#2587,1.);
#2587 = DIRECTION('',(-1.,0.));
#2588 = ( GEOMETRIC_REPRESENTATION_CONTEXT(2) 
PARAMETRIC_REPRESENTATION_CONTEXT() REPRESENTATION_CONTEXT('2D SPACE',''
  ) );
#2589 = ORIENTED_EDGE('',*,*,#2590,.F.);
#2590 = EDGE_CURVE('',#1419,#2562,#2591,.T.);
#2591 = SURFACE_CURVE('',#2592,(#2597,#2604),.PCURVE_S1.);
#2592 = CIRCLE('',#2593,1.25);
#2593 = AXIS2_PLACEMENT_3D('',#2594,#2595,#2596);
#2594 = CARTESIAN_POINT('',(145.,-105.,0.));
#2595 = DIRECTION('',(0.,0.,1.));
#2596 = DIRECTION('',(-1.,0.,-0.));
#2597 = PCURVE('',#1487,#2598);
#2598 = DEFINITIONAL_REPRESENTATION('',(#2599),#2603);
#2599 = CIRCLE('',#2600,1.25);
#2600 = AXIS2_PLACEMENT_2D('',#2601,#2602);
#2601 = CARTESIAN_POINT('',(1.891519540323,3.108480459677));
#2602 = DIRECTION('',(-1.,0.));
#2603 = ( GEOMETRIC_REPRESENTATION_CONTEXT(2) 
PARAMETRIC_REPRESENTATION_CONTEXT() REPRESENTATION_CONTEXT('2D SPACE',''
  ) );
#2604 = PCURVE('',#2515,#2605);
#2605 = DEFINITIONAL_REPRESENTATION('',(#2606),#2610);
#2606 = CIRCLE('',#2607,1.25);
#2607 = AXIS2_PLACEMENT_2D('',#2608,#2609);
#2608 = CARTESIAN_POINT('',(2.84217094304E-14,1.42108547152E-14));
#2609 = DIRECTION('',(-1.,0.));
#2610 = ( GEOMETRIC_REPRESENTATION_CONTEXT(2) 
PARAMETRIC_REPRESENTATION_CONTEXT() REPRESENTATION_CONTEXT('2D SPACE',''
  ) );
#2611 = ORIENTED_EDGE('',*,*,#1472,.F.);
#2612 = ORIENTED_EDGE('',*,*,#2613,.F.);
#2613 = EDGE_CURVE('',#2533,#1444,#2614,.T.);
#2614 = SURFACE_CURVE('',#2615,(#2620,#2627),.PCURVE_S1.);
#2615 = CIRCLE('',#2616,1.25);
#2616 = AXIS2_PLACEMENT_3D('',#2617,#2618,#2619);
#2617 = CARTESIAN_POINT('',(140.,-110.,0.));
#2618 = DIRECTION('',(0.,0.,1.));
#2619 = DIRECTION('',(1.,0.,-0.));
#2620 = PCURVE('',#1487,#2621);
#2621 = DEFINITIONAL_REPRESENTATION('',(#2622),#2626);
#2622 = CIRCLE('',#2623,1.25);
#2623 = AXIS2_PLACEMENT_2D('',#2624,#2625);
#2624 = CARTESIAN_POINT('',(-3.108480459677,-1.891519540323));
#2625 = DIRECTION('',(1.,0.));
#2626 = ( GEOMETRIC_REPRESENTATION_CONTEXT(2) 
PARAMETRIC_REPRESENTATION_CONTEXT() REPRESENTATION_CONTEXT('2D SPACE',''
  ) );
#2627 = PCURVE('',#2549,#2628);
#2628 = DEFINITIONAL_REPRESENTATION('',(#2629),#2633);
#2629 = CIRCLE('',#2630,1.25);
#2630 = AXIS2_PLACEMENT_2D('',#2631,#2632);
#2631 = CARTESIAN_POINT('',(0.,1.42108547152E-14));
#2632 = DIRECTION('',(1.,0.));
#2633 = ( GEOMETRIC_REPRESENTATION_CONTEXT(2) 
PARAMETRIC_REPRESENTATION_CONTEXT() REPRESENTATION_CONTEXT('2D SPACE',''
  ) );
#2634 = ADVANCED_FACE('',(#2635),#1460,.F.);
#2635 = FACE_BOUND('',#2636,.F.);
#2636 = EDGE_LOOP('',(#2637,#2638,#2639));
#2637 = ORIENTED_EDGE('',*,*,#1443,.T.);
#2638 = ORIENTED_EDGE('',*,*,#1502,.F.);
#2639 = ORIENTED_EDGE('',*,*,#2640,.T.);
#2640 = EDGE_CURVE('',#1503,#1444,#2641,.T.);
#2641 = SURFACE_CURVE('',#2642,(#2647,#2654),.PCURVE_S1.);
#2642 = CIRCLE('',#2643,5.000115766671);
#2643 = AXIS2_PLACEMENT_3D('',#2644,#2645,#2646);
#2644 = CARTESIAN_POINT('',(139.99988423466,-104.9998842346,0.));
#2645 = DIRECTION('',(0.,0.,1.));
#2646 = DIRECTION('',(2.31525300912E-05,-0.999999999732,0.));
#2647 = PCURVE('',#1460,#2648);
#2648 = DEFINITIONAL_REPRESENTATION('',(#2649),#2653);
#2649 = CIRCLE('',#2650,5.000115766671);
#2650 = AXIS2_PLACEMENT_2D('',#2651,#2652);
#2651 = CARTESIAN_POINT('',(19.999884234669,-12.49988423466));
#2652 = DIRECTION('',(2.31525300912E-05,-0.999999999732));
#2653 = ( GEOMETRIC_REPRESENTATION_CONTEXT(2) 
PARAMETRIC_REPRESENTATION_CONTEXT() REPRESENTATION_CONTEXT('2D SPACE',''
  ) );
#2654 = PCURVE('',#2549,#2655);
#2655 = DEFINITIONAL_REPRESENTATION('',(#2656),#2660);
#2656 = CIRCLE('',#2657,5.000115766671);
#2657 = AXIS2_PLACEMENT_2D('',#2658,#2659);
#2658 = CARTESIAN_POINT('',(-1.157653307473E-04,5.000115765331));
#2659 = DIRECTION('',(2.31525300912E-05,-0.999999999732));
#2660 = ( GEOMETRIC_REPRESENTATION_CONTEXT(2) 
PARAMETRIC_REPRESENTATION_CONTEXT() REPRESENTATION_CONTEXT('2D SPACE',''
  ) );
#2661 = ADVANCED_FACE('',(#2662),#1540,.F.);
#2662 = FACE_BOUND('',#2663,.F.);
#2663 = EDGE_LOOP('',(#2664,#2665,#2666));
#2664 = ORIENTED_EDGE('',*,*,#1526,.F.);
#2665 = ORIENTED_EDGE('',*,*,#1613,.T.);
#2666 = ORIENTED_EDGE('',*,*,#2667,.T.);
#2667 = EDGE_CURVE('',#1586,#1503,#2668,.T.);
#2668 = SURFACE_CURVE('',#2669,(#2673,#2680),.PCURVE_S1.);
#2669 = LINE('',#2670,#2671);
#2670 = CARTESIAN_POINT('',(100.,-110.,0.));
#2671 = VECTOR('',#2672,1.);
#2672 = DIRECTION('',(1.,0.,0.));
#2673 = PCURVE('',#1540,#2674);
#2674 = DEFINITIONAL_REPRESENTATION('',(#2675),#2679);
#2675 = LINE('',#2676,#2677);
#2676 = CARTESIAN_POINT('',(-20.,-17.5));
#2677 = VECTOR('',#2678,1.);
#2678 = DIRECTION('',(1.,0.));
#2679 = ( GEOMETRIC_REPRESENTATION_CONTEXT(2) 
PARAMETRIC_REPRESENTATION_CONTEXT() REPRESENTATION_CONTEXT('2D SPACE',''
  ) );
#2680 = PCURVE('',#2681,#2686);
#2681 = PLANE('',#2682);
#2682 = AXIS2_PLACEMENT_3D('',#2683,#2684,#2685);
#2683 = CARTESIAN_POINT('',(140.,-110.,0.));
#2684 = DIRECTION('',(0.,0.,1.));
#2685 = DIRECTION('',(1.,0.,-0.));
#2686 = DEFINITIONAL_REPRESENTATION('',(#2687),#2691);
#2687 = LINE('',#2688,#2689);
#2688 = CARTESIAN_POINT('',(-40.,1.42108547152E-14));
#2689 = VECTOR('',#2690,1.);
#2690 = DIRECTION('',(1.,0.));
#2691 = ( GEOMETRIC_REPRESENTATION_CONTEXT(2) 
PARAMETRIC_REPRESENTATION_CONTEXT() REPRESENTATION_CONTEXT('2D SPACE',''
  ) );
#2692 = ADVANCED_FACE('',(#2693),#1601,.F.);
#2693 = FACE_BOUND('',#2694,.F.);
#2694 = EDGE_LOOP('',(#2695,#2719,#2720,#2749));
#2695 = ORIENTED_EDGE('',*,*,#2696,.F.);
#2696 = EDGE_CURVE('',#1586,#2697,#2699,.T.);
#2697 = VERTEX_POINT('',#2698);
#2698 = CARTESIAN_POINT('',(140.,-111.25,0.));
#2699 = SURFACE_CURVE('',#2700,(#2705,#2712),.PCURVE_S1.);
#2700 = CIRCLE('',#2701,1.25);
#2701 = AXIS2_PLACEMENT_3D('',#2702,#2703,#2704);
#2702 = CARTESIAN_POINT('',(140.,-110.,0.));
#2703 = DIRECTION('',(0.,0.,1.));
#2704 = DIRECTION('',(-1.,0.,-0.));
#2705 = PCURVE('',#1601,#2706);
#2706 = DEFINITIONAL_REPRESENTATION('',(#2707),#2711);
#2707 = CIRCLE('',#2708,1.25);
#2708 = AXIS2_PLACEMENT_2D('',#2709,#2710);
#2709 = CARTESIAN_POINT('',(20.,0.));
#2710 = DIRECTION('',(-1.,0.));
#2711 = ( GEOMETRIC_REPRESENTATION_CONTEXT(2) 
PARAMETRIC_REPRESENTATION_CONTEXT() REPRESENTATION_CONTEXT('2D SPACE',''
  ) );
#2712 = PCURVE('',#2681,#2713);
#2713 = DEFINITIONAL_REPRESENTATION('',(#2714),#2718);
#2714 = CIRCLE('',#2715,1.25);
#2715 = AXIS2_PLACEMENT_2D('',#2716,#2717);
#2716 = CARTESIAN_POINT('',(0.,1.42108547152E-14));
#2717 = DIRECTION('',(-1.,0.));
#2718 = ( GEOMETRIC_REPRESENTATION_CONTEXT(2) 
PARAMETRIC_REPRESENTATION_CONTEXT() REPRESENTATION_CONTEXT('2D SPACE',''
  ) );
#2719 = ORIENTED_EDGE('',*,*,#1585,.F.);
#2720 = ORIENTED_EDGE('',*,*,#2721,.F.);
#2721 = EDGE_CURVE('',#2722,#1557,#2724,.T.);
#2722 = VERTEX_POINT('',#2723);
#2723 = CARTESIAN_POINT('',(100.,-111.25,0.));
#2724 = SURFACE_CURVE('',#2725,(#2730,#2737),.PCURVE_S1.);
#2725 = CIRCLE('',#2726,1.25);
#2726 = AXIS2_PLACEMENT_3D('',#2727,#2728,#2729);
#2727 = CARTESIAN_POINT('',(100.,-110.,0.));
#2728 = DIRECTION('',(0.,0.,1.));
#2729 = DIRECTION('',(-1.,0.,-0.));
#2730 = PCURVE('',#1601,#2731);
#2731 = DEFINITIONAL_REPRESENTATION('',(#2732),#2736);
#2732 = CIRCLE('',#2733,1.25);
#2733 = AXIS2_PLACEMENT_2D('',#2734,#2735);
#2734 = CARTESIAN_POINT('',(-20.,0.));
#2735 = DIRECTION('',(-1.,0.));
#2736 = ( GEOMETRIC_REPRESENTATION_CONTEXT(2) 
PARAMETRIC_REPRESENTATION_CONTEXT() REPRESENTATION_CONTEXT('2D SPACE',''
  ) );
#2737 = PCURVE('',#2738,#2743);
#2738 = PLANE('',#2739);
#2739 = AXIS2_PLACEMENT_3D('',#2740,#2741,#2742);
#2740 = CARTESIAN_POINT('',(100.,-110.,0.));
#2741 = DIRECTION('',(0.,0.,1.));
#2742 = DIRECTION('',(1.,0.,-0.));
#2743 = DEFINITIONAL_REPRESENTATION('',(#2744),#2748);
#2744 = CIRCLE('',#2745,1.25);
#2745 = AXIS2_PLACEMENT_2D('',#2746,#2747);
#2746 = CARTESIAN_POINT('',(-2.84217094304E-14,1.42108547152E-14));
#2747 = DIRECTION('',(-1.,0.));
#2748 = ( GEOMETRIC_REPRESENTATION_CONTEXT(2) 
PARAMETRIC_REPRESENTATION_CONTEXT() REPRESENTATION_CONTEXT('2D SPACE',''
  ) );
#2749 = ORIENTED_EDGE('',*,*,#2750,.T.);
#2750 = EDGE_CURVE('',#2722,#2697,#2751,.T.);
#2751 = SURFACE_CURVE('',#2752,(#2756,#2763),.PCURVE_S1.);
#2752 = LINE('',#2753,#2754);
#2753 = CARTESIAN_POINT('',(100.,-111.25,0.));
#2754 = VECTOR('',#2755,1.);
#2755 = DIRECTION('',(1.,0.,0.));
#2756 = PCURVE('',#1601,#2757);
#2757 = DEFINITIONAL_REPRESENTATION('',(#2758),#2762);
#2758 = LINE('',#2759,#2760);
#2759 = CARTESIAN_POINT('',(-20.,-1.25));
#2760 = VECTOR('',#2761,1.);
#2761 = DIRECTION('',(1.,0.));
#2762 = ( GEOMETRIC_REPRESENTATION_CONTEXT(2) 
PARAMETRIC_REPRESENTATION_CONTEXT() REPRESENTATION_CONTEXT('2D SPACE',''
  ) );
#2763 = PCURVE('',#2764,#2769);
#2764 = PLANE('',#2765);
#2765 = AXIS2_PLACEMENT_3D('',#2766,#2767,#2768);
#2766 = CARTESIAN_POINT('',(100.,-111.25,0.));
#2767 = DIRECTION('',(0.,1.,0.));
#2768 = DIRECTION('',(1.,0.,0.));
#2769 = DEFINITIONAL_REPRESENTATION('',(#2770),#2774);
#2770 = LINE('',#2771,#2772);
#2771 = CARTESIAN_POINT('',(0.,0.));
#2772 = VECTOR('',#2773,1.);
#2773 = DIRECTION('',(1.,0.));
#2774 = ( GEOMETRIC_REPRESENTATION_CONTEXT(2) 
PARAMETRIC_REPRESENTATION_CONTEXT() REPRESENTATION_CONTEXT('2D SPACE',''
  ) );
#2775 = ADVANCED_FACE('',(#2776),#1573,.F.);
#2776 = FACE_BOUND('',#2777,.F.);
#2777 = EDGE_LOOP('',(#2778,#2779,#2780));
#2778 = ORIENTED_EDGE('',*,*,#1556,.T.);
#2779 = ORIENTED_EDGE('',*,*,#1667,.F.);
#2780 = ORIENTED_EDGE('',*,*,#2781,.T.);
#2781 = EDGE_CURVE('',#1640,#1557,#2782,.T.);
#2782 = SURFACE_CURVE('',#2783,(#2787,#2794),.PCURVE_S1.);
#2783 = LINE('',#2784,#2785);
#2784 = CARTESIAN_POINT('',(100.,-110.,0.));
#2785 = VECTOR('',#2786,1.);
#2786 = DIRECTION('',(1.,0.,0.));
#2787 = PCURVE('',#1573,#2788);
#2788 = DEFINITIONAL_REPRESENTATION('',(#2789),#2793);
#2789 = LINE('',#2790,#2791);
#2790 = CARTESIAN_POINT('',(-20.,-17.5));
#2791 = VECTOR('',#2792,1.);
#2792 = DIRECTION('',(1.,0.));
#2793 = ( GEOMETRIC_REPRESENTATION_CONTEXT(2) 
PARAMETRIC_REPRESENTATION_CONTEXT() REPRESENTATION_CONTEXT('2D SPACE',''
  ) );
#2794 = PCURVE('',#2738,#2795);
#2795 = DEFINITIONAL_REPRESENTATION('',(#2796),#2800);
#2796 = LINE('',#2797,#2798);
#2797 = CARTESIAN_POINT('',(-2.84217094304E-14,1.42108547152E-14));
#2798 = VECTOR('',#2799,1.);
#2799 = DIRECTION('',(1.,0.));
#2800 = ( GEOMETRIC_REPRESENTATION_CONTEXT(2) 
PARAMETRIC_REPRESENTATION_CONTEXT() REPRESENTATION_CONTEXT('2D SPACE',''
  ) );
#2801 = ADVANCED_FACE('',(#2802),#1655,.F.);
#2802 = FACE_BOUND('',#2803,.F.);
#2803 = EDGE_LOOP('',(#2804,#2805,#2806));
#2804 = ORIENTED_EDGE('',*,*,#1639,.F.);
#2805 = ORIENTED_EDGE('',*,*,#1750,.T.);
#2806 = ORIENTED_EDGE('',*,*,#2807,.T.);
#2807 = EDGE_CURVE('',#1722,#1640,#2808,.T.);
#2808 = SURFACE_CURVE('',#2809,(#2814,#2821),.PCURVE_S1.);
#2809 = CIRCLE('',#2810,5.000115766671);
#2810 = AXIS2_PLACEMENT_3D('',#2811,#2812,#2813);
#2811 = CARTESIAN_POINT('',(100.00011576533,-104.9998842346,0.));
#2812 = DIRECTION('',(0.,0.,1.));
#2813 = DIRECTION('',(-0.999999999732,-2.31525300912E-05,0.));
#2814 = PCURVE('',#1655,#2815);
#2815 = DEFINITIONAL_REPRESENTATION('',(#2816),#2820);
#2816 = CIRCLE('',#2817,5.000115766671);
#2817 = AXIS2_PLACEMENT_2D('',#2818,#2819);
#2818 = CARTESIAN_POINT('',(-19.99988423466,-12.49988423466));
#2819 = DIRECTION('',(-0.999999999732,-2.31525300912E-05));
#2820 = ( GEOMETRIC_REPRESENTATION_CONTEXT(2) 
PARAMETRIC_REPRESENTATION_CONTEXT() REPRESENTATION_CONTEXT('2D SPACE',''
  ) );
#2821 = PCURVE('',#2822,#2827);
#2822 = PLANE('',#2823);
#2823 = AXIS2_PLACEMENT_3D('',#2824,#2825,#2826);
#2824 = CARTESIAN_POINT('',(100.,-110.,0.));
#2825 = DIRECTION('',(0.,0.,1.));
#2826 = DIRECTION('',(1.,0.,-0.));
#2827 = DEFINITIONAL_REPRESENTATION('',(#2828),#2832);
#2828 = CIRCLE('',#2829,5.000115766671);
#2829 = AXIS2_PLACEMENT_2D('',#2830,#2831);
#2830 = CARTESIAN_POINT('',(1.157653307189E-04,5.000115765331));
#2831 = DIRECTION('',(-0.999999999732,-2.31525300912E-05));
#2832 = ( GEOMETRIC_REPRESENTATION_CONTEXT(2) 
PARAMETRIC_REPRESENTATION_CONTEXT() REPRESENTATION_CONTEXT('2D SPACE',''
  ) );
#2833 = ADVANCED_FACE('',(#2834),#1738,.F.);
#2834 = FACE_BOUND('',#2835,.F.);
#2835 = EDGE_LOOP('',(#2836,#2865,#2894,#2918,#2940));
#2836 = ORIENTED_EDGE('',*,*,#2837,.F.);
#2837 = EDGE_CURVE('',#2838,#1693,#2840,.T.);
#2838 = VERTEX_POINT('',#2839);
#2839 = CARTESIAN_POINT('',(93.750000000335,-105.0000289406,0.));
#2840 = SURFACE_CURVE('',#2841,(#2846,#2853),.PCURVE_S1.);
#2841 = CIRCLE('',#2842,1.25);
#2842 = AXIS2_PLACEMENT_3D('',#2843,#2844,#2845);
#2843 = CARTESIAN_POINT('',(95.,-105.,0.));
#2844 = DIRECTION('',(0.,0.,1.));
#2845 = DIRECTION('',(-1.,0.,-0.));
#2846 = PCURVE('',#1738,#2847);
#2847 = DEFINITIONAL_REPRESENTATION('',(#2848),#2852);
#2848 = CIRCLE('',#2849,1.25);
#2849 = AXIS2_PLACEMENT_2D('',#2850,#2851);
#2850 = CARTESIAN_POINT('',(-1.891519540323,3.108480459676));
#2851 = DIRECTION('',(-1.,0.));
#2852 = ( GEOMETRIC_REPRESENTATION_CONTEXT(2) 
PARAMETRIC_REPRESENTATION_CONTEXT() REPRESENTATION_CONTEXT('2D SPACE',''
  ) );
#2853 = PCURVE('',#2854,#2859);
#2854 = PLANE('',#2855);
#2855 = AXIS2_PLACEMENT_3D('',#2856,#2857,#2858);
#2856 = CARTESIAN_POINT('',(95.,-105.,0.));
#2857 = DIRECTION('',(0.,0.,1.));
#2858 = DIRECTION('',(1.,0.,-0.));
#2859 = DEFINITIONAL_REPRESENTATION('',(#2860),#2864);
#2860 = CIRCLE('',#2861,1.25);
#2861 = AXIS2_PLACEMENT_2D('',#2862,#2863);
#2862 = CARTESIAN_POINT('',(-1.42108547152E-14,1.42108547152E-14));
#2863 = DIRECTION('',(-1.,0.));
#2864 = ( GEOMETRIC_REPRESENTATION_CONTEXT(2) 
PARAMETRIC_REPRESENTATION_CONTEXT() REPRESENTATION_CONTEXT('2D SPACE',''
  ) );
#2865 = ORIENTED_EDGE('',*,*,#2866,.T.);
#2866 = EDGE_CURVE('',#2838,#2867,#2869,.T.);
#2867 = VERTEX_POINT('',#2868);
#2868 = CARTESIAN_POINT('',(99.999971059338,-111.2499999996,0.));
#2869 = SURFACE_CURVE('',#2870,(#2875,#2882),.PCURVE_S1.);
#2870 = CIRCLE('',#2871,6.25011576667);
#2871 = AXIS2_PLACEMENT_3D('',#2872,#2873,#2874);
#2872 = CARTESIAN_POINT('',(100.00011576533,-104.9998842346,0.));
#2873 = DIRECTION('',(0.,0.,1.));
#2874 = DIRECTION('',(-0.999999999732,-2.315253013709E-05,0.));
#2875 = PCURVE('',#1738,#2876);
#2876 = DEFINITIONAL_REPRESENTATION('',(#2877),#2881);
#2877 = CIRCLE('',#2878,6.25011576667);
#2878 = AXIS2_PLACEMENT_2D('',#2879,#2880);
#2879 = CARTESIAN_POINT('',(3.108596225007,3.108596225007));
#2880 = DIRECTION('',(-0.999999999732,-2.315253013709E-05));
#2881 = ( GEOMETRIC_REPRESENTATION_CONTEXT(2) 
PARAMETRIC_REPRESENTATION_CONTEXT() REPRESENTATION_CONTEXT('2D SPACE',''
  ) );
#2882 = PCURVE('',#2883,#2888);
#2883 = CYLINDRICAL_SURFACE('',#2884,6.25011576667);
#2884 = AXIS2_PLACEMENT_3D('',#2885,#2886,#2887);
#2885 = CARTESIAN_POINT('',(100.00011576533,-104.9998842346,0.));
#2886 = DIRECTION('',(-0.,-0.,-1.));
#2887 = DIRECTION('',(-0.999999999732,-2.315253013709E-05,0.));
#2888 = DEFINITIONAL_REPRESENTATION('',(#2889),#2893);
#2889 = LINE('',#2890,#2891);
#2890 = CARTESIAN_POINT('',(-0.,0.));
#2891 = VECTOR('',#2892,1.);
#2892 = DIRECTION('',(-1.,0.));
#2893 = ( GEOMETRIC_REPRESENTATION_CONTEXT(2) 
PARAMETRIC_REPRESENTATION_CONTEXT() REPRESENTATION_CONTEXT('2D SPACE',''
  ) );
#2894 = ORIENTED_EDGE('',*,*,#2895,.F.);
#2895 = EDGE_CURVE('',#2896,#2867,#2898,.T.);
#2896 = VERTEX_POINT('',#2897);
#2897 = CARTESIAN_POINT('',(98.75,-110.,0.));
#2898 = SURFACE_CURVE('',#2899,(#2904,#2911),.PCURVE_S1.);
#2899 = CIRCLE('',#2900,1.25);
#2900 = AXIS2_PLACEMENT_3D('',#2901,#2902,#2903);
#2901 = CARTESIAN_POINT('',(100.,-110.,0.));
#2902 = DIRECTION('',(0.,0.,1.));
#2903 = DIRECTION('',(-1.,0.,-0.));
#2904 = PCURVE('',#1738,#2905);
#2905 = DEFINITIONAL_REPRESENTATION('',(#2906),#2910);
#2906 = CIRCLE('',#2907,1.25);
#2907 = AXIS2_PLACEMENT_2D('',#2908,#2909);
#2908 = CARTESIAN_POINT('',(3.108480459677,-1.891519540324));
#2909 = DIRECTION('',(-1.,0.));
#2910 = ( GEOMETRIC_REPRESENTATION_CONTEXT(2) 
PARAMETRIC_REPRESENTATION_CONTEXT() REPRESENTATION_CONTEXT('2D SPACE',''
  ) );
#2911 = PCURVE('',#2822,#2912);
#2912 = DEFINITIONAL_REPRESENTATION('',(#2913),#2917);
#2913 = CIRCLE('',#2914,1.25);
#2914 = AXIS2_PLACEMENT_2D('',#2915,#2916);
#2915 = CARTESIAN_POINT('',(-2.84217094304E-14,1.42108547152E-14));
#2916 = DIRECTION('',(-1.,0.));
#2917 = ( GEOMETRIC_REPRESENTATION_CONTEXT(2) 
PARAMETRIC_REPRESENTATION_CONTEXT() REPRESENTATION_CONTEXT('2D SPACE',''
  ) );
#2918 = ORIENTED_EDGE('',*,*,#2919,.F.);
#2919 = EDGE_CURVE('',#1722,#2896,#2920,.T.);
#2920 = SURFACE_CURVE('',#2921,(#2926,#2933),.PCURVE_S1.);
#2921 = CIRCLE('',#2922,1.25);
#2922 = AXIS2_PLACEMENT_3D('',#2923,#2924,#2925);
#2923 = CARTESIAN_POINT('',(100.,-110.,0.));
#2924 = DIRECTION('',(0.,0.,1.));
#2925 = DIRECTION('',(1.,0.,-0.));
#2926 = PCURVE('',#1738,#2927);
#2927 = DEFINITIONAL_REPRESENTATION('',(#2928),#2932);
#2928 = CIRCLE('',#2929,1.25);
#2929 = AXIS2_PLACEMENT_2D('',#2930,#2931);
#2930 = CARTESIAN_POINT('',(3.108480459677,-1.891519540324));
#2931 = DIRECTION('',(1.,0.));
#2932 = ( GEOMETRIC_REPRESENTATION_CONTEXT(2) 
PARAMETRIC_REPRESENTATION_CONTEXT() REPRESENTATION_CONTEXT('2D SPACE',''
  ) );
#2933 = PCURVE('',#2822,#2934);
#2934 = DEFINITIONAL_REPRESENTATION('',(#2935),#2939);
#2935 = CIRCLE('',#2936,1.25);
#2936 = AXIS2_PLACEMENT_2D('',#2937,#2938);
#2937 = CARTESIAN_POINT('',(-2.84217094304E-14,1.42108547152E-14));
#2938 = DIRECTION('',(1.,0.));
#2939 = ( GEOMETRIC_REPRESENTATION_CONTEXT(2) 
PARAMETRIC_REPRESENTATION_CONTEXT() REPRESENTATION_CONTEXT('2D SPACE',''
  ) );
#2940 = ORIENTED_EDGE('',*,*,#1721,.F.);
#2941 = ADVANCED_FACE('',(#2942),#1709,.F.);
#2942 = FACE_BOUND('',#2943,.F.);
#2943 = EDGE_LOOP('',(#2944,#2945,#2946));
#2944 = ORIENTED_EDGE('',*,*,#1692,.T.);
#2945 = ORIENTED_EDGE('',*,*,#1804,.F.);
#2946 = ORIENTED_EDGE('',*,*,#2947,.T.);
#2947 = EDGE_CURVE('',#1777,#1693,#2948,.T.);
#2948 = SURFACE_CURVE('',#2949,(#2954,#2961),.PCURVE_S1.);
#2949 = CIRCLE('',#2950,5.000115766671);
#2950 = AXIS2_PLACEMENT_3D('',#2951,#2952,#2953);
#2951 = CARTESIAN_POINT('',(100.00011576533,-104.9998842346,0.));
#2952 = DIRECTION('',(0.,0.,1.));
#2953 = DIRECTION('',(-0.999999999732,-2.31525300912E-05,0.));
#2954 = PCURVE('',#1709,#2955);
#2955 = DEFINITIONAL_REPRESENTATION('',(#2956),#2960);
#2956 = CIRCLE('',#2957,5.000115766671);
#2957 = AXIS2_PLACEMENT_2D('',#2958,#2959);
#2958 = CARTESIAN_POINT('',(-19.99988423466,-12.49988423466));
#2959 = DIRECTION('',(-0.999999999732,-2.31525300912E-05));
#2960 = ( GEOMETRIC_REPRESENTATION_CONTEXT(2) 
PARAMETRIC_REPRESENTATION_CONTEXT() REPRESENTATION_CONTEXT('2D SPACE',''
  ) );
#2961 = PCURVE('',#2854,#2962);
#2962 = DEFINITIONAL_REPRESENTATION('',(#2963),#2967);
#2963 = CIRCLE('',#2964,5.000115766671);
#2964 = AXIS2_PLACEMENT_2D('',#2965,#2966);
#2965 = CARTESIAN_POINT('',(5.000115765331,1.157653307615E-04));
#2966 = DIRECTION('',(-0.999999999732,-2.31525300912E-05));
#2967 = ( GEOMETRIC_REPRESENTATION_CONTEXT(2) 
PARAMETRIC_REPRESENTATION_CONTEXT() REPRESENTATION_CONTEXT('2D SPACE',''
  ) );
#2968 = ADVANCED_FACE('',(#2969),#1792,.F.);
#2969 = FACE_BOUND('',#2970,.F.);
#2970 = EDGE_LOOP('',(#2971,#2972,#2973));
#2971 = ORIENTED_EDGE('',*,*,#1776,.F.);
#2972 = ORIENTED_EDGE('',*,*,#1886,.T.);
#2973 = ORIENTED_EDGE('',*,*,#2974,.T.);
#2974 = EDGE_CURVE('',#1859,#1777,#2975,.T.);
#2975 = SURFACE_CURVE('',#2976,(#2980,#2987),.PCURVE_S1.);
#2976 = LINE('',#2977,#2978);
#2977 = CARTESIAN_POINT('',(95.,-80.,0.));
#2978 = VECTOR('',#2979,1.);
#2979 = DIRECTION('',(0.,-1.,0.));
#2980 = PCURVE('',#1792,#2981);
#2981 = DEFINITIONAL_REPRESENTATION('',(#2982),#2986);
#2982 = LINE('',#2983,#2984);
#2983 = CARTESIAN_POINT('',(-25.,12.5));
#2984 = VECTOR('',#2985,1.);
#2985 = DIRECTION('',(0.,-1.));
#2986 = ( GEOMETRIC_REPRESENTATION_CONTEXT(2) 
PARAMETRIC_REPRESENTATION_CONTEXT() REPRESENTATION_CONTEXT('2D SPACE',''
  ) );
#2987 = PCURVE('',#2988,#2993);
#2988 = PLANE('',#2989);
#2989 = AXIS2_PLACEMENT_3D('',#2990,#2991,#2992);
#2990 = CARTESIAN_POINT('',(95.,-105.,0.));
#2991 = DIRECTION('',(0.,0.,1.));
#2992 = DIRECTION('',(1.,0.,-0.));
#2993 = DEFINITIONAL_REPRESENTATION('',(#2994),#2998);
#2994 = LINE('',#2995,#2996);
#2995 = CARTESIAN_POINT('',(-1.42108547152E-14,25.));
#2996 = VECTOR('',#2997,1.);
#2997 = DIRECTION('',(0.,-1.));
#2998 = ( GEOMETRIC_REPRESENTATION_CONTEXT(2) 
PARAMETRIC_REPRESENTATION_CONTEXT() REPRESENTATION_CONTEXT('2D SPACE',''
  ) );
#2999 = ADVANCED_FACE('',(#3000),#1874,.F.);
#3000 = FACE_BOUND('',#3001,.F.);
#3001 = EDGE_LOOP('',(#3002,#3026,#3027,#3056));
#3002 = ORIENTED_EDGE('',*,*,#3003,.F.);
#3003 = EDGE_CURVE('',#1859,#3004,#3006,.T.);
#3004 = VERTEX_POINT('',#3005);
#3005 = CARTESIAN_POINT('',(93.75,-105.,0.));
#3006 = SURFACE_CURVE('',#3007,(#3012,#3019),.PCURVE_S1.);
#3007 = CIRCLE('',#3008,1.25);
#3008 = AXIS2_PLACEMENT_3D('',#3009,#3010,#3011);
#3009 = CARTESIAN_POINT('',(95.,-105.,0.));
#3010 = DIRECTION('',(0.,0.,1.));
#3011 = DIRECTION('',(1.,0.,-0.));
#3012 = PCURVE('',#1874,#3013);
#3013 = DEFINITIONAL_REPRESENTATION('',(#3014),#3018);
#3014 = CIRCLE('',#3015,1.25);
#3015 = AXIS2_PLACEMENT_2D('',#3016,#3017);
#3016 = CARTESIAN_POINT('',(0.,-12.5));
#3017 = DIRECTION('',(1.,0.));
#3018 = ( GEOMETRIC_REPRESENTATION_CONTEXT(2) 
PARAMETRIC_REPRESENTATION_CONTEXT() REPRESENTATION_CONTEXT('2D SPACE',''
  ) );
#3019 = PCURVE('',#2988,#3020);
#3020 = DEFINITIONAL_REPRESENTATION('',(#3021),#3025);
#3021 = CIRCLE('',#3022,1.25);
#3022 = AXIS2_PLACEMENT_2D('',#3023,#3024);
#3023 = CARTESIAN_POINT('',(-1.42108547152E-14,1.42108547152E-14));
#3024 = DIRECTION('',(1.,0.));
#3025 = ( GEOMETRIC_REPRESENTATION_CONTEXT(2) 
PARAMETRIC_REPRESENTATION_CONTEXT() REPRESENTATION_CONTEXT('2D SPACE',''
  ) );
#3026 = ORIENTED_EDGE('',*,*,#1858,.F.);
#3027 = ORIENTED_EDGE('',*,*,#3028,.F.);
#3028 = EDGE_CURVE('',#3029,#1830,#3031,.T.);
#3029 = VERTEX_POINT('',#3030);
#3030 = CARTESIAN_POINT('',(93.75,-80.,0.));
#3031 = SURFACE_CURVE('',#3032,(#3037,#3044),.PCURVE_S1.);
#3032 = CIRCLE('',#3033,1.25);
#3033 = AXIS2_PLACEMENT_3D('',#3034,#3035,#3036);
#3034 = CARTESIAN_POINT('',(95.,-80.,0.));
#3035 = DIRECTION('',(0.,0.,1.));
#3036 = DIRECTION('',(-1.,0.,-0.));
#3037 = PCURVE('',#1874,#3038);
#3038 = DEFINITIONAL_REPRESENTATION('',(#3039),#3043);
#3039 = CIRCLE('',#3040,1.25);
#3040 = AXIS2_PLACEMENT_2D('',#3041,#3042);
#3041 = CARTESIAN_POINT('',(0.,12.5));
#3042 = DIRECTION('',(-1.,0.));
#3043 = ( GEOMETRIC_REPRESENTATION_CONTEXT(2) 
PARAMETRIC_REPRESENTATION_CONTEXT() REPRESENTATION_CONTEXT('2D SPACE',''
  ) );
#3044 = PCURVE('',#3045,#3050);
#3045 = PLANE('',#3046);
#3046 = AXIS2_PLACEMENT_3D('',#3047,#3048,#3049);
#3047 = CARTESIAN_POINT('',(95.,-80.,0.));
#3048 = DIRECTION('',(0.,0.,1.));
#3049 = DIRECTION('',(1.,0.,-0.));
#3050 = DEFINITIONAL_REPRESENTATION('',(#3051),#3055);
#3051 = CIRCLE('',#3052,1.25);
#3052 = AXIS2_PLACEMENT_2D('',#3053,#3054);
#3053 = CARTESIAN_POINT('',(-1.42108547152E-14,0.));
#3054 = DIRECTION('',(-1.,0.));
#3055 = ( GEOMETRIC_REPRESENTATION_CONTEXT(2) 
PARAMETRIC_REPRESENTATION_CONTEXT() REPRESENTATION_CONTEXT('2D SPACE',''
  ) );
#3056 = ORIENTED_EDGE('',*,*,#3057,.T.);
#3057 = EDGE_CURVE('',#3029,#3004,#3058,.T.);
#3058 = SURFACE_CURVE('',#3059,(#3063,#3070),.PCURVE_S1.);
#3059 = LINE('',#3060,#3061);
#3060 = CARTESIAN_POINT('',(93.75,-80.,0.));
#3061 = VECTOR('',#3062,1.);
#3062 = DIRECTION('',(0.,-1.,0.));
#3063 = PCURVE('',#1874,#3064);
#3064 = DEFINITIONAL_REPRESENTATION('',(#3065),#3069);
#3065 = LINE('',#3066,#3067);
#3066 = CARTESIAN_POINT('',(-1.25,12.5));
#3067 = VECTOR('',#3068,1.);
#3068 = DIRECTION('',(0.,-1.));
#3069 = ( GEOMETRIC_REPRESENTATION_CONTEXT(2) 
PARAMETRIC_REPRESENTATION_CONTEXT() REPRESENTATION_CONTEXT('2D SPACE',''
  ) );
#3070 = PCURVE('',#3071,#3076);
#3071 = PLANE('',#3072);
#3072 = AXIS2_PLACEMENT_3D('',#3073,#3074,#3075);
#3073 = CARTESIAN_POINT('',(93.75,-80.,0.));
#3074 = DIRECTION('',(1.,0.,-0.));
#3075 = DIRECTION('',(0.,-1.,0.));
#3076 = DEFINITIONAL_REPRESENTATION('',(#3077),#3081);
#3077 = LINE('',#3078,#3079);
#3078 = CARTESIAN_POINT('',(0.,0.));
#3079 = VECTOR('',#3080,1.);
#3080 = DIRECTION('',(1.,0.));
#3081 = ( GEOMETRIC_REPRESENTATION_CONTEXT(2) 
PARAMETRIC_REPRESENTATION_CONTEXT() REPRESENTATION_CONTEXT('2D SPACE',''
  ) );
#3082 = ADVANCED_FACE('',(#3083),#1846,.F.);
#3083 = FACE_BOUND('',#3084,.F.);
#3084 = EDGE_LOOP('',(#3085,#3086,#3107));
#3085 = ORIENTED_EDGE('',*,*,#1913,.F.);
#3086 = ORIENTED_EDGE('',*,*,#3087,.T.);
#3087 = EDGE_CURVE('',#842,#1830,#3088,.T.);
#3088 = SURFACE_CURVE('',#3089,(#3093,#3100),.PCURVE_S1.);
#3089 = LINE('',#3090,#3091);
#3090 = CARTESIAN_POINT('',(95.,-80.,0.));
#3091 = VECTOR('',#3092,1.);
#3092 = DIRECTION('',(0.,-1.,0.));
#3093 = PCURVE('',#1846,#3094);
#3094 = DEFINITIONAL_REPRESENTATION('',(#3095),#3099);
#3095 = LINE('',#3096,#3097);
#3096 = CARTESIAN_POINT('',(-25.,12.5));
#3097 = VECTOR('',#3098,1.);
#3098 = DIRECTION('',(0.,-1.));
#3099 = ( GEOMETRIC_REPRESENTATION_CONTEXT(2) 
PARAMETRIC_REPRESENTATION_CONTEXT() REPRESENTATION_CONTEXT('2D SPACE',''
  ) );
#3100 = PCURVE('',#3045,#3101);
#3101 = DEFINITIONAL_REPRESENTATION('',(#3102),#3106);
#3102 = LINE('',#3103,#3104);
#3103 = CARTESIAN_POINT('',(-1.42108547152E-14,0.));
#3104 = VECTOR('',#3105,1.);
#3105 = DIRECTION('',(0.,-1.));
#3106 = ( GEOMETRIC_REPRESENTATION_CONTEXT(2) 
PARAMETRIC_REPRESENTATION_CONTEXT() REPRESENTATION_CONTEXT('2D SPACE',''
  ) );
#3107 = ORIENTED_EDGE('',*,*,#1829,.T.);
#3108 = ADVANCED_FACE('',(#3109),#1951,.F.);
#3109 = FACE_BOUND('',#3110,.F.);
#3110 = EDGE_LOOP('',(#3111,#3112,#3134));
#3111 = ORIENTED_EDGE('',*,*,#1937,.F.);
#3112 = ORIENTED_EDGE('',*,*,#3113,.T.);
#3113 = EDGE_CURVE('',#896,#3029,#3114,.T.);
#3114 = SURFACE_CURVE('',#3115,(#3120,#3127),.PCURVE_S1.);
#3115 = CIRCLE('',#3116,1.25);
#3116 = AXIS2_PLACEMENT_3D('',#3117,#3118,#3119);
#3117 = CARTESIAN_POINT('',(95.,-80.,0.));
#3118 = DIRECTION('',(0.,0.,1.));
#3119 = DIRECTION('',(1.,0.,-0.));
#3120 = PCURVE('',#1951,#3121);
#3121 = DEFINITIONAL_REPRESENTATION('',(#3122),#3126);
#3122 = CIRCLE('',#3123,1.25);
#3123 = AXIS2_PLACEMENT_2D('',#3124,#3125);
#3124 = CARTESIAN_POINT('',(-1.42108547152E-14,0.));
#3125 = DIRECTION('',(1.,0.));
#3126 = ( GEOMETRIC_REPRESENTATION_CONTEXT(2) 
PARAMETRIC_REPRESENTATION_CONTEXT() REPRESENTATION_CONTEXT('2D SPACE',''
  ) );
#3127 = PCURVE('',#2034,#3128);
#3128 = DEFINITIONAL_REPRESENTATION('',(#3129),#3133);
#3129 = LINE('',#3130,#3131);
#3130 = CARTESIAN_POINT('',(-0.,0.));
#3131 = VECTOR('',#3132,1.);
#3132 = DIRECTION('',(-1.,0.));
#3133 = ( GEOMETRIC_REPRESENTATION_CONTEXT(2) 
PARAMETRIC_REPRESENTATION_CONTEXT() REPRESENTATION_CONTEXT('2D SPACE',''
  ) );
#3134 = ORIENTED_EDGE('',*,*,#3135,.F.);
#3135 = EDGE_CURVE('',#842,#3029,#3136,.T.);
#3136 = SURFACE_CURVE('',#3137,(#3141,#3148),.PCURVE_S1.);
#3137 = LINE('',#3138,#3139);
#3138 = CARTESIAN_POINT('',(96.25,-80.,0.));
#3139 = VECTOR('',#3140,1.);
#3140 = DIRECTION('',(-1.,0.,0.));
#3141 = PCURVE('',#1951,#3142);
#3142 = DEFINITIONAL_REPRESENTATION('',(#3143),#3147);
#3143 = LINE('',#3144,#3145);
#3144 = CARTESIAN_POINT('',(1.25,0.));
#3145 = VECTOR('',#3146,1.);
#3146 = DIRECTION('',(-1.,0.));
#3147 = ( GEOMETRIC_REPRESENTATION_CONTEXT(2) 
PARAMETRIC_REPRESENTATION_CONTEXT() REPRESENTATION_CONTEXT('2D SPACE',''
  ) );
#3148 = PCURVE('',#3045,#3149);
#3149 = DEFINITIONAL_REPRESENTATION('',(#3150),#3154);
#3150 = LINE('',#3151,#3152);
#3151 = CARTESIAN_POINT('',(1.25,0.));
#3152 = VECTOR('',#3153,1.);
#3153 = DIRECTION('',(-1.,0.));
#3154 = ( GEOMETRIC_REPRESENTATION_CONTEXT(2) 
PARAMETRIC_REPRESENTATION_CONTEXT() REPRESENTATION_CONTEXT('2D SPACE',''
  ) );
#3155 = ADVANCED_FACE('',(#3156),#2034,.T.);
#3156 = FACE_BOUND('',#3157,.F.);
#3157 = EDGE_LOOP('',(#3158,#3159,#3160,#3189));
#3158 = ORIENTED_EDGE('',*,*,#3113,.F.);
#3159 = ORIENTED_EDGE('',*,*,#2020,.T.);
#3160 = ORIENTED_EDGE('',*,*,#3161,.T.);
#3161 = EDGE_CURVE('',#1992,#3162,#3164,.T.);
#3162 = VERTEX_POINT('',#3163);
#3163 = CARTESIAN_POINT('',(93.75,-80.,13.));
#3164 = SURFACE_CURVE('',#3165,(#3170,#3177),.PCURVE_S1.);
#3165 = CIRCLE('',#3166,1.25);
#3166 = AXIS2_PLACEMENT_3D('',#3167,#3168,#3169);
#3167 = CARTESIAN_POINT('',(95.,-80.,13.));
#3168 = DIRECTION('',(0.,0.,1.));
#3169 = DIRECTION('',(1.,0.,-0.));
#3170 = PCURVE('',#2034,#3171);
#3171 = DEFINITIONAL_REPRESENTATION('',(#3172),#3176);
#3172 = LINE('',#3173,#3174);
#3173 = CARTESIAN_POINT('',(-0.,-13.));
#3174 = VECTOR('',#3175,1.);
#3175 = DIRECTION('',(-1.,0.));
#3176 = ( GEOMETRIC_REPRESENTATION_CONTEXT(2) 
PARAMETRIC_REPRESENTATION_CONTEXT() REPRESENTATION_CONTEXT('2D SPACE',''
  ) );
#3177 = PCURVE('',#3178,#3183);
#3178 = PLANE('',#3179);
#3179 = AXIS2_PLACEMENT_3D('',#3180,#3181,#3182);
#3180 = CARTESIAN_POINT('',(95.,-80.,13.));
#3181 = DIRECTION('',(0.,0.,1.));
#3182 = DIRECTION('',(1.,0.,-0.));
#3183 = DEFINITIONAL_REPRESENTATION('',(#3184),#3188);
#3184 = CIRCLE('',#3185,1.25);
#3185 = AXIS2_PLACEMENT_2D('',#3186,#3187);
#3186 = CARTESIAN_POINT('',(-1.42108547152E-14,0.));
#3187 = DIRECTION('',(1.,0.));
#3188 = ( GEOMETRIC_REPRESENTATION_CONTEXT(2) 
PARAMETRIC_REPRESENTATION_CONTEXT() REPRESENTATION_CONTEXT('2D SPACE',''
  ) );
#3189 = ORIENTED_EDGE('',*,*,#3190,.F.);
#3190 = EDGE_CURVE('',#3029,#3162,#3191,.T.);
#3191 = SURFACE_CURVE('',#3192,(#3196,#3203),.PCURVE_S1.);
#3192 = LINE('',#3193,#3194);
#3193 = CARTESIAN_POINT('',(93.75,-80.,0.));
#3194 = VECTOR('',#3195,1.);
#3195 = DIRECTION('',(0.,0.,1.));
#3196 = PCURVE('',#2034,#3197);
#3197 = DEFINITIONAL_REPRESENTATION('',(#3198),#3202);
#3198 = LINE('',#3199,#3200);
#3199 = CARTESIAN_POINT('',(-3.14159265359,0.));
#3200 = VECTOR('',#3201,1.);
#3201 = DIRECTION('',(-0.,-1.));
#3202 = ( GEOMETRIC_REPRESENTATION_CONTEXT(2) 
PARAMETRIC_REPRESENTATION_CONTEXT() REPRESENTATION_CONTEXT('2D SPACE',''
  ) );
#3203 = PCURVE('',#3071,#3204);
#3204 = DEFINITIONAL_REPRESENTATION('',(#3205),#3209);
#3205 = LINE('',#3206,#3207);
#3206 = CARTESIAN_POINT('',(0.,0.));
#3207 = VECTOR('',#3208,1.);
#3208 = DIRECTION('',(0.,-1.));
#3209 = ( GEOMETRIC_REPRESENTATION_CONTEXT(2) 
PARAMETRIC_REPRESENTATION_CONTEXT() REPRESENTATION_CONTEXT('2D SPACE',''
  ) );
#3210 = ADVANCED_FACE('',(#3211),#2008,.T.);
#3211 = FACE_BOUND('',#3212,.T.);
#3212 = EDGE_LOOP('',(#3213,#3242,#3243,#3272,#3301));
#3213 = ORIENTED_EDGE('',*,*,#3214,.F.);
#3214 = EDGE_CURVE('',#1969,#3215,#3217,.T.);
#3215 = VERTEX_POINT('',#3216);
#3216 = CARTESIAN_POINT('',(98.75,-75.,13.));
#3217 = SURFACE_CURVE('',#3218,(#3223,#3230),.PCURVE_S1.);
#3218 = CIRCLE('',#3219,1.25);
#3219 = AXIS2_PLACEMENT_3D('',#3220,#3221,#3222);
#3220 = CARTESIAN_POINT('',(100.,-75.,13.));
#3221 = DIRECTION('',(0.,0.,1.));
#3222 = DIRECTION('',(1.,0.,-0.));
#3223 = PCURVE('',#2008,#3224);
#3224 = DEFINITIONAL_REPRESENTATION('',(#3225),#3229);
#3225 = CIRCLE('',#3226,1.25);
#3226 = AXIS2_PLACEMENT_2D('',#3227,#3228);
#3227 = CARTESIAN_POINT('',(3.108480459677,1.891519540323));
#3228 = DIRECTION('',(1.,0.));
#3229 = ( GEOMETRIC_REPRESENTATION_CONTEXT(2) 
PARAMETRIC_REPRESENTATION_CONTEXT() REPRESENTATION_CONTEXT('2D SPACE',''
  ) );
#3230 = PCURVE('',#3231,#3236);
#3231 = PLANE('',#3232);
#3232 = AXIS2_PLACEMENT_3D('',#3233,#3234,#3235);
#3233 = CARTESIAN_POINT('',(100.,-75.,13.));
#3234 = DIRECTION('',(0.,0.,1.));
#3235 = DIRECTION('',(1.,0.,-0.));
#3236 = DEFINITIONAL_REPRESENTATION('',(#3237),#3241);
#3237 = CIRCLE('',#3238,1.25);
#3238 = AXIS2_PLACEMENT_2D('',#3239,#3240);
#3239 = CARTESIAN_POINT('',(-2.84217094304E-14,0.));
#3240 = DIRECTION('',(1.,0.));
#3241 = ( GEOMETRIC_REPRESENTATION_CONTEXT(2) 
PARAMETRIC_REPRESENTATION_CONTEXT() REPRESENTATION_CONTEXT('2D SPACE',''
  ) );
#3242 = ORIENTED_EDGE('',*,*,#1991,.T.);
#3243 = ORIENTED_EDGE('',*,*,#3244,.F.);
#3244 = EDGE_CURVE('',#3245,#1992,#3247,.T.);
#3245 = VERTEX_POINT('',#3246);
#3246 = CARTESIAN_POINT('',(95.156275096017,-78.75980723499,13.));
#3247 = SURFACE_CURVE('',#3248,(#3253,#3260),.PCURVE_S1.);
#3248 = CIRCLE('',#3249,1.25);
#3249 = AXIS2_PLACEMENT_3D('',#3250,#3251,#3252);
#3250 = CARTESIAN_POINT('',(95.,-80.,13.));
#3251 = DIRECTION('',(0.,0.,1.));
#3252 = DIRECTION('',(1.,0.,-0.));
#3253 = PCURVE('',#2008,#3254);
#3254 = DEFINITIONAL_REPRESENTATION('',(#3255),#3259);
#3255 = CIRCLE('',#3256,1.25);
#3256 = AXIS2_PLACEMENT_2D('',#3257,#3258);
#3257 = CARTESIAN_POINT('',(-1.891519540323,-3.108480459677));
#3258 = DIRECTION('',(1.,0.));
#3259 = ( GEOMETRIC_REPRESENTATION_CONTEXT(2) 
PARAMETRIC_REPRESENTATION_CONTEXT() REPRESENTATION_CONTEXT('2D SPACE',''
  ) );
#3260 = PCURVE('',#3261,#3266);
#3261 = PLANE('',#3262);
#3262 = AXIS2_PLACEMENT_3D('',#3263,#3264,#3265);
#3263 = CARTESIAN_POINT('',(95.,-80.,13.));
#3264 = DIRECTION('',(0.,0.,1.));
#3265 = DIRECTION('',(1.,0.,-0.));
#3266 = DEFINITIONAL_REPRESENTATION('',(#3267),#3271);
#3267 = CIRCLE('',#3268,1.25);
#3268 = AXIS2_PLACEMENT_2D('',#3269,#3270);
#3269 = CARTESIAN_POINT('',(-1.42108547152E-14,0.));
#3270 = DIRECTION('',(1.,0.));
#3271 = ( GEOMETRIC_REPRESENTATION_CONTEXT(2) 
PARAMETRIC_REPRESENTATION_CONTEXT() REPRESENTATION_CONTEXT('2D SPACE',''
  ) );
#3272 = ORIENTED_EDGE('',*,*,#3273,.F.);
#3273 = EDGE_CURVE('',#3274,#3245,#3276,.T.);
#3274 = VERTEX_POINT('',#3275);
#3275 = CARTESIAN_POINT('',(98.759807234997,-75.15627509601,13.));
#3276 = SURFACE_CURVE('',#3277,(#3282,#3289),.PCURVE_S1.);
#3277 = CIRCLE('',#3278,5.000115766671);
#3278 = AXIS2_PLACEMENT_3D('',#3279,#3280,#3281);
#3279 = CARTESIAN_POINT('',(100.00011576533,-80.00011576533,13.));
#3280 = DIRECTION('',(0.,0.,1.));
#3281 = DIRECTION('',(-2.31525300912E-05,0.999999999732,0.));
#3282 = PCURVE('',#2008,#3283);
#3283 = DEFINITIONAL_REPRESENTATION('',(#3284),#3288);
#3284 = CIRCLE('',#3285,5.000115766671);
#3285 = AXIS2_PLACEMENT_2D('',#3286,#3287);
#3286 = CARTESIAN_POINT('',(3.108596225007,-3.108596225007));
#3287 = DIRECTION('',(-2.31525300912E-05,0.999999999732));
#3288 = ( GEOMETRIC_REPRESENTATION_CONTEXT(2) 
PARAMETRIC_REPRESENTATION_CONTEXT() REPRESENTATION_CONTEXT('2D SPACE',''
  ) );
#3289 = PCURVE('',#3290,#3295);
#3290 = PLANE('',#3291);
#3291 = AXIS2_PLACEMENT_3D('',#3292,#3293,#3294);
#3292 = CARTESIAN_POINT('',(120.,-92.5,13.));
#3293 = DIRECTION('',(0.,0.,1.));
#3294 = DIRECTION('',(1.,0.,-0.));
#3295 = DEFINITIONAL_REPRESENTATION('',(#3296),#3300);
#3296 = CIRCLE('',#3297,5.000115766671);
#3297 = AXIS2_PLACEMENT_2D('',#3298,#3299);
#3298 = CARTESIAN_POINT('',(-19.99988423466,12.499884234669));
#3299 = DIRECTION('',(-2.31525300912E-05,0.999999999732));
#3300 = ( GEOMETRIC_REPRESENTATION_CONTEXT(2) 
PARAMETRIC_REPRESENTATION_CONTEXT() REPRESENTATION_CONTEXT('2D SPACE',''
  ) );
#3301 = ORIENTED_EDGE('',*,*,#3302,.F.);
#3302 = EDGE_CURVE('',#3215,#3274,#3303,.T.);
#3303 = SURFACE_CURVE('',#3304,(#3309,#3316),.PCURVE_S1.);
#3304 = CIRCLE('',#3305,1.25);
#3305 = AXIS2_PLACEMENT_3D('',#3306,#3307,#3308);
#3306 = CARTESIAN_POINT('',(100.,-75.,13.));
#3307 = DIRECTION('',(0.,0.,1.));
#3308 = DIRECTION('',(-1.,0.,-0.));
#3309 = PCURVE('',#2008,#3310);
#3310 = DEFINITIONAL_REPRESENTATION('',(#3311),#3315);
#3311 = CIRCLE('',#3312,1.25);
#3312 = AXIS2_PLACEMENT_2D('',#3313,#3314);
#3313 = CARTESIAN_POINT('',(3.108480459677,1.891519540323));
#3314 = DIRECTION('',(-1.,0.));
#3315 = ( GEOMETRIC_REPRESENTATION_CONTEXT(2) 
PARAMETRIC_REPRESENTATION_CONTEXT() REPRESENTATION_CONTEXT('2D SPACE',''
  ) );
#3316 = PCURVE('',#3231,#3317);
#3317 = DEFINITIONAL_REPRESENTATION('',(#3318),#3322);
#3318 = CIRCLE('',#3319,1.25);
#3319 = AXIS2_PLACEMENT_2D('',#3320,#3321);
#3320 = CARTESIAN_POINT('',(-2.84217094304E-14,0.));
#3321 = DIRECTION('',(-1.,0.));
#3322 = ( GEOMETRIC_REPRESENTATION_CONTEXT(2) 
PARAMETRIC_REPRESENTATION_CONTEXT() REPRESENTATION_CONTEXT('2D SPACE',''
  ) );
#3323 = ADVANCED_FACE('',(#3324),#2094,.T.);
#3324 = FACE_BOUND('',#3325,.T.);
#3325 = EDGE_LOOP('',(#3326,#3349,#3375));
#3326 = ORIENTED_EDGE('',*,*,#3327,.F.);
#3327 = EDGE_CURVE('',#3328,#1969,#3330,.T.);
#3328 = VERTEX_POINT('',#3329);
#3329 = CARTESIAN_POINT('',(100.00000000001,-75.00000125991,13.));
#3330 = SURFACE_CURVE('',#3331,(#3335,#3342),.PCURVE_S1.);
#3331 = LINE('',#3332,#3333);
#3332 = CARTESIAN_POINT('',(100.00002894066,-76.24999999966,13.));
#3333 = VECTOR('',#3334,1.);
#3334 = DIRECTION('',(-2.315253009328E-05,0.999999999732,0.));
#3335 = PCURVE('',#2094,#3336);
#3336 = DEFINITIONAL_REPRESENTATION('',(#3337),#3341);
#3337 = LINE('',#3338,#3339);
#3338 = CARTESIAN_POINT('',(2.894066258818E-05,-1.249999999665));
#3339 = VECTOR('',#3340,1.);
#3340 = DIRECTION('',(-2.315253009328E-05,0.999999999732));
#3341 = ( GEOMETRIC_REPRESENTATION_CONTEXT(2) 
PARAMETRIC_REPRESENTATION_CONTEXT() REPRESENTATION_CONTEXT('2D SPACE',''
  ) );
#3342 = PCURVE('',#3231,#3343);
#3343 = DEFINITIONAL_REPRESENTATION('',(#3344),#3348);
#3344 = LINE('',#3345,#3346);
#3345 = CARTESIAN_POINT('',(2.894066258818E-05,-1.249999999665));
#3346 = VECTOR('',#3347,1.);
#3347 = DIRECTION('',(-2.315253009328E-05,0.999999999732));
#3348 = ( GEOMETRIC_REPRESENTATION_CONTEXT(2) 
PARAMETRIC_REPRESENTATION_CONTEXT() REPRESENTATION_CONTEXT('2D SPACE',''
  ) );
#3349 = ORIENTED_EDGE('',*,*,#3350,.F.);
#3350 = EDGE_CURVE('',#2052,#3328,#3351,.T.);
#3351 = SURFACE_CURVE('',#3352,(#3356,#3363),.PCURVE_S1.);
#3352 = LINE('',#3353,#3354);
#3353 = CARTESIAN_POINT('',(100.,-73.75,13.));
#3354 = VECTOR('',#3355,1.);
#3355 = DIRECTION('',(0.,-1.,0.));
#3356 = PCURVE('',#2094,#3357);
#3357 = DEFINITIONAL_REPRESENTATION('',(#3358),#3362);
#3358 = LINE('',#3359,#3360);
#3359 = CARTESIAN_POINT('',(-2.84217094304E-14,1.25));
#3360 = VECTOR('',#3361,1.);
#3361 = DIRECTION('',(0.,-1.));
#3362 = ( GEOMETRIC_REPRESENTATION_CONTEXT(2) 
PARAMETRIC_REPRESENTATION_CONTEXT() REPRESENTATION_CONTEXT('2D SPACE',''
  ) );
#3363 = PCURVE('',#3364,#3369);
#3364 = PLANE('',#3365);
#3365 = AXIS2_PLACEMENT_3D('',#3366,#3367,#3368);
#3366 = CARTESIAN_POINT('',(100.,-75.,13.));
#3367 = DIRECTION('',(0.,0.,1.));
#3368 = DIRECTION('',(1.,0.,-0.));
#3369 = DEFINITIONAL_REPRESENTATION('',(#3370),#3374);
#3370 = LINE('',#3371,#3372);
#3371 = CARTESIAN_POINT('',(-2.84217094304E-14,1.25));
#3372 = VECTOR('',#3373,1.);
#3373 = DIRECTION('',(0.,-1.));
#3374 = ( GEOMETRIC_REPRESENTATION_CONTEXT(2) 
PARAMETRIC_REPRESENTATION_CONTEXT() REPRESENTATION_CONTEXT('2D SPACE',''
  ) );
#3375 = ORIENTED_EDGE('',*,*,#2079,.T.);
#3376 = ADVANCED_FACE('',(#3377),#2067,.F.);
#3377 = FACE_BOUND('',#3378,.F.);
#3378 = EDGE_LOOP('',(#3379,#3407,#3433,#3434));
#3379 = ORIENTED_EDGE('',*,*,#3380,.T.);
#3380 = EDGE_CURVE('',#2113,#3381,#3383,.T.);
#3381 = VERTEX_POINT('',#3382);
#3382 = CARTESIAN_POINT('',(140.,-73.75,13.));
#3383 = SURFACE_CURVE('',#3384,(#3388,#3395),.PCURVE_S1.);
#3384 = LINE('',#3385,#3386);
#3385 = CARTESIAN_POINT('',(140.,-73.75,0.));
#3386 = VECTOR('',#3387,1.);
#3387 = DIRECTION('',(0.,0.,1.));
#3388 = PCURVE('',#2067,#3389);
#3389 = DEFINITIONAL_REPRESENTATION('',(#3390),#3394);
#3390 = LINE('',#3391,#3392);
#3391 = CARTESIAN_POINT('',(0.,-0.));
#3392 = VECTOR('',#3393,1.);
#3393 = DIRECTION('',(0.,-1.));
#3394 = ( GEOMETRIC_REPRESENTATION_CONTEXT(2) 
PARAMETRIC_REPRESENTATION_CONTEXT() REPRESENTATION_CONTEXT('2D SPACE',''
  ) );
#3395 = PCURVE('',#3396,#3401);
#3396 = CYLINDRICAL_SURFACE('',#3397,1.25);
#3397 = AXIS2_PLACEMENT_3D('',#3398,#3399,#3400);
#3398 = CARTESIAN_POINT('',(140.,-75.,0.));
#3399 = DIRECTION('',(-0.,-0.,-1.));
#3400 = DIRECTION('',(1.,0.,-0.));
#3401 = DEFINITIONAL_REPRESENTATION('',(#3402),#3406);
#3402 = LINE('',#3403,#3404);
#3403 = CARTESIAN_POINT('',(-1.570796326795,0.));
#3404 = VECTOR('',#3405,1.);
#3405 = DIRECTION('',(-0.,-1.));
#3406 = ( GEOMETRIC_REPRESENTATION_CONTEXT(2) 
PARAMETRIC_REPRESENTATION_CONTEXT() REPRESENTATION_CONTEXT('2D SPACE',''
  ) );
#3407 = ORIENTED_EDGE('',*,*,#3408,.T.);
#3408 = EDGE_CURVE('',#3381,#2052,#3409,.T.);
#3409 = SURFACE_CURVE('',#3410,(#3414,#3421),.PCURVE_S1.);
#3410 = LINE('',#3411,#3412);
#3411 = CARTESIAN_POINT('',(140.,-73.75,13.));
#3412 = VECTOR('',#3413,1.);
#3413 = DIRECTION('',(-1.,0.,0.));
#3414 = PCURVE('',#2067,#3415);
#3415 = DEFINITIONAL_REPRESENTATION('',(#3416),#3420);
#3416 = LINE('',#3417,#3418);
#3417 = CARTESIAN_POINT('',(0.,-13.));
#3418 = VECTOR('',#3419,1.);
#3419 = DIRECTION('',(1.,0.));
#3420 = ( GEOMETRIC_REPRESENTATION_CONTEXT(2) 
PARAMETRIC_REPRESENTATION_CONTEXT() REPRESENTATION_CONTEXT('2D SPACE',''
  ) );
#3421 = PCURVE('',#3422,#3427);
#3422 = PLANE('',#3423);
#3423 = AXIS2_PLACEMENT_3D('',#3424,#3425,#3426);
#3424 = CARTESIAN_POINT('',(120.,-75.,13.));
#3425 = DIRECTION('',(0.,0.,1.));
#3426 = DIRECTION('',(1.,0.,-0.));
#3427 = DEFINITIONAL_REPRESENTATION('',(#3428),#3432);
#3428 = LINE('',#3429,#3430);
#3429 = CARTESIAN_POINT('',(20.,1.25));
#3430 = VECTOR('',#3431,1.);
#3431 = DIRECTION('',(-1.,0.));
#3432 = ( GEOMETRIC_REPRESENTATION_CONTEXT(2) 
PARAMETRIC_REPRESENTATION_CONTEXT() REPRESENTATION_CONTEXT('2D SPACE',''
  ) );
#3433 = ORIENTED_EDGE('',*,*,#2051,.F.);
#3434 = ORIENTED_EDGE('',*,*,#2141,.F.);
#3435 = ADVANCED_FACE('',(#3436),#2129,.F.);
#3436 = FACE_BOUND('',#3437,.F.);
#3437 = EDGE_LOOP('',(#3438,#3439,#3465));
#3438 = ORIENTED_EDGE('',*,*,#2165,.F.);
#3439 = ORIENTED_EDGE('',*,*,#3440,.T.);
#3440 = EDGE_CURVE('',#1093,#2113,#3441,.T.);
#3441 = SURFACE_CURVE('',#3442,(#3446,#3453),.PCURVE_S1.);
#3442 = LINE('',#3443,#3444);
#3443 = CARTESIAN_POINT('',(140.,-76.25,0.));
#3444 = VECTOR('',#3445,1.);
#3445 = DIRECTION('',(0.,1.,0.));
#3446 = PCURVE('',#2129,#3447);
#3447 = DEFINITIONAL_REPRESENTATION('',(#3448),#3452);
#3448 = LINE('',#3449,#3450);
#3449 = CARTESIAN_POINT('',(0.,-1.25));
#3450 = VECTOR('',#3451,1.);
#3451 = DIRECTION('',(0.,1.));
#3452 = ( GEOMETRIC_REPRESENTATION_CONTEXT(2) 
PARAMETRIC_REPRESENTATION_CONTEXT() REPRESENTATION_CONTEXT('2D SPACE',''
  ) );
#3453 = PCURVE('',#3454,#3459);
#3454 = PLANE('',#3455);
#3455 = AXIS2_PLACEMENT_3D('',#3456,#3457,#3458);
#3456 = CARTESIAN_POINT('',(140.,-75.,0.));
#3457 = DIRECTION('',(0.,0.,1.));
#3458 = DIRECTION('',(1.,0.,-0.));
#3459 = DEFINITIONAL_REPRESENTATION('',(#3460),#3464);
#3460 = LINE('',#3461,#3462);
#3461 = CARTESIAN_POINT('',(0.,-1.25));
#3462 = VECTOR('',#3463,1.);
#3463 = DIRECTION('',(0.,1.));
#3464 = ( GEOMETRIC_REPRESENTATION_CONTEXT(2) 
PARAMETRIC_REPRESENTATION_CONTEXT() REPRESENTATION_CONTEXT('2D SPACE',''
  ) );
#3465 = ORIENTED_EDGE('',*,*,#2112,.T.);
#3466 = ADVANCED_FACE('',(#3467),#2206,.F.);
#3467 = FACE_BOUND('',#3468,.F.);
#3468 = EDGE_LOOP('',(#3469,#3490,#3491,#3492));
#3469 = ORIENTED_EDGE('',*,*,#3470,.T.);
#3470 = EDGE_CURVE('',#2253,#1093,#3471,.T.);
#3471 = SURFACE_CURVE('',#3472,(#3476,#3483),.PCURVE_S1.);
#3472 = LINE('',#3473,#3474);
#3473 = CARTESIAN_POINT('',(140.00002894066,-73.75000000033,0.));
#3474 = VECTOR('',#3475,1.);
#3475 = DIRECTION('',(-2.315253013876E-05,-0.999999999732,0.));
#3476 = PCURVE('',#2206,#3477);
#3477 = DEFINITIONAL_REPRESENTATION('',(#3478),#3482);
#3478 = LINE('',#3479,#3480);
#3479 = CARTESIAN_POINT('',(2.894066267345E-05,1.249999999664));
#3480 = VECTOR('',#3481,1.);
#3481 = DIRECTION('',(-2.315253013876E-05,-0.999999999732));
#3482 = ( GEOMETRIC_REPRESENTATION_CONTEXT(2) 
PARAMETRIC_REPRESENTATION_CONTEXT() REPRESENTATION_CONTEXT('2D SPACE',''
  ) );
#3483 = PCURVE('',#3454,#3484);
#3484 = DEFINITIONAL_REPRESENTATION('',(#3485),#3489);
#3485 = LINE('',#3486,#3487);
#3486 = CARTESIAN_POINT('',(2.894066267345E-05,1.249999999664));
#3487 = VECTOR('',#3488,1.);
#3488 = DIRECTION('',(-2.315253013876E-05,-0.999999999732));
#3489 = ( GEOMETRIC_REPRESENTATION_CONTEXT(2) 
PARAMETRIC_REPRESENTATION_CONTEXT() REPRESENTATION_CONTEXT('2D SPACE',''
  ) );
#3490 = ORIENTED_EDGE('',*,*,#2191,.F.);
#3491 = ORIENTED_EDGE('',*,*,#2305,.T.);
#3492 = ORIENTED_EDGE('',*,*,#2281,.T.);
#3493 = ADVANCED_FACE('',(#3494),#2240,.F.);
#3494 = FACE_BOUND('',#3495,.F.);
#3495 = EDGE_LOOP('',(#3496,#3497,#3523));
#3496 = ORIENTED_EDGE('',*,*,#2333,.F.);
#3497 = ORIENTED_EDGE('',*,*,#3498,.T.);
#3498 = EDGE_CURVE('',#1230,#2224,#3499,.T.);
#3499 = SURFACE_CURVE('',#3500,(#3504,#3511),.PCURVE_S1.);
#3500 = LINE('',#3501,#3502);
#3501 = CARTESIAN_POINT('',(143.75000000033,-80.00002894066,0.));
#3502 = VECTOR('',#3503,1.);
#3503 = DIRECTION('',(0.999999999732,2.315253024108E-05,0.));
#3504 = PCURVE('',#2240,#3505);
#3505 = DEFINITIONAL_REPRESENTATION('',(#3506),#3510);
#3506 = LINE('',#3507,#3508);
#3507 = CARTESIAN_POINT('',(-1.249999999665,-2.894066280135E-05));
#3508 = VECTOR('',#3509,1.);
#3509 = DIRECTION('',(0.999999999732,2.315253024108E-05));
#3510 = ( GEOMETRIC_REPRESENTATION_CONTEXT(2) 
PARAMETRIC_REPRESENTATION_CONTEXT() REPRESENTATION_CONTEXT('2D SPACE',''
  ) );
#3511 = PCURVE('',#3512,#3517);
#3512 = PLANE('',#3513);
#3513 = AXIS2_PLACEMENT_3D('',#3514,#3515,#3516);
#3514 = CARTESIAN_POINT('',(145.,-80.,0.));
#3515 = DIRECTION('',(0.,0.,1.));
#3516 = DIRECTION('',(1.,0.,-0.));
#3517 = DEFINITIONAL_REPRESENTATION('',(#3518),#3522);
#3518 = LINE('',#3519,#3520);
#3519 = CARTESIAN_POINT('',(-1.249999999665,-2.894066280135E-05));
#3520 = VECTOR('',#3521,1.);
#3521 = DIRECTION('',(0.999999999732,2.315253024108E-05));
#3522 = ( GEOMETRIC_REPRESENTATION_CONTEXT(2) 
PARAMETRIC_REPRESENTATION_CONTEXT() REPRESENTATION_CONTEXT('2D SPACE',''
  ) );
#3523 = ORIENTED_EDGE('',*,*,#2223,.T.);
#3524 = ADVANCED_FACE('',(#3525),#2269,.T.);
#3525 = FACE_BOUND('',#3526,.F.);
#3526 = EDGE_LOOP('',(#3527,#3555,#3584,#3605));
#3527 = ORIENTED_EDGE('',*,*,#3528,.T.);
#3528 = EDGE_CURVE('',#2224,#3529,#3531,.T.);
#3529 = VERTEX_POINT('',#3530);
#3530 = CARTESIAN_POINT('',(146.24999999966,-79.99997105933,13.));
#3531 = SURFACE_CURVE('',#3532,(#3536,#3543),.PCURVE_S1.);
#3532 = LINE('',#3533,#3534);
#3533 = CARTESIAN_POINT('',(146.24999999966,-79.99997105933,0.));
#3534 = VECTOR('',#3535,1.);
#3535 = DIRECTION('',(0.,0.,1.));
#3536 = PCURVE('',#2269,#3537);
#3537 = DEFINITIONAL_REPRESENTATION('',(#3538),#3542);
#3538 = LINE('',#3539,#3540);
#3539 = CARTESIAN_POINT('',(-0.,0.));
#3540 = VECTOR('',#3541,1.);
#3541 = DIRECTION('',(-0.,-1.));
#3542 = ( GEOMETRIC_REPRESENTATION_CONTEXT(2) 
PARAMETRIC_REPRESENTATION_CONTEXT() REPRESENTATION_CONTEXT('2D SPACE',''
  ) );
#3543 = PCURVE('',#3544,#3549);
#3544 = CYLINDRICAL_SURFACE('',#3545,1.25);
#3545 = AXIS2_PLACEMENT_3D('',#3546,#3547,#3548);
#3546 = CARTESIAN_POINT('',(145.,-80.,0.));
#3547 = DIRECTION('',(-0.,-0.,-1.));
#3548 = DIRECTION('',(1.,0.,-0.));
#3549 = DEFINITIONAL_REPRESENTATION('',(#3550),#3554);
#3550 = LINE('',#3551,#3552);
#3551 = CARTESIAN_POINT('',(-2.315253024315E-05,0.));
#3552 = VECTOR('',#3553,1.);
#3553 = DIRECTION('',(-0.,-1.));
#3554 = ( GEOMETRIC_REPRESENTATION_CONTEXT(2) 
PARAMETRIC_REPRESENTATION_CONTEXT() REPRESENTATION_CONTEXT('2D SPACE',''
  ) );
#3555 = ORIENTED_EDGE('',*,*,#3556,.T.);
#3556 = EDGE_CURVE('',#3529,#3557,#3559,.T.);
#3557 = VERTEX_POINT('',#3558);
#3558 = CARTESIAN_POINT('',(140.00002894066,-73.75000000033,13.));
#3559 = SURFACE_CURVE('',#3560,(#3565,#3572),.PCURVE_S1.);
#3560 = CIRCLE('',#3561,6.250115766671);
#3561 = AXIS2_PLACEMENT_3D('',#3562,#3563,#3564);
#3562 = CARTESIAN_POINT('',(139.99988423466,-80.00011576533,13.));
#3563 = DIRECTION('',(0.,0.,1.));
#3564 = DIRECTION('',(0.999999999732,2.315253023486E-05,-0.));
#3565 = PCURVE('',#2269,#3566);
#3566 = DEFINITIONAL_REPRESENTATION('',(#3567),#3571);
#3567 = LINE('',#3568,#3569);
#3568 = CARTESIAN_POINT('',(-0.,-13.));
#3569 = VECTOR('',#3570,1.);
#3570 = DIRECTION('',(-1.,0.));
#3571 = ( GEOMETRIC_REPRESENTATION_CONTEXT(2) 
PARAMETRIC_REPRESENTATION_CONTEXT() REPRESENTATION_CONTEXT('2D SPACE',''
  ) );
#3572 = PCURVE('',#3573,#3578);
#3573 = PLANE('',#3574);
#3574 = AXIS2_PLACEMENT_3D('',#3575,#3576,#3577);
#3575 = CARTESIAN_POINT('',(143.10848045967,-76.89151954032,13.));
#3576 = DIRECTION('',(0.,0.,1.));
#3577 = DIRECTION('',(1.,0.,-0.));
#3578 = DEFINITIONAL_REPRESENTATION('',(#3579),#3583);
#3579 = CIRCLE('',#3580,6.250115766671);
#3580 = AXIS2_PLACEMENT_2D('',#3581,#3582);
#3581 = CARTESIAN_POINT('',(-3.108596225007,-3.108596225008));
#3582 = DIRECTION('',(0.999999999732,2.315253023486E-05));
#3583 = ( GEOMETRIC_REPRESENTATION_CONTEXT(2) 
PARAMETRIC_REPRESENTATION_CONTEXT() REPRESENTATION_CONTEXT('2D SPACE',''
  ) );
#3584 = ORIENTED_EDGE('',*,*,#3585,.F.);
#3585 = EDGE_CURVE('',#2253,#3557,#3586,.T.);
#3586 = SURFACE_CURVE('',#3587,(#3591,#3598),.PCURVE_S1.);
#3587 = LINE('',#3588,#3589);
#3588 = CARTESIAN_POINT('',(140.00002894066,-73.75000000033,0.));
#3589 = VECTOR('',#3590,1.);
#3590 = DIRECTION('',(0.,0.,1.));
#3591 = PCURVE('',#2269,#3592);
#3592 = DEFINITIONAL_REPRESENTATION('',(#3593),#3597);
#3593 = LINE('',#3594,#3595);
#3594 = CARTESIAN_POINT('',(-1.570750021735,0.));
#3595 = VECTOR('',#3596,1.);
#3596 = DIRECTION('',(-0.,-1.));
#3597 = ( GEOMETRIC_REPRESENTATION_CONTEXT(2) 
PARAMETRIC_REPRESENTATION_CONTEXT() REPRESENTATION_CONTEXT('2D SPACE',''
  ) );
#3598 = PCURVE('',#3396,#3599);
#3599 = DEFINITIONAL_REPRESENTATION('',(#3600),#3604);
#3600 = LINE('',#3601,#3602);
#3601 = CARTESIAN_POINT('',(-1.570773174265,0.));
#3602 = VECTOR('',#3603,1.);
#3603 = DIRECTION('',(-0.,-1.));
#3604 = ( GEOMETRIC_REPRESENTATION_CONTEXT(2) 
PARAMETRIC_REPRESENTATION_CONTEXT() REPRESENTATION_CONTEXT('2D SPACE',''
  ) );
#3605 = ORIENTED_EDGE('',*,*,#2252,.F.);
#3606 = ADVANCED_FACE('',(#3607),#2372,.F.);
#3607 = FACE_BOUND('',#3608,.F.);
#3608 = EDGE_LOOP('',(#3609,#3630,#3631));
#3609 = ORIENTED_EDGE('',*,*,#3610,.T.);
#3610 = EDGE_CURVE('',#2390,#1230,#3611,.T.);
#3611 = SURFACE_CURVE('',#3612,(#3616,#3623),.PCURVE_S1.);
#3612 = LINE('',#3613,#3614);
#3613 = CARTESIAN_POINT('',(146.25,-80.,0.));
#3614 = VECTOR('',#3615,1.);
#3615 = DIRECTION('',(-1.,0.,0.));
#3616 = PCURVE('',#2372,#3617);
#3617 = DEFINITIONAL_REPRESENTATION('',(#3618),#3622);
#3618 = LINE('',#3619,#3620);
#3619 = CARTESIAN_POINT('',(1.25,0.));
#3620 = VECTOR('',#3621,1.);
#3621 = DIRECTION('',(-1.,0.));
#3622 = ( GEOMETRIC_REPRESENTATION_CONTEXT(2) 
PARAMETRIC_REPRESENTATION_CONTEXT() REPRESENTATION_CONTEXT('2D SPACE',''
  ) );
#3623 = PCURVE('',#3512,#3624);
#3624 = DEFINITIONAL_REPRESENTATION('',(#3625),#3629);
#3625 = LINE('',#3626,#3627);
#3626 = CARTESIAN_POINT('',(1.25,0.));
#3627 = VECTOR('',#3628,1.);
#3628 = DIRECTION('',(-1.,0.));
#3629 = ( GEOMETRIC_REPRESENTATION_CONTEXT(2) 
PARAMETRIC_REPRESENTATION_CONTEXT() REPRESENTATION_CONTEXT('2D SPACE',''
  ) );
#3630 = ORIENTED_EDGE('',*,*,#2358,.F.);
#3631 = ORIENTED_EDGE('',*,*,#2389,.T.);
#3632 = ADVANCED_FACE('',(#3633),#2457,.F.);
#3633 = FACE_BOUND('',#3634,.F.);
#3634 = EDGE_LOOP('',(#3635,#3663,#3691,#3712));
#3635 = ORIENTED_EDGE('',*,*,#3636,.T.);
#3636 = EDGE_CURVE('',#2415,#3637,#3639,.T.);
#3637 = VERTEX_POINT('',#3638);
#3638 = CARTESIAN_POINT('',(146.25,-105.,13.));
#3639 = SURFACE_CURVE('',#3640,(#3644,#3651),.PCURVE_S1.);
#3640 = LINE('',#3641,#3642);
#3641 = CARTESIAN_POINT('',(146.25,-105.,0.));
#3642 = VECTOR('',#3643,1.);
#3643 = DIRECTION('',(0.,0.,1.));
#3644 = PCURVE('',#2457,#3645);
#3645 = DEFINITIONAL_REPRESENTATION('',(#3646),#3650);
#3646 = LINE('',#3647,#3648);
#3647 = CARTESIAN_POINT('',(0.,0.));
#3648 = VECTOR('',#3649,1.);
#3649 = DIRECTION('',(0.,-1.));
#3650 = ( GEOMETRIC_REPRESENTATION_CONTEXT(2) 
PARAMETRIC_REPRESENTATION_CONTEXT() REPRESENTATION_CONTEXT('2D SPACE',''
  ) );
#3651 = PCURVE('',#3652,#3657);
#3652 = CYLINDRICAL_SURFACE('',#3653,1.25);
#3653 = AXIS2_PLACEMENT_3D('',#3654,#3655,#3656);
#3654 = CARTESIAN_POINT('',(145.,-105.,0.));
#3655 = DIRECTION('',(-0.,-0.,-1.));
#3656 = DIRECTION('',(-1.,0.,-0.));
#3657 = DEFINITIONAL_REPRESENTATION('',(#3658),#3662);
#3658 = LINE('',#3659,#3660);
#3659 = CARTESIAN_POINT('',(-3.14159265359,0.));
#3660 = VECTOR('',#3661,1.);
#3661 = DIRECTION('',(-0.,-1.));
#3662 = ( GEOMETRIC_REPRESENTATION_CONTEXT(2) 
PARAMETRIC_REPRESENTATION_CONTEXT() REPRESENTATION_CONTEXT('2D SPACE',''
  ) );
#3663 = ORIENTED_EDGE('',*,*,#3664,.T.);
#3664 = EDGE_CURVE('',#3637,#3665,#3667,.T.);
#3665 = VERTEX_POINT('',#3666);
#3666 = CARTESIAN_POINT('',(146.25,-80.,13.));
#3667 = SURFACE_CURVE('',#3668,(#3672,#3679),.PCURVE_S1.);
#3668 = LINE('',#3669,#3670);
#3669 = CARTESIAN_POINT('',(146.25,-105.,13.));
#3670 = VECTOR('',#3671,1.);
#3671 = DIRECTION('',(0.,1.,0.));
#3672 = PCURVE('',#2457,#3673);
#3673 = DEFINITIONAL_REPRESENTATION('',(#3674),#3678);
#3674 = LINE('',#3675,#3676);
#3675 = CARTESIAN_POINT('',(0.,-13.));
#3676 = VECTOR('',#3677,1.);
#3677 = DIRECTION('',(1.,0.));
#3678 = ( GEOMETRIC_REPRESENTATION_CONTEXT(2) 
PARAMETRIC_REPRESENTATION_CONTEXT() REPRESENTATION_CONTEXT('2D SPACE',''
  ) );
#3679 = PCURVE('',#3680,#3685);
#3680 = PLANE('',#3681);
#3681 = AXIS2_PLACEMENT_3D('',#3682,#3683,#3684);
#3682 = CARTESIAN_POINT('',(145.,-92.5,13.));
#3683 = DIRECTION('',(0.,0.,1.));
#3684 = DIRECTION('',(1.,0.,-0.));
#3685 = DEFINITIONAL_REPRESENTATION('',(#3686),#3690);
#3686 = LINE('',#3687,#3688);
#3687 = CARTESIAN_POINT('',(1.25,-12.5));
#3688 = VECTOR('',#3689,1.);
#3689 = DIRECTION('',(0.,1.));
#3690 = ( GEOMETRIC_REPRESENTATION_CONTEXT(2) 
PARAMETRIC_REPRESENTATION_CONTEXT() REPRESENTATION_CONTEXT('2D SPACE',''
  ) );
#3691 = ORIENTED_EDGE('',*,*,#3692,.F.);
#3692 = EDGE_CURVE('',#2390,#3665,#3693,.T.);
#3693 = SURFACE_CURVE('',#3694,(#3698,#3705),.PCURVE_S1.);
#3694 = LINE('',#3695,#3696);
#3695 = CARTESIAN_POINT('',(146.25,-80.,0.));
#3696 = VECTOR('',#3697,1.);
#3697 = DIRECTION('',(0.,0.,1.));
#3698 = PCURVE('',#2457,#3699);
#3699 = DEFINITIONAL_REPRESENTATION('',(#3700),#3704);
#3700 = LINE('',#3701,#3702);
#3701 = CARTESIAN_POINT('',(25.,0.));
#3702 = VECTOR('',#3703,1.);
#3703 = DIRECTION('',(0.,-1.));
#3704 = ( GEOMETRIC_REPRESENTATION_CONTEXT(2) 
PARAMETRIC_REPRESENTATION_CONTEXT() REPRESENTATION_CONTEXT('2D SPACE',''
  ) );
#3705 = PCURVE('',#3544,#3706);
#3706 = DEFINITIONAL_REPRESENTATION('',(#3707),#3711);
#3707 = LINE('',#3708,#3709);
#3708 = CARTESIAN_POINT('',(-0.,0.));
#3709 = VECTOR('',#3710,1.);
#3710 = DIRECTION('',(-0.,-1.));
#3711 = ( GEOMETRIC_REPRESENTATION_CONTEXT(2) 
PARAMETRIC_REPRESENTATION_CONTEXT() REPRESENTATION_CONTEXT('2D SPACE',''
  ) );
#3712 = ORIENTED_EDGE('',*,*,#2443,.F.);
#3713 = ADVANCED_FACE('',(#3714),#2431,.F.);
#3714 = FACE_BOUND('',#3715,.F.);
#3715 = EDGE_LOOP('',(#3716,#3717,#3743));
#3716 = ORIENTED_EDGE('',*,*,#2474,.F.);
#3717 = ORIENTED_EDGE('',*,*,#3718,.T.);
#3718 = EDGE_CURVE('',#1366,#2415,#3719,.T.);
#3719 = SURFACE_CURVE('',#3720,(#3724,#3731),.PCURVE_S1.);
#3720 = LINE('',#3721,#3722);
#3721 = CARTESIAN_POINT('',(143.75,-105.,0.));
#3722 = VECTOR('',#3723,1.);
#3723 = DIRECTION('',(1.,0.,0.));
#3724 = PCURVE('',#2431,#3725);
#3725 = DEFINITIONAL_REPRESENTATION('',(#3726),#3730);
#3726 = LINE('',#3727,#3728);
#3727 = CARTESIAN_POINT('',(-1.25,1.42108547152E-14));
#3728 = VECTOR('',#3729,1.);
#3729 = DIRECTION('',(1.,0.));
#3730 = ( GEOMETRIC_REPRESENTATION_CONTEXT(2) 
PARAMETRIC_REPRESENTATION_CONTEXT() REPRESENTATION_CONTEXT('2D SPACE',''
  ) );
#3731 = PCURVE('',#3732,#3737);
#3732 = PLANE('',#3733);
#3733 = AXIS2_PLACEMENT_3D('',#3734,#3735,#3736);
#3734 = CARTESIAN_POINT('',(145.,-105.,0.));
#3735 = DIRECTION('',(0.,0.,1.));
#3736 = DIRECTION('',(1.,0.,-0.));
#3737 = DEFINITIONAL_REPRESENTATION('',(#3738),#3742);
#3738 = LINE('',#3739,#3740);
#3739 = CARTESIAN_POINT('',(-1.25,1.42108547152E-14));
#3740 = VECTOR('',#3741,1.);
#3741 = DIRECTION('',(1.,0.));
#3742 = ( GEOMETRIC_REPRESENTATION_CONTEXT(2) 
PARAMETRIC_REPRESENTATION_CONTEXT() REPRESENTATION_CONTEXT('2D SPACE',''
  ) );
#3743 = ORIENTED_EDGE('',*,*,#2414,.T.);
#3744 = ADVANCED_FACE('',(#3745),#2515,.F.);
#3745 = FACE_BOUND('',#3746,.F.);
#3746 = EDGE_LOOP('',(#3747,#3748,#3749));
#3747 = ORIENTED_EDGE('',*,*,#2500,.F.);
#3748 = ORIENTED_EDGE('',*,*,#2590,.T.);
#3749 = ORIENTED_EDGE('',*,*,#3750,.T.);
#3750 = EDGE_CURVE('',#2562,#1366,#3751,.T.);
#3751 = SURFACE_CURVE('',#3752,(#3756,#3763),.PCURVE_S1.);
#3752 = LINE('',#3753,#3754);
#3753 = CARTESIAN_POINT('',(146.24999999966,-105.0000289406,0.));
#3754 = VECTOR('',#3755,1.);
#3755 = DIRECTION('',(-0.999999999732,2.315252990002E-05,0.));
#3756 = PCURVE('',#2515,#3757);
#3757 = DEFINITIONAL_REPRESENTATION('',(#3758),#3762);
#3758 = LINE('',#3759,#3760);
#3759 = CARTESIAN_POINT('',(1.249999999665,-2.894066236081E-05));
#3760 = VECTOR('',#3761,1.);
#3761 = DIRECTION('',(-0.999999999732,2.315252990002E-05));
#3762 = ( GEOMETRIC_REPRESENTATION_CONTEXT(2) 
PARAMETRIC_REPRESENTATION_CONTEXT() REPRESENTATION_CONTEXT('2D SPACE',''
  ) );
#3763 = PCURVE('',#3732,#3764);
#3764 = DEFINITIONAL_REPRESENTATION('',(#3765),#3769);
#3765 = LINE('',#3766,#3767);
#3766 = CARTESIAN_POINT('',(1.249999999665,-2.894066236081E-05));
#3767 = VECTOR('',#3768,1.);
#3768 = DIRECTION('',(-0.999999999732,2.315252990002E-05));
#3769 = ( GEOMETRIC_REPRESENTATION_CONTEXT(2) 
PARAMETRIC_REPRESENTATION_CONTEXT() REPRESENTATION_CONTEXT('2D SPACE',''
  ) );
#3770 = ADVANCED_FACE('',(#3771),#2549,.F.);
#3771 = FACE_BOUND('',#3772,.F.);
#3772 = EDGE_LOOP('',(#3773,#3774,#3800,#3801));
#3773 = ORIENTED_EDGE('',*,*,#2640,.F.);
#3774 = ORIENTED_EDGE('',*,*,#3775,.T.);
#3775 = EDGE_CURVE('',#1503,#2531,#3776,.T.);
#3776 = SURFACE_CURVE('',#3777,(#3781,#3788),.PCURVE_S1.);
#3777 = LINE('',#3778,#3779);
#3778 = CARTESIAN_POINT('',(139.99997105933,-108.7500000003,0.));
#3779 = VECTOR('',#3780,1.);
#3780 = DIRECTION('',(2.315252984317E-05,-0.999999999732,0.));
#3781 = PCURVE('',#2549,#3782);
#3782 = DEFINITIONAL_REPRESENTATION('',(#3783),#3787);
#3783 = LINE('',#3784,#3785);
#3784 = CARTESIAN_POINT('',(-2.894066230397E-05,1.249999999665));
#3785 = VECTOR('',#3786,1.);
#3786 = DIRECTION('',(2.315252984317E-05,-0.999999999732));
#3787 = ( GEOMETRIC_REPRESENTATION_CONTEXT(2) 
PARAMETRIC_REPRESENTATION_CONTEXT() REPRESENTATION_CONTEXT('2D SPACE',''
  ) );
#3788 = PCURVE('',#3789,#3794);
#3789 = PLANE('',#3790);
#3790 = AXIS2_PLACEMENT_3D('',#3791,#3792,#3793);
#3791 = CARTESIAN_POINT('',(140.,-110.,0.));
#3792 = DIRECTION('',(0.,0.,1.));
#3793 = DIRECTION('',(1.,0.,-0.));
#3794 = DEFINITIONAL_REPRESENTATION('',(#3795),#3799);
#3795 = LINE('',#3796,#3797);
#3796 = CARTESIAN_POINT('',(-2.894066230397E-05,1.249999999665));
#3797 = VECTOR('',#3798,1.);
#3798 = DIRECTION('',(2.315252984317E-05,-0.999999999732));
#3799 = ( GEOMETRIC_REPRESENTATION_CONTEXT(2) 
PARAMETRIC_REPRESENTATION_CONTEXT() REPRESENTATION_CONTEXT('2D SPACE',''
  ) );
#3800 = ORIENTED_EDGE('',*,*,#2530,.T.);
#3801 = ORIENTED_EDGE('',*,*,#2613,.T.);
#3802 = ADVANCED_FACE('',(#3803),#2578,.T.);
#3803 = FACE_BOUND('',#3804,.F.);
#3804 = EDGE_LOOP('',(#3805,#3833,#3862,#3883));
#3805 = ORIENTED_EDGE('',*,*,#3806,.T.);
#3806 = EDGE_CURVE('',#2531,#3807,#3809,.T.);
#3807 = VERTEX_POINT('',#3808);
#3808 = CARTESIAN_POINT('',(140.00002894066,-111.2499999996,13.));
#3809 = SURFACE_CURVE('',#3810,(#3814,#3821),.PCURVE_S1.);
#3810 = LINE('',#3811,#3812);
#3811 = CARTESIAN_POINT('',(140.00002894066,-111.2499999996,0.));
#3812 = VECTOR('',#3813,1.);
#3813 = DIRECTION('',(0.,0.,1.));
#3814 = PCURVE('',#2578,#3815);
#3815 = DEFINITIONAL_REPRESENTATION('',(#3816),#3820);
#3816 = LINE('',#3817,#3818);
#3817 = CARTESIAN_POINT('',(-0.,0.));
#3818 = VECTOR('',#3819,1.);
#3819 = DIRECTION('',(-0.,-1.));
#3820 = ( GEOMETRIC_REPRESENTATION_CONTEXT(2) 
PARAMETRIC_REPRESENTATION_CONTEXT() REPRESENTATION_CONTEXT('2D SPACE',''
  ) );
#3821 = PCURVE('',#3822,#3827);
#3822 = CYLINDRICAL_SURFACE('',#3823,1.25);
#3823 = AXIS2_PLACEMENT_3D('',#3824,#3825,#3826);
#3824 = CARTESIAN_POINT('',(140.,-110.,0.));
#3825 = DIRECTION('',(-0.,-0.,-1.));
#3826 = DIRECTION('',(-1.,0.,-0.));
#3827 = DEFINITIONAL_REPRESENTATION('',(#3828),#3832);
#3828 = LINE('',#3829,#3830);
#3829 = CARTESIAN_POINT('',(-1.570819479325,0.));
#3830 = VECTOR('',#3831,1.);
#3831 = DIRECTION('',(-0.,-1.));
#3832 = ( GEOMETRIC_REPRESENTATION_CONTEXT(2) 
PARAMETRIC_REPRESENTATION_CONTEXT() REPRESENTATION_CONTEXT('2D SPACE',''
  ) );
#3833 = ORIENTED_EDGE('',*,*,#3834,.T.);
#3834 = EDGE_CURVE('',#3807,#3835,#3837,.T.);
#3835 = VERTEX_POINT('',#3836);
#3836 = CARTESIAN_POINT('',(146.24999999966,-105.0000289406,13.));
#3837 = SURFACE_CURVE('',#3838,(#3843,#3850),.PCURVE_S1.);
#3838 = CIRCLE('',#3839,6.25011576667);
#3839 = AXIS2_PLACEMENT_3D('',#3840,#3841,#3842);
#3840 = CARTESIAN_POINT('',(139.99988423467,-104.9998842346,13.));
#3841 = DIRECTION('',(0.,0.,1.));
#3842 = DIRECTION('',(2.315252985061E-05,-0.999999999732,0.));
#3843 = PCURVE('',#2578,#3844);
#3844 = DEFINITIONAL_REPRESENTATION('',(#3845),#3849);
#3845 = LINE('',#3846,#3847);
#3846 = CARTESIAN_POINT('',(-0.,-13.));
#3847 = VECTOR('',#3848,1.);
#3848 = DIRECTION('',(-1.,0.));
#3849 = ( GEOMETRIC_REPRESENTATION_CONTEXT(2) 
PARAMETRIC_REPRESENTATION_CONTEXT() REPRESENTATION_CONTEXT('2D SPACE',''
  ) );
#3850 = PCURVE('',#3851,#3856);
#3851 = PLANE('',#3852);
#3852 = AXIS2_PLACEMENT_3D('',#3853,#3854,#3855);
#3853 = CARTESIAN_POINT('',(143.10848045967,-108.1084804596,13.));
#3854 = DIRECTION('',(0.,0.,1.));
#3855 = DIRECTION('',(1.,0.,-0.));
#3856 = DEFINITIONAL_REPRESENTATION('',(#3857),#3861);
#3857 = CIRCLE('',#3858,6.25011576667);
#3858 = AXIS2_PLACEMENT_2D('',#3859,#3860);
#3859 = CARTESIAN_POINT('',(-3.108596225006,3.108596225007));
#3860 = DIRECTION('',(2.315252985061E-05,-0.999999999732));
#3861 = ( GEOMETRIC_REPRESENTATION_CONTEXT(2) 
PARAMETRIC_REPRESENTATION_CONTEXT() REPRESENTATION_CONTEXT('2D SPACE',''
  ) );
#3862 = ORIENTED_EDGE('',*,*,#3863,.F.);
#3863 = EDGE_CURVE('',#2562,#3835,#3864,.T.);
#3864 = SURFACE_CURVE('',#3865,(#3869,#3876),.PCURVE_S1.);
#3865 = LINE('',#3866,#3867);
#3866 = CARTESIAN_POINT('',(146.24999999966,-105.0000289406,0.));
#3867 = VECTOR('',#3868,1.);
#3868 = DIRECTION('',(0.,0.,1.));
#3869 = PCURVE('',#2578,#3870);
#3870 = DEFINITIONAL_REPRESENTATION('',(#3871),#3875);
#3871 = LINE('',#3872,#3873);
#3872 = CARTESIAN_POINT('',(-1.570750021735,0.));
#3873 = VECTOR('',#3874,1.);
#3874 = DIRECTION('',(-0.,-1.));
#3875 = ( GEOMETRIC_REPRESENTATION_CONTEXT(2) 
PARAMETRIC_REPRESENTATION_CONTEXT() REPRESENTATION_CONTEXT('2D SPACE',''
  ) );
#3876 = PCURVE('',#3652,#3877);
#3877 = DEFINITIONAL_REPRESENTATION('',(#3878),#3882);
#3878 = LINE('',#3879,#3880);
#3879 = CARTESIAN_POINT('',(-3.14156950106,0.));
#3880 = VECTOR('',#3881,1.);
#3881 = DIRECTION('',(-0.,-1.));
#3882 = ( GEOMETRIC_REPRESENTATION_CONTEXT(2) 
PARAMETRIC_REPRESENTATION_CONTEXT() REPRESENTATION_CONTEXT('2D SPACE',''
  ) );
#3883 = ORIENTED_EDGE('',*,*,#2561,.F.);
#3884 = ADVANCED_FACE('',(#3885),#2681,.F.);
#3885 = FACE_BOUND('',#3886,.F.);
#3886 = EDGE_LOOP('',(#3887,#3888,#3889));
#3887 = ORIENTED_EDGE('',*,*,#2667,.F.);
#3888 = ORIENTED_EDGE('',*,*,#2696,.T.);
#3889 = ORIENTED_EDGE('',*,*,#3890,.T.);
#3890 = EDGE_CURVE('',#2697,#1503,#3891,.T.);
#3891 = SURFACE_CURVE('',#3892,(#3896,#3903),.PCURVE_S1.);
#3892 = LINE('',#3893,#3894);
#3893 = CARTESIAN_POINT('',(140.,-111.25,0.));
#3894 = VECTOR('',#3895,1.);
#3895 = DIRECTION('',(0.,1.,0.));
#3896 = PCURVE('',#2681,#3897);
#3897 = DEFINITIONAL_REPRESENTATION('',(#3898),#3902);
#3898 = LINE('',#3899,#3900);
#3899 = CARTESIAN_POINT('',(0.,-1.25));
#3900 = VECTOR('',#3901,1.);
#3901 = DIRECTION('',(0.,1.));
#3902 = ( GEOMETRIC_REPRESENTATION_CONTEXT(2) 
PARAMETRIC_REPRESENTATION_CONTEXT() REPRESENTATION_CONTEXT('2D SPACE',''
  ) );
#3903 = PCURVE('',#3789,#3904);
#3904 = DEFINITIONAL_REPRESENTATION('',(#3905),#3909);
#3905 = LINE('',#3906,#3907);
#3906 = CARTESIAN_POINT('',(0.,-1.25));
#3907 = VECTOR('',#3908,1.);
#3908 = DIRECTION('',(0.,1.));
#3909 = ( GEOMETRIC_REPRESENTATION_CONTEXT(2) 
PARAMETRIC_REPRESENTATION_CONTEXT() REPRESENTATION_CONTEXT('2D SPACE',''
  ) );
#3910 = ADVANCED_FACE('',(#3911),#2764,.F.);
#3911 = FACE_BOUND('',#3912,.F.);
#3912 = EDGE_LOOP('',(#3913,#3941,#3969,#3990));
#3913 = ORIENTED_EDGE('',*,*,#3914,.T.);
#3914 = EDGE_CURVE('',#2722,#3915,#3917,.T.);
#3915 = VERTEX_POINT('',#3916);
#3916 = CARTESIAN_POINT('',(100.,-111.25,13.));
#3917 = SURFACE_CURVE('',#3918,(#3922,#3929),.PCURVE_S1.);
#3918 = LINE('',#3919,#3920);
#3919 = CARTESIAN_POINT('',(100.,-111.25,0.));
#3920 = VECTOR('',#3921,1.);
#3921 = DIRECTION('',(0.,0.,1.));
#3922 = PCURVE('',#2764,#3923);
#3923 = DEFINITIONAL_REPRESENTATION('',(#3924),#3928);
#3924 = LINE('',#3925,#3926);
#3925 = CARTESIAN_POINT('',(0.,0.));
#3926 = VECTOR('',#3927,1.);
#3927 = DIRECTION('',(0.,-1.));
#3928 = ( GEOMETRIC_REPRESENTATION_CONTEXT(2) 
PARAMETRIC_REPRESENTATION_CONTEXT() REPRESENTATION_CONTEXT('2D SPACE',''
  ) );
#3929 = PCURVE('',#3930,#3935);
#3930 = CYLINDRICAL_SURFACE('',#3931,1.25);
#3931 = AXIS2_PLACEMENT_3D('',#3932,#3933,#3934);
#3932 = CARTESIAN_POINT('',(100.,-110.,0.));
#3933 = DIRECTION('',(-0.,-0.,-1.));
#3934 = DIRECTION('',(-1.,0.,-0.));
#3935 = DEFINITIONAL_REPRESENTATION('',(#3936),#3940);
#3936 = LINE('',#3937,#3938);
#3937 = CARTESIAN_POINT('',(-1.570796326795,0.));
#3938 = VECTOR('',#3939,1.);
#3939 = DIRECTION('',(-0.,-1.));
#3940 = ( GEOMETRIC_REPRESENTATION_CONTEXT(2) 
PARAMETRIC_REPRESENTATION_CONTEXT() REPRESENTATION_CONTEXT('2D SPACE',''
  ) );
#3941 = ORIENTED_EDGE('',*,*,#3942,.T.);
#3942 = EDGE_CURVE('',#3915,#3943,#3945,.T.);
#3943 = VERTEX_POINT('',#3944);
#3944 = CARTESIAN_POINT('',(140.,-111.25,13.));
#3945 = SURFACE_CURVE('',#3946,(#3950,#3957),.PCURVE_S1.);
#3946 = LINE('',#3947,#3948);
#3947 = CARTESIAN_POINT('',(100.,-111.25,13.));
#3948 = VECTOR('',#3949,1.);
#3949 = DIRECTION('',(1.,0.,0.));
#3950 = PCURVE('',#2764,#3951);
#3951 = DEFINITIONAL_REPRESENTATION('',(#3952),#3956);
#3952 = LINE('',#3953,#3954);
#3953 = CARTESIAN_POINT('',(0.,-13.));
#3954 = VECTOR('',#3955,1.);
#3955 = DIRECTION('',(1.,0.));
#3956 = ( GEOMETRIC_REPRESENTATION_CONTEXT(2) 
PARAMETRIC_REPRESENTATION_CONTEXT() REPRESENTATION_CONTEXT('2D SPACE',''
  ) );
#3957 = PCURVE('',#3958,#3963);
#3958 = PLANE('',#3959);
#3959 = AXIS2_PLACEMENT_3D('',#3960,#3961,#3962);
#3960 = CARTESIAN_POINT('',(120.,-110.,13.));
#3961 = DIRECTION('',(0.,0.,1.));
#3962 = DIRECTION('',(1.,0.,-0.));
#3963 = DEFINITIONAL_REPRESENTATION('',(#3964),#3968);
#3964 = LINE('',#3965,#3966);
#3965 = CARTESIAN_POINT('',(-20.,-1.25));
#3966 = VECTOR('',#3967,1.);
#3967 = DIRECTION('',(1.,0.));
#3968 = ( GEOMETRIC_REPRESENTATION_CONTEXT(2) 
PARAMETRIC_REPRESENTATION_CONTEXT() REPRESENTATION_CONTEXT('2D SPACE',''
  ) );
#3969 = ORIENTED_EDGE('',*,*,#3970,.F.);
#3970 = EDGE_CURVE('',#2697,#3943,#3971,.T.);
#3971 = SURFACE_CURVE('',#3972,(#3976,#3983),.PCURVE_S1.);
#3972 = LINE('',#3973,#3974);
#3973 = CARTESIAN_POINT('',(140.,-111.25,0.));
#3974 = VECTOR('',#3975,1.);
#3975 = DIRECTION('',(0.,0.,1.));
#3976 = PCURVE('',#2764,#3977);
#3977 = DEFINITIONAL_REPRESENTATION('',(#3978),#3982);
#3978 = LINE('',#3979,#3980);
#3979 = CARTESIAN_POINT('',(40.,0.));
#3980 = VECTOR('',#3981,1.);
#3981 = DIRECTION('',(0.,-1.));
#3982 = ( GEOMETRIC_REPRESENTATION_CONTEXT(2) 
PARAMETRIC_REPRESENTATION_CONTEXT() REPRESENTATION_CONTEXT('2D SPACE',''
  ) );
#3983 = PCURVE('',#3822,#3984);
#3984 = DEFINITIONAL_REPRESENTATION('',(#3985),#3989);
#3985 = LINE('',#3986,#3987);
#3986 = CARTESIAN_POINT('',(-1.570796326795,0.));
#3987 = VECTOR('',#3988,1.);
#3988 = DIRECTION('',(-0.,-1.));
#3989 = ( GEOMETRIC_REPRESENTATION_CONTEXT(2) 
PARAMETRIC_REPRESENTATION_CONTEXT() REPRESENTATION_CONTEXT('2D SPACE',''
  ) );
#3990 = ORIENTED_EDGE('',*,*,#2750,.F.);
#3991 = ADVANCED_FACE('',(#3992),#2738,.F.);
#3992 = FACE_BOUND('',#3993,.F.);
#3993 = EDGE_LOOP('',(#3994,#3995,#4021));
#3994 = ORIENTED_EDGE('',*,*,#2781,.F.);
#3995 = ORIENTED_EDGE('',*,*,#3996,.T.);
#3996 = EDGE_CURVE('',#1640,#2722,#3997,.T.);
#3997 = SURFACE_CURVE('',#3998,(#4002,#4009),.PCURVE_S1.);
#3998 = LINE('',#3999,#4000);
#3999 = CARTESIAN_POINT('',(100.,-108.75,0.));
#4000 = VECTOR('',#4001,1.);
#4001 = DIRECTION('',(0.,-1.,0.));
#4002 = PCURVE('',#2738,#4003);
#4003 = DEFINITIONAL_REPRESENTATION('',(#4004),#4008);
#4004 = LINE('',#4005,#4006);
#4005 = CARTESIAN_POINT('',(-2.84217094304E-14,1.25));
#4006 = VECTOR('',#4007,1.);
#4007 = DIRECTION('',(0.,-1.));
#4008 = ( GEOMETRIC_REPRESENTATION_CONTEXT(2) 
PARAMETRIC_REPRESENTATION_CONTEXT() REPRESENTATION_CONTEXT('2D SPACE',''
  ) );
#4009 = PCURVE('',#4010,#4015);
#4010 = PLANE('',#4011);
#4011 = AXIS2_PLACEMENT_3D('',#4012,#4013,#4014);
#4012 = CARTESIAN_POINT('',(100.,-110.,0.));
#4013 = DIRECTION('',(0.,0.,1.));
#4014 = DIRECTION('',(1.,0.,-0.));
#4015 = DEFINITIONAL_REPRESENTATION('',(#4016),#4020);
#4016 = LINE('',#4017,#4018);
#4017 = CARTESIAN_POINT('',(-2.84217094304E-14,1.25));
#4018 = VECTOR('',#4019,1.);
#4019 = DIRECTION('',(0.,-1.));
#4020 = ( GEOMETRIC_REPRESENTATION_CONTEXT(2) 
PARAMETRIC_REPRESENTATION_CONTEXT() REPRESENTATION_CONTEXT('2D SPACE',''
  ) );
#4021 = ORIENTED_EDGE('',*,*,#2721,.T.);
#4022 = ADVANCED_FACE('',(#4023),#2822,.F.);
#4023 = FACE_BOUND('',#4024,.F.);
#4024 = EDGE_LOOP('',(#4025,#4026,#4027,#4048));
#4025 = ORIENTED_EDGE('',*,*,#2919,.T.);
#4026 = ORIENTED_EDGE('',*,*,#2895,.T.);
#4027 = ORIENTED_EDGE('',*,*,#4028,.T.);
#4028 = EDGE_CURVE('',#2867,#1640,#4029,.T.);
#4029 = SURFACE_CURVE('',#4030,(#4034,#4041),.PCURVE_S1.);
#4030 = LINE('',#4031,#4032);
#4031 = CARTESIAN_POINT('',(99.999971059338,-111.2499999996,0.));
#4032 = VECTOR('',#4033,1.);
#4033 = DIRECTION('',(2.315252999097E-05,0.999999999732,0.));
#4034 = PCURVE('',#2822,#4035);
#4035 = DEFINITIONAL_REPRESENTATION('',(#4036),#4040);
#4036 = LINE('',#4037,#4038);
#4037 = CARTESIAN_POINT('',(-2.894066251713E-05,-1.249999999664));
#4038 = VECTOR('',#4039,1.);
#4039 = DIRECTION('',(2.315252999097E-05,0.999999999732));
#4040 = ( GEOMETRIC_REPRESENTATION_CONTEXT(2) 
PARAMETRIC_REPRESENTATION_CONTEXT() REPRESENTATION_CONTEXT('2D SPACE',''
  ) );
#4041 = PCURVE('',#4010,#4042);
#4042 = DEFINITIONAL_REPRESENTATION('',(#4043),#4047);
#4043 = LINE('',#4044,#4045);
#4044 = CARTESIAN_POINT('',(-2.894066251713E-05,-1.249999999664));
#4045 = VECTOR('',#4046,1.);
#4046 = DIRECTION('',(2.315252999097E-05,0.999999999732));
#4047 = ( GEOMETRIC_REPRESENTATION_CONTEXT(2) 
PARAMETRIC_REPRESENTATION_CONTEXT() REPRESENTATION_CONTEXT('2D SPACE',''
  ) );
#4048 = ORIENTED_EDGE('',*,*,#2807,.F.);
#4049 = ADVANCED_FACE('',(#4050),#2854,.F.);
#4050 = FACE_BOUND('',#4051,.F.);
#4051 = EDGE_LOOP('',(#4052,#4053,#4079));
#4052 = ORIENTED_EDGE('',*,*,#2947,.F.);
#4053 = ORIENTED_EDGE('',*,*,#4054,.T.);
#4054 = EDGE_CURVE('',#1777,#2838,#4055,.T.);
#4055 = SURFACE_CURVE('',#4056,(#4060,#4067),.PCURVE_S1.);
#4056 = LINE('',#4057,#4058);
#4057 = CARTESIAN_POINT('',(96.249999999665,-104.9999710593,0.));
#4058 = VECTOR('',#4059,1.);
#4059 = DIRECTION('',(-0.999999999732,-2.315253013876E-05,0.));
#4060 = PCURVE('',#2854,#4061);
#4061 = DEFINITIONAL_REPRESENTATION('',(#4062),#4066);
#4062 = LINE('',#4063,#4064);
#4063 = CARTESIAN_POINT('',(1.249999999665,2.894066268766E-05));
#4064 = VECTOR('',#4065,1.);
#4065 = DIRECTION('',(-0.999999999732,-2.315253013876E-05));
#4066 = ( GEOMETRIC_REPRESENTATION_CONTEXT(2) 
PARAMETRIC_REPRESENTATION_CONTEXT() REPRESENTATION_CONTEXT('2D SPACE',''
  ) );
#4067 = PCURVE('',#4068,#4073);
#4068 = PLANE('',#4069);
#4069 = AXIS2_PLACEMENT_3D('',#4070,#4071,#4072);
#4070 = CARTESIAN_POINT('',(95.,-105.,0.));
#4071 = DIRECTION('',(0.,0.,1.));
#4072 = DIRECTION('',(1.,0.,-0.));
#4073 = DEFINITIONAL_REPRESENTATION('',(#4074),#4078);
#4074 = LINE('',#4075,#4076);
#4075 = CARTESIAN_POINT('',(1.249999999665,2.894066268766E-05));
#4076 = VECTOR('',#4077,1.);
#4077 = DIRECTION('',(-0.999999999732,-2.315253013876E-05));
#4078 = ( GEOMETRIC_REPRESENTATION_CONTEXT(2) 
PARAMETRIC_REPRESENTATION_CONTEXT() REPRESENTATION_CONTEXT('2D SPACE',''
  ) );
#4079 = ORIENTED_EDGE('',*,*,#2837,.T.);
#4080 = ADVANCED_FACE('',(#4081),#2883,.T.);
#4081 = FACE_BOUND('',#4082,.F.);
#4082 = EDGE_LOOP('',(#4083,#4111,#4140,#4161));
#4083 = ORIENTED_EDGE('',*,*,#4084,.T.);
#4084 = EDGE_CURVE('',#2838,#4085,#4087,.T.);
#4085 = VERTEX_POINT('',#4086);
#4086 = CARTESIAN_POINT('',(93.750000000335,-105.0000289406,13.));
#4087 = SURFACE_CURVE('',#4088,(#4092,#4099),.PCURVE_S1.);
#4088 = LINE('',#4089,#4090);
#4089 = CARTESIAN_POINT('',(93.750000000335,-105.0000289406,0.));
#4090 = VECTOR('',#4091,1.);
#4091 = DIRECTION('',(0.,0.,1.));
#4092 = PCURVE('',#2883,#4093);
#4093 = DEFINITIONAL_REPRESENTATION('',(#4094),#4098);
#4094 = LINE('',#4095,#4096);
#4095 = CARTESIAN_POINT('',(-0.,0.));
#4096 = VECTOR('',#4097,1.);
#4097 = DIRECTION('',(-0.,-1.));
#4098 = ( GEOMETRIC_REPRESENTATION_CONTEXT(2) 
PARAMETRIC_REPRESENTATION_CONTEXT() REPRESENTATION_CONTEXT('2D SPACE',''
  ) );
#4099 = PCURVE('',#4100,#4105);
#4100 = CYLINDRICAL_SURFACE('',#4101,1.25);
#4101 = AXIS2_PLACEMENT_3D('',#4102,#4103,#4104);
#4102 = CARTESIAN_POINT('',(95.,-105.,0.));
#4103 = DIRECTION('',(-0.,-0.,-1.));
#4104 = DIRECTION('',(-1.,0.,-0.));
#4105 = DEFINITIONAL_REPRESENTATION('',(#4106),#4110);
#4106 = LINE('',#4107,#4108);
#4107 = CARTESIAN_POINT('',(-2.315253014083E-05,0.));
#4108 = VECTOR('',#4109,1.);
#4109 = DIRECTION('',(-0.,-1.));
#4110 = ( GEOMETRIC_REPRESENTATION_CONTEXT(2) 
PARAMETRIC_REPRESENTATION_CONTEXT() REPRESENTATION_CONTEXT('2D SPACE',''
  ) );
#4111 = ORIENTED_EDGE('',*,*,#4112,.T.);
#4112 = EDGE_CURVE('',#4085,#4113,#4115,.T.);
#4113 = VERTEX_POINT('',#4114);
#4114 = CARTESIAN_POINT('',(99.999971059338,-111.2499999996,13.));
#4115 = SURFACE_CURVE('',#4116,(#4121,#4128),.PCURVE_S1.);
#4116 = CIRCLE('',#4117,6.25011576667);
#4117 = AXIS2_PLACEMENT_3D('',#4118,#4119,#4120);
#4118 = CARTESIAN_POINT('',(100.00011576533,-104.9998842346,13.));
#4119 = DIRECTION('',(0.,0.,1.));
#4120 = DIRECTION('',(-0.999999999732,-2.315253013709E-05,0.));
#4121 = PCURVE('',#2883,#4122);
#4122 = DEFINITIONAL_REPRESENTATION('',(#4123),#4127);
#4123 = LINE('',#4124,#4125);
#4124 = CARTESIAN_POINT('',(-0.,-13.));
#4125 = VECTOR('',#4126,1.);
#4126 = DIRECTION('',(-1.,0.));
#4127 = ( GEOMETRIC_REPRESENTATION_CONTEXT(2) 
PARAMETRIC_REPRESENTATION_CONTEXT() REPRESENTATION_CONTEXT('2D SPACE',''
  ) );
#4128 = PCURVE('',#4129,#4134);
#4129 = PLANE('',#4130);
#4130 = AXIS2_PLACEMENT_3D('',#4131,#4132,#4133);
#4131 = CARTESIAN_POINT('',(96.891519540323,-108.1084804596,13.));
#4132 = DIRECTION('',(0.,0.,1.));
#4133 = DIRECTION('',(1.,0.,-0.));
#4134 = DEFINITIONAL_REPRESENTATION('',(#4135),#4139);
#4135 = CIRCLE('',#4136,6.25011576667);
#4136 = AXIS2_PLACEMENT_2D('',#4137,#4138);
#4137 = CARTESIAN_POINT('',(3.108596225007,3.108596225007));
#4138 = DIRECTION('',(-0.999999999732,-2.315253013709E-05));
#4139 = ( GEOMETRIC_REPRESENTATION_CONTEXT(2) 
PARAMETRIC_REPRESENTATION_CONTEXT() REPRESENTATION_CONTEXT('2D SPACE',''
  ) );
#4140 = ORIENTED_EDGE('',*,*,#4141,.F.);
#4141 = EDGE_CURVE('',#2867,#4113,#4142,.T.);
#4142 = SURFACE_CURVE('',#4143,(#4147,#4154),.PCURVE_S1.);
#4143 = LINE('',#4144,#4145);
#4144 = CARTESIAN_POINT('',(99.999971059338,-111.2499999996,0.));
#4145 = VECTOR('',#4146,1.);
#4146 = DIRECTION('',(0.,0.,1.));
#4147 = PCURVE('',#2883,#4148);
#4148 = DEFINITIONAL_REPRESENTATION('',(#4149),#4153);
#4149 = LINE('',#4150,#4151);
#4150 = CARTESIAN_POINT('',(-1.570750021735,0.));
#4151 = VECTOR('',#4152,1.);
#4152 = DIRECTION('',(-0.,-1.));
#4153 = ( GEOMETRIC_REPRESENTATION_CONTEXT(2) 
PARAMETRIC_REPRESENTATION_CONTEXT() REPRESENTATION_CONTEXT('2D SPACE',''
  ) );
#4154 = PCURVE('',#3930,#4155);
#4155 = DEFINITIONAL_REPRESENTATION('',(#4156),#4160);
#4156 = LINE('',#4157,#4158);
#4157 = CARTESIAN_POINT('',(-1.570773174265,0.));
#4158 = VECTOR('',#4159,1.);
#4159 = DIRECTION('',(-0.,-1.));
#4160 = ( GEOMETRIC_REPRESENTATION_CONTEXT(2) 
PARAMETRIC_REPRESENTATION_CONTEXT() REPRESENTATION_CONTEXT('2D SPACE',''
  ) );
#4161 = ORIENTED_EDGE('',*,*,#2866,.F.);
#4162 = ADVANCED_FACE('',(#4163),#2988,.F.);
#4163 = FACE_BOUND('',#4164,.F.);
#4164 = EDGE_LOOP('',(#4165,#4166,#4167));
#4165 = ORIENTED_EDGE('',*,*,#2974,.F.);
#4166 = ORIENTED_EDGE('',*,*,#3003,.T.);
#4167 = ORIENTED_EDGE('',*,*,#4168,.T.);
#4168 = EDGE_CURVE('',#3004,#1777,#4169,.T.);
#4169 = SURFACE_CURVE('',#4170,(#4174,#4181),.PCURVE_S1.);
#4170 = LINE('',#4171,#4172);
#4171 = CARTESIAN_POINT('',(93.75,-105.,0.));
#4172 = VECTOR('',#4173,1.);
#4173 = DIRECTION('',(1.,0.,0.));
#4174 = PCURVE('',#2988,#4175);
#4175 = DEFINITIONAL_REPRESENTATION('',(#4176),#4180);
#4176 = LINE('',#4177,#4178);
#4177 = CARTESIAN_POINT('',(-1.25,1.42108547152E-14));
#4178 = VECTOR('',#4179,1.);
#4179 = DIRECTION('',(1.,0.));
#4180 = ( GEOMETRIC_REPRESENTATION_CONTEXT(2) 
PARAMETRIC_REPRESENTATION_CONTEXT() REPRESENTATION_CONTEXT('2D SPACE',''
  ) );
#4181 = PCURVE('',#4068,#4182);
#4182 = DEFINITIONAL_REPRESENTATION('',(#4183),#4187);
#4183 = LINE('',#4184,#4185);
#4184 = CARTESIAN_POINT('',(-1.25,1.42108547152E-14));
#4185 = VECTOR('',#4186,1.);
#4186 = DIRECTION('',(1.,0.));
#4187 = ( GEOMETRIC_REPRESENTATION_CONTEXT(2) 
PARAMETRIC_REPRESENTATION_CONTEXT() REPRESENTATION_CONTEXT('2D SPACE',''
  ) );
#4188 = ADVANCED_FACE('',(#4189),#3071,.F.);
#4189 = FACE_BOUND('',#4190,.F.);
#4190 = EDGE_LOOP('',(#4191,#4192,#4220,#4241));
#4191 = ORIENTED_EDGE('',*,*,#3190,.T.);
#4192 = ORIENTED_EDGE('',*,*,#4193,.T.);
#4193 = EDGE_CURVE('',#3162,#4194,#4196,.T.);
#4194 = VERTEX_POINT('',#4195);
#4195 = CARTESIAN_POINT('',(93.75,-105.,13.));
#4196 = SURFACE_CURVE('',#4197,(#4201,#4208),.PCURVE_S1.);
#4197 = LINE('',#4198,#4199);
#4198 = CARTESIAN_POINT('',(93.75,-80.,13.));
#4199 = VECTOR('',#4200,1.);
#4200 = DIRECTION('',(0.,-1.,0.));
#4201 = PCURVE('',#3071,#4202);
#4202 = DEFINITIONAL_REPRESENTATION('',(#4203),#4207);
#4203 = LINE('',#4204,#4205);
#4204 = CARTESIAN_POINT('',(0.,-13.));
#4205 = VECTOR('',#4206,1.);
#4206 = DIRECTION('',(1.,0.));
#4207 = ( GEOMETRIC_REPRESENTATION_CONTEXT(2) 
PARAMETRIC_REPRESENTATION_CONTEXT() REPRESENTATION_CONTEXT('2D SPACE',''
  ) );
#4208 = PCURVE('',#4209,#4214);
#4209 = PLANE('',#4210);
#4210 = AXIS2_PLACEMENT_3D('',#4211,#4212,#4213);
#4211 = CARTESIAN_POINT('',(95.,-92.5,13.));
#4212 = DIRECTION('',(0.,0.,1.));
#4213 = DIRECTION('',(1.,0.,-0.));
#4214 = DEFINITIONAL_REPRESENTATION('',(#4215),#4219);
#4215 = LINE('',#4216,#4217);
#4216 = CARTESIAN_POINT('',(-1.25,12.5));
#4217 = VECTOR('',#4218,1.);
#4218 = DIRECTION('',(0.,-1.));
#4219 = ( GEOMETRIC_REPRESENTATION_CONTEXT(2) 
PARAMETRIC_REPRESENTATION_CONTEXT() REPRESENTATION_CONTEXT('2D SPACE',''
  ) );
#4220 = ORIENTED_EDGE('',*,*,#4221,.F.);
#4221 = EDGE_CURVE('',#3004,#4194,#4222,.T.);
#4222 = SURFACE_CURVE('',#4223,(#4227,#4234),.PCURVE_S1.);
#4223 = LINE('',#4224,#4225);
#4224 = CARTESIAN_POINT('',(93.75,-105.,0.));
#4225 = VECTOR('',#4226,1.);
#4226 = DIRECTION('',(0.,0.,1.));
#4227 = PCURVE('',#3071,#4228);
#4228 = DEFINITIONAL_REPRESENTATION('',(#4229),#4233);
#4229 = LINE('',#4230,#4231);
#4230 = CARTESIAN_POINT('',(25.,0.));
#4231 = VECTOR('',#4232,1.);
#4232 = DIRECTION('',(0.,-1.));
#4233 = ( GEOMETRIC_REPRESENTATION_CONTEXT(2) 
PARAMETRIC_REPRESENTATION_CONTEXT() REPRESENTATION_CONTEXT('2D SPACE',''
  ) );
#4234 = PCURVE('',#4100,#4235);
#4235 = DEFINITIONAL_REPRESENTATION('',(#4236),#4240);
#4236 = LINE('',#4237,#4238);
#4237 = CARTESIAN_POINT('',(-0.,0.));
#4238 = VECTOR('',#4239,1.);
#4239 = DIRECTION('',(-0.,-1.));
#4240 = ( GEOMETRIC_REPRESENTATION_CONTEXT(2) 
PARAMETRIC_REPRESENTATION_CONTEXT() REPRESENTATION_CONTEXT('2D SPACE',''
  ) );
#4241 = ORIENTED_EDGE('',*,*,#3057,.F.);
#4242 = ADVANCED_FACE('',(#4243),#3045,.F.);
#4243 = FACE_BOUND('',#4244,.F.);
#4244 = EDGE_LOOP('',(#4245,#4246,#4247));
#4245 = ORIENTED_EDGE('',*,*,#3087,.F.);
#4246 = ORIENTED_EDGE('',*,*,#3135,.T.);
#4247 = ORIENTED_EDGE('',*,*,#3028,.T.);
#4248 = ADVANCED_FACE('',(#4249),#3178,.T.);
#4249 = FACE_BOUND('',#4250,.T.);
#4250 = EDGE_LOOP('',(#4251,#4274,#4275));
#4251 = ORIENTED_EDGE('',*,*,#4252,.F.);
#4252 = EDGE_CURVE('',#1992,#4253,#4255,.T.);
#4253 = VERTEX_POINT('',#4254);
#4254 = CARTESIAN_POINT('',(94.999998740082,-79.99999999998,13.));
#4255 = SURFACE_CURVE('',#4256,(#4260,#4267),.PCURVE_S1.);
#4256 = LINE('',#4257,#4258);
#4257 = CARTESIAN_POINT('',(93.750000000335,-79.99997105933,13.));
#4258 = VECTOR('',#4259,1.);
#4259 = DIRECTION('',(0.999999999732,-2.315253009328E-05,0.));
#4260 = PCURVE('',#3178,#4261);
#4261 = DEFINITIONAL_REPRESENTATION('',(#4262),#4266);
#4262 = LINE('',#4263,#4264);
#4263 = CARTESIAN_POINT('',(-1.249999999665,2.894066261661E-05));
#4264 = VECTOR('',#4265,1.);
#4265 = DIRECTION('',(0.999999999732,-2.315253009328E-05));
#4266 = ( GEOMETRIC_REPRESENTATION_CONTEXT(2) 
PARAMETRIC_REPRESENTATION_CONTEXT() REPRESENTATION_CONTEXT('2D SPACE',''
  ) );
#4267 = PCURVE('',#3261,#4268);
#4268 = DEFINITIONAL_REPRESENTATION('',(#4269),#4273);
#4269 = LINE('',#4270,#4271);
#4270 = CARTESIAN_POINT('',(-1.249999999665,2.894066261661E-05));
#4271 = VECTOR('',#4272,1.);
#4272 = DIRECTION('',(0.999999999732,-2.315253009328E-05));
#4273 = ( GEOMETRIC_REPRESENTATION_CONTEXT(2) 
PARAMETRIC_REPRESENTATION_CONTEXT() REPRESENTATION_CONTEXT('2D SPACE',''
  ) );
#4274 = ORIENTED_EDGE('',*,*,#3161,.T.);
#4275 = ORIENTED_EDGE('',*,*,#4276,.F.);
#4276 = EDGE_CURVE('',#4253,#3162,#4277,.T.);
#4277 = SURFACE_CURVE('',#4278,(#4282,#4289),.PCURVE_S1.);
#4278 = LINE('',#4279,#4280);
#4279 = CARTESIAN_POINT('',(96.25,-80.,13.));
#4280 = VECTOR('',#4281,1.);
#4281 = DIRECTION('',(-1.,0.,0.));
#4282 = PCURVE('',#3178,#4283);
#4283 = DEFINITIONAL_REPRESENTATION('',(#4284),#4288);
#4284 = LINE('',#4285,#4286);
#4285 = CARTESIAN_POINT('',(1.25,0.));
#4286 = VECTOR('',#4287,1.);
#4287 = DIRECTION('',(-1.,0.));
#4288 = ( GEOMETRIC_REPRESENTATION_CONTEXT(2) 
PARAMETRIC_REPRESENTATION_CONTEXT() REPRESENTATION_CONTEXT('2D SPACE',''
  ) );
#4289 = PCURVE('',#4290,#4295);
#4290 = PLANE('',#4291);
#4291 = AXIS2_PLACEMENT_3D('',#4292,#4293,#4294);
#4292 = CARTESIAN_POINT('',(95.,-80.,13.));
#4293 = DIRECTION('',(0.,0.,1.));
#4294 = DIRECTION('',(1.,0.,-0.));
#4295 = DEFINITIONAL_REPRESENTATION('',(#4296),#4300);
#4296 = LINE('',#4297,#4298);
#4297 = CARTESIAN_POINT('',(1.25,0.));
#4298 = VECTOR('',#4299,1.);
#4299 = DIRECTION('',(-1.,0.));
#4300 = ( GEOMETRIC_REPRESENTATION_CONTEXT(2) 
PARAMETRIC_REPRESENTATION_CONTEXT() REPRESENTATION_CONTEXT('2D SPACE',''
  ) );
#4301 = ADVANCED_FACE('',(#4302),#3231,.T.);
#4302 = FACE_BOUND('',#4303,.T.);
#4303 = EDGE_LOOP('',(#4304,#4331,#4332,#4333));
#4304 = ORIENTED_EDGE('',*,*,#4305,.F.);
#4305 = EDGE_CURVE('',#3328,#3274,#4306,.T.);
#4306 = SURFACE_CURVE('',#4307,(#4312,#4319),.PCURVE_S1.);
#4307 = CIRCLE('',#4308,5.000115766671);
#4308 = AXIS2_PLACEMENT_3D('',#4309,#4310,#4311);
#4309 = CARTESIAN_POINT('',(100.00011576533,-80.00011576533,13.));
#4310 = DIRECTION('',(0.,0.,1.));
#4311 = DIRECTION('',(-2.31525300912E-05,0.999999999732,0.));
#4312 = PCURVE('',#3231,#4313);
#4313 = DEFINITIONAL_REPRESENTATION('',(#4314),#4318);
#4314 = CIRCLE('',#4315,5.000115766671);
#4315 = AXIS2_PLACEMENT_2D('',#4316,#4317);
#4316 = CARTESIAN_POINT('',(1.157653307189E-04,-5.000115765331));
#4317 = DIRECTION('',(-2.31525300912E-05,0.999999999732));
#4318 = ( GEOMETRIC_REPRESENTATION_CONTEXT(2) 
PARAMETRIC_REPRESENTATION_CONTEXT() REPRESENTATION_CONTEXT('2D SPACE',''
  ) );
#4319 = PCURVE('',#4320,#4325);
#4320 = PLANE('',#4321);
#4321 = AXIS2_PLACEMENT_3D('',#4322,#4323,#4324);
#4322 = CARTESIAN_POINT('',(120.,-92.5,13.));
#4323 = DIRECTION('',(0.,0.,1.));
#4324 = DIRECTION('',(1.,0.,-0.));
#4325 = DEFINITIONAL_REPRESENTATION('',(#4326),#4330);
#4326 = CIRCLE('',#4327,5.000115766671);
#4327 = AXIS2_PLACEMENT_2D('',#4328,#4329);
#4328 = CARTESIAN_POINT('',(-19.99988423466,12.499884234669));
#4329 = DIRECTION('',(-2.31525300912E-05,0.999999999732));
#4330 = ( GEOMETRIC_REPRESENTATION_CONTEXT(2) 
PARAMETRIC_REPRESENTATION_CONTEXT() REPRESENTATION_CONTEXT('2D SPACE',''
  ) );
#4331 = ORIENTED_EDGE('',*,*,#3327,.T.);
#4332 = ORIENTED_EDGE('',*,*,#3214,.T.);
#4333 = ORIENTED_EDGE('',*,*,#3302,.T.);
#4334 = ADVANCED_FACE('',(#4335),#3290,.T.);
#4335 = FACE_BOUND('',#4336,.T.);
#4336 = EDGE_LOOP('',(#4337,#4361,#4362,#4391));
#4337 = ORIENTED_EDGE('',*,*,#4338,.F.);
#4338 = EDGE_CURVE('',#3274,#4339,#4341,.T.);
#4339 = VERTEX_POINT('',#4340);
#4340 = CARTESIAN_POINT('',(100.,-76.25,13.));
#4341 = SURFACE_CURVE('',#4342,(#4347,#4354),.PCURVE_S1.);
#4342 = CIRCLE('',#4343,1.25);
#4343 = AXIS2_PLACEMENT_3D('',#4344,#4345,#4346);
#4344 = CARTESIAN_POINT('',(100.,-75.,13.));
#4345 = DIRECTION('',(0.,0.,1.));
#4346 = DIRECTION('',(-1.,0.,-0.));
#4347 = PCURVE('',#3290,#4348);
#4348 = DEFINITIONAL_REPRESENTATION('',(#4349),#4353);
#4349 = CIRCLE('',#4350,1.25);
#4350 = AXIS2_PLACEMENT_2D('',#4351,#4352);
#4351 = CARTESIAN_POINT('',(-20.,17.5));
#4352 = DIRECTION('',(-1.,0.));
#4353 = ( GEOMETRIC_REPRESENTATION_CONTEXT(2) 
PARAMETRIC_REPRESENTATION_CONTEXT() REPRESENTATION_CONTEXT('2D SPACE',''
  ) );
#4354 = PCURVE('',#4320,#4355);
#4355 = DEFINITIONAL_REPRESENTATION('',(#4356),#4360);
#4356 = CIRCLE('',#4357,1.25);
#4357 = AXIS2_PLACEMENT_2D('',#4358,#4359);
#4358 = CARTESIAN_POINT('',(-20.,17.5));
#4359 = DIRECTION('',(-1.,0.));
#4360 = ( GEOMETRIC_REPRESENTATION_CONTEXT(2) 
PARAMETRIC_REPRESENTATION_CONTEXT() REPRESENTATION_CONTEXT('2D SPACE',''
  ) );
#4361 = ORIENTED_EDGE('',*,*,#3273,.T.);
#4362 = ORIENTED_EDGE('',*,*,#4363,.F.);
#4363 = EDGE_CURVE('',#4364,#3245,#4366,.T.);
#4364 = VERTEX_POINT('',#4365);
#4365 = CARTESIAN_POINT('',(96.25,-80.,13.));
#4366 = SURFACE_CURVE('',#4367,(#4372,#4379),.PCURVE_S1.);
#4367 = CIRCLE('',#4368,1.25);
#4368 = AXIS2_PLACEMENT_3D('',#4369,#4370,#4371);
#4369 = CARTESIAN_POINT('',(95.,-80.,13.));
#4370 = DIRECTION('',(0.,0.,1.));
#4371 = DIRECTION('',(1.,0.,-0.));
#4372 = PCURVE('',#3290,#4373);
#4373 = DEFINITIONAL_REPRESENTATION('',(#4374),#4378);
#4374 = CIRCLE('',#4375,1.25);
#4375 = AXIS2_PLACEMENT_2D('',#4376,#4377);
#4376 = CARTESIAN_POINT('',(-25.,12.5));
#4377 = DIRECTION('',(1.,0.));
#4378 = ( GEOMETRIC_REPRESENTATION_CONTEXT(2) 
PARAMETRIC_REPRESENTATION_CONTEXT() REPRESENTATION_CONTEXT('2D SPACE',''
  ) );
#4379 = PCURVE('',#4380,#4385);
#4380 = PLANE('',#4381);
#4381 = AXIS2_PLACEMENT_3D('',#4382,#4383,#4384);
#4382 = CARTESIAN_POINT('',(120.,-92.5,13.));
#4383 = DIRECTION('',(0.,0.,1.));
#4384 = DIRECTION('',(1.,0.,-0.));
#4385 = DEFINITIONAL_REPRESENTATION('',(#4386),#4390);
#4386 = CIRCLE('',#4387,1.25);
#4387 = AXIS2_PLACEMENT_2D('',#4388,#4389);
#4388 = CARTESIAN_POINT('',(-25.,12.5));
#4389 = DIRECTION('',(1.,0.));
#4390 = ( GEOMETRIC_REPRESENTATION_CONTEXT(2) 
PARAMETRIC_REPRESENTATION_CONTEXT() REPRESENTATION_CONTEXT('2D SPACE',''
  ) );
#4391 = ORIENTED_EDGE('',*,*,#4392,.T.);
#4392 = EDGE_CURVE('',#4364,#4339,#4393,.T.);
#4393 = SURFACE_CURVE('',#4394,(#4399,#4410),.PCURVE_S1.);
#4394 = CIRCLE('',#4395,3.750115766671);
#4395 = AXIS2_PLACEMENT_3D('',#4396,#4397,#4398);
#4396 = CARTESIAN_POINT('',(100.00011576533,-80.00011576533,13.));
#4397 = DIRECTION('',(0.,0.,-1.));
#4398 = DIRECTION('',(-0.999999999732,2.315253010187E-05,0.));
#4399 = PCURVE('',#3290,#4400);
#4400 = DEFINITIONAL_REPRESENTATION('',(#4401),#4409);
#4401 = ( BOUNDED_CURVE() B_SPLINE_CURVE(2,(#4402,#4403,#4404,#4405,
#4406,#4407,#4408),.UNSPECIFIED.,.T.,.F.) B_SPLINE_CURVE_WITH_KNOTS((1,2
    ,2,2,2,1),(-2.094395102393,0.,2.094395102393,4.188790204786,
6.28318530718,8.377580409573),.UNSPECIFIED.) CURVE() 
GEOMETRIC_REPRESENTATION_ITEM() RATIONAL_B_SPLINE_CURVE((1.,0.5,1.,0.5,
1.,0.5,1.)) REPRESENTATION_ITEM('') );
#4402 = CARTESIAN_POINT('',(-23.75000000033,12.499971059337));
#4403 = CARTESIAN_POINT('',(-23.74984961559,18.995362099736));
#4404 = CARTESIAN_POINT('',(-18.12475115946,15.747536342534));
#4405 = CARTESIAN_POINT('',(-12.49965270333,12.499710585333));
#4406 = CARTESIAN_POINT('',(-18.1249015442,9.252145302136));
#4407 = CARTESIAN_POINT('',(-23.75015038507,6.004580018939));
#4408 = CARTESIAN_POINT('',(-23.75000000033,12.499971059337));
#4409 = ( GEOMETRIC_REPRESENTATION_CONTEXT(2) 
PARAMETRIC_REPRESENTATION_CONTEXT() REPRESENTATION_CONTEXT('2D SPACE',''
  ) );
#4410 = PCURVE('',#4411,#4416);
#4411 = CYLINDRICAL_SURFACE('',#4412,3.750115766671);
#4412 = AXIS2_PLACEMENT_3D('',#4413,#4414,#4415);
#4413 = CARTESIAN_POINT('',(100.00011576533,-80.00011576533,0.));
#4414 = DIRECTION('',(0.,0.,-1.));
#4415 = DIRECTION('',(-0.999999999732,2.315253010187E-05,0.));
#4416 = DEFINITIONAL_REPRESENTATION('',(#4417),#4421);
#4417 = LINE('',#4418,#4419);
#4418 = CARTESIAN_POINT('',(0.,-13.));
#4419 = VECTOR('',#4420,1.);
#4420 = DIRECTION('',(1.,0.));
#4421 = ( GEOMETRIC_REPRESENTATION_CONTEXT(2) 
PARAMETRIC_REPRESENTATION_CONTEXT() REPRESENTATION_CONTEXT('2D SPACE',''
  ) );
#4422 = ADVANCED_FACE('',(#4423),#3261,.T.);
#4423 = FACE_BOUND('',#4424,.T.);
#4424 = EDGE_LOOP('',(#4425,#4426,#4448));
#4425 = ORIENTED_EDGE('',*,*,#4252,.T.);
#4426 = ORIENTED_EDGE('',*,*,#4427,.F.);
#4427 = EDGE_CURVE('',#3245,#4253,#4428,.T.);
#4428 = SURFACE_CURVE('',#4429,(#4434,#4441),.PCURVE_S1.);
#4429 = CIRCLE('',#4430,5.000115766671);
#4430 = AXIS2_PLACEMENT_3D('',#4431,#4432,#4433);
#4431 = CARTESIAN_POINT('',(100.00011576533,-80.00011576533,13.));
#4432 = DIRECTION('',(0.,0.,1.));
#4433 = DIRECTION('',(-2.31525300912E-05,0.999999999732,0.));
#4434 = PCURVE('',#3261,#4435);
#4435 = DEFINITIONAL_REPRESENTATION('',(#4436),#4440);
#4436 = CIRCLE('',#4437,5.000115766671);
#4437 = AXIS2_PLACEMENT_2D('',#4438,#4439);
#4438 = CARTESIAN_POINT('',(5.000115765331,-1.157653307473E-04));
#4439 = DIRECTION('',(-2.31525300912E-05,0.999999999732));
#4440 = ( GEOMETRIC_REPRESENTATION_CONTEXT(2) 
PARAMETRIC_REPRESENTATION_CONTEXT() REPRESENTATION_CONTEXT('2D SPACE',''
  ) );
#4441 = PCURVE('',#4380,#4442);
#4442 = DEFINITIONAL_REPRESENTATION('',(#4443),#4447);
#4443 = CIRCLE('',#4444,5.000115766671);
#4444 = AXIS2_PLACEMENT_2D('',#4445,#4446);
#4445 = CARTESIAN_POINT('',(-19.99988423466,12.499884234669));
#4446 = DIRECTION('',(-2.31525300912E-05,0.999999999732));
#4447 = ( GEOMETRIC_REPRESENTATION_CONTEXT(2) 
PARAMETRIC_REPRESENTATION_CONTEXT() REPRESENTATION_CONTEXT('2D SPACE',''
  ) );
#4448 = ORIENTED_EDGE('',*,*,#3244,.T.);
#4449 = ADVANCED_FACE('',(#4450),#3364,.T.);
#4450 = FACE_BOUND('',#4451,.T.);
#4451 = EDGE_LOOP('',(#4452,#4453,#4481));
#4452 = ORIENTED_EDGE('',*,*,#3350,.T.);
#4453 = ORIENTED_EDGE('',*,*,#4454,.F.);
#4454 = EDGE_CURVE('',#4455,#3328,#4457,.T.);
#4455 = VERTEX_POINT('',#4456);
#4456 = CARTESIAN_POINT('',(101.25,-75.,13.));
#4457 = SURFACE_CURVE('',#4458,(#4462,#4469),.PCURVE_S1.);
#4458 = LINE('',#4459,#4460);
#4459 = CARTESIAN_POINT('',(140.,-75.,13.));
#4460 = VECTOR('',#4461,1.);
#4461 = DIRECTION('',(-1.,0.,0.));
#4462 = PCURVE('',#3364,#4463);
#4463 = DEFINITIONAL_REPRESENTATION('',(#4464),#4468);
#4464 = LINE('',#4465,#4466);
#4465 = CARTESIAN_POINT('',(40.,0.));
#4466 = VECTOR('',#4467,1.);
#4467 = DIRECTION('',(-1.,0.));
#4468 = ( GEOMETRIC_REPRESENTATION_CONTEXT(2) 
PARAMETRIC_REPRESENTATION_CONTEXT() REPRESENTATION_CONTEXT('2D SPACE',''
  ) );
#4469 = PCURVE('',#4470,#4475);
#4470 = PLANE('',#4471);
#4471 = AXIS2_PLACEMENT_3D('',#4472,#4473,#4474);
#4472 = CARTESIAN_POINT('',(120.,-92.5,13.));
#4473 = DIRECTION('',(0.,0.,1.));
#4474 = DIRECTION('',(1.,0.,-0.));
#4475 = DEFINITIONAL_REPRESENTATION('',(#4476),#4480);
#4476 = LINE('',#4477,#4478);
#4477 = CARTESIAN_POINT('',(20.,17.5));
#4478 = VECTOR('',#4479,1.);
#4479 = DIRECTION('',(-1.,0.));
#4480 = ( GEOMETRIC_REPRESENTATION_CONTEXT(2) 
PARAMETRIC_REPRESENTATION_CONTEXT() REPRESENTATION_CONTEXT('2D SPACE',''
  ) );
#4481 = ORIENTED_EDGE('',*,*,#4482,.T.);
#4482 = EDGE_CURVE('',#4455,#2052,#4483,.T.);
#4483 = SURFACE_CURVE('',#4484,(#4489,#4496),.PCURVE_S1.);
#4484 = CIRCLE('',#4485,1.25);
#4485 = AXIS2_PLACEMENT_3D('',#4486,#4487,#4488);
#4486 = CARTESIAN_POINT('',(100.,-75.,13.));
#4487 = DIRECTION('',(0.,0.,1.));
#4488 = DIRECTION('',(1.,0.,-0.));
#4489 = PCURVE('',#3364,#4490);
#4490 = DEFINITIONAL_REPRESENTATION('',(#4491),#4495);
#4491 = CIRCLE('',#4492,1.25);
#4492 = AXIS2_PLACEMENT_2D('',#4493,#4494);
#4493 = CARTESIAN_POINT('',(-2.84217094304E-14,0.));
#4494 = DIRECTION('',(1.,0.));
#4495 = ( GEOMETRIC_REPRESENTATION_CONTEXT(2) 
PARAMETRIC_REPRESENTATION_CONTEXT() REPRESENTATION_CONTEXT('2D SPACE',''
  ) );
#4496 = PCURVE('',#3422,#4497);
#4497 = DEFINITIONAL_REPRESENTATION('',(#4498),#4502);
#4498 = CIRCLE('',#4499,1.25);
#4499 = AXIS2_PLACEMENT_2D('',#4500,#4501);
#4500 = CARTESIAN_POINT('',(-20.,0.));
#4501 = DIRECTION('',(1.,0.));
#4502 = ( GEOMETRIC_REPRESENTATION_CONTEXT(2) 
PARAMETRIC_REPRESENTATION_CONTEXT() REPRESENTATION_CONTEXT('2D SPACE',''
  ) );
#4503 = ADVANCED_FACE('',(#4504),#3396,.T.);
#4504 = FACE_BOUND('',#4505,.F.);
#4505 = EDGE_LOOP('',(#4506,#4528,#4529,#4556));
#4506 = ORIENTED_EDGE('',*,*,#4507,.F.);
#4507 = EDGE_CURVE('',#2253,#2113,#4508,.T.);
#4508 = SURFACE_CURVE('',#4509,(#4514,#4521),.PCURVE_S1.);
#4509 = CIRCLE('',#4510,1.25);
#4510 = AXIS2_PLACEMENT_3D('',#4511,#4512,#4513);
#4511 = CARTESIAN_POINT('',(140.,-75.,0.));
#4512 = DIRECTION('',(0.,0.,1.));
#4513 = DIRECTION('',(1.,0.,-0.));
#4514 = PCURVE('',#3396,#4515);
#4515 = DEFINITIONAL_REPRESENTATION('',(#4516),#4520);
#4516 = LINE('',#4517,#4518);
#4517 = CARTESIAN_POINT('',(-0.,0.));
#4518 = VECTOR('',#4519,1.);
#4519 = DIRECTION('',(-1.,0.));
#4520 = ( GEOMETRIC_REPRESENTATION_CONTEXT(2) 
PARAMETRIC_REPRESENTATION_CONTEXT() REPRESENTATION_CONTEXT('2D SPACE',''
  ) );
#4521 = PCURVE('',#3454,#4522);
#4522 = DEFINITIONAL_REPRESENTATION('',(#4523),#4527);
#4523 = CIRCLE('',#4524,1.25);
#4524 = AXIS2_PLACEMENT_2D('',#4525,#4526);
#4525 = CARTESIAN_POINT('',(0.,0.));
#4526 = DIRECTION('',(1.,0.));
#4527 = ( GEOMETRIC_REPRESENTATION_CONTEXT(2) 
PARAMETRIC_REPRESENTATION_CONTEXT() REPRESENTATION_CONTEXT('2D SPACE',''
  ) );
#4528 = ORIENTED_EDGE('',*,*,#3585,.T.);
#4529 = ORIENTED_EDGE('',*,*,#4530,.T.);
#4530 = EDGE_CURVE('',#3557,#3381,#4531,.T.);
#4531 = SURFACE_CURVE('',#4532,(#4537,#4544),.PCURVE_S1.);
#4532 = CIRCLE('',#4533,1.25);
#4533 = AXIS2_PLACEMENT_3D('',#4534,#4535,#4536);
#4534 = CARTESIAN_POINT('',(140.,-75.,13.));
#4535 = DIRECTION('',(0.,0.,1.));
#4536 = DIRECTION('',(1.,0.,-0.));
#4537 = PCURVE('',#3396,#4538);
#4538 = DEFINITIONAL_REPRESENTATION('',(#4539),#4543);
#4539 = LINE('',#4540,#4541);
#4540 = CARTESIAN_POINT('',(-0.,-13.));
#4541 = VECTOR('',#4542,1.);
#4542 = DIRECTION('',(-1.,0.));
#4543 = ( GEOMETRIC_REPRESENTATION_CONTEXT(2) 
PARAMETRIC_REPRESENTATION_CONTEXT() REPRESENTATION_CONTEXT('2D SPACE',''
  ) );
#4544 = PCURVE('',#4545,#4550);
#4545 = PLANE('',#4546);
#4546 = AXIS2_PLACEMENT_3D('',#4547,#4548,#4549);
#4547 = CARTESIAN_POINT('',(140.,-75.,13.));
#4548 = DIRECTION('',(0.,0.,1.));
#4549 = DIRECTION('',(1.,0.,-0.));
#4550 = DEFINITIONAL_REPRESENTATION('',(#4551),#4555);
#4551 = CIRCLE('',#4552,1.25);
#4552 = AXIS2_PLACEMENT_2D('',#4553,#4554);
#4553 = CARTESIAN_POINT('',(0.,0.));
#4554 = DIRECTION('',(1.,0.));
#4555 = ( GEOMETRIC_REPRESENTATION_CONTEXT(2) 
PARAMETRIC_REPRESENTATION_CONTEXT() REPRESENTATION_CONTEXT('2D SPACE',''
  ) );
#4556 = ORIENTED_EDGE('',*,*,#3380,.F.);
#4557 = ADVANCED_FACE('',(#4558),#3422,.T.);
#4558 = FACE_BOUND('',#4559,.T.);
#4559 = EDGE_LOOP('',(#4560,#4561,#4589,#4616));
#4560 = ORIENTED_EDGE('',*,*,#4482,.F.);
#4561 = ORIENTED_EDGE('',*,*,#4562,.F.);
#4562 = EDGE_CURVE('',#4563,#4455,#4565,.T.);
#4563 = VERTEX_POINT('',#4564);
#4564 = CARTESIAN_POINT('',(138.75,-75.,13.));
#4565 = SURFACE_CURVE('',#4566,(#4570,#4577),.PCURVE_S1.);
#4566 = LINE('',#4567,#4568);
#4567 = CARTESIAN_POINT('',(140.,-75.,13.));
#4568 = VECTOR('',#4569,1.);
#4569 = DIRECTION('',(-1.,0.,0.));
#4570 = PCURVE('',#3422,#4571);
#4571 = DEFINITIONAL_REPRESENTATION('',(#4572),#4576);
#4572 = LINE('',#4573,#4574);
#4573 = CARTESIAN_POINT('',(20.,0.));
#4574 = VECTOR('',#4575,1.);
#4575 = DIRECTION('',(-1.,0.));
#4576 = ( GEOMETRIC_REPRESENTATION_CONTEXT(2) 
PARAMETRIC_REPRESENTATION_CONTEXT() REPRESENTATION_CONTEXT('2D SPACE',''
  ) );
#4577 = PCURVE('',#4578,#4583);
#4578 = PLANE('',#4579);
#4579 = AXIS2_PLACEMENT_3D('',#4580,#4581,#4582);
#4580 = CARTESIAN_POINT('',(120.,-92.5,13.));
#4581 = DIRECTION('',(0.,0.,1.));
#4582 = DIRECTION('',(1.,0.,-0.));
#4583 = DEFINITIONAL_REPRESENTATION('',(#4584),#4588);
#4584 = LINE('',#4585,#4586);
#4585 = CARTESIAN_POINT('',(20.,17.5));
#4586 = VECTOR('',#4587,1.);
#4587 = DIRECTION('',(-1.,0.));
#4588 = ( GEOMETRIC_REPRESENTATION_CONTEXT(2) 
PARAMETRIC_REPRESENTATION_CONTEXT() REPRESENTATION_CONTEXT('2D SPACE',''
  ) );
#4589 = ORIENTED_EDGE('',*,*,#4590,.F.);
#4590 = EDGE_CURVE('',#3381,#4563,#4591,.T.);
#4591 = SURFACE_CURVE('',#4592,(#4597,#4604),.PCURVE_S1.);
#4592 = CIRCLE('',#4593,1.25);
#4593 = AXIS2_PLACEMENT_3D('',#4594,#4595,#4596);
#4594 = CARTESIAN_POINT('',(140.,-75.,13.));
#4595 = DIRECTION('',(0.,0.,1.));
#4596 = DIRECTION('',(1.,0.,-0.));
#4597 = PCURVE('',#3422,#4598);
#4598 = DEFINITIONAL_REPRESENTATION('',(#4599),#4603);
#4599 = CIRCLE('',#4600,1.25);
#4600 = AXIS2_PLACEMENT_2D('',#4601,#4602);
#4601 = CARTESIAN_POINT('',(20.,0.));
#4602 = DIRECTION('',(1.,0.));
#4603 = ( GEOMETRIC_REPRESENTATION_CONTEXT(2) 
PARAMETRIC_REPRESENTATION_CONTEXT() REPRESENTATION_CONTEXT('2D SPACE',''
  ) );
#4604 = PCURVE('',#4605,#4610);
#4605 = PLANE('',#4606);
#4606 = AXIS2_PLACEMENT_3D('',#4607,#4608,#4609);
#4607 = CARTESIAN_POINT('',(140.,-75.,13.));
#4608 = DIRECTION('',(0.,0.,1.));
#4609 = DIRECTION('',(1.,0.,-0.));
#4610 = DEFINITIONAL_REPRESENTATION('',(#4611),#4615);
#4611 = CIRCLE('',#4612,1.25);
#4612 = AXIS2_PLACEMENT_2D('',#4613,#4614);
#4613 = CARTESIAN_POINT('',(0.,0.));
#4614 = DIRECTION('',(1.,0.));
#4615 = ( GEOMETRIC_REPRESENTATION_CONTEXT(2) 
PARAMETRIC_REPRESENTATION_CONTEXT() REPRESENTATION_CONTEXT('2D SPACE',''
  ) );
#4616 = ORIENTED_EDGE('',*,*,#3408,.T.);
#4617 = ADVANCED_FACE('',(#4618),#3454,.F.);
#4618 = FACE_BOUND('',#4619,.F.);
#4619 = EDGE_LOOP('',(#4620,#4621,#4622));
#4620 = ORIENTED_EDGE('',*,*,#3470,.F.);
#4621 = ORIENTED_EDGE('',*,*,#4507,.T.);
#4622 = ORIENTED_EDGE('',*,*,#3440,.F.);
#4623 = ADVANCED_FACE('',(#4624),#3512,.F.);
#4624 = FACE_BOUND('',#4625,.F.);
#4625 = EDGE_LOOP('',(#4626,#4627,#4649));
#4626 = ORIENTED_EDGE('',*,*,#3610,.F.);
#4627 = ORIENTED_EDGE('',*,*,#4628,.T.);
#4628 = EDGE_CURVE('',#2390,#2224,#4629,.T.);
#4629 = SURFACE_CURVE('',#4630,(#4635,#4642),.PCURVE_S1.);
#4630 = CIRCLE('',#4631,1.25);
#4631 = AXIS2_PLACEMENT_3D('',#4632,#4633,#4634);
#4632 = CARTESIAN_POINT('',(145.,-80.,0.));
#4633 = DIRECTION('',(0.,0.,1.));
#4634 = DIRECTION('',(1.,0.,-0.));
#4635 = PCURVE('',#3512,#4636);
#4636 = DEFINITIONAL_REPRESENTATION('',(#4637),#4641);
#4637 = CIRCLE('',#4638,1.25);
#4638 = AXIS2_PLACEMENT_2D('',#4639,#4640);
#4639 = CARTESIAN_POINT('',(2.84217094304E-14,0.));
#4640 = DIRECTION('',(1.,0.));
#4641 = ( GEOMETRIC_REPRESENTATION_CONTEXT(2) 
PARAMETRIC_REPRESENTATION_CONTEXT() REPRESENTATION_CONTEXT('2D SPACE',''
  ) );
#4642 = PCURVE('',#3544,#4643);
#4643 = DEFINITIONAL_REPRESENTATION('',(#4644),#4648);
#4644 = LINE('',#4645,#4646);
#4645 = CARTESIAN_POINT('',(-0.,0.));
#4646 = VECTOR('',#4647,1.);
#4647 = DIRECTION('',(-1.,0.));
#4648 = ( GEOMETRIC_REPRESENTATION_CONTEXT(2) 
PARAMETRIC_REPRESENTATION_CONTEXT() REPRESENTATION_CONTEXT('2D SPACE',''
  ) );
#4649 = ORIENTED_EDGE('',*,*,#3498,.F.);
#4650 = ADVANCED_FACE('',(#4651),#3544,.T.);
#4651 = FACE_BOUND('',#4652,.F.);
#4652 = EDGE_LOOP('',(#4653,#4654,#4655,#4682));
#4653 = ORIENTED_EDGE('',*,*,#4628,.F.);
#4654 = ORIENTED_EDGE('',*,*,#3692,.T.);
#4655 = ORIENTED_EDGE('',*,*,#4656,.T.);
#4656 = EDGE_CURVE('',#3665,#3529,#4657,.T.);
#4657 = SURFACE_CURVE('',#4658,(#4663,#4670),.PCURVE_S1.);
#4658 = CIRCLE('',#4659,1.25);
#4659 = AXIS2_PLACEMENT_3D('',#4660,#4661,#4662);
#4660 = CARTESIAN_POINT('',(145.,-80.,13.));
#4661 = DIRECTION('',(0.,0.,1.));
#4662 = DIRECTION('',(1.,0.,-0.));
#4663 = PCURVE('',#3544,#4664);
#4664 = DEFINITIONAL_REPRESENTATION('',(#4665),#4669);
#4665 = LINE('',#4666,#4667);
#4666 = CARTESIAN_POINT('',(-0.,-13.));
#4667 = VECTOR('',#4668,1.);
#4668 = DIRECTION('',(-1.,0.));
#4669 = ( GEOMETRIC_REPRESENTATION_CONTEXT(2) 
PARAMETRIC_REPRESENTATION_CONTEXT() REPRESENTATION_CONTEXT('2D SPACE',''
  ) );
#4670 = PCURVE('',#4671,#4676);
#4671 = PLANE('',#4672);
#4672 = AXIS2_PLACEMENT_3D('',#4673,#4674,#4675);
#4673 = CARTESIAN_POINT('',(145.,-80.,13.));
#4674 = DIRECTION('',(0.,0.,1.));
#4675 = DIRECTION('',(1.,0.,-0.));
#4676 = DEFINITIONAL_REPRESENTATION('',(#4677),#4681);
#4677 = CIRCLE('',#4678,1.25);
#4678 = AXIS2_PLACEMENT_2D('',#4679,#4680);
#4679 = CARTESIAN_POINT('',(2.84217094304E-14,0.));
#4680 = DIRECTION('',(1.,0.));
#4681 = ( GEOMETRIC_REPRESENTATION_CONTEXT(2) 
PARAMETRIC_REPRESENTATION_CONTEXT() REPRESENTATION_CONTEXT('2D SPACE',''
  ) );
#4682 = ORIENTED_EDGE('',*,*,#3528,.F.);
#4683 = ADVANCED_FACE('',(#4684),#3573,.T.);
#4684 = FACE_BOUND('',#4685,.T.);
#4685 = EDGE_LOOP('',(#4686,#4715,#4716,#4745,#4769));
#4686 = ORIENTED_EDGE('',*,*,#4687,.F.);
#4687 = EDGE_CURVE('',#3529,#4688,#4690,.T.);
#4688 = VERTEX_POINT('',#4689);
#4689 = CARTESIAN_POINT('',(144.84372490398,-78.75980723499,13.));
#4690 = SURFACE_CURVE('',#4691,(#4696,#4703),.PCURVE_S1.);
#4691 = CIRCLE('',#4692,1.25);
#4692 = AXIS2_PLACEMENT_3D('',#4693,#4694,#4695);
#4693 = CARTESIAN_POINT('',(145.,-80.,13.));
#4694 = DIRECTION('',(0.,0.,1.));
#4695 = DIRECTION('',(1.,0.,-0.));
#4696 = PCURVE('',#3573,#4697);
#4697 = DEFINITIONAL_REPRESENTATION('',(#4698),#4702);
#4698 = CIRCLE('',#4699,1.25);
#4699 = AXIS2_PLACEMENT_2D('',#4700,#4701);
#4700 = CARTESIAN_POINT('',(1.891519540324,-3.108480459676));
#4701 = DIRECTION('',(1.,0.));
#4702 = ( GEOMETRIC_REPRESENTATION_CONTEXT(2) 
PARAMETRIC_REPRESENTATION_CONTEXT() REPRESENTATION_CONTEXT('2D SPACE',''
  ) );
#4703 = PCURVE('',#4704,#4709);
#4704 = PLANE('',#4705);
#4705 = AXIS2_PLACEMENT_3D('',#4706,#4707,#4708);
#4706 = CARTESIAN_POINT('',(145.,-80.,13.));
#4707 = DIRECTION('',(0.,0.,1.));
#4708 = DIRECTION('',(1.,0.,-0.));
#4709 = DEFINITIONAL_REPRESENTATION('',(#4710),#4714);
#4710 = CIRCLE('',#4711,1.25);
#4711 = AXIS2_PLACEMENT_2D('',#4712,#4713);
#4712 = CARTESIAN_POINT('',(2.84217094304E-14,0.));
#4713 = DIRECTION('',(1.,0.));
#4714 = ( GEOMETRIC_REPRESENTATION_CONTEXT(2) 
PARAMETRIC_REPRESENTATION_CONTEXT() REPRESENTATION_CONTEXT('2D SPACE',''
  ) );
#4715 = ORIENTED_EDGE('',*,*,#3556,.T.);
#4716 = ORIENTED_EDGE('',*,*,#4717,.F.);
#4717 = EDGE_CURVE('',#4718,#3557,#4720,.T.);
#4718 = VERTEX_POINT('',#4719);
#4719 = CARTESIAN_POINT('',(141.25,-75.,13.));
#4720 = SURFACE_CURVE('',#4721,(#4726,#4733),.PCURVE_S1.);
#4721 = CIRCLE('',#4722,1.25);
#4722 = AXIS2_PLACEMENT_3D('',#4723,#4724,#4725);
#4723 = CARTESIAN_POINT('',(140.,-75.,13.));
#4724 = DIRECTION('',(0.,0.,1.));
#4725 = DIRECTION('',(1.,0.,-0.));
#4726 = PCURVE('',#3573,#4727);
#4727 = DEFINITIONAL_REPRESENTATION('',(#4728),#4732);
#4728 = CIRCLE('',#4729,1.25);
#4729 = AXIS2_PLACEMENT_2D('',#4730,#4731);
#4730 = CARTESIAN_POINT('',(-3.108480459676,1.891519540324));
#4731 = DIRECTION('',(1.,0.));
#4732 = ( GEOMETRIC_REPRESENTATION_CONTEXT(2) 
PARAMETRIC_REPRESENTATION_CONTEXT() REPRESENTATION_CONTEXT('2D SPACE',''
  ) );
#4733 = PCURVE('',#4734,#4739);
#4734 = PLANE('',#4735);
#4735 = AXIS2_PLACEMENT_3D('',#4736,#4737,#4738);
#4736 = CARTESIAN_POINT('',(140.,-75.,13.));
#4737 = DIRECTION('',(0.,0.,1.));
#4738 = DIRECTION('',(1.,0.,-0.));
#4739 = DEFINITIONAL_REPRESENTATION('',(#4740),#4744);
#4740 = CIRCLE('',#4741,1.25);
#4741 = AXIS2_PLACEMENT_2D('',#4742,#4743);
#4742 = CARTESIAN_POINT('',(0.,0.));
#4743 = DIRECTION('',(1.,0.));
#4744 = ( GEOMETRIC_REPRESENTATION_CONTEXT(2) 
PARAMETRIC_REPRESENTATION_CONTEXT() REPRESENTATION_CONTEXT('2D SPACE',''
  ) );
#4745 = ORIENTED_EDGE('',*,*,#4746,.F.);
#4746 = EDGE_CURVE('',#4747,#4718,#4749,.T.);
#4747 = VERTEX_POINT('',#4748);
#4748 = CARTESIAN_POINT('',(141.240192765,-75.15627509601,13.));
#4749 = SURFACE_CURVE('',#4750,(#4755,#4762),.PCURVE_S1.);
#4750 = CIRCLE('',#4751,1.25);
#4751 = AXIS2_PLACEMENT_3D('',#4752,#4753,#4754);
#4752 = CARTESIAN_POINT('',(140.,-75.,13.));
#4753 = DIRECTION('',(0.,0.,1.));
#4754 = DIRECTION('',(-1.,0.,-0.));
#4755 = PCURVE('',#3573,#4756);
#4756 = DEFINITIONAL_REPRESENTATION('',(#4757),#4761);
#4757 = CIRCLE('',#4758,1.25);
#4758 = AXIS2_PLACEMENT_2D('',#4759,#4760);
#4759 = CARTESIAN_POINT('',(-3.108480459676,1.891519540324));
#4760 = DIRECTION('',(-1.,0.));
#4761 = ( GEOMETRIC_REPRESENTATION_CONTEXT(2) 
PARAMETRIC_REPRESENTATION_CONTEXT() REPRESENTATION_CONTEXT('2D SPACE',''
  ) );
#4762 = PCURVE('',#4734,#4763);
#4763 = DEFINITIONAL_REPRESENTATION('',(#4764),#4768);
#4764 = CIRCLE('',#4765,1.25);
#4765 = AXIS2_PLACEMENT_2D('',#4766,#4767);
#4766 = CARTESIAN_POINT('',(0.,0.));
#4767 = DIRECTION('',(-1.,0.));
#4768 = ( GEOMETRIC_REPRESENTATION_CONTEXT(2) 
PARAMETRIC_REPRESENTATION_CONTEXT() REPRESENTATION_CONTEXT('2D SPACE',''
  ) );
#4769 = ORIENTED_EDGE('',*,*,#4770,.F.);
#4770 = EDGE_CURVE('',#4688,#4747,#4771,.T.);
#4771 = SURFACE_CURVE('',#4772,(#4777,#4784),.PCURVE_S1.);
#4772 = CIRCLE('',#4773,5.000115766671);
#4773 = AXIS2_PLACEMENT_3D('',#4774,#4775,#4776);
#4774 = CARTESIAN_POINT('',(139.99988423466,-80.00011576533,13.));
#4775 = DIRECTION('',(0.,0.,1.));
#4776 = DIRECTION('',(0.999999999732,2.315253008835E-05,-0.));
#4777 = PCURVE('',#3573,#4778);
#4778 = DEFINITIONAL_REPRESENTATION('',(#4779),#4783);
#4779 = CIRCLE('',#4780,5.000115766671);
#4780 = AXIS2_PLACEMENT_2D('',#4781,#4782);
#4781 = CARTESIAN_POINT('',(-3.108596225007,-3.108596225007));
#4782 = DIRECTION('',(0.999999999732,2.315253008835E-05));
#4783 = ( GEOMETRIC_REPRESENTATION_CONTEXT(2) 
PARAMETRIC_REPRESENTATION_CONTEXT() REPRESENTATION_CONTEXT('2D SPACE',''
  ) );
#4784 = PCURVE('',#4785,#4790);
#4785 = PLANE('',#4786);
#4786 = AXIS2_PLACEMENT_3D('',#4787,#4788,#4789);
#4787 = CARTESIAN_POINT('',(120.,-92.5,13.));
#4788 = DIRECTION('',(0.,0.,1.));
#4789 = DIRECTION('',(1.,0.,-0.));
#4790 = DEFINITIONAL_REPRESENTATION('',(#4791),#4795);
#4791 = CIRCLE('',#4792,5.000115766671);
#4792 = AXIS2_PLACEMENT_2D('',#4793,#4794);
#4793 = CARTESIAN_POINT('',(19.999884234669,12.499884234669));
#4794 = DIRECTION('',(0.999999999732,2.315253008835E-05));
#4795 = ( GEOMETRIC_REPRESENTATION_CONTEXT(2) 
PARAMETRIC_REPRESENTATION_CONTEXT() REPRESENTATION_CONTEXT('2D SPACE',''
  ) );
#4796 = ADVANCED_FACE('',(#4797),#3652,.T.);
#4797 = FACE_BOUND('',#4798,.F.);
#4798 = EDGE_LOOP('',(#4799,#4821,#4822,#4849));
#4799 = ORIENTED_EDGE('',*,*,#4800,.F.);
#4800 = EDGE_CURVE('',#2562,#2415,#4801,.T.);
#4801 = SURFACE_CURVE('',#4802,(#4807,#4814),.PCURVE_S1.);
#4802 = CIRCLE('',#4803,1.25);
#4803 = AXIS2_PLACEMENT_3D('',#4804,#4805,#4806);
#4804 = CARTESIAN_POINT('',(145.,-105.,0.));
#4805 = DIRECTION('',(0.,0.,1.));
#4806 = DIRECTION('',(-1.,0.,-0.));
#4807 = PCURVE('',#3652,#4808);
#4808 = DEFINITIONAL_REPRESENTATION('',(#4809),#4813);
#4809 = LINE('',#4810,#4811);
#4810 = CARTESIAN_POINT('',(-0.,0.));
#4811 = VECTOR('',#4812,1.);
#4812 = DIRECTION('',(-1.,0.));
#4813 = ( GEOMETRIC_REPRESENTATION_CONTEXT(2) 
PARAMETRIC_REPRESENTATION_CONTEXT() REPRESENTATION_CONTEXT('2D SPACE',''
  ) );
#4814 = PCURVE('',#3732,#4815);
#4815 = DEFINITIONAL_REPRESENTATION('',(#4816),#4820);
#4816 = CIRCLE('',#4817,1.25);
#4817 = AXIS2_PLACEMENT_2D('',#4818,#4819);
#4818 = CARTESIAN_POINT('',(2.84217094304E-14,1.42108547152E-14));
#4819 = DIRECTION('',(-1.,0.));
#4820 = ( GEOMETRIC_REPRESENTATION_CONTEXT(2) 
PARAMETRIC_REPRESENTATION_CONTEXT() REPRESENTATION_CONTEXT('2D SPACE',''
  ) );
#4821 = ORIENTED_EDGE('',*,*,#3863,.T.);
#4822 = ORIENTED_EDGE('',*,*,#4823,.T.);
#4823 = EDGE_CURVE('',#3835,#3637,#4824,.T.);
#4824 = SURFACE_CURVE('',#4825,(#4830,#4837),.PCURVE_S1.);
#4825 = CIRCLE('',#4826,1.25);
#4826 = AXIS2_PLACEMENT_3D('',#4827,#4828,#4829);
#4827 = CARTESIAN_POINT('',(145.,-105.,13.));
#4828 = DIRECTION('',(0.,0.,1.));
#4829 = DIRECTION('',(-1.,0.,-0.));
#4830 = PCURVE('',#3652,#4831);
#4831 = DEFINITIONAL_REPRESENTATION('',(#4832),#4836);
#4832 = LINE('',#4833,#4834);
#4833 = CARTESIAN_POINT('',(-0.,-13.));
#4834 = VECTOR('',#4835,1.);
#4835 = DIRECTION('',(-1.,0.));
#4836 = ( GEOMETRIC_REPRESENTATION_CONTEXT(2) 
PARAMETRIC_REPRESENTATION_CONTEXT() REPRESENTATION_CONTEXT('2D SPACE',''
  ) );
#4837 = PCURVE('',#4838,#4843);
#4838 = PLANE('',#4839);
#4839 = AXIS2_PLACEMENT_3D('',#4840,#4841,#4842);
#4840 = CARTESIAN_POINT('',(145.,-105.,13.));
#4841 = DIRECTION('',(0.,0.,1.));
#4842 = DIRECTION('',(1.,0.,-0.));
#4843 = DEFINITIONAL_REPRESENTATION('',(#4844),#4848);
#4844 = CIRCLE('',#4845,1.25);
#4845 = AXIS2_PLACEMENT_2D('',#4846,#4847);
#4846 = CARTESIAN_POINT('',(2.84217094304E-14,1.42108547152E-14));
#4847 = DIRECTION('',(-1.,0.));
#4848 = ( GEOMETRIC_REPRESENTATION_CONTEXT(2) 
PARAMETRIC_REPRESENTATION_CONTEXT() REPRESENTATION_CONTEXT('2D SPACE',''
  ) );
#4849 = ORIENTED_EDGE('',*,*,#3636,.F.);
#4850 = ADVANCED_FACE('',(#4851),#3680,.T.);
#4851 = FACE_BOUND('',#4852,.T.);
#4852 = EDGE_LOOP('',(#4853,#4882,#4910,#4937));
#4853 = ORIENTED_EDGE('',*,*,#4854,.F.);
#4854 = EDGE_CURVE('',#4855,#3665,#4857,.T.);
#4855 = VERTEX_POINT('',#4856);
#4856 = CARTESIAN_POINT('',(145.,-81.25,13.));
#4857 = SURFACE_CURVE('',#4858,(#4863,#4870),.PCURVE_S1.);
#4858 = CIRCLE('',#4859,1.25);
#4859 = AXIS2_PLACEMENT_3D('',#4860,#4861,#4862);
#4860 = CARTESIAN_POINT('',(145.,-80.,13.));
#4861 = DIRECTION('',(0.,0.,1.));
#4862 = DIRECTION('',(-1.,0.,-0.));
#4863 = PCURVE('',#3680,#4864);
#4864 = DEFINITIONAL_REPRESENTATION('',(#4865),#4869);
#4865 = CIRCLE('',#4866,1.25);
#4866 = AXIS2_PLACEMENT_2D('',#4867,#4868);
#4867 = CARTESIAN_POINT('',(0.,12.5));
#4868 = DIRECTION('',(-1.,0.));
#4869 = ( GEOMETRIC_REPRESENTATION_CONTEXT(2) 
PARAMETRIC_REPRESENTATION_CONTEXT() REPRESENTATION_CONTEXT('2D SPACE',''
  ) );
#4870 = PCURVE('',#4871,#4876);
#4871 = PLANE('',#4872);
#4872 = AXIS2_PLACEMENT_3D('',#4873,#4874,#4875);
#4873 = CARTESIAN_POINT('',(145.,-80.,13.));
#4874 = DIRECTION('',(0.,0.,1.));
#4875 = DIRECTION('',(1.,0.,-0.));
#4876 = DEFINITIONAL_REPRESENTATION('',(#4877),#4881);
#4877 = CIRCLE('',#4878,1.25);
#4878 = AXIS2_PLACEMENT_2D('',#4879,#4880);
#4879 = CARTESIAN_POINT('',(2.84217094304E-14,0.));
#4880 = DIRECTION('',(-1.,0.));
#4881 = ( GEOMETRIC_REPRESENTATION_CONTEXT(2) 
PARAMETRIC_REPRESENTATION_CONTEXT() REPRESENTATION_CONTEXT('2D SPACE',''
  ) );
#4882 = ORIENTED_EDGE('',*,*,#4883,.F.);
#4883 = EDGE_CURVE('',#4884,#4855,#4886,.T.);
#4884 = VERTEX_POINT('',#4885);
#4885 = CARTESIAN_POINT('',(145.,-103.75,13.));
#4886 = SURFACE_CURVE('',#4887,(#4891,#4898),.PCURVE_S1.);
#4887 = LINE('',#4888,#4889);
#4888 = CARTESIAN_POINT('',(145.,-105.,13.));
#4889 = VECTOR('',#4890,1.);
#4890 = DIRECTION('',(0.,1.,0.));
#4891 = PCURVE('',#3680,#4892);
#4892 = DEFINITIONAL_REPRESENTATION('',(#4893),#4897);
#4893 = LINE('',#4894,#4895);
#4894 = CARTESIAN_POINT('',(0.,-12.5));
#4895 = VECTOR('',#4896,1.);
#4896 = DIRECTION('',(0.,1.));
#4897 = ( GEOMETRIC_REPRESENTATION_CONTEXT(2) 
PARAMETRIC_REPRESENTATION_CONTEXT() REPRESENTATION_CONTEXT('2D SPACE',''
  ) );
#4898 = PCURVE('',#4899,#4904);
#4899 = PLANE('',#4900);
#4900 = AXIS2_PLACEMENT_3D('',#4901,#4902,#4903);
#4901 = CARTESIAN_POINT('',(120.,-92.5,13.));
#4902 = DIRECTION('',(0.,0.,1.));
#4903 = DIRECTION('',(1.,0.,-0.));
#4904 = DEFINITIONAL_REPRESENTATION('',(#4905),#4909);
#4905 = LINE('',#4906,#4907);
#4906 = CARTESIAN_POINT('',(25.,-12.5));
#4907 = VECTOR('',#4908,1.);
#4908 = DIRECTION('',(0.,1.));
#4909 = ( GEOMETRIC_REPRESENTATION_CONTEXT(2) 
PARAMETRIC_REPRESENTATION_CONTEXT() REPRESENTATION_CONTEXT('2D SPACE',''
  ) );
#4910 = ORIENTED_EDGE('',*,*,#4911,.F.);
#4911 = EDGE_CURVE('',#3637,#4884,#4912,.T.);
#4912 = SURFACE_CURVE('',#4913,(#4918,#4925),.PCURVE_S1.);
#4913 = CIRCLE('',#4914,1.25);
#4914 = AXIS2_PLACEMENT_3D('',#4915,#4916,#4917);
#4915 = CARTESIAN_POINT('',(145.,-105.,13.));
#4916 = DIRECTION('',(0.,0.,1.));
#4917 = DIRECTION('',(1.,0.,-0.));
#4918 = PCURVE('',#3680,#4919);
#4919 = DEFINITIONAL_REPRESENTATION('',(#4920),#4924);
#4920 = CIRCLE('',#4921,1.25);
#4921 = AXIS2_PLACEMENT_2D('',#4922,#4923);
#4922 = CARTESIAN_POINT('',(0.,-12.5));
#4923 = DIRECTION('',(1.,0.));
#4924 = ( GEOMETRIC_REPRESENTATION_CONTEXT(2) 
PARAMETRIC_REPRESENTATION_CONTEXT() REPRESENTATION_CONTEXT('2D SPACE',''
  ) );
#4925 = PCURVE('',#4926,#4931);
#4926 = PLANE('',#4927);
#4927 = AXIS2_PLACEMENT_3D('',#4928,#4929,#4930);
#4928 = CARTESIAN_POINT('',(145.,-105.,13.));
#4929 = DIRECTION('',(0.,0.,1.));
#4930 = DIRECTION('',(1.,0.,-0.));
#4931 = DEFINITIONAL_REPRESENTATION('',(#4932),#4936);
#4932 = CIRCLE('',#4933,1.25);
#4933 = AXIS2_PLACEMENT_2D('',#4934,#4935);
#4934 = CARTESIAN_POINT('',(2.84217094304E-14,1.42108547152E-14));
#4935 = DIRECTION('',(1.,0.));
#4936 = ( GEOMETRIC_REPRESENTATION_CONTEXT(2) 
PARAMETRIC_REPRESENTATION_CONTEXT() REPRESENTATION_CONTEXT('2D SPACE',''
  ) );
#4937 = ORIENTED_EDGE('',*,*,#3664,.T.);
#4938 = ADVANCED_FACE('',(#4939),#3732,.F.);
#4939 = FACE_BOUND('',#4940,.F.);
#4940 = EDGE_LOOP('',(#4941,#4942,#4943));
#4941 = ORIENTED_EDGE('',*,*,#3750,.F.);
#4942 = ORIENTED_EDGE('',*,*,#4800,.T.);
#4943 = ORIENTED_EDGE('',*,*,#3718,.F.);
#4944 = ADVANCED_FACE('',(#4945),#3789,.F.);
#4945 = FACE_BOUND('',#4946,.F.);
#4946 = EDGE_LOOP('',(#4947,#4948,#4970));
#4947 = ORIENTED_EDGE('',*,*,#3890,.F.);
#4948 = ORIENTED_EDGE('',*,*,#4949,.T.);
#4949 = EDGE_CURVE('',#2697,#2531,#4950,.T.);
#4950 = SURFACE_CURVE('',#4951,(#4956,#4963),.PCURVE_S1.);
#4951 = CIRCLE('',#4952,1.25);
#4952 = AXIS2_PLACEMENT_3D('',#4953,#4954,#4955);
#4953 = CARTESIAN_POINT('',(140.,-110.,0.));
#4954 = DIRECTION('',(0.,0.,1.));
#4955 = DIRECTION('',(-1.,0.,-0.));
#4956 = PCURVE('',#3789,#4957);
#4957 = DEFINITIONAL_REPRESENTATION('',(#4958),#4962);
#4958 = CIRCLE('',#4959,1.25);
#4959 = AXIS2_PLACEMENT_2D('',#4960,#4961);
#4960 = CARTESIAN_POINT('',(0.,1.42108547152E-14));
#4961 = DIRECTION('',(-1.,0.));
#4962 = ( GEOMETRIC_REPRESENTATION_CONTEXT(2) 
PARAMETRIC_REPRESENTATION_CONTEXT() REPRESENTATION_CONTEXT('2D SPACE',''
  ) );
#4963 = PCURVE('',#3822,#4964);
#4964 = DEFINITIONAL_REPRESENTATION('',(#4965),#4969);
#4965 = LINE('',#4966,#4967);
#4966 = CARTESIAN_POINT('',(-0.,0.));
#4967 = VECTOR('',#4968,1.);
#4968 = DIRECTION('',(-1.,0.));
#4969 = ( GEOMETRIC_REPRESENTATION_CONTEXT(2) 
PARAMETRIC_REPRESENTATION_CONTEXT() REPRESENTATION_CONTEXT('2D SPACE',''
  ) );
#4970 = ORIENTED_EDGE('',*,*,#3775,.F.);
#4971 = ADVANCED_FACE('',(#4972),#3822,.T.);
#4972 = FACE_BOUND('',#4973,.F.);
#4973 = EDGE_LOOP('',(#4974,#4975,#4976,#5003));
#4974 = ORIENTED_EDGE('',*,*,#4949,.F.);
#4975 = ORIENTED_EDGE('',*,*,#3970,.T.);
#4976 = ORIENTED_EDGE('',*,*,#4977,.T.);
#4977 = EDGE_CURVE('',#3943,#3807,#4978,.T.);
#4978 = SURFACE_CURVE('',#4979,(#4984,#4991),.PCURVE_S1.);
#4979 = CIRCLE('',#4980,1.25);
#4980 = AXIS2_PLACEMENT_3D('',#4981,#4982,#4983);
#4981 = CARTESIAN_POINT('',(140.,-110.,13.));
#4982 = DIRECTION('',(0.,0.,1.));
#4983 = DIRECTION('',(-1.,0.,-0.));
#4984 = PCURVE('',#3822,#4985);
#4985 = DEFINITIONAL_REPRESENTATION('',(#4986),#4990);
#4986 = LINE('',#4987,#4988);
#4987 = CARTESIAN_POINT('',(-0.,-13.));
#4988 = VECTOR('',#4989,1.);
#4989 = DIRECTION('',(-1.,0.));
#4990 = ( GEOMETRIC_REPRESENTATION_CONTEXT(2) 
PARAMETRIC_REPRESENTATION_CONTEXT() REPRESENTATION_CONTEXT('2D SPACE',''
  ) );
#4991 = PCURVE('',#4992,#4997);
#4992 = PLANE('',#4993);
#4993 = AXIS2_PLACEMENT_3D('',#4994,#4995,#4996);
#4994 = CARTESIAN_POINT('',(140.,-110.,13.));
#4995 = DIRECTION('',(0.,0.,1.));
#4996 = DIRECTION('',(1.,0.,-0.));
#4997 = DEFINITIONAL_REPRESENTATION('',(#4998),#5002);
#4998 = CIRCLE('',#4999,1.25);
#4999 = AXIS2_PLACEMENT_2D('',#5000,#5001);
#5000 = CARTESIAN_POINT('',(0.,1.42108547152E-14));
#5001 = DIRECTION('',(-1.,0.));
#5002 = ( GEOMETRIC_REPRESENTATION_CONTEXT(2) 
PARAMETRIC_REPRESENTATION_CONTEXT() REPRESENTATION_CONTEXT('2D SPACE',''
  ) );
#5003 = ORIENTED_EDGE('',*,*,#3806,.F.);
#5004 = ADVANCED_FACE('',(#5005),#3851,.T.);
#5005 = FACE_BOUND('',#5006,.T.);
#5006 = EDGE_LOOP('',(#5007,#5036,#5037,#5066,#5095));
#5007 = ORIENTED_EDGE('',*,*,#5008,.F.);
#5008 = EDGE_CURVE('',#3807,#5009,#5011,.T.);
#5009 = VERTEX_POINT('',#5010);
#5010 = CARTESIAN_POINT('',(141.25,-110.,13.));
#5011 = SURFACE_CURVE('',#5012,(#5017,#5024),.PCURVE_S1.);
#5012 = CIRCLE('',#5013,1.25);
#5013 = AXIS2_PLACEMENT_3D('',#5014,#5015,#5016);
#5014 = CARTESIAN_POINT('',(140.,-110.,13.));
#5015 = DIRECTION('',(0.,0.,1.));
#5016 = DIRECTION('',(-1.,0.,-0.));
#5017 = PCURVE('',#3851,#5018);
#5018 = DEFINITIONAL_REPRESENTATION('',(#5019),#5023);
#5019 = CIRCLE('',#5020,1.25);
#5020 = AXIS2_PLACEMENT_2D('',#5021,#5022);
#5021 = CARTESIAN_POINT('',(-3.108480459677,-1.891519540323));
#5022 = DIRECTION('',(-1.,0.));
#5023 = ( GEOMETRIC_REPRESENTATION_CONTEXT(2) 
PARAMETRIC_REPRESENTATION_CONTEXT() REPRESENTATION_CONTEXT('2D SPACE',''
  ) );
#5024 = PCURVE('',#5025,#5030);
#5025 = PLANE('',#5026);
#5026 = AXIS2_PLACEMENT_3D('',#5027,#5028,#5029);
#5027 = CARTESIAN_POINT('',(140.,-110.,13.));
#5028 = DIRECTION('',(0.,0.,1.));
#5029 = DIRECTION('',(1.,0.,-0.));
#5030 = DEFINITIONAL_REPRESENTATION('',(#5031),#5035);
#5031 = CIRCLE('',#5032,1.25);
#5032 = AXIS2_PLACEMENT_2D('',#5033,#5034);
#5033 = CARTESIAN_POINT('',(0.,1.42108547152E-14));
#5034 = DIRECTION('',(-1.,0.));
#5035 = ( GEOMETRIC_REPRESENTATION_CONTEXT(2) 
PARAMETRIC_REPRESENTATION_CONTEXT() REPRESENTATION_CONTEXT('2D SPACE',''
  ) );
#5036 = ORIENTED_EDGE('',*,*,#3834,.T.);
#5037 = ORIENTED_EDGE('',*,*,#5038,.F.);
#5038 = EDGE_CURVE('',#5039,#3835,#5041,.T.);
#5039 = VERTEX_POINT('',#5040);
#5040 = CARTESIAN_POINT('',(144.84372490398,-106.240192765,13.));
#5041 = SURFACE_CURVE('',#5042,(#5047,#5054),.PCURVE_S1.);
#5042 = CIRCLE('',#5043,1.25);
#5043 = AXIS2_PLACEMENT_3D('',#5044,#5045,#5046);
#5044 = CARTESIAN_POINT('',(145.,-105.,13.));
#5045 = DIRECTION('',(0.,0.,1.));
#5046 = DIRECTION('',(-1.,0.,-0.));
#5047 = PCURVE('',#3851,#5048);
#5048 = DEFINITIONAL_REPRESENTATION('',(#5049),#5053);
#5049 = CIRCLE('',#5050,1.25);
#5050 = AXIS2_PLACEMENT_2D('',#5051,#5052);
#5051 = CARTESIAN_POINT('',(1.891519540323,3.108480459677));
#5052 = DIRECTION('',(-1.,0.));
#5053 = ( GEOMETRIC_REPRESENTATION_CONTEXT(2) 
PARAMETRIC_REPRESENTATION_CONTEXT() REPRESENTATION_CONTEXT('2D SPACE',''
  ) );
#5054 = PCURVE('',#5055,#5060);
#5055 = PLANE('',#5056);
#5056 = AXIS2_PLACEMENT_3D('',#5057,#5058,#5059);
#5057 = CARTESIAN_POINT('',(145.,-105.,13.));
#5058 = DIRECTION('',(0.,0.,1.));
#5059 = DIRECTION('',(1.,0.,-0.));
#5060 = DEFINITIONAL_REPRESENTATION('',(#5061),#5065);
#5061 = CIRCLE('',#5062,1.25);
#5062 = AXIS2_PLACEMENT_2D('',#5063,#5064);
#5063 = CARTESIAN_POINT('',(2.84217094304E-14,1.42108547152E-14));
#5064 = DIRECTION('',(-1.,0.));
#5065 = ( GEOMETRIC_REPRESENTATION_CONTEXT(2) 
PARAMETRIC_REPRESENTATION_CONTEXT() REPRESENTATION_CONTEXT('2D SPACE',''
  ) );
#5066 = ORIENTED_EDGE('',*,*,#5067,.F.);
#5067 = EDGE_CURVE('',#5068,#5039,#5070,.T.);
#5068 = VERTEX_POINT('',#5069);
#5069 = CARTESIAN_POINT('',(141.240192765,-109.8437249039,13.));
#5070 = SURFACE_CURVE('',#5071,(#5076,#5083),.PCURVE_S1.);
#5071 = CIRCLE('',#5072,5.000115766671);
#5072 = AXIS2_PLACEMENT_3D('',#5073,#5074,#5075);
#5073 = CARTESIAN_POINT('',(139.99988423466,-104.9998842346,13.));
#5074 = DIRECTION('',(0.,0.,1.));
#5075 = DIRECTION('',(2.31525300912E-05,-0.999999999732,0.));
#5076 = PCURVE('',#3851,#5077);
#5077 = DEFINITIONAL_REPRESENTATION('',(#5078),#5082);
#5078 = CIRCLE('',#5079,5.000115766671);
#5079 = AXIS2_PLACEMENT_2D('',#5080,#5081);
#5080 = CARTESIAN_POINT('',(-3.108596225008,3.108596225008));
#5081 = DIRECTION('',(2.31525300912E-05,-0.999999999732));
#5082 = ( GEOMETRIC_REPRESENTATION_CONTEXT(2) 
PARAMETRIC_REPRESENTATION_CONTEXT() REPRESENTATION_CONTEXT('2D SPACE',''
  ) );
#5083 = PCURVE('',#5084,#5089);
#5084 = PLANE('',#5085);
#5085 = AXIS2_PLACEMENT_3D('',#5086,#5087,#5088);
#5086 = CARTESIAN_POINT('',(120.,-92.5,13.));
#5087 = DIRECTION('',(0.,0.,1.));
#5088 = DIRECTION('',(1.,0.,-0.));
#5089 = DEFINITIONAL_REPRESENTATION('',(#5090),#5094);
#5090 = CIRCLE('',#5091,5.000115766671);
#5091 = AXIS2_PLACEMENT_2D('',#5092,#5093);
#5092 = CARTESIAN_POINT('',(19.999884234669,-12.49988423466));
#5093 = DIRECTION('',(2.31525300912E-05,-0.999999999732));
#5094 = ( GEOMETRIC_REPRESENTATION_CONTEXT(2) 
PARAMETRIC_REPRESENTATION_CONTEXT() REPRESENTATION_CONTEXT('2D SPACE',''
  ) );
#5095 = ORIENTED_EDGE('',*,*,#5096,.F.);
#5096 = EDGE_CURVE('',#5009,#5068,#5097,.T.);
#5097 = SURFACE_CURVE('',#5098,(#5103,#5110),.PCURVE_S1.);
#5098 = CIRCLE('',#5099,1.25);
#5099 = AXIS2_PLACEMENT_3D('',#5100,#5101,#5102);
#5100 = CARTESIAN_POINT('',(140.,-110.,13.));
#5101 = DIRECTION('',(0.,0.,1.));
#5102 = DIRECTION('',(1.,0.,-0.));
#5103 = PCURVE('',#3851,#5104);
#5104 = DEFINITIONAL_REPRESENTATION('',(#5105),#5109);
#5105 = CIRCLE('',#5106,1.25);
#5106 = AXIS2_PLACEMENT_2D('',#5107,#5108);
#5107 = CARTESIAN_POINT('',(-3.108480459677,-1.891519540323));
#5108 = DIRECTION('',(1.,0.));
#5109 = ( GEOMETRIC_REPRESENTATION_CONTEXT(2) 
PARAMETRIC_REPRESENTATION_CONTEXT() REPRESENTATION_CONTEXT('2D SPACE',''
  ) );
#5110 = PCURVE('',#5025,#5111);
#5111 = DEFINITIONAL_REPRESENTATION('',(#5112),#5116);
#5112 = CIRCLE('',#5113,1.25);
#5113 = AXIS2_PLACEMENT_2D('',#5114,#5115);
#5114 = CARTESIAN_POINT('',(0.,1.42108547152E-14));
#5115 = DIRECTION('',(1.,0.));
#5116 = ( GEOMETRIC_REPRESENTATION_CONTEXT(2) 
PARAMETRIC_REPRESENTATION_CONTEXT() REPRESENTATION_CONTEXT('2D SPACE',''
  ) );
#5117 = ADVANCED_FACE('',(#5118),#3930,.T.);
#5118 = FACE_BOUND('',#5119,.F.);
#5119 = EDGE_LOOP('',(#5120,#5142,#5143,#5170));
#5120 = ORIENTED_EDGE('',*,*,#5121,.F.);
#5121 = EDGE_CURVE('',#2867,#2722,#5122,.T.);
#5122 = SURFACE_CURVE('',#5123,(#5128,#5135),.PCURVE_S1.);
#5123 = CIRCLE('',#5124,1.25);
#5124 = AXIS2_PLACEMENT_3D('',#5125,#5126,#5127);
#5125 = CARTESIAN_POINT('',(100.,-110.,0.));
#5126 = DIRECTION('',(0.,0.,1.));
#5127 = DIRECTION('',(-1.,0.,-0.));
#5128 = PCURVE('',#3930,#5129);
#5129 = DEFINITIONAL_REPRESENTATION('',(#5130),#5134);
#5130 = LINE('',#5131,#5132);
#5131 = CARTESIAN_POINT('',(-0.,0.));
#5132 = VECTOR('',#5133,1.);
#5133 = DIRECTION('',(-1.,0.));
#5134 = ( GEOMETRIC_REPRESENTATION_CONTEXT(2) 
PARAMETRIC_REPRESENTATION_CONTEXT() REPRESENTATION_CONTEXT('2D SPACE',''
  ) );
#5135 = PCURVE('',#4010,#5136);
#5136 = DEFINITIONAL_REPRESENTATION('',(#5137),#5141);
#5137 = CIRCLE('',#5138,1.25);
#5138 = AXIS2_PLACEMENT_2D('',#5139,#5140);
#5139 = CARTESIAN_POINT('',(-2.84217094304E-14,1.42108547152E-14));
#5140 = DIRECTION('',(-1.,0.));
#5141 = ( GEOMETRIC_REPRESENTATION_CONTEXT(2) 
PARAMETRIC_REPRESENTATION_CONTEXT() REPRESENTATION_CONTEXT('2D SPACE',''
  ) );
#5142 = ORIENTED_EDGE('',*,*,#4141,.T.);
#5143 = ORIENTED_EDGE('',*,*,#5144,.T.);
#5144 = EDGE_CURVE('',#4113,#3915,#5145,.T.);
#5145 = SURFACE_CURVE('',#5146,(#5151,#5158),.PCURVE_S1.);
#5146 = CIRCLE('',#5147,1.25);
#5147 = AXIS2_PLACEMENT_3D('',#5148,#5149,#5150);
#5148 = CARTESIAN_POINT('',(100.,-110.,13.));
#5149 = DIRECTION('',(0.,0.,1.));
#5150 = DIRECTION('',(-1.,0.,-0.));
#5151 = PCURVE('',#3930,#5152);
#5152 = DEFINITIONAL_REPRESENTATION('',(#5153),#5157);
#5153 = LINE('',#5154,#5155);
#5154 = CARTESIAN_POINT('',(-0.,-13.));
#5155 = VECTOR('',#5156,1.);
#5156 = DIRECTION('',(-1.,0.));
#5157 = ( GEOMETRIC_REPRESENTATION_CONTEXT(2) 
PARAMETRIC_REPRESENTATION_CONTEXT() REPRESENTATION_CONTEXT('2D SPACE',''
  ) );
#5158 = PCURVE('',#5159,#5164);
#5159 = PLANE('',#5160);
#5160 = AXIS2_PLACEMENT_3D('',#5161,#5162,#5163);
#5161 = CARTESIAN_POINT('',(100.,-110.,13.));
#5162 = DIRECTION('',(0.,0.,1.));
#5163 = DIRECTION('',(1.,0.,-0.));
#5164 = DEFINITIONAL_REPRESENTATION('',(#5165),#5169);
#5165 = CIRCLE('',#5166,1.25);
#5166 = AXIS2_PLACEMENT_2D('',#5167,#5168);
#5167 = CARTESIAN_POINT('',(-2.84217094304E-14,1.42108547152E-14));
#5168 = DIRECTION('',(-1.,0.));
#5169 = ( GEOMETRIC_REPRESENTATION_CONTEXT(2) 
PARAMETRIC_REPRESENTATION_CONTEXT() REPRESENTATION_CONTEXT('2D SPACE',''
  ) );
#5170 = ORIENTED_EDGE('',*,*,#3914,.F.);
#5171 = ADVANCED_FACE('',(#5172),#3958,.T.);
#5172 = FACE_BOUND('',#5173,.T.);
#5173 = EDGE_LOOP('',(#5174,#5203,#5231,#5258));
#5174 = ORIENTED_EDGE('',*,*,#5175,.F.);
#5175 = EDGE_CURVE('',#5176,#3943,#5178,.T.);
#5176 = VERTEX_POINT('',#5177);
#5177 = CARTESIAN_POINT('',(138.75,-110.,13.));
#5178 = SURFACE_CURVE('',#5179,(#5184,#5191),.PCURVE_S1.);
#5179 = CIRCLE('',#5180,1.25);
#5180 = AXIS2_PLACEMENT_3D('',#5181,#5182,#5183);
#5181 = CARTESIAN_POINT('',(140.,-110.,13.));
#5182 = DIRECTION('',(0.,0.,1.));
#5183 = DIRECTION('',(-1.,0.,-0.));
#5184 = PCURVE('',#3958,#5185);
#5185 = DEFINITIONAL_REPRESENTATION('',(#5186),#5190);
#5186 = CIRCLE('',#5187,1.25);
#5187 = AXIS2_PLACEMENT_2D('',#5188,#5189);
#5188 = CARTESIAN_POINT('',(20.,0.));
#5189 = DIRECTION('',(-1.,0.));
#5190 = ( GEOMETRIC_REPRESENTATION_CONTEXT(2) 
PARAMETRIC_REPRESENTATION_CONTEXT() REPRESENTATION_CONTEXT('2D SPACE',''
  ) );
#5191 = PCURVE('',#5192,#5197);
#5192 = PLANE('',#5193);
#5193 = AXIS2_PLACEMENT_3D('',#5194,#5195,#5196);
#5194 = CARTESIAN_POINT('',(140.,-110.,13.));
#5195 = DIRECTION('',(0.,0.,1.));
#5196 = DIRECTION('',(1.,0.,-0.));
#5197 = DEFINITIONAL_REPRESENTATION('',(#5198),#5202);
#5198 = CIRCLE('',#5199,1.25);
#5199 = AXIS2_PLACEMENT_2D('',#5200,#5201);
#5200 = CARTESIAN_POINT('',(0.,1.42108547152E-14));
#5201 = DIRECTION('',(-1.,0.));
#5202 = ( GEOMETRIC_REPRESENTATION_CONTEXT(2) 
PARAMETRIC_REPRESENTATION_CONTEXT() REPRESENTATION_CONTEXT('2D SPACE',''
  ) );
#5203 = ORIENTED_EDGE('',*,*,#5204,.F.);
#5204 = EDGE_CURVE('',#5205,#5176,#5207,.T.);
#5205 = VERTEX_POINT('',#5206);
#5206 = CARTESIAN_POINT('',(101.25,-110.,13.));
#5207 = SURFACE_CURVE('',#5208,(#5212,#5219),.PCURVE_S1.);
#5208 = LINE('',#5209,#5210);
#5209 = CARTESIAN_POINT('',(100.,-110.,13.));
#5210 = VECTOR('',#5211,1.);
#5211 = DIRECTION('',(1.,0.,0.));
#5212 = PCURVE('',#3958,#5213);
#5213 = DEFINITIONAL_REPRESENTATION('',(#5214),#5218);
#5214 = LINE('',#5215,#5216);
#5215 = CARTESIAN_POINT('',(-20.,0.));
#5216 = VECTOR('',#5217,1.);
#5217 = DIRECTION('',(1.,0.));
#5218 = ( GEOMETRIC_REPRESENTATION_CONTEXT(2) 
PARAMETRIC_REPRESENTATION_CONTEXT() REPRESENTATION_CONTEXT('2D SPACE',''
  ) );
#5219 = PCURVE('',#5220,#5225);
#5220 = PLANE('',#5221);
#5221 = AXIS2_PLACEMENT_3D('',#5222,#5223,#5224);
#5222 = CARTESIAN_POINT('',(120.,-92.5,13.));
#5223 = DIRECTION('',(0.,0.,1.));
#5224 = DIRECTION('',(1.,0.,-0.));
#5225 = DEFINITIONAL_REPRESENTATION('',(#5226),#5230);
#5226 = LINE('',#5227,#5228);
#5227 = CARTESIAN_POINT('',(-20.,-17.5));
#5228 = VECTOR('',#5229,1.);
#5229 = DIRECTION('',(1.,0.));
#5230 = ( GEOMETRIC_REPRESENTATION_CONTEXT(2) 
PARAMETRIC_REPRESENTATION_CONTEXT() REPRESENTATION_CONTEXT('2D SPACE',''
  ) );
#5231 = ORIENTED_EDGE('',*,*,#5232,.F.);
#5232 = EDGE_CURVE('',#3915,#5205,#5233,.T.);
#5233 = SURFACE_CURVE('',#5234,(#5239,#5246),.PCURVE_S1.);
#5234 = CIRCLE('',#5235,1.25);
#5235 = AXIS2_PLACEMENT_3D('',#5236,#5237,#5238);
#5236 = CARTESIAN_POINT('',(100.,-110.,13.));
#5237 = DIRECTION('',(0.,0.,1.));
#5238 = DIRECTION('',(-1.,0.,-0.));
#5239 = PCURVE('',#3958,#5240);
#5240 = DEFINITIONAL_REPRESENTATION('',(#5241),#5245);
#5241 = CIRCLE('',#5242,1.25);
#5242 = AXIS2_PLACEMENT_2D('',#5243,#5244);
#5243 = CARTESIAN_POINT('',(-20.,0.));
#5244 = DIRECTION('',(-1.,0.));
#5245 = ( GEOMETRIC_REPRESENTATION_CONTEXT(2) 
PARAMETRIC_REPRESENTATION_CONTEXT() REPRESENTATION_CONTEXT('2D SPACE',''
  ) );
#5246 = PCURVE('',#5247,#5252);
#5247 = PLANE('',#5248);
#5248 = AXIS2_PLACEMENT_3D('',#5249,#5250,#5251);
#5249 = CARTESIAN_POINT('',(100.,-110.,13.));
#5250 = DIRECTION('',(0.,0.,1.));
#5251 = DIRECTION('',(1.,0.,-0.));
#5252 = DEFINITIONAL_REPRESENTATION('',(#5253),#5257);
#5253 = CIRCLE('',#5254,1.25);
#5254 = AXIS2_PLACEMENT_2D('',#5255,#5256);
#5255 = CARTESIAN_POINT('',(-2.84217094304E-14,1.42108547152E-14));
#5256 = DIRECTION('',(-1.,0.));
#5257 = ( GEOMETRIC_REPRESENTATION_CONTEXT(2) 
PARAMETRIC_REPRESENTATION_CONTEXT() REPRESENTATION_CONTEXT('2D SPACE',''
  ) );
#5258 = ORIENTED_EDGE('',*,*,#3942,.T.);
#5259 = ADVANCED_FACE('',(#5260),#4010,.F.);
#5260 = FACE_BOUND('',#5261,.F.);
#5261 = EDGE_LOOP('',(#5262,#5263,#5264));
#5262 = ORIENTED_EDGE('',*,*,#4028,.F.);
#5263 = ORIENTED_EDGE('',*,*,#5121,.T.);
#5264 = ORIENTED_EDGE('',*,*,#3996,.F.);
#5265 = ADVANCED_FACE('',(#5266),#4068,.F.);
#5266 = FACE_BOUND('',#5267,.F.);
#5267 = EDGE_LOOP('',(#5268,#5269,#5291));
#5268 = ORIENTED_EDGE('',*,*,#4168,.F.);
#5269 = ORIENTED_EDGE('',*,*,#5270,.T.);
#5270 = EDGE_CURVE('',#3004,#2838,#5271,.T.);
#5271 = SURFACE_CURVE('',#5272,(#5277,#5284),.PCURVE_S1.);
#5272 = CIRCLE('',#5273,1.25);
#5273 = AXIS2_PLACEMENT_3D('',#5274,#5275,#5276);
#5274 = CARTESIAN_POINT('',(95.,-105.,0.));
#5275 = DIRECTION('',(0.,0.,1.));
#5276 = DIRECTION('',(-1.,0.,-0.));
#5277 = PCURVE('',#4068,#5278);
#5278 = DEFINITIONAL_REPRESENTATION('',(#5279),#5283);
#5279 = CIRCLE('',#5280,1.25);
#5280 = AXIS2_PLACEMENT_2D('',#5281,#5282);
#5281 = CARTESIAN_POINT('',(-1.42108547152E-14,1.42108547152E-14));
#5282 = DIRECTION('',(-1.,0.));
#5283 = ( GEOMETRIC_REPRESENTATION_CONTEXT(2) 
PARAMETRIC_REPRESENTATION_CONTEXT() REPRESENTATION_CONTEXT('2D SPACE',''
  ) );
#5284 = PCURVE('',#4100,#5285);
#5285 = DEFINITIONAL_REPRESENTATION('',(#5286),#5290);
#5286 = LINE('',#5287,#5288);
#5287 = CARTESIAN_POINT('',(-0.,0.));
#5288 = VECTOR('',#5289,1.);
#5289 = DIRECTION('',(-1.,0.));
#5290 = ( GEOMETRIC_REPRESENTATION_CONTEXT(2) 
PARAMETRIC_REPRESENTATION_CONTEXT() REPRESENTATION_CONTEXT('2D SPACE',''
  ) );
#5291 = ORIENTED_EDGE('',*,*,#4054,.F.);
#5292 = ADVANCED_FACE('',(#5293),#4100,.T.);
#5293 = FACE_BOUND('',#5294,.F.);
#5294 = EDGE_LOOP('',(#5295,#5296,#5297,#5324));
#5295 = ORIENTED_EDGE('',*,*,#5270,.F.);
#5296 = ORIENTED_EDGE('',*,*,#4221,.T.);
#5297 = ORIENTED_EDGE('',*,*,#5298,.T.);
#5298 = EDGE_CURVE('',#4194,#4085,#5299,.T.);
#5299 = SURFACE_CURVE('',#5300,(#5305,#5312),.PCURVE_S1.);
#5300 = CIRCLE('',#5301,1.25);
#5301 = AXIS2_PLACEMENT_3D('',#5302,#5303,#5304);
#5302 = CARTESIAN_POINT('',(95.,-105.,13.));
#5303 = DIRECTION('',(0.,0.,1.));
#5304 = DIRECTION('',(-1.,0.,-0.));
#5305 = PCURVE('',#4100,#5306);
#5306 = DEFINITIONAL_REPRESENTATION('',(#5307),#5311);
#5307 = LINE('',#5308,#5309);
#5308 = CARTESIAN_POINT('',(-0.,-13.));
#5309 = VECTOR('',#5310,1.);
#5310 = DIRECTION('',(-1.,0.));
#5311 = ( GEOMETRIC_REPRESENTATION_CONTEXT(2) 
PARAMETRIC_REPRESENTATION_CONTEXT() REPRESENTATION_CONTEXT('2D SPACE',''
  ) );
#5312 = PCURVE('',#5313,#5318);
#5313 = PLANE('',#5314);
#5314 = AXIS2_PLACEMENT_3D('',#5315,#5316,#5317);
#5315 = CARTESIAN_POINT('',(95.,-105.,13.));
#5316 = DIRECTION('',(0.,0.,1.));
#5317 = DIRECTION('',(1.,0.,-0.));
#5318 = DEFINITIONAL_REPRESENTATION('',(#5319),#5323);
#5319 = CIRCLE('',#5320,1.25);
#5320 = AXIS2_PLACEMENT_2D('',#5321,#5322);
#5321 = CARTESIAN_POINT('',(-1.42108547152E-14,1.42108547152E-14));
#5322 = DIRECTION('',(-1.,0.));
#5323 = ( GEOMETRIC_REPRESENTATION_CONTEXT(2) 
PARAMETRIC_REPRESENTATION_CONTEXT() REPRESENTATION_CONTEXT('2D SPACE',''
  ) );
#5324 = ORIENTED_EDGE('',*,*,#4084,.F.);
#5325 = ADVANCED_FACE('',(#5326),#4129,.T.);
#5326 = FACE_BOUND('',#5327,.T.);
#5327 = EDGE_LOOP('',(#5328,#5357,#5358,#5387,#5411));
#5328 = ORIENTED_EDGE('',*,*,#5329,.F.);
#5329 = EDGE_CURVE('',#4085,#5330,#5332,.T.);
#5330 = VERTEX_POINT('',#5331);
#5331 = CARTESIAN_POINT('',(95.156275096017,-106.240192765,13.));
#5332 = SURFACE_CURVE('',#5333,(#5338,#5345),.PCURVE_S1.);
#5333 = CIRCLE('',#5334,1.25);
#5334 = AXIS2_PLACEMENT_3D('',#5335,#5336,#5337);
#5335 = CARTESIAN_POINT('',(95.,-105.,13.));
#5336 = DIRECTION('',(0.,0.,1.));
#5337 = DIRECTION('',(-1.,0.,-0.));
#5338 = PCURVE('',#4129,#5339);
#5339 = DEFINITIONAL_REPRESENTATION('',(#5340),#5344);
#5340 = CIRCLE('',#5341,1.25);
#5341 = AXIS2_PLACEMENT_2D('',#5342,#5343);
#5342 = CARTESIAN_POINT('',(-1.891519540323,3.108480459676));
#5343 = DIRECTION('',(-1.,0.));
#5344 = ( GEOMETRIC_REPRESENTATION_CONTEXT(2) 
PARAMETRIC_REPRESENTATION_CONTEXT() REPRESENTATION_CONTEXT('2D SPACE',''
  ) );
#5345 = PCURVE('',#5346,#5351);
#5346 = PLANE('',#5347);
#5347 = AXIS2_PLACEMENT_3D('',#5348,#5349,#5350);
#5348 = CARTESIAN_POINT('',(95.,-105.,13.));
#5349 = DIRECTION('',(0.,0.,1.));
#5350 = DIRECTION('',(1.,0.,-0.));
#5351 = DEFINITIONAL_REPRESENTATION('',(#5352),#5356);
#5352 = CIRCLE('',#5353,1.25);
#5353 = AXIS2_PLACEMENT_2D('',#5354,#5355);
#5354 = CARTESIAN_POINT('',(-1.42108547152E-14,1.42108547152E-14));
#5355 = DIRECTION('',(-1.,0.));
#5356 = ( GEOMETRIC_REPRESENTATION_CONTEXT(2) 
PARAMETRIC_REPRESENTATION_CONTEXT() REPRESENTATION_CONTEXT('2D SPACE',''
  ) );
#5357 = ORIENTED_EDGE('',*,*,#4112,.T.);
#5358 = ORIENTED_EDGE('',*,*,#5359,.F.);
#5359 = EDGE_CURVE('',#5360,#4113,#5362,.T.);
#5360 = VERTEX_POINT('',#5361);
#5361 = CARTESIAN_POINT('',(98.75,-110.,13.));
#5362 = SURFACE_CURVE('',#5363,(#5368,#5375),.PCURVE_S1.);
#5363 = CIRCLE('',#5364,1.25);
#5364 = AXIS2_PLACEMENT_3D('',#5365,#5366,#5367);
#5365 = CARTESIAN_POINT('',(100.,-110.,13.));
#5366 = DIRECTION('',(0.,0.,1.));
#5367 = DIRECTION('',(-1.,0.,-0.));
#5368 = PCURVE('',#4129,#5369);
#5369 = DEFINITIONAL_REPRESENTATION('',(#5370),#5374);
#5370 = CIRCLE('',#5371,1.25);
#5371 = AXIS2_PLACEMENT_2D('',#5372,#5373);
#5372 = CARTESIAN_POINT('',(3.108480459677,-1.891519540324));
#5373 = DIRECTION('',(-1.,0.));
#5374 = ( GEOMETRIC_REPRESENTATION_CONTEXT(2) 
PARAMETRIC_REPRESENTATION_CONTEXT() REPRESENTATION_CONTEXT('2D SPACE',''
  ) );
#5375 = PCURVE('',#5376,#5381);
#5376 = PLANE('',#5377);
#5377 = AXIS2_PLACEMENT_3D('',#5378,#5379,#5380);
#5378 = CARTESIAN_POINT('',(100.,-110.,13.));
#5379 = DIRECTION('',(0.,0.,1.));
#5380 = DIRECTION('',(1.,0.,-0.));
#5381 = DEFINITIONAL_REPRESENTATION('',(#5382),#5386);
#5382 = CIRCLE('',#5383,1.25);
#5383 = AXIS2_PLACEMENT_2D('',#5384,#5385);
#5384 = CARTESIAN_POINT('',(-2.84217094304E-14,1.42108547152E-14));
#5385 = DIRECTION('',(-1.,0.));
#5386 = ( GEOMETRIC_REPRESENTATION_CONTEXT(2) 
PARAMETRIC_REPRESENTATION_CONTEXT() REPRESENTATION_CONTEXT('2D SPACE',''
  ) );
#5387 = ORIENTED_EDGE('',*,*,#5388,.F.);
#5388 = EDGE_CURVE('',#5389,#5360,#5391,.T.);
#5389 = VERTEX_POINT('',#5390);
#5390 = CARTESIAN_POINT('',(98.759807234997,-109.8437249039,13.));
#5391 = SURFACE_CURVE('',#5392,(#5397,#5404),.PCURVE_S1.);
#5392 = CIRCLE('',#5393,1.25);
#5393 = AXIS2_PLACEMENT_3D('',#5394,#5395,#5396);
#5394 = CARTESIAN_POINT('',(100.,-110.,13.));
#5395 = DIRECTION('',(0.,0.,1.));
#5396 = DIRECTION('',(1.,0.,-0.));
#5397 = PCURVE('',#4129,#5398);
#5398 = DEFINITIONAL_REPRESENTATION('',(#5399),#5403);
#5399 = CIRCLE('',#5400,1.25);
#5400 = AXIS2_PLACEMENT_2D('',#5401,#5402);
#5401 = CARTESIAN_POINT('',(3.108480459677,-1.891519540324));
#5402 = DIRECTION('',(1.,0.));
#5403 = ( GEOMETRIC_REPRESENTATION_CONTEXT(2) 
PARAMETRIC_REPRESENTATION_CONTEXT() REPRESENTATION_CONTEXT('2D SPACE',''
  ) );
#5404 = PCURVE('',#5376,#5405);
#5405 = DEFINITIONAL_REPRESENTATION('',(#5406),#5410);
#5406 = CIRCLE('',#5407,1.25);
#5407 = AXIS2_PLACEMENT_2D('',#5408,#5409);
#5408 = CARTESIAN_POINT('',(-2.84217094304E-14,1.42108547152E-14));
#5409 = DIRECTION('',(1.,0.));
#5410 = ( GEOMETRIC_REPRESENTATION_CONTEXT(2) 
PARAMETRIC_REPRESENTATION_CONTEXT() REPRESENTATION_CONTEXT('2D SPACE',''
  ) );
#5411 = ORIENTED_EDGE('',*,*,#5412,.F.);
#5412 = EDGE_CURVE('',#5330,#5389,#5413,.T.);
#5413 = SURFACE_CURVE('',#5414,(#5419,#5426),.PCURVE_S1.);
#5414 = CIRCLE('',#5415,5.000115766671);
#5415 = AXIS2_PLACEMENT_3D('',#5416,#5417,#5418);
#5416 = CARTESIAN_POINT('',(100.00011576533,-104.9998842346,13.));
#5417 = DIRECTION('',(0.,0.,1.));
#5418 = DIRECTION('',(-0.999999999732,-2.31525300912E-05,0.));
#5419 = PCURVE('',#4129,#5420);
#5420 = DEFINITIONAL_REPRESENTATION('',(#5421),#5425);
#5421 = CIRCLE('',#5422,5.000115766671);
#5422 = AXIS2_PLACEMENT_2D('',#5423,#5424);
#5423 = CARTESIAN_POINT('',(3.108596225007,3.108596225007));
#5424 = DIRECTION('',(-0.999999999732,-2.31525300912E-05));
#5425 = ( GEOMETRIC_REPRESENTATION_CONTEXT(2) 
PARAMETRIC_REPRESENTATION_CONTEXT() REPRESENTATION_CONTEXT('2D SPACE',''
  ) );
#5426 = PCURVE('',#5427,#5432);
#5427 = PLANE('',#5428);
#5428 = AXIS2_PLACEMENT_3D('',#5429,#5430,#5431);
#5429 = CARTESIAN_POINT('',(120.,-92.5,13.));
#5430 = DIRECTION('',(0.,0.,1.));
#5431 = DIRECTION('',(1.,0.,-0.));
#5432 = DEFINITIONAL_REPRESENTATION('',(#5433),#5437);
#5433 = CIRCLE('',#5434,5.000115766671);
#5434 = AXIS2_PLACEMENT_2D('',#5435,#5436);
#5435 = CARTESIAN_POINT('',(-19.99988423466,-12.49988423466));
#5436 = DIRECTION('',(-0.999999999732,-2.31525300912E-05));
#5437 = ( GEOMETRIC_REPRESENTATION_CONTEXT(2) 
PARAMETRIC_REPRESENTATION_CONTEXT() REPRESENTATION_CONTEXT('2D SPACE',''
  ) );
#5438 = ADVANCED_FACE('',(#5439),#4209,.T.);
#5439 = FACE_BOUND('',#5440,.T.);
#5440 = EDGE_LOOP('',(#5441,#5470,#5498,#5520));
#5441 = ORIENTED_EDGE('',*,*,#5442,.F.);
#5442 = EDGE_CURVE('',#5443,#4194,#5445,.T.);
#5443 = VERTEX_POINT('',#5444);
#5444 = CARTESIAN_POINT('',(95.,-103.75,13.));
#5445 = SURFACE_CURVE('',#5446,(#5451,#5458),.PCURVE_S1.);
#5446 = CIRCLE('',#5447,1.25);
#5447 = AXIS2_PLACEMENT_3D('',#5448,#5449,#5450);
#5448 = CARTESIAN_POINT('',(95.,-105.,13.));
#5449 = DIRECTION('',(0.,0.,1.));
#5450 = DIRECTION('',(1.,0.,-0.));
#5451 = PCURVE('',#4209,#5452);
#5452 = DEFINITIONAL_REPRESENTATION('',(#5453),#5457);
#5453 = CIRCLE('',#5454,1.25);
#5454 = AXIS2_PLACEMENT_2D('',#5455,#5456);
#5455 = CARTESIAN_POINT('',(0.,-12.5));
#5456 = DIRECTION('',(1.,0.));
#5457 = ( GEOMETRIC_REPRESENTATION_CONTEXT(2) 
PARAMETRIC_REPRESENTATION_CONTEXT() REPRESENTATION_CONTEXT('2D SPACE',''
  ) );
#5458 = PCURVE('',#5459,#5464);
#5459 = PLANE('',#5460);
#5460 = AXIS2_PLACEMENT_3D('',#5461,#5462,#5463);
#5461 = CARTESIAN_POINT('',(95.,-105.,13.));
#5462 = DIRECTION('',(0.,0.,1.));
#5463 = DIRECTION('',(1.,0.,-0.));
#5464 = DEFINITIONAL_REPRESENTATION('',(#5465),#5469);
#5465 = CIRCLE('',#5466,1.25);
#5466 = AXIS2_PLACEMENT_2D('',#5467,#5468);
#5467 = CARTESIAN_POINT('',(-1.42108547152E-14,1.42108547152E-14));
#5468 = DIRECTION('',(1.,0.));
#5469 = ( GEOMETRIC_REPRESENTATION_CONTEXT(2) 
PARAMETRIC_REPRESENTATION_CONTEXT() REPRESENTATION_CONTEXT('2D SPACE',''
  ) );
#5470 = ORIENTED_EDGE('',*,*,#5471,.F.);
#5471 = EDGE_CURVE('',#5472,#5443,#5474,.T.);
#5472 = VERTEX_POINT('',#5473);
#5473 = CARTESIAN_POINT('',(95.,-81.25,13.));
#5474 = SURFACE_CURVE('',#5475,(#5479,#5486),.PCURVE_S1.);
#5475 = LINE('',#5476,#5477);
#5476 = CARTESIAN_POINT('',(95.,-80.,13.));
#5477 = VECTOR('',#5478,1.);
#5478 = DIRECTION('',(0.,-1.,0.));
#5479 = PCURVE('',#4209,#5480);
#5480 = DEFINITIONAL_REPRESENTATION('',(#5481),#5485);
#5481 = LINE('',#5482,#5483);
#5482 = CARTESIAN_POINT('',(0.,12.5));
#5483 = VECTOR('',#5484,1.);
#5484 = DIRECTION('',(0.,-1.));
#5485 = ( GEOMETRIC_REPRESENTATION_CONTEXT(2) 
PARAMETRIC_REPRESENTATION_CONTEXT() REPRESENTATION_CONTEXT('2D SPACE',''
  ) );
#5486 = PCURVE('',#5487,#5492);
#5487 = PLANE('',#5488);
#5488 = AXIS2_PLACEMENT_3D('',#5489,#5490,#5491);
#5489 = CARTESIAN_POINT('',(120.,-92.5,13.));
#5490 = DIRECTION('',(0.,0.,1.));
#5491 = DIRECTION('',(1.,0.,-0.));
#5492 = DEFINITIONAL_REPRESENTATION('',(#5493),#5497);
#5493 = LINE('',#5494,#5495);
#5494 = CARTESIAN_POINT('',(-25.,12.5));
#5495 = VECTOR('',#5496,1.);
#5496 = DIRECTION('',(0.,-1.));
#5497 = ( GEOMETRIC_REPRESENTATION_CONTEXT(2) 
PARAMETRIC_REPRESENTATION_CONTEXT() REPRESENTATION_CONTEXT('2D SPACE',''
  ) );
#5498 = ORIENTED_EDGE('',*,*,#5499,.F.);
#5499 = EDGE_CURVE('',#3162,#5472,#5500,.T.);
#5500 = SURFACE_CURVE('',#5501,(#5506,#5513),.PCURVE_S1.);
#5501 = CIRCLE('',#5502,1.25);
#5502 = AXIS2_PLACEMENT_3D('',#5503,#5504,#5505);
#5503 = CARTESIAN_POINT('',(95.,-80.,13.));
#5504 = DIRECTION('',(0.,0.,1.));
#5505 = DIRECTION('',(-1.,0.,-0.));
#5506 = PCURVE('',#4209,#5507);
#5507 = DEFINITIONAL_REPRESENTATION('',(#5508),#5512);
#5508 = CIRCLE('',#5509,1.25);
#5509 = AXIS2_PLACEMENT_2D('',#5510,#5511);
#5510 = CARTESIAN_POINT('',(0.,12.5));
#5511 = DIRECTION('',(-1.,0.));
#5512 = ( GEOMETRIC_REPRESENTATION_CONTEXT(2) 
PARAMETRIC_REPRESENTATION_CONTEXT() REPRESENTATION_CONTEXT('2D SPACE',''
  ) );
#5513 = PCURVE('',#4290,#5514);
#5514 = DEFINITIONAL_REPRESENTATION('',(#5515),#5519);
#5515 = CIRCLE('',#5516,1.25);
#5516 = AXIS2_PLACEMENT_2D('',#5517,#5518);
#5517 = CARTESIAN_POINT('',(-1.42108547152E-14,0.));
#5518 = DIRECTION('',(-1.,0.));
#5519 = ( GEOMETRIC_REPRESENTATION_CONTEXT(2) 
PARAMETRIC_REPRESENTATION_CONTEXT() REPRESENTATION_CONTEXT('2D SPACE',''
  ) );
#5520 = ORIENTED_EDGE('',*,*,#4193,.T.);
#5521 = ADVANCED_FACE('',(#5522),#4290,.T.);
#5522 = FACE_BOUND('',#5523,.T.);
#5523 = EDGE_LOOP('',(#5524,#5550,#5551));
#5524 = ORIENTED_EDGE('',*,*,#5525,.F.);
#5525 = EDGE_CURVE('',#4253,#5472,#5526,.T.);
#5526 = SURFACE_CURVE('',#5527,(#5531,#5538),.PCURVE_S1.);
#5527 = LINE('',#5528,#5529);
#5528 = CARTESIAN_POINT('',(95.,-80.,13.));
#5529 = VECTOR('',#5530,1.);
#5530 = DIRECTION('',(0.,-1.,0.));
#5531 = PCURVE('',#4290,#5532);
#5532 = DEFINITIONAL_REPRESENTATION('',(#5533),#5537);
#5533 = LINE('',#5534,#5535);
#5534 = CARTESIAN_POINT('',(-1.42108547152E-14,0.));
#5535 = VECTOR('',#5536,1.);
#5536 = DIRECTION('',(0.,-1.));
#5537 = ( GEOMETRIC_REPRESENTATION_CONTEXT(2) 
PARAMETRIC_REPRESENTATION_CONTEXT() REPRESENTATION_CONTEXT('2D SPACE',''
  ) );
#5538 = PCURVE('',#5539,#5544);
#5539 = PLANE('',#5540);
#5540 = AXIS2_PLACEMENT_3D('',#5541,#5542,#5543);
#5541 = CARTESIAN_POINT('',(120.,-92.5,13.));
#5542 = DIRECTION('',(0.,0.,1.));
#5543 = DIRECTION('',(1.,0.,-0.));
#5544 = DEFINITIONAL_REPRESENTATION('',(#5545),#5549);
#5545 = LINE('',#5546,#5547);
#5546 = CARTESIAN_POINT('',(-25.,12.5));
#5547 = VECTOR('',#5548,1.);
#5548 = DIRECTION('',(0.,-1.));
#5549 = ( GEOMETRIC_REPRESENTATION_CONTEXT(2) 
PARAMETRIC_REPRESENTATION_CONTEXT() REPRESENTATION_CONTEXT('2D SPACE',''
  ) );
#5550 = ORIENTED_EDGE('',*,*,#4276,.T.);
#5551 = ORIENTED_EDGE('',*,*,#5499,.T.);
#5552 = ADVANCED_FACE('',(#5553),#4320,.T.);
#5553 = FACE_BOUND('',#5554,.T.);
#5554 = EDGE_LOOP('',(#5555,#5581,#5582));
#5555 = ORIENTED_EDGE('',*,*,#5556,.F.);
#5556 = EDGE_CURVE('',#3328,#4339,#5557,.T.);
#5557 = SURFACE_CURVE('',#5558,(#5562,#5569),.PCURVE_S1.);
#5558 = LINE('',#5559,#5560);
#5559 = CARTESIAN_POINT('',(100.,-73.75,13.));
#5560 = VECTOR('',#5561,1.);
#5561 = DIRECTION('',(0.,-1.,0.));
#5562 = PCURVE('',#4320,#5563);
#5563 = DEFINITIONAL_REPRESENTATION('',(#5564),#5568);
#5564 = LINE('',#5565,#5566);
#5565 = CARTESIAN_POINT('',(-20.,18.75));
#5566 = VECTOR('',#5567,1.);
#5567 = DIRECTION('',(0.,-1.));
#5568 = ( GEOMETRIC_REPRESENTATION_CONTEXT(2) 
PARAMETRIC_REPRESENTATION_CONTEXT() REPRESENTATION_CONTEXT('2D SPACE',''
  ) );
#5569 = PCURVE('',#5570,#5575);
#5570 = PLANE('',#5571);
#5571 = AXIS2_PLACEMENT_3D('',#5572,#5573,#5574);
#5572 = CARTESIAN_POINT('',(120.,-92.5,13.));
#5573 = DIRECTION('',(0.,0.,1.));
#5574 = DIRECTION('',(1.,0.,-0.));
#5575 = DEFINITIONAL_REPRESENTATION('',(#5576),#5580);
#5576 = LINE('',#5577,#5578);
#5577 = CARTESIAN_POINT('',(-20.,18.75));
#5578 = VECTOR('',#5579,1.);
#5579 = DIRECTION('',(0.,-1.));
#5580 = ( GEOMETRIC_REPRESENTATION_CONTEXT(2) 
PARAMETRIC_REPRESENTATION_CONTEXT() REPRESENTATION_CONTEXT('2D SPACE',''
  ) );
#5581 = ORIENTED_EDGE('',*,*,#4305,.T.);
#5582 = ORIENTED_EDGE('',*,*,#4338,.T.);
#5583 = ADVANCED_FACE('',(#5584),#4411,.F.);
#5584 = FACE_BOUND('',#5585,.F.);
#5585 = EDGE_LOOP('',(#5586,#5621,#5647,#5648));
#5586 = ORIENTED_EDGE('',*,*,#5587,.F.);
#5587 = EDGE_CURVE('',#5588,#5590,#5592,.T.);
#5588 = VERTEX_POINT('',#5589);
#5589 = CARTESIAN_POINT('',(96.25,-80.,2.));
#5590 = VERTEX_POINT('',#5591);
#5591 = CARTESIAN_POINT('',(100.,-76.25,2.));
#5592 = SURFACE_CURVE('',#5593,(#5598,#5605),.PCURVE_S1.);
#5593 = CIRCLE('',#5594,3.750115766671);
#5594 = AXIS2_PLACEMENT_3D('',#5595,#5596,#5597);
#5595 = CARTESIAN_POINT('',(100.00011576533,-80.00011576533,2.));
#5596 = DIRECTION('',(0.,0.,-1.));
#5597 = DIRECTION('',(-0.999999999732,2.315253010187E-05,0.));
#5598 = PCURVE('',#4411,#5599);
#5599 = DEFINITIONAL_REPRESENTATION('',(#5600),#5604);
#5600 = LINE('',#5601,#5602);
#5601 = CARTESIAN_POINT('',(0.,-2.));
#5602 = VECTOR('',#5603,1.);
#5603 = DIRECTION('',(1.,0.));
#5604 = ( GEOMETRIC_REPRESENTATION_CONTEXT(2) 
PARAMETRIC_REPRESENTATION_CONTEXT() REPRESENTATION_CONTEXT('2D SPACE',''
  ) );
#5605 = PCURVE('',#5606,#5611);
#5606 = PLANE('',#5607);
#5607 = AXIS2_PLACEMENT_3D('',#5608,#5609,#5610);
#5608 = CARTESIAN_POINT('',(120.,-92.5,2.));
#5609 = DIRECTION('',(0.,0.,1.));
#5610 = DIRECTION('',(1.,0.,-0.));
#5611 = DEFINITIONAL_REPRESENTATION('',(#5612),#5620);
#5612 = ( BOUNDED_CURVE() B_SPLINE_CURVE(2,(#5613,#5614,#5615,#5616,
#5617,#5618,#5619),.UNSPECIFIED.,.T.,.F.) B_SPLINE_CURVE_WITH_KNOTS((1,2
    ,2,2,2,1),(-2.094395102393,0.,2.094395102393,4.188790204786,
6.28318530718,8.377580409573),.UNSPECIFIED.) CURVE() 
GEOMETRIC_REPRESENTATION_ITEM() RATIONAL_B_SPLINE_CURVE((1.,0.5,1.,0.5,
1.,0.5,1.)) REPRESENTATION_ITEM('') );
#5613 = CARTESIAN_POINT('',(-23.75000000033,12.499971059337));
#5614 = CARTESIAN_POINT('',(-23.74984961559,18.995362099736));
#5615 = CARTESIAN_POINT('',(-18.12475115946,15.747536342534));
#5616 = CARTESIAN_POINT('',(-12.49965270333,12.499710585333));
#5617 = CARTESIAN_POINT('',(-18.1249015442,9.252145302136));
#5618 = CARTESIAN_POINT('',(-23.75015038507,6.004580018939));
#5619 = CARTESIAN_POINT('',(-23.75000000033,12.499971059337));
#5620 = ( GEOMETRIC_REPRESENTATION_CONTEXT(2) 
PARAMETRIC_REPRESENTATION_CONTEXT() REPRESENTATION_CONTEXT('2D SPACE',''
  ) );
#5621 = ORIENTED_EDGE('',*,*,#5622,.T.);
#5622 = EDGE_CURVE('',#5588,#4364,#5623,.T.);
#5623 = SURFACE_CURVE('',#5624,(#5628,#5635),.PCURVE_S1.);
#5624 = LINE('',#5625,#5626);
#5625 = CARTESIAN_POINT('',(96.25,-80.,0.));
#5626 = VECTOR('',#5627,1.);
#5627 = DIRECTION('',(0.,0.,1.));
#5628 = PCURVE('',#4411,#5629);
#5629 = DEFINITIONAL_REPRESENTATION('',(#5630),#5634);
#5630 = LINE('',#5631,#5632);
#5631 = CARTESIAN_POINT('',(7.717271789488E-06,0.));
#5632 = VECTOR('',#5633,1.);
#5633 = DIRECTION('',(0.,-1.));
#5634 = ( GEOMETRIC_REPRESENTATION_CONTEXT(2) 
PARAMETRIC_REPRESENTATION_CONTEXT() REPRESENTATION_CONTEXT('2D SPACE',''
  ) );
#5635 = PCURVE('',#5636,#5641);
#5636 = CYLINDRICAL_SURFACE('',#5637,1.25);
#5637 = AXIS2_PLACEMENT_3D('',#5638,#5639,#5640);
#5638 = CARTESIAN_POINT('',(95.,-80.,0.));
#5639 = DIRECTION('',(-0.,-0.,-1.));
#5640 = DIRECTION('',(-1.,0.,-0.));
#5641 = DEFINITIONAL_REPRESENTATION('',(#5642),#5646);
#5642 = LINE('',#5643,#5644);
#5643 = CARTESIAN_POINT('',(-3.14159265359,0.));
#5644 = VECTOR('',#5645,1.);
#5645 = DIRECTION('',(-0.,-1.));
#5646 = ( GEOMETRIC_REPRESENTATION_CONTEXT(2) 
PARAMETRIC_REPRESENTATION_CONTEXT() REPRESENTATION_CONTEXT('2D SPACE',''
  ) );
#5647 = ORIENTED_EDGE('',*,*,#4392,.T.);
#5648 = ORIENTED_EDGE('',*,*,#5649,.F.);
#5649 = EDGE_CURVE('',#5590,#4339,#5650,.T.);
#5650 = SURFACE_CURVE('',#5651,(#5655,#5662),.PCURVE_S1.);
#5651 = LINE('',#5652,#5653);
#5652 = CARTESIAN_POINT('',(100.,-76.25,0.));
#5653 = VECTOR('',#5654,1.);
#5654 = DIRECTION('',(0.,0.,1.));
#5655 = PCURVE('',#4411,#5656);
#5656 = DEFINITIONAL_REPRESENTATION('',(#5657),#5661);
#5657 = LINE('',#5658,#5659);
#5658 = CARTESIAN_POINT('',(1.570742304463,0.));
#5659 = VECTOR('',#5660,1.);
#5660 = DIRECTION('',(0.,-1.));
#5661 = ( GEOMETRIC_REPRESENTATION_CONTEXT(2) 
PARAMETRIC_REPRESENTATION_CONTEXT() REPRESENTATION_CONTEXT('2D SPACE',''
  ) );
#5662 = PCURVE('',#5663,#5668);
#5663 = CYLINDRICAL_SURFACE('',#5664,3.750115766671);
#5664 = AXIS2_PLACEMENT_3D('',#5665,#5666,#5667);
#5665 = CARTESIAN_POINT('',(100.00011576533,-80.00011576533,0.));
#5666 = DIRECTION('',(0.,0.,-1.));
#5667 = DIRECTION('',(-0.999999999732,2.315253010187E-05,0.));
#5668 = DEFINITIONAL_REPRESENTATION('',(#5669),#5673);
#5669 = LINE('',#5670,#5671);
#5670 = CARTESIAN_POINT('',(1.570742304463,0.));
#5671 = VECTOR('',#5672,1.);
#5672 = DIRECTION('',(0.,-1.));
#5673 = ( GEOMETRIC_REPRESENTATION_CONTEXT(2) 
PARAMETRIC_REPRESENTATION_CONTEXT() REPRESENTATION_CONTEXT('2D SPACE',''
  ) );
#5674 = ADVANCED_FACE('',(#5675),#4380,.T.);
#5675 = FACE_BOUND('',#5676,.T.);
#5676 = EDGE_LOOP('',(#5677,#5678,#5679));
#5677 = ORIENTED_EDGE('',*,*,#4363,.T.);
#5678 = ORIENTED_EDGE('',*,*,#4427,.T.);
#5679 = ORIENTED_EDGE('',*,*,#5680,.F.);
#5680 = EDGE_CURVE('',#4364,#4253,#5681,.T.);
#5681 = SURFACE_CURVE('',#5682,(#5686,#5693),.PCURVE_S1.);
#5682 = LINE('',#5683,#5684);
#5683 = CARTESIAN_POINT('',(96.25,-80.,13.));
#5684 = VECTOR('',#5685,1.);
#5685 = DIRECTION('',(-1.,0.,0.));
#5686 = PCURVE('',#4380,#5687);
#5687 = DEFINITIONAL_REPRESENTATION('',(#5688),#5692);
#5688 = LINE('',#5689,#5690);
#5689 = CARTESIAN_POINT('',(-23.75,12.5));
#5690 = VECTOR('',#5691,1.);
#5691 = DIRECTION('',(-1.,0.));
#5692 = ( GEOMETRIC_REPRESENTATION_CONTEXT(2) 
PARAMETRIC_REPRESENTATION_CONTEXT() REPRESENTATION_CONTEXT('2D SPACE',''
  ) );
#5693 = PCURVE('',#5694,#5699);
#5694 = PLANE('',#5695);
#5695 = AXIS2_PLACEMENT_3D('',#5696,#5697,#5698);
#5696 = CARTESIAN_POINT('',(120.,-92.5,13.));
#5697 = DIRECTION('',(0.,0.,1.));
#5698 = DIRECTION('',(1.,0.,-0.));
#5699 = DEFINITIONAL_REPRESENTATION('',(#5700),#5704);
#5700 = LINE('',#5701,#5702);
#5701 = CARTESIAN_POINT('',(-23.75,12.5));
#5702 = VECTOR('',#5703,1.);
#5703 = DIRECTION('',(-1.,0.));
#5704 = ( GEOMETRIC_REPRESENTATION_CONTEXT(2) 
PARAMETRIC_REPRESENTATION_CONTEXT() REPRESENTATION_CONTEXT('2D SPACE',''
  ) );
#5705 = ADVANCED_FACE('',(#5706),#4470,.T.);
#5706 = FACE_BOUND('',#5707,.T.);
#5707 = EDGE_LOOP('',(#5708,#5709,#5732));
#5708 = ORIENTED_EDGE('',*,*,#4454,.T.);
#5709 = ORIENTED_EDGE('',*,*,#5710,.F.);
#5710 = EDGE_CURVE('',#5711,#3328,#5713,.T.);
#5711 = VERTEX_POINT('',#5712);
#5712 = CARTESIAN_POINT('',(100.00002894066,-76.24999999966,13.));
#5713 = SURFACE_CURVE('',#5714,(#5718,#5725),.PCURVE_S1.);
#5714 = LINE('',#5715,#5716);
#5715 = CARTESIAN_POINT('',(100.00002894066,-76.24999999966,13.));
#5716 = VECTOR('',#5717,1.);
#5717 = DIRECTION('',(-2.315253009328E-05,0.999999999732,0.));
#5718 = PCURVE('',#4470,#5719);
#5719 = DEFINITIONAL_REPRESENTATION('',(#5720),#5724);
#5720 = LINE('',#5721,#5722);
#5721 = CARTESIAN_POINT('',(-19.99997105933,16.250000000335));
#5722 = VECTOR('',#5723,1.);
#5723 = DIRECTION('',(-2.315253009328E-05,0.999999999732));
#5724 = ( GEOMETRIC_REPRESENTATION_CONTEXT(2) 
PARAMETRIC_REPRESENTATION_CONTEXT() REPRESENTATION_CONTEXT('2D SPACE',''
  ) );
#5725 = PCURVE('',#5570,#5726);
#5726 = DEFINITIONAL_REPRESENTATION('',(#5727),#5731);
#5727 = LINE('',#5728,#5729);
#5728 = CARTESIAN_POINT('',(-19.99997105933,16.250000000335));
#5729 = VECTOR('',#5730,1.);
#5730 = DIRECTION('',(-2.315253009328E-05,0.999999999732));
#5731 = ( GEOMETRIC_REPRESENTATION_CONTEXT(2) 
PARAMETRIC_REPRESENTATION_CONTEXT() REPRESENTATION_CONTEXT('2D SPACE',''
  ) );
#5732 = ORIENTED_EDGE('',*,*,#5733,.T.);
#5733 = EDGE_CURVE('',#5711,#4455,#5734,.T.);
#5734 = SURFACE_CURVE('',#5735,(#5740,#5747),.PCURVE_S1.);
#5735 = CIRCLE('',#5736,1.25);
#5736 = AXIS2_PLACEMENT_3D('',#5737,#5738,#5739);
#5737 = CARTESIAN_POINT('',(100.,-75.,13.));
#5738 = DIRECTION('',(0.,0.,1.));
#5739 = DIRECTION('',(-1.,0.,-0.));
#5740 = PCURVE('',#4470,#5741);
#5741 = DEFINITIONAL_REPRESENTATION('',(#5742),#5746);
#5742 = CIRCLE('',#5743,1.25);
#5743 = AXIS2_PLACEMENT_2D('',#5744,#5745);
#5744 = CARTESIAN_POINT('',(-20.,17.5));
#5745 = DIRECTION('',(-1.,0.));
#5746 = ( GEOMETRIC_REPRESENTATION_CONTEXT(2) 
PARAMETRIC_REPRESENTATION_CONTEXT() REPRESENTATION_CONTEXT('2D SPACE',''
  ) );
#5747 = PCURVE('',#4578,#5748);
#5748 = DEFINITIONAL_REPRESENTATION('',(#5749),#5753);
#5749 = CIRCLE('',#5750,1.25);
#5750 = AXIS2_PLACEMENT_2D('',#5751,#5752);
#5751 = CARTESIAN_POINT('',(-20.,17.5));
#5752 = DIRECTION('',(-1.,0.));
#5753 = ( GEOMETRIC_REPRESENTATION_CONTEXT(2) 
PARAMETRIC_REPRESENTATION_CONTEXT() REPRESENTATION_CONTEXT('2D SPACE',''
  ) );
#5754 = ADVANCED_FACE('',(#5755),#4545,.T.);
#5755 = FACE_BOUND('',#5756,.T.);
#5756 = EDGE_LOOP('',(#5757,#5780,#5781));
#5757 = ORIENTED_EDGE('',*,*,#5758,.F.);
#5758 = EDGE_CURVE('',#3557,#5759,#5761,.T.);
#5759 = VERTEX_POINT('',#5760);
#5760 = CARTESIAN_POINT('',(140.00000000001,-74.99999874499,13.));
#5761 = SURFACE_CURVE('',#5762,(#5766,#5773),.PCURVE_S1.);
#5762 = LINE('',#5763,#5764);
#5763 = CARTESIAN_POINT('',(140.00002894066,-73.75000000033,13.));
#5764 = VECTOR('',#5765,1.);
#5765 = DIRECTION('',(-2.315253013876E-05,-0.999999999732,0.));
#5766 = PCURVE('',#4545,#5767);
#5767 = DEFINITIONAL_REPRESENTATION('',(#5768),#5772);
#5768 = LINE('',#5769,#5770);
#5769 = CARTESIAN_POINT('',(2.894066267345E-05,1.249999999664));
#5770 = VECTOR('',#5771,1.);
#5771 = DIRECTION('',(-2.315253013876E-05,-0.999999999732));
#5772 = ( GEOMETRIC_REPRESENTATION_CONTEXT(2) 
PARAMETRIC_REPRESENTATION_CONTEXT() REPRESENTATION_CONTEXT('2D SPACE',''
  ) );
#5773 = PCURVE('',#4734,#5774);
#5774 = DEFINITIONAL_REPRESENTATION('',(#5775),#5779);
#5775 = LINE('',#5776,#5777);
#5776 = CARTESIAN_POINT('',(2.894066267345E-05,1.249999999664));
#5777 = VECTOR('',#5778,1.);
#5778 = DIRECTION('',(-2.315253013876E-05,-0.999999999732));
#5779 = ( GEOMETRIC_REPRESENTATION_CONTEXT(2) 
PARAMETRIC_REPRESENTATION_CONTEXT() REPRESENTATION_CONTEXT('2D SPACE',''
  ) );
#5780 = ORIENTED_EDGE('',*,*,#4530,.T.);
#5781 = ORIENTED_EDGE('',*,*,#5782,.F.);
#5782 = EDGE_CURVE('',#5759,#3381,#5783,.T.);
#5783 = SURFACE_CURVE('',#5784,(#5788,#5795),.PCURVE_S1.);
#5784 = LINE('',#5785,#5786);
#5785 = CARTESIAN_POINT('',(140.,-76.25,13.));
#5786 = VECTOR('',#5787,1.);
#5787 = DIRECTION('',(0.,1.,0.));
#5788 = PCURVE('',#4545,#5789);
#5789 = DEFINITIONAL_REPRESENTATION('',(#5790),#5794);
#5790 = LINE('',#5791,#5792);
#5791 = CARTESIAN_POINT('',(0.,-1.25));
#5792 = VECTOR('',#5793,1.);
#5793 = DIRECTION('',(0.,1.));
#5794 = ( GEOMETRIC_REPRESENTATION_CONTEXT(2) 
PARAMETRIC_REPRESENTATION_CONTEXT() REPRESENTATION_CONTEXT('2D SPACE',''
  ) );
#5795 = PCURVE('',#4605,#5796);
#5796 = DEFINITIONAL_REPRESENTATION('',(#5797),#5801);
#5797 = LINE('',#5798,#5799);
#5798 = CARTESIAN_POINT('',(0.,-1.25));
#5799 = VECTOR('',#5800,1.);
#5800 = DIRECTION('',(0.,1.));
#5801 = ( GEOMETRIC_REPRESENTATION_CONTEXT(2) 
PARAMETRIC_REPRESENTATION_CONTEXT() REPRESENTATION_CONTEXT('2D SPACE',''
  ) );
#5802 = ADVANCED_FACE('',(#5803),#4605,.T.);
#5803 = FACE_BOUND('',#5804,.T.);
#5804 = EDGE_LOOP('',(#5805,#5831,#5832));
#5805 = ORIENTED_EDGE('',*,*,#5806,.F.);
#5806 = EDGE_CURVE('',#5759,#4563,#5807,.T.);
#5807 = SURFACE_CURVE('',#5808,(#5812,#5819),.PCURVE_S1.);
#5808 = LINE('',#5809,#5810);
#5809 = CARTESIAN_POINT('',(140.,-75.,13.));
#5810 = VECTOR('',#5811,1.);
#5811 = DIRECTION('',(-1.,0.,0.));
#5812 = PCURVE('',#4605,#5813);
#5813 = DEFINITIONAL_REPRESENTATION('',(#5814),#5818);
#5814 = LINE('',#5815,#5816);
#5815 = CARTESIAN_POINT('',(0.,0.));
#5816 = VECTOR('',#5817,1.);
#5817 = DIRECTION('',(-1.,0.));
#5818 = ( GEOMETRIC_REPRESENTATION_CONTEXT(2) 
PARAMETRIC_REPRESENTATION_CONTEXT() REPRESENTATION_CONTEXT('2D SPACE',''
  ) );
#5819 = PCURVE('',#5820,#5825);
#5820 = PLANE('',#5821);
#5821 = AXIS2_PLACEMENT_3D('',#5822,#5823,#5824);
#5822 = CARTESIAN_POINT('',(120.,-92.5,13.));
#5823 = DIRECTION('',(0.,0.,1.));
#5824 = DIRECTION('',(1.,0.,-0.));
#5825 = DEFINITIONAL_REPRESENTATION('',(#5826),#5830);
#5826 = LINE('',#5827,#5828);
#5827 = CARTESIAN_POINT('',(20.,17.5));
#5828 = VECTOR('',#5829,1.);
#5829 = DIRECTION('',(-1.,0.));
#5830 = ( GEOMETRIC_REPRESENTATION_CONTEXT(2) 
PARAMETRIC_REPRESENTATION_CONTEXT() REPRESENTATION_CONTEXT('2D SPACE',''
  ) );
#5831 = ORIENTED_EDGE('',*,*,#5782,.T.);
#5832 = ORIENTED_EDGE('',*,*,#4590,.T.);
#5833 = ADVANCED_FACE('',(#5834),#4578,.T.);
#5834 = FACE_BOUND('',#5835,.T.);
#5835 = EDGE_LOOP('',(#5836,#5837,#5838,#5866));
#5836 = ORIENTED_EDGE('',*,*,#4562,.T.);
#5837 = ORIENTED_EDGE('',*,*,#5733,.F.);
#5838 = ORIENTED_EDGE('',*,*,#5839,.T.);
#5839 = EDGE_CURVE('',#5711,#5840,#5842,.T.);
#5840 = VERTEX_POINT('',#5841);
#5841 = CARTESIAN_POINT('',(139.99997105933,-76.24999999966,13.));
#5842 = SURFACE_CURVE('',#5843,(#5847,#5854),.PCURVE_S1.);
#5843 = LINE('',#5844,#5845);
#5844 = CARTESIAN_POINT('',(100.,-76.25,13.));
#5845 = VECTOR('',#5846,1.);
#5846 = DIRECTION('',(1.,0.,0.));
#5847 = PCURVE('',#4578,#5848);
#5848 = DEFINITIONAL_REPRESENTATION('',(#5849),#5853);
#5849 = LINE('',#5850,#5851);
#5850 = CARTESIAN_POINT('',(-20.,16.25));
#5851 = VECTOR('',#5852,1.);
#5852 = DIRECTION('',(1.,0.));
#5853 = ( GEOMETRIC_REPRESENTATION_CONTEXT(2) 
PARAMETRIC_REPRESENTATION_CONTEXT() REPRESENTATION_CONTEXT('2D SPACE',''
  ) );
#5854 = PCURVE('',#5855,#5860);
#5855 = PLANE('',#5856);
#5856 = AXIS2_PLACEMENT_3D('',#5857,#5858,#5859);
#5857 = CARTESIAN_POINT('',(100.,-76.25,0.));
#5858 = DIRECTION('',(0.,1.,0.));
#5859 = DIRECTION('',(1.,0.,0.));
#5860 = DEFINITIONAL_REPRESENTATION('',(#5861),#5865);
#5861 = LINE('',#5862,#5863);
#5862 = CARTESIAN_POINT('',(0.,-13.));
#5863 = VECTOR('',#5864,1.);
#5864 = DIRECTION('',(1.,0.));
#5865 = ( GEOMETRIC_REPRESENTATION_CONTEXT(2) 
PARAMETRIC_REPRESENTATION_CONTEXT() REPRESENTATION_CONTEXT('2D SPACE',''
  ) );
#5866 = ORIENTED_EDGE('',*,*,#5867,.F.);
#5867 = EDGE_CURVE('',#4563,#5840,#5868,.T.);
#5868 = SURFACE_CURVE('',#5869,(#5874,#5881),.PCURVE_S1.);
#5869 = CIRCLE('',#5870,1.25);
#5870 = AXIS2_PLACEMENT_3D('',#5871,#5872,#5873);
#5871 = CARTESIAN_POINT('',(140.,-75.,13.));
#5872 = DIRECTION('',(0.,0.,1.));
#5873 = DIRECTION('',(-1.,0.,-0.));
#5874 = PCURVE('',#4578,#5875);
#5875 = DEFINITIONAL_REPRESENTATION('',(#5876),#5880);
#5876 = CIRCLE('',#5877,1.25);
#5877 = AXIS2_PLACEMENT_2D('',#5878,#5879);
#5878 = CARTESIAN_POINT('',(20.,17.5));
#5879 = DIRECTION('',(-1.,0.));
#5880 = ( GEOMETRIC_REPRESENTATION_CONTEXT(2) 
PARAMETRIC_REPRESENTATION_CONTEXT() REPRESENTATION_CONTEXT('2D SPACE',''
  ) );
#5881 = PCURVE('',#5820,#5882);
#5882 = DEFINITIONAL_REPRESENTATION('',(#5883),#5887);
#5883 = CIRCLE('',#5884,1.25);
#5884 = AXIS2_PLACEMENT_2D('',#5885,#5886);
#5885 = CARTESIAN_POINT('',(20.,17.5));
#5886 = DIRECTION('',(-1.,0.));
#5887 = ( GEOMETRIC_REPRESENTATION_CONTEXT(2) 
PARAMETRIC_REPRESENTATION_CONTEXT() REPRESENTATION_CONTEXT('2D SPACE',''
  ) );
#5888 = ADVANCED_FACE('',(#5889),#4671,.T.);
#5889 = FACE_BOUND('',#5890,.T.);
#5890 = EDGE_LOOP('',(#5891,#5914,#5915));
#5891 = ORIENTED_EDGE('',*,*,#5892,.F.);
#5892 = EDGE_CURVE('',#3665,#5893,#5895,.T.);
#5893 = VERTEX_POINT('',#5894);
#5894 = CARTESIAN_POINT('',(145.,-80.,13.));
#5895 = SURFACE_CURVE('',#5896,(#5900,#5907),.PCURVE_S1.);
#5896 = LINE('',#5897,#5898);
#5897 = CARTESIAN_POINT('',(146.25,-80.,13.));
#5898 = VECTOR('',#5899,1.);
#5899 = DIRECTION('',(-1.,0.,0.));
#5900 = PCURVE('',#4671,#5901);
#5901 = DEFINITIONAL_REPRESENTATION('',(#5902),#5906);
#5902 = LINE('',#5903,#5904);
#5903 = CARTESIAN_POINT('',(1.25,0.));
#5904 = VECTOR('',#5905,1.);
#5905 = DIRECTION('',(-1.,0.));
#5906 = ( GEOMETRIC_REPRESENTATION_CONTEXT(2) 
PARAMETRIC_REPRESENTATION_CONTEXT() REPRESENTATION_CONTEXT('2D SPACE',''
  ) );
#5907 = PCURVE('',#4871,#5908);
#5908 = DEFINITIONAL_REPRESENTATION('',(#5909),#5913);
#5909 = LINE('',#5910,#5911);
#5910 = CARTESIAN_POINT('',(1.25,0.));
#5911 = VECTOR('',#5912,1.);
#5912 = DIRECTION('',(-1.,0.));
#5913 = ( GEOMETRIC_REPRESENTATION_CONTEXT(2) 
PARAMETRIC_REPRESENTATION_CONTEXT() REPRESENTATION_CONTEXT('2D SPACE',''
  ) );
#5914 = ORIENTED_EDGE('',*,*,#4656,.T.);
#5915 = ORIENTED_EDGE('',*,*,#5916,.F.);
#5916 = EDGE_CURVE('',#5893,#3529,#5917,.T.);
#5917 = SURFACE_CURVE('',#5918,(#5922,#5929),.PCURVE_S1.);
#5918 = LINE('',#5919,#5920);
#5919 = CARTESIAN_POINT('',(143.75000000033,-80.00002894066,13.));
#5920 = VECTOR('',#5921,1.);
#5921 = DIRECTION('',(0.999999999732,2.315253024108E-05,0.));
#5922 = PCURVE('',#4671,#5923);
#5923 = DEFINITIONAL_REPRESENTATION('',(#5924),#5928);
#5924 = LINE('',#5925,#5926);
#5925 = CARTESIAN_POINT('',(-1.249999999665,-2.894066280135E-05));
#5926 = VECTOR('',#5927,1.);
#5927 = DIRECTION('',(0.999999999732,2.315253024108E-05));
#5928 = ( GEOMETRIC_REPRESENTATION_CONTEXT(2) 
PARAMETRIC_REPRESENTATION_CONTEXT() REPRESENTATION_CONTEXT('2D SPACE',''
  ) );
#5929 = PCURVE('',#4704,#5930);
#5930 = DEFINITIONAL_REPRESENTATION('',(#5931),#5935);
#5931 = LINE('',#5932,#5933);
#5932 = CARTESIAN_POINT('',(-1.249999999665,-2.894066280135E-05));
#5933 = VECTOR('',#5934,1.);
#5934 = DIRECTION('',(0.999999999732,2.315253024108E-05));
#5935 = ( GEOMETRIC_REPRESENTATION_CONTEXT(2) 
PARAMETRIC_REPRESENTATION_CONTEXT() REPRESENTATION_CONTEXT('2D SPACE',''
  ) );
#5936 = ADVANCED_FACE('',(#5937),#4704,.T.);
#5937 = FACE_BOUND('',#5938,.T.);
#5938 = EDGE_LOOP('',(#5939,#5966,#5967));
#5939 = ORIENTED_EDGE('',*,*,#5940,.F.);
#5940 = EDGE_CURVE('',#5893,#4688,#5941,.T.);
#5941 = SURFACE_CURVE('',#5942,(#5947,#5954),.PCURVE_S1.);
#5942 = CIRCLE('',#5943,5.000115766671);
#5943 = AXIS2_PLACEMENT_3D('',#5944,#5945,#5946);
#5944 = CARTESIAN_POINT('',(139.99988423466,-80.00011576533,13.));
#5945 = DIRECTION('',(0.,0.,1.));
#5946 = DIRECTION('',(0.999999999732,2.315253008835E-05,-0.));
#5947 = PCURVE('',#4704,#5948);
#5948 = DEFINITIONAL_REPRESENTATION('',(#5949),#5953);
#5949 = CIRCLE('',#5950,5.000115766671);
#5950 = AXIS2_PLACEMENT_2D('',#5951,#5952);
#5951 = CARTESIAN_POINT('',(-5.000115765331,-1.157653307331E-04));
#5952 = DIRECTION('',(0.999999999732,2.315253008835E-05));
#5953 = ( GEOMETRIC_REPRESENTATION_CONTEXT(2) 
PARAMETRIC_REPRESENTATION_CONTEXT() REPRESENTATION_CONTEXT('2D SPACE',''
  ) );
#5954 = PCURVE('',#5955,#5960);
#5955 = PLANE('',#5956);
#5956 = AXIS2_PLACEMENT_3D('',#5957,#5958,#5959);
#5957 = CARTESIAN_POINT('',(120.,-92.5,13.));
#5958 = DIRECTION('',(0.,0.,1.));
#5959 = DIRECTION('',(1.,0.,-0.));
#5960 = DEFINITIONAL_REPRESENTATION('',(#5961),#5965);
#5961 = CIRCLE('',#5962,5.000115766671);
#5962 = AXIS2_PLACEMENT_2D('',#5963,#5964);
#5963 = CARTESIAN_POINT('',(19.999884234669,12.499884234669));
#5964 = DIRECTION('',(0.999999999732,2.315253008835E-05));
#5965 = ( GEOMETRIC_REPRESENTATION_CONTEXT(2) 
PARAMETRIC_REPRESENTATION_CONTEXT() REPRESENTATION_CONTEXT('2D SPACE',''
  ) );
#5966 = ORIENTED_EDGE('',*,*,#5916,.T.);
#5967 = ORIENTED_EDGE('',*,*,#4687,.T.);
#5968 = ADVANCED_FACE('',(#5969),#4785,.T.);
#5969 = FACE_BOUND('',#5970,.T.);
#5970 = EDGE_LOOP('',(#5971,#6000,#6033,#6055));
#5971 = ORIENTED_EDGE('',*,*,#5972,.F.);
#5972 = EDGE_CURVE('',#5973,#4747,#5975,.T.);
#5973 = VERTEX_POINT('',#5974);
#5974 = CARTESIAN_POINT('',(140.,-76.25,13.));
#5975 = SURFACE_CURVE('',#5976,(#5981,#5988),.PCURVE_S1.);
#5976 = CIRCLE('',#5977,1.25);
#5977 = AXIS2_PLACEMENT_3D('',#5978,#5979,#5980);
#5978 = CARTESIAN_POINT('',(140.,-75.,13.));
#5979 = DIRECTION('',(0.,0.,1.));
#5980 = DIRECTION('',(-1.,0.,-0.));
#5981 = PCURVE('',#4785,#5982);
#5982 = DEFINITIONAL_REPRESENTATION('',(#5983),#5987);
#5983 = CIRCLE('',#5984,1.25);
#5984 = AXIS2_PLACEMENT_2D('',#5985,#5986);
#5985 = CARTESIAN_POINT('',(20.,17.5));
#5986 = DIRECTION('',(-1.,0.));
#5987 = ( GEOMETRIC_REPRESENTATION_CONTEXT(2) 
PARAMETRIC_REPRESENTATION_CONTEXT() REPRESENTATION_CONTEXT('2D SPACE',''
  ) );
#5988 = PCURVE('',#5989,#5994);
#5989 = PLANE('',#5990);
#5990 = AXIS2_PLACEMENT_3D('',#5991,#5992,#5993);
#5991 = CARTESIAN_POINT('',(120.,-92.5,13.));
#5992 = DIRECTION('',(0.,0.,1.));
#5993 = DIRECTION('',(1.,0.,-0.));
#5994 = DEFINITIONAL_REPRESENTATION('',(#5995),#5999);
#5995 = CIRCLE('',#5996,1.25);
#5996 = AXIS2_PLACEMENT_2D('',#5997,#5998);
#5997 = CARTESIAN_POINT('',(20.,17.5));
#5998 = DIRECTION('',(-1.,0.));
#5999 = ( GEOMETRIC_REPRESENTATION_CONTEXT(2) 
PARAMETRIC_REPRESENTATION_CONTEXT() REPRESENTATION_CONTEXT('2D SPACE',''
  ) );
#6000 = ORIENTED_EDGE('',*,*,#6001,.T.);
#6001 = EDGE_CURVE('',#5973,#6002,#6004,.T.);
#6002 = VERTEX_POINT('',#6003);
#6003 = CARTESIAN_POINT('',(143.75,-80.,13.));
#6004 = SURFACE_CURVE('',#6005,(#6010,#6021),.PCURVE_S1.);
#6005 = CIRCLE('',#6006,3.750115766671);
#6006 = AXIS2_PLACEMENT_3D('',#6007,#6008,#6009);
#6007 = CARTESIAN_POINT('',(139.99988423466,-80.00011576533,13.));
#6008 = DIRECTION('',(0.,0.,-1.));
#6009 = DIRECTION('',(2.315253013597E-05,0.999999999732,0.));
#6010 = PCURVE('',#4785,#6011);
#6011 = DEFINITIONAL_REPRESENTATION('',(#6012),#6020);
#6012 = ( BOUNDED_CURVE() B_SPLINE_CURVE(2,(#6013,#6014,#6015,#6016,
#6017,#6018,#6019),.UNSPECIFIED.,.T.,.F.) B_SPLINE_CURVE_WITH_KNOTS((1,2
    ,2,2,2,1),(-2.094395102393,0.,2.094395102393,4.188790204786,
6.28318530718,8.377580409573),.UNSPECIFIED.) CURVE() 
GEOMETRIC_REPRESENTATION_ITEM() RATIONAL_B_SPLINE_CURVE((1.,0.5,1.,0.5,
1.,0.5,1.)) REPRESENTATION_ITEM('') );
#6013 = CARTESIAN_POINT('',(19.999971059337,16.250000000335));
#6014 = CARTESIAN_POINT('',(26.495362099736,16.249849615598));
#6015 = CARTESIAN_POINT('',(23.247536342534,10.624751159467));
#6016 = CARTESIAN_POINT('',(19.999710585332,4.999652703336));
#6017 = CARTESIAN_POINT('',(16.752145302136,10.624901544204));
#6018 = CARTESIAN_POINT('',(13.504580018939,16.250150385071));
#6019 = CARTESIAN_POINT('',(19.999971059337,16.250000000335));
#6020 = ( GEOMETRIC_REPRESENTATION_CONTEXT(2) 
PARAMETRIC_REPRESENTATION_CONTEXT() REPRESENTATION_CONTEXT('2D SPACE',''
  ) );
#6021 = PCURVE('',#6022,#6027);
#6022 = CYLINDRICAL_SURFACE('',#6023,3.750115766671);
#6023 = AXIS2_PLACEMENT_3D('',#6024,#6025,#6026);
#6024 = CARTESIAN_POINT('',(139.99988423466,-80.00011576533,0.));
#6025 = DIRECTION('',(0.,0.,-1.));
#6026 = DIRECTION('',(2.315253013597E-05,0.999999999732,0.));
#6027 = DEFINITIONAL_REPRESENTATION('',(#6028),#6032);
#6028 = LINE('',#6029,#6030);
#6029 = CARTESIAN_POINT('',(0.,-13.));
#6030 = VECTOR('',#6031,1.);
#6031 = DIRECTION('',(1.,0.));
#6032 = ( GEOMETRIC_REPRESENTATION_CONTEXT(2) 
PARAMETRIC_REPRESENTATION_CONTEXT() REPRESENTATION_CONTEXT('2D SPACE',''
  ) );
#6033 = ORIENTED_EDGE('',*,*,#6034,.F.);
#6034 = EDGE_CURVE('',#4688,#6002,#6035,.T.);
#6035 = SURFACE_CURVE('',#6036,(#6041,#6048),.PCURVE_S1.);
#6036 = CIRCLE('',#6037,1.25);
#6037 = AXIS2_PLACEMENT_3D('',#6038,#6039,#6040);
#6038 = CARTESIAN_POINT('',(145.,-80.,13.));
#6039 = DIRECTION('',(0.,0.,1.));
#6040 = DIRECTION('',(1.,0.,-0.));
#6041 = PCURVE('',#4785,#6042);
#6042 = DEFINITIONAL_REPRESENTATION('',(#6043),#6047);
#6043 = CIRCLE('',#6044,1.25);
#6044 = AXIS2_PLACEMENT_2D('',#6045,#6046);
#6045 = CARTESIAN_POINT('',(25.,12.5));
#6046 = DIRECTION('',(1.,0.));
#6047 = ( GEOMETRIC_REPRESENTATION_CONTEXT(2) 
PARAMETRIC_REPRESENTATION_CONTEXT() REPRESENTATION_CONTEXT('2D SPACE',''
  ) );
#6048 = PCURVE('',#5955,#6049);
#6049 = DEFINITIONAL_REPRESENTATION('',(#6050),#6054);
#6050 = CIRCLE('',#6051,1.25);
#6051 = AXIS2_PLACEMENT_2D('',#6052,#6053);
#6052 = CARTESIAN_POINT('',(25.,12.5));
#6053 = DIRECTION('',(1.,0.));
#6054 = ( GEOMETRIC_REPRESENTATION_CONTEXT(2) 
PARAMETRIC_REPRESENTATION_CONTEXT() REPRESENTATION_CONTEXT('2D SPACE',''
  ) );
#6055 = ORIENTED_EDGE('',*,*,#4770,.T.);
#6056 = ADVANCED_FACE('',(#6057),#4734,.T.);
#6057 = FACE_BOUND('',#6058,.T.);
#6058 = EDGE_LOOP('',(#6059,#6060,#6082,#6083));
#6059 = ORIENTED_EDGE('',*,*,#5758,.T.);
#6060 = ORIENTED_EDGE('',*,*,#6061,.F.);
#6061 = EDGE_CURVE('',#4747,#5759,#6062,.T.);
#6062 = SURFACE_CURVE('',#6063,(#6068,#6075),.PCURVE_S1.);
#6063 = CIRCLE('',#6064,5.000115766671);
#6064 = AXIS2_PLACEMENT_3D('',#6065,#6066,#6067);
#6065 = CARTESIAN_POINT('',(139.99988423466,-80.00011576533,13.));
#6066 = DIRECTION('',(0.,0.,1.));
#6067 = DIRECTION('',(0.999999999732,2.315253008835E-05,-0.));
#6068 = PCURVE('',#4734,#6069);
#6069 = DEFINITIONAL_REPRESENTATION('',(#6070),#6074);
#6070 = CIRCLE('',#6071,5.000115766671);
#6071 = AXIS2_PLACEMENT_2D('',#6072,#6073);
#6072 = CARTESIAN_POINT('',(-1.157653307473E-04,-5.000115765331));
#6073 = DIRECTION('',(0.999999999732,2.315253008835E-05));
#6074 = ( GEOMETRIC_REPRESENTATION_CONTEXT(2) 
PARAMETRIC_REPRESENTATION_CONTEXT() REPRESENTATION_CONTEXT('2D SPACE',''
  ) );
#6075 = PCURVE('',#5989,#6076);
#6076 = DEFINITIONAL_REPRESENTATION('',(#6077),#6081);
#6077 = CIRCLE('',#6078,5.000115766671);
#6078 = AXIS2_PLACEMENT_2D('',#6079,#6080);
#6079 = CARTESIAN_POINT('',(19.999884234669,12.499884234669));
#6080 = DIRECTION('',(0.999999999732,2.315253008835E-05));
#6081 = ( GEOMETRIC_REPRESENTATION_CONTEXT(2) 
PARAMETRIC_REPRESENTATION_CONTEXT() REPRESENTATION_CONTEXT('2D SPACE',''
  ) );
#6082 = ORIENTED_EDGE('',*,*,#4746,.T.);
#6083 = ORIENTED_EDGE('',*,*,#4717,.T.);
#6084 = ADVANCED_FACE('',(#6085),#4838,.T.);
#6085 = FACE_BOUND('',#6086,.T.);
#6086 = EDGE_LOOP('',(#6087,#6110,#6111));
#6087 = ORIENTED_EDGE('',*,*,#6088,.F.);
#6088 = EDGE_CURVE('',#3835,#6089,#6091,.T.);
#6089 = VERTEX_POINT('',#6090);
#6090 = CARTESIAN_POINT('',(145.00000128078,-105.,13.));
#6091 = SURFACE_CURVE('',#6092,(#6096,#6103),.PCURVE_S1.);
#6092 = LINE('',#6093,#6094);
#6093 = CARTESIAN_POINT('',(146.24999999966,-105.0000289406,13.));
#6094 = VECTOR('',#6095,1.);
#6095 = DIRECTION('',(-0.999999999732,2.315252990002E-05,0.));
#6096 = PCURVE('',#4838,#6097);
#6097 = DEFINITIONAL_REPRESENTATION('',(#6098),#6102);
#6098 = LINE('',#6099,#6100);
#6099 = CARTESIAN_POINT('',(1.249999999665,-2.894066236081E-05));
#6100 = VECTOR('',#6101,1.);
#6101 = DIRECTION('',(-0.999999999732,2.315252990002E-05));
#6102 = ( GEOMETRIC_REPRESENTATION_CONTEXT(2) 
PARAMETRIC_REPRESENTATION_CONTEXT() REPRESENTATION_CONTEXT('2D SPACE',''
  ) );
#6103 = PCURVE('',#5055,#6104);
#6104 = DEFINITIONAL_REPRESENTATION('',(#6105),#6109);
#6105 = LINE('',#6106,#6107);
#6106 = CARTESIAN_POINT('',(1.249999999665,-2.894066236081E-05));
#6107 = VECTOR('',#6108,1.);
#6108 = DIRECTION('',(-0.999999999732,2.315252990002E-05));
#6109 = ( GEOMETRIC_REPRESENTATION_CONTEXT(2) 
PARAMETRIC_REPRESENTATION_CONTEXT() REPRESENTATION_CONTEXT('2D SPACE',''
  ) );
#6110 = ORIENTED_EDGE('',*,*,#4823,.T.);
#6111 = ORIENTED_EDGE('',*,*,#6112,.F.);
#6112 = EDGE_CURVE('',#6089,#3637,#6113,.T.);
#6113 = SURFACE_CURVE('',#6114,(#6118,#6125),.PCURVE_S1.);
#6114 = LINE('',#6115,#6116);
#6115 = CARTESIAN_POINT('',(143.75,-105.,13.));
#6116 = VECTOR('',#6117,1.);
#6117 = DIRECTION('',(1.,0.,0.));
#6118 = PCURVE('',#4838,#6119);
#6119 = DEFINITIONAL_REPRESENTATION('',(#6120),#6124);
#6120 = LINE('',#6121,#6122);
#6121 = CARTESIAN_POINT('',(-1.25,1.42108547152E-14));
#6122 = VECTOR('',#6123,1.);
#6123 = DIRECTION('',(1.,0.));
#6124 = ( GEOMETRIC_REPRESENTATION_CONTEXT(2) 
PARAMETRIC_REPRESENTATION_CONTEXT() REPRESENTATION_CONTEXT('2D SPACE',''
  ) );
#6125 = PCURVE('',#4926,#6126);
#6126 = DEFINITIONAL_REPRESENTATION('',(#6127),#6131);
#6127 = LINE('',#6128,#6129);
#6128 = CARTESIAN_POINT('',(-1.25,1.42108547152E-14));
#6129 = VECTOR('',#6130,1.);
#6130 = DIRECTION('',(1.,0.));
#6131 = ( GEOMETRIC_REPRESENTATION_CONTEXT(2) 
PARAMETRIC_REPRESENTATION_CONTEXT() REPRESENTATION_CONTEXT('2D SPACE',''
  ) );
#6132 = ADVANCED_FACE('',(#6133),#4871,.T.);
#6133 = FACE_BOUND('',#6134,.T.);
#6134 = EDGE_LOOP('',(#6135,#6136,#6162));
#6135 = ORIENTED_EDGE('',*,*,#5892,.T.);
#6136 = ORIENTED_EDGE('',*,*,#6137,.F.);
#6137 = EDGE_CURVE('',#4855,#5893,#6138,.T.);
#6138 = SURFACE_CURVE('',#6139,(#6143,#6150),.PCURVE_S1.);
#6139 = LINE('',#6140,#6141);
#6140 = CARTESIAN_POINT('',(145.,-105.,13.));
#6141 = VECTOR('',#6142,1.);
#6142 = DIRECTION('',(0.,1.,0.));
#6143 = PCURVE('',#4871,#6144);
#6144 = DEFINITIONAL_REPRESENTATION('',(#6145),#6149);
#6145 = LINE('',#6146,#6147);
#6146 = CARTESIAN_POINT('',(2.84217094304E-14,-25.));
#6147 = VECTOR('',#6148,1.);
#6148 = DIRECTION('',(0.,1.));
#6149 = ( GEOMETRIC_REPRESENTATION_CONTEXT(2) 
PARAMETRIC_REPRESENTATION_CONTEXT() REPRESENTATION_CONTEXT('2D SPACE',''
  ) );
#6150 = PCURVE('',#6151,#6156);
#6151 = PLANE('',#6152);
#6152 = AXIS2_PLACEMENT_3D('',#6153,#6154,#6155);
#6153 = CARTESIAN_POINT('',(120.,-92.5,13.));
#6154 = DIRECTION('',(0.,0.,1.));
#6155 = DIRECTION('',(1.,0.,-0.));
#6156 = DEFINITIONAL_REPRESENTATION('',(#6157),#6161);
#6157 = LINE('',#6158,#6159);
#6158 = CARTESIAN_POINT('',(25.,-12.5));
#6159 = VECTOR('',#6160,1.);
#6160 = DIRECTION('',(0.,1.));
#6161 = ( GEOMETRIC_REPRESENTATION_CONTEXT(2) 
PARAMETRIC_REPRESENTATION_CONTEXT() REPRESENTATION_CONTEXT('2D SPACE',''
  ) );
#6162 = ORIENTED_EDGE('',*,*,#4854,.T.);
#6163 = ADVANCED_FACE('',(#6164),#4926,.T.);
#6164 = FACE_BOUND('',#6165,.T.);
#6165 = EDGE_LOOP('',(#6166,#6192,#6193));
#6166 = ORIENTED_EDGE('',*,*,#6167,.F.);
#6167 = EDGE_CURVE('',#6089,#4884,#6168,.T.);
#6168 = SURFACE_CURVE('',#6169,(#6173,#6180),.PCURVE_S1.);
#6169 = LINE('',#6170,#6171);
#6170 = CARTESIAN_POINT('',(145.,-105.,13.));
#6171 = VECTOR('',#6172,1.);
#6172 = DIRECTION('',(0.,1.,0.));
#6173 = PCURVE('',#4926,#6174);
#6174 = DEFINITIONAL_REPRESENTATION('',(#6175),#6179);
#6175 = LINE('',#6176,#6177);
#6176 = CARTESIAN_POINT('',(2.84217094304E-14,1.42108547152E-14));
#6177 = VECTOR('',#6178,1.);
#6178 = DIRECTION('',(0.,1.));
#6179 = ( GEOMETRIC_REPRESENTATION_CONTEXT(2) 
PARAMETRIC_REPRESENTATION_CONTEXT() REPRESENTATION_CONTEXT('2D SPACE',''
  ) );
#6180 = PCURVE('',#6181,#6186);
#6181 = PLANE('',#6182);
#6182 = AXIS2_PLACEMENT_3D('',#6183,#6184,#6185);
#6183 = CARTESIAN_POINT('',(120.,-92.5,13.));
#6184 = DIRECTION('',(0.,0.,1.));
#6185 = DIRECTION('',(1.,0.,-0.));
#6186 = DEFINITIONAL_REPRESENTATION('',(#6187),#6191);
#6187 = LINE('',#6188,#6189);
#6188 = CARTESIAN_POINT('',(25.,-12.5));
#6189 = VECTOR('',#6190,1.);
#6190 = DIRECTION('',(0.,1.));
#6191 = ( GEOMETRIC_REPRESENTATION_CONTEXT(2) 
PARAMETRIC_REPRESENTATION_CONTEXT() REPRESENTATION_CONTEXT('2D SPACE',''
  ) );
#6192 = ORIENTED_EDGE('',*,*,#6112,.T.);
#6193 = ORIENTED_EDGE('',*,*,#4911,.T.);
#6194 = ADVANCED_FACE('',(#6195),#4899,.T.);
#6195 = FACE_BOUND('',#6196,.T.);
#6196 = EDGE_LOOP('',(#6197,#6221,#6249,#6271));
#6197 = ORIENTED_EDGE('',*,*,#6198,.F.);
#6198 = EDGE_CURVE('',#6199,#4855,#6201,.T.);
#6199 = VERTEX_POINT('',#6200);
#6200 = CARTESIAN_POINT('',(143.75000000033,-80.00002894066,13.));
#6201 = SURFACE_CURVE('',#6202,(#6207,#6214),.PCURVE_S1.);
#6202 = CIRCLE('',#6203,1.25);
#6203 = AXIS2_PLACEMENT_3D('',#6204,#6205,#6206);
#6204 = CARTESIAN_POINT('',(145.,-80.,13.));
#6205 = DIRECTION('',(0.,0.,1.));
#6206 = DIRECTION('',(-1.,0.,-0.));
#6207 = PCURVE('',#4899,#6208);
#6208 = DEFINITIONAL_REPRESENTATION('',(#6209),#6213);
#6209 = CIRCLE('',#6210,1.25);
#6210 = AXIS2_PLACEMENT_2D('',#6211,#6212);
#6211 = CARTESIAN_POINT('',(25.,12.5));
#6212 = DIRECTION('',(-1.,0.));
#6213 = ( GEOMETRIC_REPRESENTATION_CONTEXT(2) 
PARAMETRIC_REPRESENTATION_CONTEXT() REPRESENTATION_CONTEXT('2D SPACE',''
  ) );
#6214 = PCURVE('',#6151,#6215);
#6215 = DEFINITIONAL_REPRESENTATION('',(#6216),#6220);
#6216 = CIRCLE('',#6217,1.25);
#6217 = AXIS2_PLACEMENT_2D('',#6218,#6219);
#6218 = CARTESIAN_POINT('',(25.,12.5));
#6219 = DIRECTION('',(-1.,0.));
#6220 = ( GEOMETRIC_REPRESENTATION_CONTEXT(2) 
PARAMETRIC_REPRESENTATION_CONTEXT() REPRESENTATION_CONTEXT('2D SPACE',''
  ) );
#6221 = ORIENTED_EDGE('',*,*,#6222,.T.);
#6222 = EDGE_CURVE('',#6199,#6223,#6225,.T.);
#6223 = VERTEX_POINT('',#6224);
#6224 = CARTESIAN_POINT('',(143.75000000033,-104.9999710593,13.));
#6225 = SURFACE_CURVE('',#6226,(#6230,#6237),.PCURVE_S1.);
#6226 = LINE('',#6227,#6228);
#6227 = CARTESIAN_POINT('',(143.75,-80.,13.));
#6228 = VECTOR('',#6229,1.);
#6229 = DIRECTION('',(0.,-1.,0.));
#6230 = PCURVE('',#4899,#6231);
#6231 = DEFINITIONAL_REPRESENTATION('',(#6232),#6236);
#6232 = LINE('',#6233,#6234);
#6233 = CARTESIAN_POINT('',(23.75,12.5));
#6234 = VECTOR('',#6235,1.);
#6235 = DIRECTION('',(0.,-1.));
#6236 = ( GEOMETRIC_REPRESENTATION_CONTEXT(2) 
PARAMETRIC_REPRESENTATION_CONTEXT() REPRESENTATION_CONTEXT('2D SPACE',''
  ) );
#6237 = PCURVE('',#6238,#6243);
#6238 = PLANE('',#6239);
#6239 = AXIS2_PLACEMENT_3D('',#6240,#6241,#6242);
#6240 = CARTESIAN_POINT('',(143.75,-80.,0.));
#6241 = DIRECTION('',(1.,0.,-0.));
#6242 = DIRECTION('',(0.,-1.,0.));
#6243 = DEFINITIONAL_REPRESENTATION('',(#6244),#6248);
#6244 = LINE('',#6245,#6246);
#6245 = CARTESIAN_POINT('',(0.,-13.));
#6246 = VECTOR('',#6247,1.);
#6247 = DIRECTION('',(1.,0.));
#6248 = ( GEOMETRIC_REPRESENTATION_CONTEXT(2) 
PARAMETRIC_REPRESENTATION_CONTEXT() REPRESENTATION_CONTEXT('2D SPACE',''
  ) );
#6249 = ORIENTED_EDGE('',*,*,#6250,.F.);
#6250 = EDGE_CURVE('',#4884,#6223,#6251,.T.);
#6251 = SURFACE_CURVE('',#6252,(#6257,#6264),.PCURVE_S1.);
#6252 = CIRCLE('',#6253,1.25);
#6253 = AXIS2_PLACEMENT_3D('',#6254,#6255,#6256);
#6254 = CARTESIAN_POINT('',(145.,-105.,13.));
#6255 = DIRECTION('',(0.,0.,1.));
#6256 = DIRECTION('',(1.,0.,-0.));
#6257 = PCURVE('',#4899,#6258);
#6258 = DEFINITIONAL_REPRESENTATION('',(#6259),#6263);
#6259 = CIRCLE('',#6260,1.25);
#6260 = AXIS2_PLACEMENT_2D('',#6261,#6262);
#6261 = CARTESIAN_POINT('',(25.,-12.5));
#6262 = DIRECTION('',(1.,0.));
#6263 = ( GEOMETRIC_REPRESENTATION_CONTEXT(2) 
PARAMETRIC_REPRESENTATION_CONTEXT() REPRESENTATION_CONTEXT('2D SPACE',''
  ) );
#6264 = PCURVE('',#6181,#6265);
#6265 = DEFINITIONAL_REPRESENTATION('',(#6266),#6270);
#6266 = CIRCLE('',#6267,1.25);
#6267 = AXIS2_PLACEMENT_2D('',#6268,#6269);
#6268 = CARTESIAN_POINT('',(25.,-12.5));
#6269 = DIRECTION('',(1.,0.));
#6270 = ( GEOMETRIC_REPRESENTATION_CONTEXT(2) 
PARAMETRIC_REPRESENTATION_CONTEXT() REPRESENTATION_CONTEXT('2D SPACE',''
  ) );
#6271 = ORIENTED_EDGE('',*,*,#4883,.T.);
#6272 = ADVANCED_FACE('',(#6273),#4992,.T.);
#6273 = FACE_BOUND('',#6274,.T.);
#6274 = EDGE_LOOP('',(#6275,#6298,#6299));
#6275 = ORIENTED_EDGE('',*,*,#6276,.F.);
#6276 = EDGE_CURVE('',#3943,#6277,#6279,.T.);
#6277 = VERTEX_POINT('',#6278);
#6278 = CARTESIAN_POINT('',(140.,-110.,13.));
#6279 = SURFACE_CURVE('',#6280,(#6284,#6291),.PCURVE_S1.);
#6280 = LINE('',#6281,#6282);
#6281 = CARTESIAN_POINT('',(140.,-111.25,13.));
#6282 = VECTOR('',#6283,1.);
#6283 = DIRECTION('',(0.,1.,0.));
#6284 = PCURVE('',#4992,#6285);
#6285 = DEFINITIONAL_REPRESENTATION('',(#6286),#6290);
#6286 = LINE('',#6287,#6288);
#6287 = CARTESIAN_POINT('',(0.,-1.25));
#6288 = VECTOR('',#6289,1.);
#6289 = DIRECTION('',(0.,1.));
#6290 = ( GEOMETRIC_REPRESENTATION_CONTEXT(2) 
PARAMETRIC_REPRESENTATION_CONTEXT() REPRESENTATION_CONTEXT('2D SPACE',''
  ) );
#6291 = PCURVE('',#5192,#6292);
#6292 = DEFINITIONAL_REPRESENTATION('',(#6293),#6297);
#6293 = LINE('',#6294,#6295);
#6294 = CARTESIAN_POINT('',(0.,-1.25));
#6295 = VECTOR('',#6296,1.);
#6296 = DIRECTION('',(0.,1.));
#6297 = ( GEOMETRIC_REPRESENTATION_CONTEXT(2) 
PARAMETRIC_REPRESENTATION_CONTEXT() REPRESENTATION_CONTEXT('2D SPACE',''
  ) );
#6298 = ORIENTED_EDGE('',*,*,#4977,.T.);
#6299 = ORIENTED_EDGE('',*,*,#6300,.F.);
#6300 = EDGE_CURVE('',#6277,#3807,#6301,.T.);
#6301 = SURFACE_CURVE('',#6302,(#6306,#6313),.PCURVE_S1.);
#6302 = LINE('',#6303,#6304);
#6303 = CARTESIAN_POINT('',(139.99997105933,-108.7500000003,13.));
#6304 = VECTOR('',#6305,1.);
#6305 = DIRECTION('',(2.315252984317E-05,-0.999999999732,0.));
#6306 = PCURVE('',#4992,#6307);
#6307 = DEFINITIONAL_REPRESENTATION('',(#6308),#6312);
#6308 = LINE('',#6309,#6310);
#6309 = CARTESIAN_POINT('',(-2.894066230397E-05,1.249999999665));
#6310 = VECTOR('',#6311,1.);
#6311 = DIRECTION('',(2.315252984317E-05,-0.999999999732));
#6312 = ( GEOMETRIC_REPRESENTATION_CONTEXT(2) 
PARAMETRIC_REPRESENTATION_CONTEXT() REPRESENTATION_CONTEXT('2D SPACE',''
  ) );
#6313 = PCURVE('',#5025,#6314);
#6314 = DEFINITIONAL_REPRESENTATION('',(#6315),#6319);
#6315 = LINE('',#6316,#6317);
#6316 = CARTESIAN_POINT('',(-2.894066230397E-05,1.249999999665));
#6317 = VECTOR('',#6318,1.);
#6318 = DIRECTION('',(2.315252984317E-05,-0.999999999732));
#6319 = ( GEOMETRIC_REPRESENTATION_CONTEXT(2) 
PARAMETRIC_REPRESENTATION_CONTEXT() REPRESENTATION_CONTEXT('2D SPACE',''
  ) );
#6320 = ADVANCED_FACE('',(#6321),#5025,.T.);
#6321 = FACE_BOUND('',#6322,.T.);
#6322 = EDGE_LOOP('',(#6323,#6350,#6351,#6352));
#6323 = ORIENTED_EDGE('',*,*,#6324,.F.);
#6324 = EDGE_CURVE('',#6277,#5068,#6325,.T.);
#6325 = SURFACE_CURVE('',#6326,(#6331,#6338),.PCURVE_S1.);
#6326 = CIRCLE('',#6327,5.000115766671);
#6327 = AXIS2_PLACEMENT_3D('',#6328,#6329,#6330);
#6328 = CARTESIAN_POINT('',(139.99988423466,-104.9998842346,13.));
#6329 = DIRECTION('',(0.,0.,1.));
#6330 = DIRECTION('',(2.31525300912E-05,-0.999999999732,0.));
#6331 = PCURVE('',#5025,#6332);
#6332 = DEFINITIONAL_REPRESENTATION('',(#6333),#6337);
#6333 = CIRCLE('',#6334,5.000115766671);
#6334 = AXIS2_PLACEMENT_2D('',#6335,#6336);
#6335 = CARTESIAN_POINT('',(-1.157653307473E-04,5.000115765331));
#6336 = DIRECTION('',(2.31525300912E-05,-0.999999999732));
#6337 = ( GEOMETRIC_REPRESENTATION_CONTEXT(2) 
PARAMETRIC_REPRESENTATION_CONTEXT() REPRESENTATION_CONTEXT('2D SPACE',''
  ) );
#6338 = PCURVE('',#6339,#6344);
#6339 = PLANE('',#6340);
#6340 = AXIS2_PLACEMENT_3D('',#6341,#6342,#6343);
#6341 = CARTESIAN_POINT('',(120.,-92.5,13.));
#6342 = DIRECTION('',(0.,0.,1.));
#6343 = DIRECTION('',(1.,0.,-0.));
#6344 = DEFINITIONAL_REPRESENTATION('',(#6345),#6349);
#6345 = CIRCLE('',#6346,5.000115766671);
#6346 = AXIS2_PLACEMENT_2D('',#6347,#6348);
#6347 = CARTESIAN_POINT('',(19.999884234669,-12.49988423466));
#6348 = DIRECTION('',(2.31525300912E-05,-0.999999999732));
#6349 = ( GEOMETRIC_REPRESENTATION_CONTEXT(2) 
PARAMETRIC_REPRESENTATION_CONTEXT() REPRESENTATION_CONTEXT('2D SPACE',''
  ) );
#6350 = ORIENTED_EDGE('',*,*,#6300,.T.);
#6351 = ORIENTED_EDGE('',*,*,#5008,.T.);
#6352 = ORIENTED_EDGE('',*,*,#5096,.T.);
#6353 = ADVANCED_FACE('',(#6354),#5084,.T.);
#6354 = FACE_BOUND('',#6355,.T.);
#6355 = EDGE_LOOP('',(#6356,#6385,#6418,#6440));
#6356 = ORIENTED_EDGE('',*,*,#6357,.F.);
#6357 = EDGE_CURVE('',#6358,#5039,#6360,.T.);
#6358 = VERTEX_POINT('',#6359);
#6359 = CARTESIAN_POINT('',(143.75,-105.,13.));
#6360 = SURFACE_CURVE('',#6361,(#6366,#6373),.PCURVE_S1.);
#6361 = CIRCLE('',#6362,1.25);
#6362 = AXIS2_PLACEMENT_3D('',#6363,#6364,#6365);
#6363 = CARTESIAN_POINT('',(145.,-105.,13.));
#6364 = DIRECTION('',(0.,0.,1.));
#6365 = DIRECTION('',(-1.,0.,-0.));
#6366 = PCURVE('',#5084,#6367);
#6367 = DEFINITIONAL_REPRESENTATION('',(#6368),#6372);
#6368 = CIRCLE('',#6369,1.25);
#6369 = AXIS2_PLACEMENT_2D('',#6370,#6371);
#6370 = CARTESIAN_POINT('',(25.,-12.5));
#6371 = DIRECTION('',(-1.,0.));
#6372 = ( GEOMETRIC_REPRESENTATION_CONTEXT(2) 
PARAMETRIC_REPRESENTATION_CONTEXT() REPRESENTATION_CONTEXT('2D SPACE',''
  ) );
#6373 = PCURVE('',#6374,#6379);
#6374 = PLANE('',#6375);
#6375 = AXIS2_PLACEMENT_3D('',#6376,#6377,#6378);
#6376 = CARTESIAN_POINT('',(120.,-92.5,13.));
#6377 = DIRECTION('',(0.,0.,1.));
#6378 = DIRECTION('',(1.,0.,-0.));
#6379 = DEFINITIONAL_REPRESENTATION('',(#6380),#6384);
#6380 = CIRCLE('',#6381,1.25);
#6381 = AXIS2_PLACEMENT_2D('',#6382,#6383);
#6382 = CARTESIAN_POINT('',(25.,-12.5));
#6383 = DIRECTION('',(-1.,0.));
#6384 = ( GEOMETRIC_REPRESENTATION_CONTEXT(2) 
PARAMETRIC_REPRESENTATION_CONTEXT() REPRESENTATION_CONTEXT('2D SPACE',''
  ) );
#6385 = ORIENTED_EDGE('',*,*,#6386,.T.);
#6386 = EDGE_CURVE('',#6358,#6387,#6389,.T.);
#6387 = VERTEX_POINT('',#6388);
#6388 = CARTESIAN_POINT('',(140.,-108.75,13.));
#6389 = SURFACE_CURVE('',#6390,(#6395,#6406),.PCURVE_S1.);
#6390 = CIRCLE('',#6391,3.75011576667);
#6391 = AXIS2_PLACEMENT_3D('',#6392,#6393,#6394);
#6392 = CARTESIAN_POINT('',(139.99988423467,-104.9998842346,13.));
#6393 = DIRECTION('',(0.,0.,-1.));
#6394 = DIRECTION('',(0.999999999732,-2.315252988588E-05,0.));
#6395 = PCURVE('',#5084,#6396);
#6396 = DEFINITIONAL_REPRESENTATION('',(#6397),#6405);
#6397 = ( BOUNDED_CURVE() B_SPLINE_CURVE(2,(#6398,#6399,#6400,#6401,
#6402,#6403,#6404),.UNSPECIFIED.,.T.,.F.) B_SPLINE_CURVE_WITH_KNOTS((1,2
    ,2,2,2,1),(-2.094395102393,0.,2.094395102393,4.188790204786,
6.28318530718,8.377580409573),.UNSPECIFIED.) CURVE() 
GEOMETRIC_REPRESENTATION_ITEM() RATIONAL_B_SPLINE_CURVE((1.,0.5,1.,0.5,
1.,0.5,1.)) REPRESENTATION_ITEM('') );
#6398 = CARTESIAN_POINT('',(23.750000000335,-12.49997105933));
#6399 = CARTESIAN_POINT('',(23.7498496156,-18.99536209973));
#6400 = CARTESIAN_POINT('',(18.12475115947,-15.74753634253));
#6401 = CARTESIAN_POINT('',(12.499652703341,-12.49971058533));
#6402 = CARTESIAN_POINT('',(18.124901544206,-9.252145302138));
#6403 = CARTESIAN_POINT('',(23.75015038507,-6.004580018941));
#6404 = CARTESIAN_POINT('',(23.750000000335,-12.49997105933));
#6405 = ( GEOMETRIC_REPRESENTATION_CONTEXT(2) 
PARAMETRIC_REPRESENTATION_CONTEXT() REPRESENTATION_CONTEXT('2D SPACE',''
  ) );
#6406 = PCURVE('',#6407,#6412);
#6407 = CYLINDRICAL_SURFACE('',#6408,3.75011576667);
#6408 = AXIS2_PLACEMENT_3D('',#6409,#6410,#6411);
#6409 = CARTESIAN_POINT('',(139.99988423467,-104.9998842346,0.));
#6410 = DIRECTION('',(0.,0.,-1.));
#6411 = DIRECTION('',(0.999999999732,-2.315252988588E-05,0.));
#6412 = DEFINITIONAL_REPRESENTATION('',(#6413),#6417);
#6413 = LINE('',#6414,#6415);
#6414 = CARTESIAN_POINT('',(0.,-13.));
#6415 = VECTOR('',#6416,1.);
#6416 = DIRECTION('',(1.,0.));
#6417 = ( GEOMETRIC_REPRESENTATION_CONTEXT(2) 
PARAMETRIC_REPRESENTATION_CONTEXT() REPRESENTATION_CONTEXT('2D SPACE',''
  ) );
#6418 = ORIENTED_EDGE('',*,*,#6419,.F.);
#6419 = EDGE_CURVE('',#5068,#6387,#6420,.T.);
#6420 = SURFACE_CURVE('',#6421,(#6426,#6433),.PCURVE_S1.);
#6421 = CIRCLE('',#6422,1.25);
#6422 = AXIS2_PLACEMENT_3D('',#6423,#6424,#6425);
#6423 = CARTESIAN_POINT('',(140.,-110.,13.));
#6424 = DIRECTION('',(0.,0.,1.));
#6425 = DIRECTION('',(1.,0.,-0.));
#6426 = PCURVE('',#5084,#6427);
#6427 = DEFINITIONAL_REPRESENTATION('',(#6428),#6432);
#6428 = CIRCLE('',#6429,1.25);
#6429 = AXIS2_PLACEMENT_2D('',#6430,#6431);
#6430 = CARTESIAN_POINT('',(20.,-17.5));
#6431 = DIRECTION('',(1.,0.));
#6432 = ( GEOMETRIC_REPRESENTATION_CONTEXT(2) 
PARAMETRIC_REPRESENTATION_CONTEXT() REPRESENTATION_CONTEXT('2D SPACE',''
  ) );
#6433 = PCURVE('',#6339,#6434);
#6434 = DEFINITIONAL_REPRESENTATION('',(#6435),#6439);
#6435 = CIRCLE('',#6436,1.25);
#6436 = AXIS2_PLACEMENT_2D('',#6437,#6438);
#6437 = CARTESIAN_POINT('',(20.,-17.5));
#6438 = DIRECTION('',(1.,0.));
#6439 = ( GEOMETRIC_REPRESENTATION_CONTEXT(2) 
PARAMETRIC_REPRESENTATION_CONTEXT() REPRESENTATION_CONTEXT('2D SPACE',''
  ) );
#6440 = ORIENTED_EDGE('',*,*,#5067,.T.);
#6441 = ADVANCED_FACE('',(#6442),#5055,.T.);
#6442 = FACE_BOUND('',#6443,.T.);
#6443 = EDGE_LOOP('',(#6444,#6466,#6467));
#6444 = ORIENTED_EDGE('',*,*,#6445,.F.);
#6445 = EDGE_CURVE('',#5039,#6089,#6446,.T.);
#6446 = SURFACE_CURVE('',#6447,(#6452,#6459),.PCURVE_S1.);
#6447 = CIRCLE('',#6448,5.000115766671);
#6448 = AXIS2_PLACEMENT_3D('',#6449,#6450,#6451);
#6449 = CARTESIAN_POINT('',(139.99988423466,-104.9998842346,13.));
#6450 = DIRECTION('',(0.,0.,1.));
#6451 = DIRECTION('',(2.31525300912E-05,-0.999999999732,0.));
#6452 = PCURVE('',#5055,#6453);
#6453 = DEFINITIONAL_REPRESENTATION('',(#6454),#6458);
#6454 = CIRCLE('',#6455,5.000115766671);
#6455 = AXIS2_PLACEMENT_2D('',#6456,#6457);
#6456 = CARTESIAN_POINT('',(-5.000115765331,1.157653307473E-04));
#6457 = DIRECTION('',(2.31525300912E-05,-0.999999999732));
#6458 = ( GEOMETRIC_REPRESENTATION_CONTEXT(2) 
PARAMETRIC_REPRESENTATION_CONTEXT() REPRESENTATION_CONTEXT('2D SPACE',''
  ) );
#6459 = PCURVE('',#6374,#6460);
#6460 = DEFINITIONAL_REPRESENTATION('',(#6461),#6465);
#6461 = CIRCLE('',#6462,5.000115766671);
#6462 = AXIS2_PLACEMENT_2D('',#6463,#6464);
#6463 = CARTESIAN_POINT('',(19.999884234669,-12.49988423466));
#6464 = DIRECTION('',(2.31525300912E-05,-0.999999999732));
#6465 = ( GEOMETRIC_REPRESENTATION_CONTEXT(2) 
PARAMETRIC_REPRESENTATION_CONTEXT() REPRESENTATION_CONTEXT('2D SPACE',''
  ) );
#6466 = ORIENTED_EDGE('',*,*,#5038,.T.);
#6467 = ORIENTED_EDGE('',*,*,#6088,.T.);
#6468 = ADVANCED_FACE('',(#6469),#5159,.T.);
#6469 = FACE_BOUND('',#6470,.T.);
#6470 = EDGE_LOOP('',(#6471,#6494,#6495));
#6471 = ORIENTED_EDGE('',*,*,#6472,.F.);
#6472 = EDGE_CURVE('',#4113,#6473,#6475,.T.);
#6473 = VERTEX_POINT('',#6474);
#6474 = CARTESIAN_POINT('',(99.999999999985,-110.0000012709,13.));
#6475 = SURFACE_CURVE('',#6476,(#6480,#6487),.PCURVE_S1.);
#6476 = LINE('',#6477,#6478);
#6477 = CARTESIAN_POINT('',(99.999971059338,-111.2499999996,13.));
#6478 = VECTOR('',#6479,1.);
#6479 = DIRECTION('',(2.315252999097E-05,0.999999999732,0.));
#6480 = PCURVE('',#5159,#6481);
#6481 = DEFINITIONAL_REPRESENTATION('',(#6482),#6486);
#6482 = LINE('',#6483,#6484);
#6483 = CARTESIAN_POINT('',(-2.894066251713E-05,-1.249999999664));
#6484 = VECTOR('',#6485,1.);
#6485 = DIRECTION('',(2.315252999097E-05,0.999999999732));
#6486 = ( GEOMETRIC_REPRESENTATION_CONTEXT(2) 
PARAMETRIC_REPRESENTATION_CONTEXT() REPRESENTATION_CONTEXT('2D SPACE',''
  ) );
#6487 = PCURVE('',#5376,#6488);
#6488 = DEFINITIONAL_REPRESENTATION('',(#6489),#6493);
#6489 = LINE('',#6490,#6491);
#6490 = CARTESIAN_POINT('',(-2.894066251713E-05,-1.249999999664));
#6491 = VECTOR('',#6492,1.);
#6492 = DIRECTION('',(2.315252999097E-05,0.999999999732));
#6493 = ( GEOMETRIC_REPRESENTATION_CONTEXT(2) 
PARAMETRIC_REPRESENTATION_CONTEXT() REPRESENTATION_CONTEXT('2D SPACE',''
  ) );
#6494 = ORIENTED_EDGE('',*,*,#5144,.T.);
#6495 = ORIENTED_EDGE('',*,*,#6496,.F.);
#6496 = EDGE_CURVE('',#6473,#3915,#6497,.T.);
#6497 = SURFACE_CURVE('',#6498,(#6502,#6509),.PCURVE_S1.);
#6498 = LINE('',#6499,#6500);
#6499 = CARTESIAN_POINT('',(100.,-108.75,13.));
#6500 = VECTOR('',#6501,1.);
#6501 = DIRECTION('',(0.,-1.,0.));
#6502 = PCURVE('',#5159,#6503);
#6503 = DEFINITIONAL_REPRESENTATION('',(#6504),#6508);
#6504 = LINE('',#6505,#6506);
#6505 = CARTESIAN_POINT('',(-2.84217094304E-14,1.25));
#6506 = VECTOR('',#6507,1.);
#6507 = DIRECTION('',(0.,-1.));
#6508 = ( GEOMETRIC_REPRESENTATION_CONTEXT(2) 
PARAMETRIC_REPRESENTATION_CONTEXT() REPRESENTATION_CONTEXT('2D SPACE',''
  ) );
#6509 = PCURVE('',#5247,#6510);
#6510 = DEFINITIONAL_REPRESENTATION('',(#6511),#6515);
#6511 = LINE('',#6512,#6513);
#6512 = CARTESIAN_POINT('',(-2.84217094304E-14,1.25));
#6513 = VECTOR('',#6514,1.);
#6514 = DIRECTION('',(0.,-1.));
#6515 = ( GEOMETRIC_REPRESENTATION_CONTEXT(2) 
PARAMETRIC_REPRESENTATION_CONTEXT() REPRESENTATION_CONTEXT('2D SPACE',''
  ) );
#6516 = ADVANCED_FACE('',(#6517),#5192,.T.);
#6517 = FACE_BOUND('',#6518,.T.);
#6518 = EDGE_LOOP('',(#6519,#6545,#6546));
#6519 = ORIENTED_EDGE('',*,*,#6520,.F.);
#6520 = EDGE_CURVE('',#5176,#6277,#6521,.T.);
#6521 = SURFACE_CURVE('',#6522,(#6526,#6533),.PCURVE_S1.);
#6522 = LINE('',#6523,#6524);
#6523 = CARTESIAN_POINT('',(100.,-110.,13.));
#6524 = VECTOR('',#6525,1.);
#6525 = DIRECTION('',(1.,0.,0.));
#6526 = PCURVE('',#5192,#6527);
#6527 = DEFINITIONAL_REPRESENTATION('',(#6528),#6532);
#6528 = LINE('',#6529,#6530);
#6529 = CARTESIAN_POINT('',(-40.,1.42108547152E-14));
#6530 = VECTOR('',#6531,1.);
#6531 = DIRECTION('',(1.,0.));
#6532 = ( GEOMETRIC_REPRESENTATION_CONTEXT(2) 
PARAMETRIC_REPRESENTATION_CONTEXT() REPRESENTATION_CONTEXT('2D SPACE',''
  ) );
#6533 = PCURVE('',#6534,#6539);
#6534 = PLANE('',#6535);
#6535 = AXIS2_PLACEMENT_3D('',#6536,#6537,#6538);
#6536 = CARTESIAN_POINT('',(120.,-92.5,13.));
#6537 = DIRECTION('',(0.,0.,1.));
#6538 = DIRECTION('',(1.,0.,-0.));
#6539 = DEFINITIONAL_REPRESENTATION('',(#6540),#6544);
#6540 = LINE('',#6541,#6542);
#6541 = CARTESIAN_POINT('',(-20.,-17.5));
#6542 = VECTOR('',#6543,1.);
#6543 = DIRECTION('',(1.,0.));
#6544 = ( GEOMETRIC_REPRESENTATION_CONTEXT(2) 
PARAMETRIC_REPRESENTATION_CONTEXT() REPRESENTATION_CONTEXT('2D SPACE',''
  ) );
#6545 = ORIENTED_EDGE('',*,*,#5175,.T.);
#6546 = ORIENTED_EDGE('',*,*,#6276,.T.);
#6547 = ADVANCED_FACE('',(#6548),#5247,.T.);
#6548 = FACE_BOUND('',#6549,.T.);
#6549 = EDGE_LOOP('',(#6550,#6576,#6577));
#6550 = ORIENTED_EDGE('',*,*,#6551,.F.);
#6551 = EDGE_CURVE('',#6473,#5205,#6552,.T.);
#6552 = SURFACE_CURVE('',#6553,(#6557,#6564),.PCURVE_S1.);
#6553 = LINE('',#6554,#6555);
#6554 = CARTESIAN_POINT('',(100.,-110.,13.));
#6555 = VECTOR('',#6556,1.);
#6556 = DIRECTION('',(1.,0.,0.));
#6557 = PCURVE('',#5247,#6558);
#6558 = DEFINITIONAL_REPRESENTATION('',(#6559),#6563);
#6559 = LINE('',#6560,#6561);
#6560 = CARTESIAN_POINT('',(-2.84217094304E-14,1.42108547152E-14));
#6561 = VECTOR('',#6562,1.);
#6562 = DIRECTION('',(1.,0.));
#6563 = ( GEOMETRIC_REPRESENTATION_CONTEXT(2) 
PARAMETRIC_REPRESENTATION_CONTEXT() REPRESENTATION_CONTEXT('2D SPACE',''
  ) );
#6564 = PCURVE('',#6565,#6570);
#6565 = PLANE('',#6566);
#6566 = AXIS2_PLACEMENT_3D('',#6567,#6568,#6569);
#6567 = CARTESIAN_POINT('',(120.,-92.5,13.));
#6568 = DIRECTION('',(0.,0.,1.));
#6569 = DIRECTION('',(1.,0.,-0.));
#6570 = DEFINITIONAL_REPRESENTATION('',(#6571),#6575);
#6571 = LINE('',#6572,#6573);
#6572 = CARTESIAN_POINT('',(-20.,-17.5));
#6573 = VECTOR('',#6574,1.);
#6574 = DIRECTION('',(1.,0.));
#6575 = ( GEOMETRIC_REPRESENTATION_CONTEXT(2) 
PARAMETRIC_REPRESENTATION_CONTEXT() REPRESENTATION_CONTEXT('2D SPACE',''
  ) );
#6576 = ORIENTED_EDGE('',*,*,#6496,.T.);
#6577 = ORIENTED_EDGE('',*,*,#5232,.T.);
#6578 = ADVANCED_FACE('',(#6579),#5220,.T.);
#6579 = FACE_BOUND('',#6580,.T.);
#6580 = EDGE_LOOP('',(#6581,#6611,#6633,#6634));
#6581 = ORIENTED_EDGE('',*,*,#6582,.T.);
#6582 = EDGE_CURVE('',#6583,#6585,#6587,.T.);
#6583 = VERTEX_POINT('',#6584);
#6584 = CARTESIAN_POINT('',(139.99997105933,-108.7500000003,13.));
#6585 = VERTEX_POINT('',#6586);
#6586 = CARTESIAN_POINT('',(100.00002894066,-108.7500000003,13.));
#6587 = SURFACE_CURVE('',#6588,(#6592,#6599),.PCURVE_S1.);
#6588 = LINE('',#6589,#6590);
#6589 = CARTESIAN_POINT('',(140.,-108.75,13.));
#6590 = VECTOR('',#6591,1.);
#6591 = DIRECTION('',(-1.,0.,0.));
#6592 = PCURVE('',#5220,#6593);
#6593 = DEFINITIONAL_REPRESENTATION('',(#6594),#6598);
#6594 = LINE('',#6595,#6596);
#6595 = CARTESIAN_POINT('',(20.,-16.25));
#6596 = VECTOR('',#6597,1.);
#6597 = DIRECTION('',(-1.,0.));
#6598 = ( GEOMETRIC_REPRESENTATION_CONTEXT(2) 
PARAMETRIC_REPRESENTATION_CONTEXT() REPRESENTATION_CONTEXT('2D SPACE',''
  ) );
#6599 = PCURVE('',#6600,#6605);
#6600 = PLANE('',#6601);
#6601 = AXIS2_PLACEMENT_3D('',#6602,#6603,#6604);
#6602 = CARTESIAN_POINT('',(140.,-108.75,0.));
#6603 = DIRECTION('',(0.,-1.,0.));
#6604 = DIRECTION('',(-1.,0.,0.));
#6605 = DEFINITIONAL_REPRESENTATION('',(#6606),#6610);
#6606 = LINE('',#6607,#6608);
#6607 = CARTESIAN_POINT('',(0.,-13.));
#6608 = VECTOR('',#6609,1.);
#6609 = DIRECTION('',(1.,0.));
#6610 = ( GEOMETRIC_REPRESENTATION_CONTEXT(2) 
PARAMETRIC_REPRESENTATION_CONTEXT() REPRESENTATION_CONTEXT('2D SPACE',''
  ) );
#6611 = ORIENTED_EDGE('',*,*,#6612,.F.);
#6612 = EDGE_CURVE('',#5205,#6585,#6613,.T.);
#6613 = SURFACE_CURVE('',#6614,(#6619,#6626),.PCURVE_S1.);
#6614 = CIRCLE('',#6615,1.25);
#6615 = AXIS2_PLACEMENT_3D('',#6616,#6617,#6618);
#6616 = CARTESIAN_POINT('',(100.,-110.,13.));
#6617 = DIRECTION('',(0.,0.,1.));
#6618 = DIRECTION('',(1.,0.,-0.));
#6619 = PCURVE('',#5220,#6620);
#6620 = DEFINITIONAL_REPRESENTATION('',(#6621),#6625);
#6621 = CIRCLE('',#6622,1.25);
#6622 = AXIS2_PLACEMENT_2D('',#6623,#6624);
#6623 = CARTESIAN_POINT('',(-20.,-17.5));
#6624 = DIRECTION('',(1.,0.));
#6625 = ( GEOMETRIC_REPRESENTATION_CONTEXT(2) 
PARAMETRIC_REPRESENTATION_CONTEXT() REPRESENTATION_CONTEXT('2D SPACE',''
  ) );
#6626 = PCURVE('',#6565,#6627);
#6627 = DEFINITIONAL_REPRESENTATION('',(#6628),#6632);
#6628 = CIRCLE('',#6629,1.25);
#6629 = AXIS2_PLACEMENT_2D('',#6630,#6631);
#6630 = CARTESIAN_POINT('',(-20.,-17.5));
#6631 = DIRECTION('',(1.,0.));
#6632 = ( GEOMETRIC_REPRESENTATION_CONTEXT(2) 
PARAMETRIC_REPRESENTATION_CONTEXT() REPRESENTATION_CONTEXT('2D SPACE',''
  ) );
#6633 = ORIENTED_EDGE('',*,*,#5204,.T.);
#6634 = ORIENTED_EDGE('',*,*,#6635,.F.);
#6635 = EDGE_CURVE('',#6583,#5176,#6636,.T.);
#6636 = SURFACE_CURVE('',#6637,(#6642,#6649),.PCURVE_S1.);
#6637 = CIRCLE('',#6638,1.25);
#6638 = AXIS2_PLACEMENT_3D('',#6639,#6640,#6641);
#6639 = CARTESIAN_POINT('',(140.,-110.,13.));
#6640 = DIRECTION('',(0.,0.,1.));
#6641 = DIRECTION('',(1.,0.,-0.));
#6642 = PCURVE('',#5220,#6643);
#6643 = DEFINITIONAL_REPRESENTATION('',(#6644),#6648);
#6644 = CIRCLE('',#6645,1.25);
#6645 = AXIS2_PLACEMENT_2D('',#6646,#6647);
#6646 = CARTESIAN_POINT('',(20.,-17.5));
#6647 = DIRECTION('',(1.,0.));
#6648 = ( GEOMETRIC_REPRESENTATION_CONTEXT(2) 
PARAMETRIC_REPRESENTATION_CONTEXT() REPRESENTATION_CONTEXT('2D SPACE',''
  ) );
#6649 = PCURVE('',#6534,#6650);
#6650 = DEFINITIONAL_REPRESENTATION('',(#6651),#6655);
#6651 = CIRCLE('',#6652,1.25);
#6652 = AXIS2_PLACEMENT_2D('',#6653,#6654);
#6653 = CARTESIAN_POINT('',(20.,-17.5));
#6654 = DIRECTION('',(1.,0.));
#6655 = ( GEOMETRIC_REPRESENTATION_CONTEXT(2) 
PARAMETRIC_REPRESENTATION_CONTEXT() REPRESENTATION_CONTEXT('2D SPACE',''
  ) );
#6656 = ADVANCED_FACE('',(#6657),#5313,.T.);
#6657 = FACE_BOUND('',#6658,.T.);
#6658 = EDGE_LOOP('',(#6659,#6682,#6683));
#6659 = ORIENTED_EDGE('',*,*,#6660,.F.);
#6660 = EDGE_CURVE('',#4194,#6661,#6663,.T.);
#6661 = VERTEX_POINT('',#6662);
#6662 = CARTESIAN_POINT('',(95.,-105.,13.));
#6663 = SURFACE_CURVE('',#6664,(#6668,#6675),.PCURVE_S1.);
#6664 = LINE('',#6665,#6666);
#6665 = CARTESIAN_POINT('',(93.75,-105.,13.));
#6666 = VECTOR('',#6667,1.);
#6667 = DIRECTION('',(1.,0.,0.));
#6668 = PCURVE('',#5313,#6669);
#6669 = DEFINITIONAL_REPRESENTATION('',(#6670),#6674);
#6670 = LINE('',#6671,#6672);
#6671 = CARTESIAN_POINT('',(-1.25,1.42108547152E-14));
#6672 = VECTOR('',#6673,1.);
#6673 = DIRECTION('',(1.,0.));
#6674 = ( GEOMETRIC_REPRESENTATION_CONTEXT(2) 
PARAMETRIC_REPRESENTATION_CONTEXT() REPRESENTATION_CONTEXT('2D SPACE',''
  ) );
#6675 = PCURVE('',#5459,#6676);
#6676 = DEFINITIONAL_REPRESENTATION('',(#6677),#6681);
#6677 = LINE('',#6678,#6679);
#6678 = CARTESIAN_POINT('',(-1.25,1.42108547152E-14));
#6679 = VECTOR('',#6680,1.);
#6680 = DIRECTION('',(1.,0.));
#6681 = ( GEOMETRIC_REPRESENTATION_CONTEXT(2) 
PARAMETRIC_REPRESENTATION_CONTEXT() REPRESENTATION_CONTEXT('2D SPACE',''
  ) );
#6682 = ORIENTED_EDGE('',*,*,#5298,.T.);
#6683 = ORIENTED_EDGE('',*,*,#6684,.F.);
#6684 = EDGE_CURVE('',#6661,#4085,#6685,.T.);
#6685 = SURFACE_CURVE('',#6686,(#6690,#6697),.PCURVE_S1.);
#6686 = LINE('',#6687,#6688);
#6687 = CARTESIAN_POINT('',(96.249999999665,-104.9999710593,13.));
#6688 = VECTOR('',#6689,1.);
#6689 = DIRECTION('',(-0.999999999732,-2.315253013876E-05,0.));
#6690 = PCURVE('',#5313,#6691);
#6691 = DEFINITIONAL_REPRESENTATION('',(#6692),#6696);
#6692 = LINE('',#6693,#6694);
#6693 = CARTESIAN_POINT('',(1.249999999665,2.894066268766E-05));
#6694 = VECTOR('',#6695,1.);
#6695 = DIRECTION('',(-0.999999999732,-2.315253013876E-05));
#6696 = ( GEOMETRIC_REPRESENTATION_CONTEXT(2) 
PARAMETRIC_REPRESENTATION_CONTEXT() REPRESENTATION_CONTEXT('2D SPACE',''
  ) );
#6697 = PCURVE('',#5346,#6698);
#6698 = DEFINITIONAL_REPRESENTATION('',(#6699),#6703);
#6699 = LINE('',#6700,#6701);
#6700 = CARTESIAN_POINT('',(1.249999999665,2.894066268766E-05));
#6701 = VECTOR('',#6702,1.);
#6702 = DIRECTION('',(-0.999999999732,-2.315253013876E-05));
#6703 = ( GEOMETRIC_REPRESENTATION_CONTEXT(2) 
PARAMETRIC_REPRESENTATION_CONTEXT() REPRESENTATION_CONTEXT('2D SPACE',''
  ) );
#6704 = ADVANCED_FACE('',(#6705),#5346,.T.);
#6705 = FACE_BOUND('',#6706,.T.);
#6706 = EDGE_LOOP('',(#6707,#6734,#6735));
#6707 = ORIENTED_EDGE('',*,*,#6708,.F.);
#6708 = EDGE_CURVE('',#6661,#5330,#6709,.T.);
#6709 = SURFACE_CURVE('',#6710,(#6715,#6722),.PCURVE_S1.);
#6710 = CIRCLE('',#6711,5.000115766671);
#6711 = AXIS2_PLACEMENT_3D('',#6712,#6713,#6714);
#6712 = CARTESIAN_POINT('',(100.00011576533,-104.9998842346,13.));
#6713 = DIRECTION('',(0.,0.,1.));
#6714 = DIRECTION('',(-0.999999999732,-2.31525300912E-05,0.));
#6715 = PCURVE('',#5346,#6716);
#6716 = DEFINITIONAL_REPRESENTATION('',(#6717),#6721);
#6717 = CIRCLE('',#6718,5.000115766671);
#6718 = AXIS2_PLACEMENT_2D('',#6719,#6720);
#6719 = CARTESIAN_POINT('',(5.000115765331,1.157653307615E-04));
#6720 = DIRECTION('',(-0.999999999732,-2.31525300912E-05));
#6721 = ( GEOMETRIC_REPRESENTATION_CONTEXT(2) 
PARAMETRIC_REPRESENTATION_CONTEXT() REPRESENTATION_CONTEXT('2D SPACE',''
  ) );
#6722 = PCURVE('',#6723,#6728);
#6723 = PLANE('',#6724);
#6724 = AXIS2_PLACEMENT_3D('',#6725,#6726,#6727);
#6725 = CARTESIAN_POINT('',(120.,-92.5,13.));
#6726 = DIRECTION('',(0.,0.,1.));
#6727 = DIRECTION('',(1.,0.,-0.));
#6728 = DEFINITIONAL_REPRESENTATION('',(#6729),#6733);
#6729 = CIRCLE('',#6730,5.000115766671);
#6730 = AXIS2_PLACEMENT_2D('',#6731,#6732);
#6731 = CARTESIAN_POINT('',(-19.99988423466,-12.49988423466));
#6732 = DIRECTION('',(-0.999999999732,-2.31525300912E-05));
#6733 = ( GEOMETRIC_REPRESENTATION_CONTEXT(2) 
PARAMETRIC_REPRESENTATION_CONTEXT() REPRESENTATION_CONTEXT('2D SPACE',''
  ) );
#6734 = ORIENTED_EDGE('',*,*,#6684,.T.);
#6735 = ORIENTED_EDGE('',*,*,#5329,.T.);
#6736 = ADVANCED_FACE('',(#6737),#5427,.T.);
#6737 = FACE_BOUND('',#6738,.T.);
#6738 = EDGE_LOOP('',(#6739,#6774,#6796,#6797));
#6739 = ORIENTED_EDGE('',*,*,#6740,.T.);
#6740 = EDGE_CURVE('',#6741,#6743,#6745,.T.);
#6741 = VERTEX_POINT('',#6742);
#6742 = CARTESIAN_POINT('',(100.,-108.75,13.));
#6743 = VERTEX_POINT('',#6744);
#6744 = CARTESIAN_POINT('',(96.25,-105.,13.));
#6745 = SURFACE_CURVE('',#6746,(#6751,#6762),.PCURVE_S1.);
#6746 = CIRCLE('',#6747,3.75011576667);
#6747 = AXIS2_PLACEMENT_3D('',#6748,#6749,#6750);
#6748 = CARTESIAN_POINT('',(100.00011576533,-104.9998842346,13.));
#6749 = DIRECTION('',(0.,0.,-1.));
#6750 = DIRECTION('',(-2.31525299844E-05,-0.999999999732,-0.));
#6751 = PCURVE('',#5427,#6752);
#6752 = DEFINITIONAL_REPRESENTATION('',(#6753),#6761);
#6753 = ( BOUNDED_CURVE() B_SPLINE_CURVE(2,(#6754,#6755,#6756,#6757,
#6758,#6759,#6760),.UNSPECIFIED.,.T.,.F.) B_SPLINE_CURVE_WITH_KNOTS((1,2
    ,2,2,2,1),(-2.094395102393,0.,2.094395102393,4.188790204786,
6.28318530718,8.377580409573),.UNSPECIFIED.) CURVE() 
GEOMETRIC_REPRESENTATION_ITEM() RATIONAL_B_SPLINE_CURVE((1.,0.5,1.,0.5,
1.,0.5,1.)) REPRESENTATION_ITEM('') );
#6754 = CARTESIAN_POINT('',(-19.99997105933,-16.25000000033));
#6755 = CARTESIAN_POINT('',(-26.49536209973,-16.24984961559));
#6756 = CARTESIAN_POINT('',(-23.24753634253,-10.62475115946));
#6757 = CARTESIAN_POINT('',(-19.99971058533,-4.999652703339));
#6758 = CARTESIAN_POINT('',(-16.75214530213,-10.6249015442));
#6759 = CARTESIAN_POINT('',(-13.50458001894,-16.25015038507));
#6760 = CARTESIAN_POINT('',(-19.99997105933,-16.25000000033));
#6761 = ( GEOMETRIC_REPRESENTATION_CONTEXT(2) 
PARAMETRIC_REPRESENTATION_CONTEXT() REPRESENTATION_CONTEXT('2D SPACE',''
  ) );
#6762 = PCURVE('',#6763,#6768);
#6763 = CYLINDRICAL_SURFACE('',#6764,3.75011576667);
#6764 = AXIS2_PLACEMENT_3D('',#6765,#6766,#6767);
#6765 = CARTESIAN_POINT('',(100.00011576533,-104.9998842346,0.));
#6766 = DIRECTION('',(0.,0.,-1.));
#6767 = DIRECTION('',(-2.31525299844E-05,-0.999999999732,-0.));
#6768 = DEFINITIONAL_REPRESENTATION('',(#6769),#6773);
#6769 = LINE('',#6770,#6771);
#6770 = CARTESIAN_POINT('',(0.,-13.));
#6771 = VECTOR('',#6772,1.);
#6772 = DIRECTION('',(1.,0.));
#6773 = ( GEOMETRIC_REPRESENTATION_CONTEXT(2) 
PARAMETRIC_REPRESENTATION_CONTEXT() REPRESENTATION_CONTEXT('2D SPACE',''
  ) );
#6774 = ORIENTED_EDGE('',*,*,#6775,.F.);
#6775 = EDGE_CURVE('',#5330,#6743,#6776,.T.);
#6776 = SURFACE_CURVE('',#6777,(#6782,#6789),.PCURVE_S1.);
#6777 = CIRCLE('',#6778,1.25);
#6778 = AXIS2_PLACEMENT_3D('',#6779,#6780,#6781);
#6779 = CARTESIAN_POINT('',(95.,-105.,13.));
#6780 = DIRECTION('',(0.,0.,1.));
#6781 = DIRECTION('',(-1.,0.,-0.));
#6782 = PCURVE('',#5427,#6783);
#6783 = DEFINITIONAL_REPRESENTATION('',(#6784),#6788);
#6784 = CIRCLE('',#6785,1.25);
#6785 = AXIS2_PLACEMENT_2D('',#6786,#6787);
#6786 = CARTESIAN_POINT('',(-25.,-12.5));
#6787 = DIRECTION('',(-1.,0.));
#6788 = ( GEOMETRIC_REPRESENTATION_CONTEXT(2) 
PARAMETRIC_REPRESENTATION_CONTEXT() REPRESENTATION_CONTEXT('2D SPACE',''
  ) );
#6789 = PCURVE('',#6723,#6790);
#6790 = DEFINITIONAL_REPRESENTATION('',(#6791),#6795);
#6791 = CIRCLE('',#6792,1.25);
#6792 = AXIS2_PLACEMENT_2D('',#6793,#6794);
#6793 = CARTESIAN_POINT('',(-25.,-12.5));
#6794 = DIRECTION('',(-1.,0.));
#6795 = ( GEOMETRIC_REPRESENTATION_CONTEXT(2) 
PARAMETRIC_REPRESENTATION_CONTEXT() REPRESENTATION_CONTEXT('2D SPACE',''
  ) );
#6796 = ORIENTED_EDGE('',*,*,#5412,.T.);
#6797 = ORIENTED_EDGE('',*,*,#6798,.F.);
#6798 = EDGE_CURVE('',#6741,#5389,#6799,.T.);
#6799 = SURFACE_CURVE('',#6800,(#6805,#6812),.PCURVE_S1.);
#6800 = CIRCLE('',#6801,1.25);
#6801 = AXIS2_PLACEMENT_3D('',#6802,#6803,#6804);
#6802 = CARTESIAN_POINT('',(100.,-110.,13.));
#6803 = DIRECTION('',(0.,0.,1.));
#6804 = DIRECTION('',(1.,0.,-0.));
#6805 = PCURVE('',#5427,#6806);
#6806 = DEFINITIONAL_REPRESENTATION('',(#6807),#6811);
#6807 = CIRCLE('',#6808,1.25);
#6808 = AXIS2_PLACEMENT_2D('',#6809,#6810);
#6809 = CARTESIAN_POINT('',(-20.,-17.5));
#6810 = DIRECTION('',(1.,0.));
#6811 = ( GEOMETRIC_REPRESENTATION_CONTEXT(2) 
PARAMETRIC_REPRESENTATION_CONTEXT() REPRESENTATION_CONTEXT('2D SPACE',''
  ) );
#6812 = PCURVE('',#6813,#6818);
#6813 = PLANE('',#6814);
#6814 = AXIS2_PLACEMENT_3D('',#6815,#6816,#6817);
#6815 = CARTESIAN_POINT('',(120.,-92.5,13.));
#6816 = DIRECTION('',(0.,0.,1.));
#6817 = DIRECTION('',(1.,0.,-0.));
#6818 = DEFINITIONAL_REPRESENTATION('',(#6819),#6823);
#6819 = CIRCLE('',#6820,1.25);
#6820 = AXIS2_PLACEMENT_2D('',#6821,#6822);
#6821 = CARTESIAN_POINT('',(-20.,-17.5));
#6822 = DIRECTION('',(1.,0.));
#6823 = ( GEOMETRIC_REPRESENTATION_CONTEXT(2) 
PARAMETRIC_REPRESENTATION_CONTEXT() REPRESENTATION_CONTEXT('2D SPACE',''
  ) );
#6824 = ADVANCED_FACE('',(#6825),#5376,.T.);
#6825 = FACE_BOUND('',#6826,.T.);
#6826 = EDGE_LOOP('',(#6827,#6828,#6829,#6830));
#6827 = ORIENTED_EDGE('',*,*,#5388,.T.);
#6828 = ORIENTED_EDGE('',*,*,#5359,.T.);
#6829 = ORIENTED_EDGE('',*,*,#6472,.T.);
#6830 = ORIENTED_EDGE('',*,*,#6831,.F.);
#6831 = EDGE_CURVE('',#5389,#6473,#6832,.T.);
#6832 = SURFACE_CURVE('',#6833,(#6838,#6845),.PCURVE_S1.);
#6833 = CIRCLE('',#6834,5.000115766671);
#6834 = AXIS2_PLACEMENT_3D('',#6835,#6836,#6837);
#6835 = CARTESIAN_POINT('',(100.00011576533,-104.9998842346,13.));
#6836 = DIRECTION('',(0.,0.,1.));
#6837 = DIRECTION('',(-0.999999999732,-2.31525300912E-05,0.));
#6838 = PCURVE('',#5376,#6839);
#6839 = DEFINITIONAL_REPRESENTATION('',(#6840),#6844);
#6840 = CIRCLE('',#6841,5.000115766671);
#6841 = AXIS2_PLACEMENT_2D('',#6842,#6843);
#6842 = CARTESIAN_POINT('',(1.157653307189E-04,5.000115765331));
#6843 = DIRECTION('',(-0.999999999732,-2.31525300912E-05));
#6844 = ( GEOMETRIC_REPRESENTATION_CONTEXT(2) 
PARAMETRIC_REPRESENTATION_CONTEXT() REPRESENTATION_CONTEXT('2D SPACE',''
  ) );
#6845 = PCURVE('',#6813,#6846);
#6846 = DEFINITIONAL_REPRESENTATION('',(#6847),#6851);
#6847 = CIRCLE('',#6848,5.000115766671);
#6848 = AXIS2_PLACEMENT_2D('',#6849,#6850);
#6849 = CARTESIAN_POINT('',(-19.99988423466,-12.49988423466));
#6850 = DIRECTION('',(-0.999999999732,-2.31525300912E-05));
#6851 = ( GEOMETRIC_REPRESENTATION_CONTEXT(2) 
PARAMETRIC_REPRESENTATION_CONTEXT() REPRESENTATION_CONTEXT('2D SPACE',''
  ) );
#6852 = ADVANCED_FACE('',(#6853),#5459,.T.);
#6853 = FACE_BOUND('',#6854,.T.);
#6854 = EDGE_LOOP('',(#6855,#6881,#6882));
#6855 = ORIENTED_EDGE('',*,*,#6856,.F.);
#6856 = EDGE_CURVE('',#5443,#6661,#6857,.T.);
#6857 = SURFACE_CURVE('',#6858,(#6862,#6869),.PCURVE_S1.);
#6858 = LINE('',#6859,#6860);
#6859 = CARTESIAN_POINT('',(95.,-80.,13.));
#6860 = VECTOR('',#6861,1.);
#6861 = DIRECTION('',(0.,-1.,0.));
#6862 = PCURVE('',#5459,#6863);
#6863 = DEFINITIONAL_REPRESENTATION('',(#6864),#6868);
#6864 = LINE('',#6865,#6866);
#6865 = CARTESIAN_POINT('',(-1.42108547152E-14,25.));
#6866 = VECTOR('',#6867,1.);
#6867 = DIRECTION('',(0.,-1.));
#6868 = ( GEOMETRIC_REPRESENTATION_CONTEXT(2) 
PARAMETRIC_REPRESENTATION_CONTEXT() REPRESENTATION_CONTEXT('2D SPACE',''
  ) );
#6869 = PCURVE('',#6870,#6875);
#6870 = PLANE('',#6871);
#6871 = AXIS2_PLACEMENT_3D('',#6872,#6873,#6874);
#6872 = CARTESIAN_POINT('',(120.,-92.5,13.));
#6873 = DIRECTION('',(0.,0.,1.));
#6874 = DIRECTION('',(1.,0.,-0.));
#6875 = DEFINITIONAL_REPRESENTATION('',(#6876),#6880);
#6876 = LINE('',#6877,#6878);
#6877 = CARTESIAN_POINT('',(-25.,12.5));
#6878 = VECTOR('',#6879,1.);
#6879 = DIRECTION('',(0.,-1.));
#6880 = ( GEOMETRIC_REPRESENTATION_CONTEXT(2) 
PARAMETRIC_REPRESENTATION_CONTEXT() REPRESENTATION_CONTEXT('2D SPACE',''
  ) );
#6881 = ORIENTED_EDGE('',*,*,#5442,.T.);
#6882 = ORIENTED_EDGE('',*,*,#6660,.T.);
#6883 = ADVANCED_FACE('',(#6884),#5487,.T.);
#6884 = FACE_BOUND('',#6885,.T.);
#6885 = EDGE_LOOP('',(#6886,#6916,#6938,#6939));
#6886 = ORIENTED_EDGE('',*,*,#6887,.T.);
#6887 = EDGE_CURVE('',#6888,#6890,#6892,.T.);
#6888 = VERTEX_POINT('',#6889);
#6889 = CARTESIAN_POINT('',(96.249999999665,-104.9999710593,13.));
#6890 = VERTEX_POINT('',#6891);
#6891 = CARTESIAN_POINT('',(96.249999999665,-80.00002894066,13.));
#6892 = SURFACE_CURVE('',#6893,(#6897,#6904),.PCURVE_S1.);
#6893 = LINE('',#6894,#6895);
#6894 = CARTESIAN_POINT('',(96.25,-105.,13.));
#6895 = VECTOR('',#6896,1.);
#6896 = DIRECTION('',(0.,1.,0.));
#6897 = PCURVE('',#5487,#6898);
#6898 = DEFINITIONAL_REPRESENTATION('',(#6899),#6903);
#6899 = LINE('',#6900,#6901);
#6900 = CARTESIAN_POINT('',(-23.75,-12.5));
#6901 = VECTOR('',#6902,1.);
#6902 = DIRECTION('',(0.,1.));
#6903 = ( GEOMETRIC_REPRESENTATION_CONTEXT(2) 
PARAMETRIC_REPRESENTATION_CONTEXT() REPRESENTATION_CONTEXT('2D SPACE',''
  ) );
#6904 = PCURVE('',#6905,#6910);
#6905 = PLANE('',#6906);
#6906 = AXIS2_PLACEMENT_3D('',#6907,#6908,#6909);
#6907 = CARTESIAN_POINT('',(96.25,-105.,0.));
#6908 = DIRECTION('',(-1.,0.,0.));
#6909 = DIRECTION('',(0.,1.,0.));
#6910 = DEFINITIONAL_REPRESENTATION('',(#6911),#6915);
#6911 = LINE('',#6912,#6913);
#6912 = CARTESIAN_POINT('',(0.,-13.));
#6913 = VECTOR('',#6914,1.);
#6914 = DIRECTION('',(1.,0.));
#6915 = ( GEOMETRIC_REPRESENTATION_CONTEXT(2) 
PARAMETRIC_REPRESENTATION_CONTEXT() REPRESENTATION_CONTEXT('2D SPACE',''
  ) );
#6916 = ORIENTED_EDGE('',*,*,#6917,.F.);
#6917 = EDGE_CURVE('',#5472,#6890,#6918,.T.);
#6918 = SURFACE_CURVE('',#6919,(#6924,#6931),.PCURVE_S1.);
#6919 = CIRCLE('',#6920,1.25);
#6920 = AXIS2_PLACEMENT_3D('',#6921,#6922,#6923);
#6921 = CARTESIAN_POINT('',(95.,-80.,13.));
#6922 = DIRECTION('',(0.,0.,1.));
#6923 = DIRECTION('',(-1.,0.,-0.));
#6924 = PCURVE('',#5487,#6925);
#6925 = DEFINITIONAL_REPRESENTATION('',(#6926),#6930);
#6926 = CIRCLE('',#6927,1.25);
#6927 = AXIS2_PLACEMENT_2D('',#6928,#6929);
#6928 = CARTESIAN_POINT('',(-25.,12.5));
#6929 = DIRECTION('',(-1.,0.));
#6930 = ( GEOMETRIC_REPRESENTATION_CONTEXT(2) 
PARAMETRIC_REPRESENTATION_CONTEXT() REPRESENTATION_CONTEXT('2D SPACE',''
  ) );
#6931 = PCURVE('',#5539,#6932);
#6932 = DEFINITIONAL_REPRESENTATION('',(#6933),#6937);
#6933 = CIRCLE('',#6934,1.25);
#6934 = AXIS2_PLACEMENT_2D('',#6935,#6936);
#6935 = CARTESIAN_POINT('',(-25.,12.5));
#6936 = DIRECTION('',(-1.,0.));
#6937 = ( GEOMETRIC_REPRESENTATION_CONTEXT(2) 
PARAMETRIC_REPRESENTATION_CONTEXT() REPRESENTATION_CONTEXT('2D SPACE',''
  ) );
#6938 = ORIENTED_EDGE('',*,*,#5471,.T.);
#6939 = ORIENTED_EDGE('',*,*,#6940,.F.);
#6940 = EDGE_CURVE('',#6888,#5443,#6941,.T.);
#6941 = SURFACE_CURVE('',#6942,(#6947,#6954),.PCURVE_S1.);
#6942 = CIRCLE('',#6943,1.25);
#6943 = AXIS2_PLACEMENT_3D('',#6944,#6945,#6946);
#6944 = CARTESIAN_POINT('',(95.,-105.,13.));
#6945 = DIRECTION('',(0.,0.,1.));
#6946 = DIRECTION('',(1.,0.,-0.));
#6947 = PCURVE('',#5487,#6948);
#6948 = DEFINITIONAL_REPRESENTATION('',(#6949),#6953);
#6949 = CIRCLE('',#6950,1.25);
#6950 = AXIS2_PLACEMENT_2D('',#6951,#6952);
#6951 = CARTESIAN_POINT('',(-25.,-12.5));
#6952 = DIRECTION('',(1.,0.));
#6953 = ( GEOMETRIC_REPRESENTATION_CONTEXT(2) 
PARAMETRIC_REPRESENTATION_CONTEXT() REPRESENTATION_CONTEXT('2D SPACE',''
  ) );
#6954 = PCURVE('',#6870,#6955);
#6955 = DEFINITIONAL_REPRESENTATION('',(#6956),#6960);
#6956 = CIRCLE('',#6957,1.25);
#6957 = AXIS2_PLACEMENT_2D('',#6958,#6959);
#6958 = CARTESIAN_POINT('',(-25.,-12.5));
#6959 = DIRECTION('',(1.,0.));
#6960 = ( GEOMETRIC_REPRESENTATION_CONTEXT(2) 
PARAMETRIC_REPRESENTATION_CONTEXT() REPRESENTATION_CONTEXT('2D SPACE',''
  ) );
#6961 = ADVANCED_FACE('',(#6962),#5539,.T.);
#6962 = FACE_BOUND('',#6963,.T.);
#6963 = EDGE_LOOP('',(#6964,#6985,#6986));
#6964 = ORIENTED_EDGE('',*,*,#6965,.F.);
#6965 = EDGE_CURVE('',#4253,#6890,#6966,.T.);
#6966 = SURFACE_CURVE('',#6967,(#6971,#6978),.PCURVE_S1.);
#6967 = LINE('',#6968,#6969);
#6968 = CARTESIAN_POINT('',(93.750000000335,-79.99997105933,13.));
#6969 = VECTOR('',#6970,1.);
#6970 = DIRECTION('',(0.999999999732,-2.315253009328E-05,0.));
#6971 = PCURVE('',#5539,#6972);
#6972 = DEFINITIONAL_REPRESENTATION('',(#6973),#6977);
#6973 = LINE('',#6974,#6975);
#6974 = CARTESIAN_POINT('',(-26.24999999966,12.500028940663));
#6975 = VECTOR('',#6976,1.);
#6976 = DIRECTION('',(0.999999999732,-2.315253009328E-05));
#6977 = ( GEOMETRIC_REPRESENTATION_CONTEXT(2) 
PARAMETRIC_REPRESENTATION_CONTEXT() REPRESENTATION_CONTEXT('2D SPACE',''
  ) );
#6978 = PCURVE('',#5694,#6979);
#6979 = DEFINITIONAL_REPRESENTATION('',(#6980),#6984);
#6980 = LINE('',#6981,#6982);
#6981 = CARTESIAN_POINT('',(-26.24999999966,12.500028940663));
#6982 = VECTOR('',#6983,1.);
#6983 = DIRECTION('',(0.999999999732,-2.315253009328E-05));
#6984 = ( GEOMETRIC_REPRESENTATION_CONTEXT(2) 
PARAMETRIC_REPRESENTATION_CONTEXT() REPRESENTATION_CONTEXT('2D SPACE',''
  ) );
#6985 = ORIENTED_EDGE('',*,*,#5525,.T.);
#6986 = ORIENTED_EDGE('',*,*,#6917,.T.);
#6987 = ADVANCED_FACE('',(#6988),#5570,.T.);
#6988 = FACE_BOUND('',#6989,.T.);
#6989 = EDGE_LOOP('',(#6990,#6991,#6992));
#6990 = ORIENTED_EDGE('',*,*,#5710,.T.);
#6991 = ORIENTED_EDGE('',*,*,#5556,.T.);
#6992 = ORIENTED_EDGE('',*,*,#6993,.T.);
#6993 = EDGE_CURVE('',#4339,#5711,#6994,.T.);
#6994 = SURFACE_CURVE('',#6995,(#7000,#7007),.PCURVE_S1.);
#6995 = CIRCLE('',#6996,1.25);
#6996 = AXIS2_PLACEMENT_3D('',#6997,#6998,#6999);
#6997 = CARTESIAN_POINT('',(100.,-75.,13.));
#6998 = DIRECTION('',(0.,0.,1.));
#6999 = DIRECTION('',(-1.,0.,-0.));
#7000 = PCURVE('',#5570,#7001);
#7001 = DEFINITIONAL_REPRESENTATION('',(#7002),#7006);
#7002 = CIRCLE('',#7003,1.25);
#7003 = AXIS2_PLACEMENT_2D('',#7004,#7005);
#7004 = CARTESIAN_POINT('',(-20.,17.5));
#7005 = DIRECTION('',(-1.,0.));
#7006 = ( GEOMETRIC_REPRESENTATION_CONTEXT(2) 
PARAMETRIC_REPRESENTATION_CONTEXT() REPRESENTATION_CONTEXT('2D SPACE',''
  ) );
#7007 = PCURVE('',#5663,#7008);
#7008 = DEFINITIONAL_REPRESENTATION('',(#7009),#7012);
#7009 = B_SPLINE_CURVE_WITH_KNOTS('',1,(#7010,#7011),.UNSPECIFIED.,.F.,
  .F.,(2,2),(1.570796326795,1.570819479325),.PIECEWISE_BEZIER_KNOTS.);
#7010 = CARTESIAN_POINT('',(1.570742304463,-13.));
#7011 = CARTESIAN_POINT('',(1.570750021735,-13.));
#7012 = ( GEOMETRIC_REPRESENTATION_CONTEXT(2) 
PARAMETRIC_REPRESENTATION_CONTEXT() REPRESENTATION_CONTEXT('2D SPACE',''
  ) );
#7013 = ADVANCED_FACE('',(#7014),#5606,.T.);
#7014 = FACE_BOUND('',#7015,.T.);
#7015 = EDGE_LOOP('',(#7016,#7051,#7074,#7100,#7101,#7129,#7152,#7180,
    #7208,#7241,#7264,#7292,#7320,#7353,#7376,#7404));
#7016 = ORIENTED_EDGE('',*,*,#7017,.F.);
#7017 = EDGE_CURVE('',#7018,#7020,#7022,.T.);
#7018 = VERTEX_POINT('',#7019);
#7019 = CARTESIAN_POINT('',(139.99997105933,-76.24999999966,2.));
#7020 = VERTEX_POINT('',#7021);
#7021 = CARTESIAN_POINT('',(140.,-76.25,2.));
#7022 = SURFACE_CURVE('',#7023,(#7028,#7039),.PCURVE_S1.);
#7023 = CIRCLE('',#7024,3.750115766671);
#7024 = AXIS2_PLACEMENT_3D('',#7025,#7026,#7027);
#7025 = CARTESIAN_POINT('',(139.99988423466,-80.00011576533,2.));
#7026 = DIRECTION('',(0.,0.,-1.));
#7027 = DIRECTION('',(2.315253013597E-05,0.999999999732,0.));
#7028 = PCURVE('',#5606,#7029);
#7029 = DEFINITIONAL_REPRESENTATION('',(#7030),#7038);
#7030 = ( BOUNDED_CURVE() B_SPLINE_CURVE(2,(#7031,#7032,#7033,#7034,
#7035,#7036,#7037),.UNSPECIFIED.,.T.,.F.) B_SPLINE_CURVE_WITH_KNOTS((1,2
    ,2,2,2,1),(-2.094395102393,0.,2.094395102393,4.188790204786,
6.28318530718,8.377580409573),.UNSPECIFIED.) CURVE() 
GEOMETRIC_REPRESENTATION_ITEM() RATIONAL_B_SPLINE_CURVE((1.,0.5,1.,0.5,
1.,0.5,1.)) REPRESENTATION_ITEM('') );
#7031 = CARTESIAN_POINT('',(19.999971059337,16.250000000335));
#7032 = CARTESIAN_POINT('',(26.495362099736,16.249849615598));
#7033 = CARTESIAN_POINT('',(23.247536342534,10.624751159467));
#7034 = CARTESIAN_POINT('',(19.999710585332,4.999652703336));
#7035 = CARTESIAN_POINT('',(16.752145302136,10.624901544204));
#7036 = CARTESIAN_POINT('',(13.504580018939,16.250150385071));
#7037 = CARTESIAN_POINT('',(19.999971059337,16.250000000335));
#7038 = ( GEOMETRIC_REPRESENTATION_CONTEXT(2) 
PARAMETRIC_REPRESENTATION_CONTEXT() REPRESENTATION_CONTEXT('2D SPACE',''
  ) );
#7039 = PCURVE('',#7040,#7045);
#7040 = CYLINDRICAL_SURFACE('',#7041,3.750115766671);
#7041 = AXIS2_PLACEMENT_3D('',#7042,#7043,#7044);
#7042 = CARTESIAN_POINT('',(139.99988423466,-80.00011576533,0.));
#7043 = DIRECTION('',(0.,0.,-1.));
#7044 = DIRECTION('',(2.315253013597E-05,0.999999999732,0.));
#7045 = DEFINITIONAL_REPRESENTATION('',(#7046),#7050);
#7046 = LINE('',#7047,#7048);
#7047 = CARTESIAN_POINT('',(0.,-2.));
#7048 = VECTOR('',#7049,1.);
#7049 = DIRECTION('',(1.,0.));
#7050 = ( GEOMETRIC_REPRESENTATION_CONTEXT(2) 
PARAMETRIC_REPRESENTATION_CONTEXT() REPRESENTATION_CONTEXT('2D SPACE',''
  ) );
#7051 = ORIENTED_EDGE('',*,*,#7052,.T.);
#7052 = EDGE_CURVE('',#7018,#7053,#7055,.T.);
#7053 = VERTEX_POINT('',#7054);
#7054 = CARTESIAN_POINT('',(100.00002894066,-76.24999999966,2.));
#7055 = SURFACE_CURVE('',#7056,(#7060,#7067),.PCURVE_S1.);
#7056 = LINE('',#7057,#7058);
#7057 = CARTESIAN_POINT('',(110.,-76.25,2.));
#7058 = VECTOR('',#7059,1.);
#7059 = DIRECTION('',(-1.,0.,0.));
#7060 = PCURVE('',#5606,#7061);
#7061 = DEFINITIONAL_REPRESENTATION('',(#7062),#7066);
#7062 = LINE('',#7063,#7064);
#7063 = CARTESIAN_POINT('',(-10.,16.25));
#7064 = VECTOR('',#7065,1.);
#7065 = DIRECTION('',(-1.,0.));
#7066 = ( GEOMETRIC_REPRESENTATION_CONTEXT(2) 
PARAMETRIC_REPRESENTATION_CONTEXT() REPRESENTATION_CONTEXT('2D SPACE',''
  ) );
#7067 = PCURVE('',#5855,#7068);
#7068 = DEFINITIONAL_REPRESENTATION('',(#7069),#7073);
#7069 = LINE('',#7070,#7071);
#7070 = CARTESIAN_POINT('',(10.,-2.));
#7071 = VECTOR('',#7072,1.);
#7072 = DIRECTION('',(-1.,0.));
#7073 = ( GEOMETRIC_REPRESENTATION_CONTEXT(2) 
PARAMETRIC_REPRESENTATION_CONTEXT() REPRESENTATION_CONTEXT('2D SPACE',''
  ) );
#7074 = ORIENTED_EDGE('',*,*,#7075,.F.);
#7075 = EDGE_CURVE('',#5590,#7053,#7076,.T.);
#7076 = SURFACE_CURVE('',#7077,(#7082,#7093),.PCURVE_S1.);
#7077 = CIRCLE('',#7078,3.750115766671);
#7078 = AXIS2_PLACEMENT_3D('',#7079,#7080,#7081);
#7079 = CARTESIAN_POINT('',(100.00011576533,-80.00011576533,2.));
#7080 = DIRECTION('',(0.,0.,-1.));
#7081 = DIRECTION('',(-0.999999999732,2.315253010187E-05,0.));
#7082 = PCURVE('',#5606,#7083);
#7083 = DEFINITIONAL_REPRESENTATION('',(#7084),#7092);
#7084 = ( BOUNDED_CURVE() B_SPLINE_CURVE(2,(#7085,#7086,#7087,#7088,
#7089,#7090,#7091),.UNSPECIFIED.,.T.,.F.) B_SPLINE_CURVE_WITH_KNOTS((1,2
    ,2,2,2,1),(-2.094395102393,0.,2.094395102393,4.188790204786,
6.28318530718,8.377580409573),.UNSPECIFIED.) CURVE() 
GEOMETRIC_REPRESENTATION_ITEM() RATIONAL_B_SPLINE_CURVE((1.,0.5,1.,0.5,
1.,0.5,1.)) REPRESENTATION_ITEM('') );
#7085 = CARTESIAN_POINT('',(-23.75000000033,12.499971059337));
#7086 = CARTESIAN_POINT('',(-23.74984961559,18.995362099736));
#7087 = CARTESIAN_POINT('',(-18.12475115946,15.747536342534));
#7088 = CARTESIAN_POINT('',(-12.49965270333,12.499710585333));
#7089 = CARTESIAN_POINT('',(-18.1249015442,9.252145302136));
#7090 = CARTESIAN_POINT('',(-23.75015038507,6.004580018939));
#7091 = CARTESIAN_POINT('',(-23.75000000033,12.499971059337));
#7092 = ( GEOMETRIC_REPRESENTATION_CONTEXT(2) 
PARAMETRIC_REPRESENTATION_CONTEXT() REPRESENTATION_CONTEXT('2D SPACE',''
  ) );
#7093 = PCURVE('',#5663,#7094);
#7094 = DEFINITIONAL_REPRESENTATION('',(#7095),#7099);
#7095 = LINE('',#7096,#7097);
#7096 = CARTESIAN_POINT('',(0.,-2.));
#7097 = VECTOR('',#7098,1.);
#7098 = DIRECTION('',(1.,0.));
#7099 = ( GEOMETRIC_REPRESENTATION_CONTEXT(2) 
PARAMETRIC_REPRESENTATION_CONTEXT() REPRESENTATION_CONTEXT('2D SPACE',''
  ) );
#7100 = ORIENTED_EDGE('',*,*,#5587,.F.);
#7101 = ORIENTED_EDGE('',*,*,#7102,.T.);
#7102 = EDGE_CURVE('',#5588,#7103,#7105,.T.);
#7103 = VERTEX_POINT('',#7104);
#7104 = CARTESIAN_POINT('',(96.249999999665,-80.00002894066,2.));
#7105 = SURFACE_CURVE('',#7106,(#7111,#7122),.PCURVE_S1.);
#7106 = CIRCLE('',#7107,1.25);
#7107 = AXIS2_PLACEMENT_3D('',#7108,#7109,#7110);
#7108 = CARTESIAN_POINT('',(95.,-80.,2.));
#7109 = DIRECTION('',(-0.,0.,-1.));
#7110 = DIRECTION('',(-1.,0.,0.));
#7111 = PCURVE('',#5606,#7112);
#7112 = DEFINITIONAL_REPRESENTATION('',(#7113),#7121);
#7113 = ( BOUNDED_CURVE() B_SPLINE_CURVE(2,(#7114,#7115,#7116,#7117,
#7118,#7119,#7120),.UNSPECIFIED.,.T.,.F.) B_SPLINE_CURVE_WITH_KNOTS((1,2
    ,2,2,2,1),(-2.094395102393,0.,2.094395102393,4.188790204786,
6.28318530718,8.377580409573),.UNSPECIFIED.) CURVE() 
GEOMETRIC_REPRESENTATION_ITEM() RATIONAL_B_SPLINE_CURVE((1.,0.5,1.,0.5,
1.,0.5,1.)) REPRESENTATION_ITEM('') );
#7114 = CARTESIAN_POINT('',(-26.25,12.5));
#7115 = CARTESIAN_POINT('',(-26.25,14.665063509461));
#7116 = CARTESIAN_POINT('',(-24.375,13.582531754731));
#7117 = CARTESIAN_POINT('',(-22.5,12.5));
#7118 = CARTESIAN_POINT('',(-24.375,11.417468245269));
#7119 = CARTESIAN_POINT('',(-26.25,10.334936490539));
#7120 = CARTESIAN_POINT('',(-26.25,12.5));
#7121 = ( GEOMETRIC_REPRESENTATION_CONTEXT(2) 
PARAMETRIC_REPRESENTATION_CONTEXT() REPRESENTATION_CONTEXT('2D SPACE',''
  ) );
#7122 = PCURVE('',#5636,#7123);
#7123 = DEFINITIONAL_REPRESENTATION('',(#7124),#7128);
#7124 = LINE('',#7125,#7126);
#7125 = CARTESIAN_POINT('',(-6.28318530718,-2.));
#7126 = VECTOR('',#7127,1.);
#7127 = DIRECTION('',(1.,-0.));
#7128 = ( GEOMETRIC_REPRESENTATION_CONTEXT(2) 
PARAMETRIC_REPRESENTATION_CONTEXT() REPRESENTATION_CONTEXT('2D SPACE',''
  ) );
#7129 = ORIENTED_EDGE('',*,*,#7130,.T.);
#7130 = EDGE_CURVE('',#7103,#7131,#7133,.T.);
#7131 = VERTEX_POINT('',#7132);
#7132 = CARTESIAN_POINT('',(96.249999999665,-104.9999710593,2.));
#7133 = SURFACE_CURVE('',#7134,(#7138,#7145),.PCURVE_S1.);
#7134 = LINE('',#7135,#7136);
#7135 = CARTESIAN_POINT('',(96.25,-98.75,2.));
#7136 = VECTOR('',#7137,1.);
#7137 = DIRECTION('',(0.,-1.,0.));
#7138 = PCURVE('',#5606,#7139);
#7139 = DEFINITIONAL_REPRESENTATION('',(#7140),#7144);
#7140 = LINE('',#7141,#7142);
#7141 = CARTESIAN_POINT('',(-23.75,-6.25));
#7142 = VECTOR('',#7143,1.);
#7143 = DIRECTION('',(0.,-1.));
#7144 = ( GEOMETRIC_REPRESENTATION_CONTEXT(2) 
PARAMETRIC_REPRESENTATION_CONTEXT() REPRESENTATION_CONTEXT('2D SPACE',''
  ) );
#7145 = PCURVE('',#6905,#7146);
#7146 = DEFINITIONAL_REPRESENTATION('',(#7147),#7151);
#7147 = LINE('',#7148,#7149);
#7148 = CARTESIAN_POINT('',(6.25,-2.));
#7149 = VECTOR('',#7150,1.);
#7150 = DIRECTION('',(-1.,0.));
#7151 = ( GEOMETRIC_REPRESENTATION_CONTEXT(2) 
PARAMETRIC_REPRESENTATION_CONTEXT() REPRESENTATION_CONTEXT('2D SPACE',''
  ) );
#7152 = ORIENTED_EDGE('',*,*,#7153,.T.);
#7153 = EDGE_CURVE('',#7131,#7154,#7156,.T.);
#7154 = VERTEX_POINT('',#7155);
#7155 = CARTESIAN_POINT('',(96.25,-105.,2.));
#7156 = SURFACE_CURVE('',#7157,(#7161,#7168),.PCURVE_S1.);
#7157 = LINE('',#7158,#7159);
#7158 = CARTESIAN_POINT('',(96.25,-98.75,2.));
#7159 = VECTOR('',#7160,1.);
#7160 = DIRECTION('',(0.,-1.,0.));
#7161 = PCURVE('',#5606,#7162);
#7162 = DEFINITIONAL_REPRESENTATION('',(#7163),#7167);
#7163 = LINE('',#7164,#7165);
#7164 = CARTESIAN_POINT('',(-23.75,-6.25));
#7165 = VECTOR('',#7166,1.);
#7166 = DIRECTION('',(0.,-1.));
#7167 = ( GEOMETRIC_REPRESENTATION_CONTEXT(2) 
PARAMETRIC_REPRESENTATION_CONTEXT() REPRESENTATION_CONTEXT('2D SPACE',''
  ) );
#7168 = PCURVE('',#7169,#7174);
#7169 = PLANE('',#7170);
#7170 = AXIS2_PLACEMENT_3D('',#7171,#7172,#7173);
#7171 = CARTESIAN_POINT('',(96.25,-105.,0.));
#7172 = DIRECTION('',(-1.,0.,0.));
#7173 = DIRECTION('',(0.,1.,0.));
#7174 = DEFINITIONAL_REPRESENTATION('',(#7175),#7179);
#7175 = LINE('',#7176,#7177);
#7176 = CARTESIAN_POINT('',(6.25,-2.));
#7177 = VECTOR('',#7178,1.);
#7178 = DIRECTION('',(-1.,0.));
#7179 = ( GEOMETRIC_REPRESENTATION_CONTEXT(2) 
PARAMETRIC_REPRESENTATION_CONTEXT() REPRESENTATION_CONTEXT('2D SPACE',''
  ) );
#7180 = ORIENTED_EDGE('',*,*,#7181,.F.);
#7181 = EDGE_CURVE('',#7182,#7154,#7184,.T.);
#7182 = VERTEX_POINT('',#7183);
#7183 = CARTESIAN_POINT('',(100.,-108.75,2.));
#7184 = SURFACE_CURVE('',#7185,(#7190,#7201),.PCURVE_S1.);
#7185 = CIRCLE('',#7186,3.75011576667);
#7186 = AXIS2_PLACEMENT_3D('',#7187,#7188,#7189);
#7187 = CARTESIAN_POINT('',(100.00011576533,-104.9998842346,2.));
#7188 = DIRECTION('',(0.,0.,-1.));
#7189 = DIRECTION('',(-2.31525299844E-05,-0.999999999732,-0.));
#7190 = PCURVE('',#5606,#7191);
#7191 = DEFINITIONAL_REPRESENTATION('',(#7192),#7200);
#7192 = ( BOUNDED_CURVE() B_SPLINE_CURVE(2,(#7193,#7194,#7195,#7196,
#7197,#7198,#7199),.UNSPECIFIED.,.T.,.F.) B_SPLINE_CURVE_WITH_KNOTS((1,2
    ,2,2,2,1),(-2.094395102393,0.,2.094395102393,4.188790204786,
6.28318530718,8.377580409573),.UNSPECIFIED.) CURVE() 
GEOMETRIC_REPRESENTATION_ITEM() RATIONAL_B_SPLINE_CURVE((1.,0.5,1.,0.5,
1.,0.5,1.)) REPRESENTATION_ITEM('') );
#7193 = CARTESIAN_POINT('',(-19.99997105933,-16.25000000033));
#7194 = CARTESIAN_POINT('',(-26.49536209973,-16.24984961559));
#7195 = CARTESIAN_POINT('',(-23.24753634253,-10.62475115946));
#7196 = CARTESIAN_POINT('',(-19.99971058533,-4.999652703339));
#7197 = CARTESIAN_POINT('',(-16.75214530213,-10.6249015442));
#7198 = CARTESIAN_POINT('',(-13.50458001894,-16.25015038507));
#7199 = CARTESIAN_POINT('',(-19.99997105933,-16.25000000033));
#7200 = ( GEOMETRIC_REPRESENTATION_CONTEXT(2) 
PARAMETRIC_REPRESENTATION_CONTEXT() REPRESENTATION_CONTEXT('2D SPACE',''
  ) );
#7201 = PCURVE('',#6763,#7202);
#7202 = DEFINITIONAL_REPRESENTATION('',(#7203),#7207);
#7203 = LINE('',#7204,#7205);
#7204 = CARTESIAN_POINT('',(0.,-2.));
#7205 = VECTOR('',#7206,1.);
#7206 = DIRECTION('',(1.,0.));
#7207 = ( GEOMETRIC_REPRESENTATION_CONTEXT(2) 
PARAMETRIC_REPRESENTATION_CONTEXT() REPRESENTATION_CONTEXT('2D SPACE',''
  ) );
#7208 = ORIENTED_EDGE('',*,*,#7209,.F.);
#7209 = EDGE_CURVE('',#7210,#7182,#7212,.T.);
#7210 = VERTEX_POINT('',#7211);
#7211 = CARTESIAN_POINT('',(100.00002894066,-108.7500000003,2.));
#7212 = SURFACE_CURVE('',#7213,(#7218,#7229),.PCURVE_S1.);
#7213 = CIRCLE('',#7214,3.75011576667);
#7214 = AXIS2_PLACEMENT_3D('',#7215,#7216,#7217);
#7215 = CARTESIAN_POINT('',(100.00011576533,-104.9998842346,2.));
#7216 = DIRECTION('',(0.,0.,-1.));
#7217 = DIRECTION('',(-2.31525299844E-05,-0.999999999732,-0.));
#7218 = PCURVE('',#5606,#7219);
#7219 = DEFINITIONAL_REPRESENTATION('',(#7220),#7228);
#7220 = ( BOUNDED_CURVE() B_SPLINE_CURVE(2,(#7221,#7222,#7223,#7224,
#7225,#7226,#7227),.UNSPECIFIED.,.T.,.F.) B_SPLINE_CURVE_WITH_KNOTS((1,2
    ,2,2,2,1),(-2.094395102393,0.,2.094395102393,4.188790204786,
6.28318530718,8.377580409573),.UNSPECIFIED.) CURVE() 
GEOMETRIC_REPRESENTATION_ITEM() RATIONAL_B_SPLINE_CURVE((1.,0.5,1.,0.5,
1.,0.5,1.)) REPRESENTATION_ITEM('') );
#7221 = CARTESIAN_POINT('',(-19.99997105933,-16.25000000033));
#7222 = CARTESIAN_POINT('',(-26.49536209973,-16.24984961559));
#7223 = CARTESIAN_POINT('',(-23.24753634253,-10.62475115946));
#7224 = CARTESIAN_POINT('',(-19.99971058533,-4.999652703339));
#7225 = CARTESIAN_POINT('',(-16.75214530213,-10.6249015442));
#7226 = CARTESIAN_POINT('',(-13.50458001894,-16.25015038507));
#7227 = CARTESIAN_POINT('',(-19.99997105933,-16.25000000033));
#7228 = ( GEOMETRIC_REPRESENTATION_CONTEXT(2) 
PARAMETRIC_REPRESENTATION_CONTEXT() REPRESENTATION_CONTEXT('2D SPACE',''
  ) );
#7229 = PCURVE('',#7230,#7235);
#7230 = CYLINDRICAL_SURFACE('',#7231,3.75011576667);
#7231 = AXIS2_PLACEMENT_3D('',#7232,#7233,#7234);
#7232 = CARTESIAN_POINT('',(100.00011576533,-104.9998842346,0.));
#7233 = DIRECTION('',(0.,0.,-1.));
#7234 = DIRECTION('',(-2.31525299844E-05,-0.999999999732,-0.));
#7235 = DEFINITIONAL_REPRESENTATION('',(#7236),#7240);
#7236 = LINE('',#7237,#7238);
#7237 = CARTESIAN_POINT('',(0.,-2.));
#7238 = VECTOR('',#7239,1.);
#7239 = DIRECTION('',(1.,0.));
#7240 = ( GEOMETRIC_REPRESENTATION_CONTEXT(2) 
PARAMETRIC_REPRESENTATION_CONTEXT() REPRESENTATION_CONTEXT('2D SPACE',''
  ) );
#7241 = ORIENTED_EDGE('',*,*,#7242,.T.);
#7242 = EDGE_CURVE('',#7210,#7243,#7245,.T.);
#7243 = VERTEX_POINT('',#7244);
#7244 = CARTESIAN_POINT('',(139.99997105933,-108.7500000003,2.));
#7245 = SURFACE_CURVE('',#7246,(#7250,#7257),.PCURVE_S1.);
#7246 = LINE('',#7247,#7248);
#7247 = CARTESIAN_POINT('',(130.,-108.75,2.));
#7248 = VECTOR('',#7249,1.);
#7249 = DIRECTION('',(1.,0.,-0.));
#7250 = PCURVE('',#5606,#7251);
#7251 = DEFINITIONAL_REPRESENTATION('',(#7252),#7256);
#7252 = LINE('',#7253,#7254);
#7253 = CARTESIAN_POINT('',(10.,-16.25));
#7254 = VECTOR('',#7255,1.);
#7255 = DIRECTION('',(1.,0.));
#7256 = ( GEOMETRIC_REPRESENTATION_CONTEXT(2) 
PARAMETRIC_REPRESENTATION_CONTEXT() REPRESENTATION_CONTEXT('2D SPACE',''
  ) );
#7257 = PCURVE('',#6600,#7258);
#7258 = DEFINITIONAL_REPRESENTATION('',(#7259),#7263);
#7259 = LINE('',#7260,#7261);
#7260 = CARTESIAN_POINT('',(10.,-2.));
#7261 = VECTOR('',#7262,1.);
#7262 = DIRECTION('',(-1.,0.));
#7263 = ( GEOMETRIC_REPRESENTATION_CONTEXT(2) 
PARAMETRIC_REPRESENTATION_CONTEXT() REPRESENTATION_CONTEXT('2D SPACE',''
  ) );
#7264 = ORIENTED_EDGE('',*,*,#7265,.T.);
#7265 = EDGE_CURVE('',#7243,#7266,#7268,.T.);
#7266 = VERTEX_POINT('',#7267);
#7267 = CARTESIAN_POINT('',(140.,-108.75,2.));
#7268 = SURFACE_CURVE('',#7269,(#7273,#7280),.PCURVE_S1.);
#7269 = LINE('',#7270,#7271);
#7270 = CARTESIAN_POINT('',(130.,-108.75,2.));
#7271 = VECTOR('',#7272,1.);
#7272 = DIRECTION('',(1.,0.,-0.));
#7273 = PCURVE('',#5606,#7274);
#7274 = DEFINITIONAL_REPRESENTATION('',(#7275),#7279);
#7275 = LINE('',#7276,#7277);
#7276 = CARTESIAN_POINT('',(10.,-16.25));
#7277 = VECTOR('',#7278,1.);
#7278 = DIRECTION('',(1.,0.));
#7279 = ( GEOMETRIC_REPRESENTATION_CONTEXT(2) 
PARAMETRIC_REPRESENTATION_CONTEXT() REPRESENTATION_CONTEXT('2D SPACE',''
  ) );
#7280 = PCURVE('',#7281,#7286);
#7281 = PLANE('',#7282);
#7282 = AXIS2_PLACEMENT_3D('',#7283,#7284,#7285);
#7283 = CARTESIAN_POINT('',(140.,-108.75,0.));
#7284 = DIRECTION('',(0.,-1.,0.));
#7285 = DIRECTION('',(-1.,0.,0.));
#7286 = DEFINITIONAL_REPRESENTATION('',(#7287),#7291);
#7287 = LINE('',#7288,#7289);
#7288 = CARTESIAN_POINT('',(10.,-2.));
#7289 = VECTOR('',#7290,1.);
#7290 = DIRECTION('',(-1.,0.));
#7291 = ( GEOMETRIC_REPRESENTATION_CONTEXT(2) 
PARAMETRIC_REPRESENTATION_CONTEXT() REPRESENTATION_CONTEXT('2D SPACE',''
  ) );
#7292 = ORIENTED_EDGE('',*,*,#7293,.F.);
#7293 = EDGE_CURVE('',#7294,#7266,#7296,.T.);
#7294 = VERTEX_POINT('',#7295);
#7295 = CARTESIAN_POINT('',(143.75,-105.,2.));
#7296 = SURFACE_CURVE('',#7297,(#7302,#7313),.PCURVE_S1.);
#7297 = CIRCLE('',#7298,3.75011576667);
#7298 = AXIS2_PLACEMENT_3D('',#7299,#7300,#7301);
#7299 = CARTESIAN_POINT('',(139.99988423467,-104.9998842346,2.));
#7300 = DIRECTION('',(0.,0.,-1.));
#7301 = DIRECTION('',(0.999999999732,-2.315252988588E-05,0.));
#7302 = PCURVE('',#5606,#7303);
#7303 = DEFINITIONAL_REPRESENTATION('',(#7304),#7312);
#7304 = ( BOUNDED_CURVE() B_SPLINE_CURVE(2,(#7305,#7306,#7307,#7308,
#7309,#7310,#7311),.UNSPECIFIED.,.T.,.F.) B_SPLINE_CURVE_WITH_KNOTS((1,2
    ,2,2,2,1),(-2.094395102393,0.,2.094395102393,4.188790204786,
6.28318530718,8.377580409573),.UNSPECIFIED.) CURVE() 
GEOMETRIC_REPRESENTATION_ITEM() RATIONAL_B_SPLINE_CURVE((1.,0.5,1.,0.5,
1.,0.5,1.)) REPRESENTATION_ITEM('') );
#7305 = CARTESIAN_POINT('',(23.750000000335,-12.49997105933));
#7306 = CARTESIAN_POINT('',(23.7498496156,-18.99536209973));
#7307 = CARTESIAN_POINT('',(18.12475115947,-15.74753634253));
#7308 = CARTESIAN_POINT('',(12.499652703341,-12.49971058533));
#7309 = CARTESIAN_POINT('',(18.124901544206,-9.252145302138));
#7310 = CARTESIAN_POINT('',(23.75015038507,-6.004580018941));
#7311 = CARTESIAN_POINT('',(23.750000000335,-12.49997105933));
#7312 = ( GEOMETRIC_REPRESENTATION_CONTEXT(2) 
PARAMETRIC_REPRESENTATION_CONTEXT() REPRESENTATION_CONTEXT('2D SPACE',''
  ) );
#7313 = PCURVE('',#6407,#7314);
#7314 = DEFINITIONAL_REPRESENTATION('',(#7315),#7319);
#7315 = LINE('',#7316,#7317);
#7316 = CARTESIAN_POINT('',(0.,-2.));
#7317 = VECTOR('',#7318,1.);
#7318 = DIRECTION('',(1.,0.));
#7319 = ( GEOMETRIC_REPRESENTATION_CONTEXT(2) 
PARAMETRIC_REPRESENTATION_CONTEXT() REPRESENTATION_CONTEXT('2D SPACE',''
  ) );
#7320 = ORIENTED_EDGE('',*,*,#7321,.T.);
#7321 = EDGE_CURVE('',#7294,#7322,#7324,.T.);
#7322 = VERTEX_POINT('',#7323);
#7323 = CARTESIAN_POINT('',(143.75000000033,-104.9999710593,2.));
#7324 = SURFACE_CURVE('',#7325,(#7330,#7341),.PCURVE_S1.);
#7325 = CIRCLE('',#7326,1.25);
#7326 = AXIS2_PLACEMENT_3D('',#7327,#7328,#7329);
#7327 = CARTESIAN_POINT('',(145.,-105.,2.));
#7328 = DIRECTION('',(0.,-0.,-1.));
#7329 = DIRECTION('',(1.,0.,-0.));
#7330 = PCURVE('',#5606,#7331);
#7331 = DEFINITIONAL_REPRESENTATION('',(#7332),#7340);
#7332 = ( BOUNDED_CURVE() B_SPLINE_CURVE(2,(#7333,#7334,#7335,#7336,
#7337,#7338,#7339),.UNSPECIFIED.,.T.,.F.) B_SPLINE_CURVE_WITH_KNOTS((1,2
    ,2,2,2,1),(-2.094395102393,0.,2.094395102393,4.188790204786,
6.28318530718,8.377580409573),.UNSPECIFIED.) CURVE() 
GEOMETRIC_REPRESENTATION_ITEM() RATIONAL_B_SPLINE_CURVE((1.,0.5,1.,0.5,
1.,0.5,1.)) REPRESENTATION_ITEM('') );
#7333 = CARTESIAN_POINT('',(26.25,-12.5));
#7334 = CARTESIAN_POINT('',(26.25,-14.66506350946));
#7335 = CARTESIAN_POINT('',(24.375,-13.58253175473));
#7336 = CARTESIAN_POINT('',(22.5,-12.5));
#7337 = CARTESIAN_POINT('',(24.375,-11.41746824526));
#7338 = CARTESIAN_POINT('',(26.25,-10.33493649053));
#7339 = CARTESIAN_POINT('',(26.25,-12.5));
#7340 = ( GEOMETRIC_REPRESENTATION_CONTEXT(2) 
PARAMETRIC_REPRESENTATION_CONTEXT() REPRESENTATION_CONTEXT('2D SPACE',''
  ) );
#7341 = PCURVE('',#7342,#7347);
#7342 = CYLINDRICAL_SURFACE('',#7343,1.25);
#7343 = AXIS2_PLACEMENT_3D('',#7344,#7345,#7346);
#7344 = CARTESIAN_POINT('',(145.,-105.,0.));
#7345 = DIRECTION('',(-0.,-0.,-1.));
#7346 = DIRECTION('',(1.,0.,-0.));
#7347 = DEFINITIONAL_REPRESENTATION('',(#7348),#7352);
#7348 = LINE('',#7349,#7350);
#7349 = CARTESIAN_POINT('',(-6.28318530718,-2.));
#7350 = VECTOR('',#7351,1.);
#7351 = DIRECTION('',(1.,-0.));
#7352 = ( GEOMETRIC_REPRESENTATION_CONTEXT(2) 
PARAMETRIC_REPRESENTATION_CONTEXT() REPRESENTATION_CONTEXT('2D SPACE',''
  ) );
#7353 = ORIENTED_EDGE('',*,*,#7354,.T.);
#7354 = EDGE_CURVE('',#7322,#7355,#7357,.T.);
#7355 = VERTEX_POINT('',#7356);
#7356 = CARTESIAN_POINT('',(143.75000000033,-80.00002894066,2.));
#7357 = SURFACE_CURVE('',#7358,(#7362,#7369),.PCURVE_S1.);
#7358 = LINE('',#7359,#7360);
#7359 = CARTESIAN_POINT('',(143.75,-86.25,2.));
#7360 = VECTOR('',#7361,1.);
#7361 = DIRECTION('',(-0.,1.,0.));
#7362 = PCURVE('',#5606,#7363);
#7363 = DEFINITIONAL_REPRESENTATION('',(#7364),#7368);
#7364 = LINE('',#7365,#7366);
#7365 = CARTESIAN_POINT('',(23.75,6.25));
#7366 = VECTOR('',#7367,1.);
#7367 = DIRECTION('',(0.,1.));
#7368 = ( GEOMETRIC_REPRESENTATION_CONTEXT(2) 
PARAMETRIC_REPRESENTATION_CONTEXT() REPRESENTATION_CONTEXT('2D SPACE',''
  ) );
#7369 = PCURVE('',#6238,#7370);
#7370 = DEFINITIONAL_REPRESENTATION('',(#7371),#7375);
#7371 = LINE('',#7372,#7373);
#7372 = CARTESIAN_POINT('',(6.25,-2.));
#7373 = VECTOR('',#7374,1.);
#7374 = DIRECTION('',(-1.,-0.));
#7375 = ( GEOMETRIC_REPRESENTATION_CONTEXT(2) 
PARAMETRIC_REPRESENTATION_CONTEXT() REPRESENTATION_CONTEXT('2D SPACE',''
  ) );
#7376 = ORIENTED_EDGE('',*,*,#7377,.T.);
#7377 = EDGE_CURVE('',#7355,#7378,#7380,.T.);
#7378 = VERTEX_POINT('',#7379);
#7379 = CARTESIAN_POINT('',(143.75,-80.,2.));
#7380 = SURFACE_CURVE('',#7381,(#7385,#7392),.PCURVE_S1.);
#7381 = LINE('',#7382,#7383);
#7382 = CARTESIAN_POINT('',(143.75,-86.25,2.));
#7383 = VECTOR('',#7384,1.);
#7384 = DIRECTION('',(-0.,1.,0.));
#7385 = PCURVE('',#5606,#7386);
#7386 = DEFINITIONAL_REPRESENTATION('',(#7387),#7391);
#7387 = LINE('',#7388,#7389);
#7388 = CARTESIAN_POINT('',(23.75,6.25));
#7389 = VECTOR('',#7390,1.);
#7390 = DIRECTION('',(0.,1.));
#7391 = ( GEOMETRIC_REPRESENTATION_CONTEXT(2) 
PARAMETRIC_REPRESENTATION_CONTEXT() REPRESENTATION_CONTEXT('2D SPACE',''
  ) );
#7392 = PCURVE('',#7393,#7398);
#7393 = PLANE('',#7394);
#7394 = AXIS2_PLACEMENT_3D('',#7395,#7396,#7397);
#7395 = CARTESIAN_POINT('',(143.75,-80.,0.));
#7396 = DIRECTION('',(1.,0.,-0.));
#7397 = DIRECTION('',(0.,-1.,0.));
#7398 = DEFINITIONAL_REPRESENTATION('',(#7399),#7403);
#7399 = LINE('',#7400,#7401);
#7400 = CARTESIAN_POINT('',(6.25,-2.));
#7401 = VECTOR('',#7402,1.);
#7402 = DIRECTION('',(-1.,-0.));
#7403 = ( GEOMETRIC_REPRESENTATION_CONTEXT(2) 
PARAMETRIC_REPRESENTATION_CONTEXT() REPRESENTATION_CONTEXT('2D SPACE',''
  ) );
#7404 = ORIENTED_EDGE('',*,*,#7405,.F.);
#7405 = EDGE_CURVE('',#7020,#7378,#7406,.T.);
#7406 = SURFACE_CURVE('',#7407,(#7412,#7423),.PCURVE_S1.);
#7407 = CIRCLE('',#7408,3.750115766671);
#7408 = AXIS2_PLACEMENT_3D('',#7409,#7410,#7411);
#7409 = CARTESIAN_POINT('',(139.99988423466,-80.00011576533,2.));
#7410 = DIRECTION('',(0.,0.,-1.));
#7411 = DIRECTION('',(2.315253013597E-05,0.999999999732,0.));
#7412 = PCURVE('',#5606,#7413);
#7413 = DEFINITIONAL_REPRESENTATION('',(#7414),#7422);
#7414 = ( BOUNDED_CURVE() B_SPLINE_CURVE(2,(#7415,#7416,#7417,#7418,
#7419,#7420,#7421),.UNSPECIFIED.,.T.,.F.) B_SPLINE_CURVE_WITH_KNOTS((1,2
    ,2,2,2,1),(-2.094395102393,0.,2.094395102393,4.188790204786,
6.28318530718,8.377580409573),.UNSPECIFIED.) CURVE() 
GEOMETRIC_REPRESENTATION_ITEM() RATIONAL_B_SPLINE_CURVE((1.,0.5,1.,0.5,
1.,0.5,1.)) REPRESENTATION_ITEM('') );
#7415 = CARTESIAN_POINT('',(19.999971059337,16.250000000335));
#7416 = CARTESIAN_POINT('',(26.495362099736,16.249849615598));
#7417 = CARTESIAN_POINT('',(23.247536342534,10.624751159467));
#7418 = CARTESIAN_POINT('',(19.999710585332,4.999652703336));
#7419 = CARTESIAN_POINT('',(16.752145302136,10.624901544204));
#7420 = CARTESIAN_POINT('',(13.504580018939,16.250150385071));
#7421 = CARTESIAN_POINT('',(19.999971059337,16.250000000335));
#7422 = ( GEOMETRIC_REPRESENTATION_CONTEXT(2) 
PARAMETRIC_REPRESENTATION_CONTEXT() REPRESENTATION_CONTEXT('2D SPACE',''
  ) );
#7423 = PCURVE('',#6022,#7424);
#7424 = DEFINITIONAL_REPRESENTATION('',(#7425),#7429);
#7425 = LINE('',#7426,#7427);
#7426 = CARTESIAN_POINT('',(0.,-2.));
#7427 = VECTOR('',#7428,1.);
#7428 = DIRECTION('',(1.,0.));
#7429 = ( GEOMETRIC_REPRESENTATION_CONTEXT(2) 
PARAMETRIC_REPRESENTATION_CONTEXT() REPRESENTATION_CONTEXT('2D SPACE',''
  ) );
#7430 = ADVANCED_FACE('',(#7431),#5663,.F.);
#7431 = FACE_BOUND('',#7432,.F.);
#7432 = EDGE_LOOP('',(#7433,#7434,#7435,#7436));
#7433 = ORIENTED_EDGE('',*,*,#7075,.F.);
#7434 = ORIENTED_EDGE('',*,*,#5649,.T.);
#7435 = ORIENTED_EDGE('',*,*,#6993,.T.);
#7436 = ORIENTED_EDGE('',*,*,#7437,.F.);
#7437 = EDGE_CURVE('',#7053,#5711,#7438,.T.);
#7438 = SURFACE_CURVE('',#7439,(#7443,#7450),.PCURVE_S1.);
#7439 = LINE('',#7440,#7441);
#7440 = CARTESIAN_POINT('',(100.00002894066,-76.24999999966,0.));
#7441 = VECTOR('',#7442,1.);
#7442 = DIRECTION('',(0.,0.,1.));
#7443 = PCURVE('',#5663,#7444);
#7444 = DEFINITIONAL_REPRESENTATION('',(#7445),#7449);
#7445 = LINE('',#7446,#7447);
#7446 = CARTESIAN_POINT('',(1.570750021735,0.));
#7447 = VECTOR('',#7448,1.);
#7448 = DIRECTION('',(0.,-1.));
#7449 = ( GEOMETRIC_REPRESENTATION_CONTEXT(2) 
PARAMETRIC_REPRESENTATION_CONTEXT() REPRESENTATION_CONTEXT('2D SPACE',''
  ) );
#7450 = PCURVE('',#5855,#7451);
#7451 = DEFINITIONAL_REPRESENTATION('',(#7452),#7456);
#7452 = LINE('',#7453,#7454);
#7453 = CARTESIAN_POINT('',(2.894066261661E-05,0.));
#7454 = VECTOR('',#7455,1.);
#7455 = DIRECTION('',(0.,-1.));
#7456 = ( GEOMETRIC_REPRESENTATION_CONTEXT(2) 
PARAMETRIC_REPRESENTATION_CONTEXT() REPRESENTATION_CONTEXT('2D SPACE',''
  ) );
#7457 = ADVANCED_FACE('',(#7458),#5636,.T.);
#7458 = FACE_BOUND('',#7459,.F.);
#7459 = EDGE_LOOP('',(#7460,#7461,#7482,#7504));
#7460 = ORIENTED_EDGE('',*,*,#7102,.T.);
#7461 = ORIENTED_EDGE('',*,*,#7462,.T.);
#7462 = EDGE_CURVE('',#7103,#6890,#7463,.T.);
#7463 = SURFACE_CURVE('',#7464,(#7468,#7475),.PCURVE_S1.);
#7464 = LINE('',#7465,#7466);
#7465 = CARTESIAN_POINT('',(96.249999999665,-80.00002894066,0.));
#7466 = VECTOR('',#7467,1.);
#7467 = DIRECTION('',(0.,0.,1.));
#7468 = PCURVE('',#5636,#7469);
#7469 = DEFINITIONAL_REPRESENTATION('',(#7470),#7474);
#7470 = LINE('',#7471,#7472);
#7471 = CARTESIAN_POINT('',(-3.14156950106,0.));
#7472 = VECTOR('',#7473,1.);
#7473 = DIRECTION('',(-0.,-1.));
#7474 = ( GEOMETRIC_REPRESENTATION_CONTEXT(2) 
PARAMETRIC_REPRESENTATION_CONTEXT() REPRESENTATION_CONTEXT('2D SPACE',''
  ) );
#7475 = PCURVE('',#6905,#7476);
#7476 = DEFINITIONAL_REPRESENTATION('',(#7477),#7481);
#7477 = LINE('',#7478,#7479);
#7478 = CARTESIAN_POINT('',(24.999971059337,0.));
#7479 = VECTOR('',#7480,1.);
#7480 = DIRECTION('',(0.,-1.));
#7481 = ( GEOMETRIC_REPRESENTATION_CONTEXT(2) 
PARAMETRIC_REPRESENTATION_CONTEXT() REPRESENTATION_CONTEXT('2D SPACE',''
  ) );
#7482 = ORIENTED_EDGE('',*,*,#7483,.T.);
#7483 = EDGE_CURVE('',#6890,#4364,#7484,.T.);
#7484 = SURFACE_CURVE('',#7485,(#7490,#7497),.PCURVE_S1.);
#7485 = CIRCLE('',#7486,1.25);
#7486 = AXIS2_PLACEMENT_3D('',#7487,#7488,#7489);
#7487 = CARTESIAN_POINT('',(95.,-80.,13.));
#7488 = DIRECTION('',(0.,0.,1.));
#7489 = DIRECTION('',(-1.,0.,-0.));
#7490 = PCURVE('',#5636,#7491);
#7491 = DEFINITIONAL_REPRESENTATION('',(#7492),#7496);
#7492 = LINE('',#7493,#7494);
#7493 = CARTESIAN_POINT('',(-0.,-13.));
#7494 = VECTOR('',#7495,1.);
#7495 = DIRECTION('',(-1.,0.));
#7496 = ( GEOMETRIC_REPRESENTATION_CONTEXT(2) 
PARAMETRIC_REPRESENTATION_CONTEXT() REPRESENTATION_CONTEXT('2D SPACE',''
  ) );
#7497 = PCURVE('',#5694,#7498);
#7498 = DEFINITIONAL_REPRESENTATION('',(#7499),#7503);
#7499 = CIRCLE('',#7500,1.25);
#7500 = AXIS2_PLACEMENT_2D('',#7501,#7502);
#7501 = CARTESIAN_POINT('',(-25.,12.5));
#7502 = DIRECTION('',(-1.,0.));
#7503 = ( GEOMETRIC_REPRESENTATION_CONTEXT(2) 
PARAMETRIC_REPRESENTATION_CONTEXT() REPRESENTATION_CONTEXT('2D SPACE',''
  ) );
#7504 = ORIENTED_EDGE('',*,*,#5622,.F.);
#7505 = ADVANCED_FACE('',(#7506),#5694,.T.);
#7506 = FACE_BOUND('',#7507,.T.);
#7507 = EDGE_LOOP('',(#7508,#7509,#7510));
#7508 = ORIENTED_EDGE('',*,*,#7483,.T.);
#7509 = ORIENTED_EDGE('',*,*,#5680,.T.);
#7510 = ORIENTED_EDGE('',*,*,#6965,.T.);
#7511 = ADVANCED_FACE('',(#7512),#5820,.T.);
#7512 = FACE_BOUND('',#7513,.T.);
#7513 = EDGE_LOOP('',(#7514,#7515,#7516));
#7514 = ORIENTED_EDGE('',*,*,#5806,.T.);
#7515 = ORIENTED_EDGE('',*,*,#5867,.T.);
#7516 = ORIENTED_EDGE('',*,*,#7517,.F.);
#7517 = EDGE_CURVE('',#5759,#5840,#7518,.T.);
#7518 = SURFACE_CURVE('',#7519,(#7523,#7530),.PCURVE_S1.);
#7519 = LINE('',#7520,#7521);
#7520 = CARTESIAN_POINT('',(140.00002894066,-73.75000000033,13.));
#7521 = VECTOR('',#7522,1.);
#7522 = DIRECTION('',(-2.315253013876E-05,-0.999999999732,0.));
#7523 = PCURVE('',#5820,#7524);
#7524 = DEFINITIONAL_REPRESENTATION('',(#7525),#7529);
#7525 = LINE('',#7526,#7527);
#7526 = CARTESIAN_POINT('',(20.000028940663,18.749999999664));
#7527 = VECTOR('',#7528,1.);
#7528 = DIRECTION('',(-2.315253013876E-05,-0.999999999732));
#7529 = ( GEOMETRIC_REPRESENTATION_CONTEXT(2) 
PARAMETRIC_REPRESENTATION_CONTEXT() REPRESENTATION_CONTEXT('2D SPACE',''
  ) );
#7530 = PCURVE('',#7531,#7536);
#7531 = PLANE('',#7532);
#7532 = AXIS2_PLACEMENT_3D('',#7533,#7534,#7535);
#7533 = CARTESIAN_POINT('',(120.,-92.5,13.));
#7534 = DIRECTION('',(0.,0.,1.));
#7535 = DIRECTION('',(1.,0.,-0.));
#7536 = DEFINITIONAL_REPRESENTATION('',(#7537),#7541);
#7537 = LINE('',#7538,#7539);
#7538 = CARTESIAN_POINT('',(20.000028940663,18.749999999664));
#7539 = VECTOR('',#7540,1.);
#7540 = DIRECTION('',(-2.315253013876E-05,-0.999999999732));
#7541 = ( GEOMETRIC_REPRESENTATION_CONTEXT(2) 
PARAMETRIC_REPRESENTATION_CONTEXT() REPRESENTATION_CONTEXT('2D SPACE',''
  ) );
#7542 = ADVANCED_FACE('',(#7543),#5855,.F.);
#7543 = FACE_BOUND('',#7544,.F.);
#7544 = EDGE_LOOP('',(#7545,#7546,#7547,#7548));
#7545 = ORIENTED_EDGE('',*,*,#7052,.T.);
#7546 = ORIENTED_EDGE('',*,*,#7437,.T.);
#7547 = ORIENTED_EDGE('',*,*,#5839,.T.);
#7548 = ORIENTED_EDGE('',*,*,#7549,.F.);
#7549 = EDGE_CURVE('',#7018,#5840,#7550,.T.);
#7550 = SURFACE_CURVE('',#7551,(#7555,#7562),.PCURVE_S1.);
#7551 = LINE('',#7552,#7553);
#7552 = CARTESIAN_POINT('',(139.99997105933,-76.24999999966,0.));
#7553 = VECTOR('',#7554,1.);
#7554 = DIRECTION('',(0.,0.,1.));
#7555 = PCURVE('',#5855,#7556);
#7556 = DEFINITIONAL_REPRESENTATION('',(#7557),#7561);
#7557 = LINE('',#7558,#7559);
#7558 = CARTESIAN_POINT('',(39.999971059337,0.));
#7559 = VECTOR('',#7560,1.);
#7560 = DIRECTION('',(0.,-1.));
#7561 = ( GEOMETRIC_REPRESENTATION_CONTEXT(2) 
PARAMETRIC_REPRESENTATION_CONTEXT() REPRESENTATION_CONTEXT('2D SPACE',''
  ) );
#7562 = PCURVE('',#7040,#7563);
#7563 = DEFINITIONAL_REPRESENTATION('',(#7564),#7568);
#7564 = LINE('',#7565,#7566);
#7565 = CARTESIAN_POINT('',(0.,0.));
#7566 = VECTOR('',#7567,1.);
#7567 = DIRECTION('',(0.,-1.));
#7568 = ( GEOMETRIC_REPRESENTATION_CONTEXT(2) 
PARAMETRIC_REPRESENTATION_CONTEXT() REPRESENTATION_CONTEXT('2D SPACE',''
  ) );
#7569 = ADVANCED_FACE('',(#7570),#5955,.T.);
#7570 = FACE_BOUND('',#7571,.T.);
#7571 = EDGE_LOOP('',(#7572,#7573,#7599));
#7572 = ORIENTED_EDGE('',*,*,#6034,.T.);
#7573 = ORIENTED_EDGE('',*,*,#7574,.F.);
#7574 = EDGE_CURVE('',#5893,#6002,#7575,.T.);
#7575 = SURFACE_CURVE('',#7576,(#7580,#7587),.PCURVE_S1.);
#7576 = LINE('',#7577,#7578);
#7577 = CARTESIAN_POINT('',(146.25,-80.,13.));
#7578 = VECTOR('',#7579,1.);
#7579 = DIRECTION('',(-1.,0.,0.));
#7580 = PCURVE('',#5955,#7581);
#7581 = DEFINITIONAL_REPRESENTATION('',(#7582),#7586);
#7582 = LINE('',#7583,#7584);
#7583 = CARTESIAN_POINT('',(26.25,12.5));
#7584 = VECTOR('',#7585,1.);
#7585 = DIRECTION('',(-1.,0.));
#7586 = ( GEOMETRIC_REPRESENTATION_CONTEXT(2) 
PARAMETRIC_REPRESENTATION_CONTEXT() REPRESENTATION_CONTEXT('2D SPACE',''
  ) );
#7587 = PCURVE('',#7588,#7593);
#7588 = PLANE('',#7589);
#7589 = AXIS2_PLACEMENT_3D('',#7590,#7591,#7592);
#7590 = CARTESIAN_POINT('',(120.,-92.5,13.));
#7591 = DIRECTION('',(0.,0.,1.));
#7592 = DIRECTION('',(1.,0.,-0.));
#7593 = DEFINITIONAL_REPRESENTATION('',(#7594),#7598);
#7594 = LINE('',#7595,#7596);
#7595 = CARTESIAN_POINT('',(26.25,12.5));
#7596 = VECTOR('',#7597,1.);
#7597 = DIRECTION('',(-1.,0.));
#7598 = ( GEOMETRIC_REPRESENTATION_CONTEXT(2) 
PARAMETRIC_REPRESENTATION_CONTEXT() REPRESENTATION_CONTEXT('2D SPACE',''
  ) );
#7599 = ORIENTED_EDGE('',*,*,#5940,.T.);
#7600 = ADVANCED_FACE('',(#7601),#5989,.T.);
#7601 = FACE_BOUND('',#7602,.T.);
#7602 = EDGE_LOOP('',(#7603,#7604,#7625));
#7603 = ORIENTED_EDGE('',*,*,#6061,.T.);
#7604 = ORIENTED_EDGE('',*,*,#7605,.F.);
#7605 = EDGE_CURVE('',#5973,#5759,#7606,.T.);
#7606 = SURFACE_CURVE('',#7607,(#7611,#7618),.PCURVE_S1.);
#7607 = LINE('',#7608,#7609);
#7608 = CARTESIAN_POINT('',(140.,-76.25,13.));
#7609 = VECTOR('',#7610,1.);
#7610 = DIRECTION('',(0.,1.,0.));
#7611 = PCURVE('',#5989,#7612);
#7612 = DEFINITIONAL_REPRESENTATION('',(#7613),#7617);
#7613 = LINE('',#7614,#7615);
#7614 = CARTESIAN_POINT('',(20.,16.25));
#7615 = VECTOR('',#7616,1.);
#7616 = DIRECTION('',(0.,1.));
#7617 = ( GEOMETRIC_REPRESENTATION_CONTEXT(2) 
PARAMETRIC_REPRESENTATION_CONTEXT() REPRESENTATION_CONTEXT('2D SPACE',''
  ) );
#7618 = PCURVE('',#7531,#7619);
#7619 = DEFINITIONAL_REPRESENTATION('',(#7620),#7624);
#7620 = LINE('',#7621,#7622);
#7621 = CARTESIAN_POINT('',(20.,16.25));
#7622 = VECTOR('',#7623,1.);
#7623 = DIRECTION('',(0.,1.));
#7624 = ( GEOMETRIC_REPRESENTATION_CONTEXT(2) 
PARAMETRIC_REPRESENTATION_CONTEXT() REPRESENTATION_CONTEXT('2D SPACE',''
  ) );
#7625 = ORIENTED_EDGE('',*,*,#5972,.T.);
#7626 = ADVANCED_FACE('',(#7627),#6022,.F.);
#7627 = FACE_BOUND('',#7628,.F.);
#7628 = EDGE_LOOP('',(#7629,#7630,#7651,#7652));
#7629 = ORIENTED_EDGE('',*,*,#7405,.F.);
#7630 = ORIENTED_EDGE('',*,*,#7631,.T.);
#7631 = EDGE_CURVE('',#7020,#5973,#7632,.T.);
#7632 = SURFACE_CURVE('',#7633,(#7637,#7644),.PCURVE_S1.);
#7633 = LINE('',#7634,#7635);
#7634 = CARTESIAN_POINT('',(140.,-76.25,0.));
#7635 = VECTOR('',#7636,1.);
#7636 = DIRECTION('',(0.,0.,1.));
#7637 = PCURVE('',#6022,#7638);
#7638 = DEFINITIONAL_REPRESENTATION('',(#7639),#7643);
#7639 = LINE('',#7640,#7641);
#7640 = CARTESIAN_POINT('',(7.717271804642E-06,0.));
#7641 = VECTOR('',#7642,1.);
#7642 = DIRECTION('',(0.,-1.));
#7643 = ( GEOMETRIC_REPRESENTATION_CONTEXT(2) 
PARAMETRIC_REPRESENTATION_CONTEXT() REPRESENTATION_CONTEXT('2D SPACE',''
  ) );
#7644 = PCURVE('',#7040,#7645);
#7645 = DEFINITIONAL_REPRESENTATION('',(#7646),#7650);
#7646 = LINE('',#7647,#7648);
#7647 = CARTESIAN_POINT('',(7.717271804642E-06,0.));
#7648 = VECTOR('',#7649,1.);
#7649 = DIRECTION('',(0.,-1.));
#7650 = ( GEOMETRIC_REPRESENTATION_CONTEXT(2) 
PARAMETRIC_REPRESENTATION_CONTEXT() REPRESENTATION_CONTEXT('2D SPACE',''
  ) );
#7651 = ORIENTED_EDGE('',*,*,#6001,.T.);
#7652 = ORIENTED_EDGE('',*,*,#7653,.F.);
#7653 = EDGE_CURVE('',#7378,#6002,#7654,.T.);
#7654 = SURFACE_CURVE('',#7655,(#7659,#7666),.PCURVE_S1.);
#7655 = LINE('',#7656,#7657);
#7656 = CARTESIAN_POINT('',(143.75,-80.,0.));
#7657 = VECTOR('',#7658,1.);
#7658 = DIRECTION('',(0.,0.,1.));
#7659 = PCURVE('',#6022,#7660);
#7660 = DEFINITIONAL_REPRESENTATION('',(#7661),#7665);
#7661 = LINE('',#7662,#7663);
#7662 = CARTESIAN_POINT('',(1.570742304463,0.));
#7663 = VECTOR('',#7664,1.);
#7664 = DIRECTION('',(0.,-1.));
#7665 = ( GEOMETRIC_REPRESENTATION_CONTEXT(2) 
PARAMETRIC_REPRESENTATION_CONTEXT() REPRESENTATION_CONTEXT('2D SPACE',''
  ) );
#7666 = PCURVE('',#7393,#7667);
#7667 = DEFINITIONAL_REPRESENTATION('',(#7668),#7672);
#7668 = LINE('',#7669,#7670);
#7669 = CARTESIAN_POINT('',(0.,0.));
#7670 = VECTOR('',#7671,1.);
#7671 = DIRECTION('',(0.,-1.));
#7672 = ( GEOMETRIC_REPRESENTATION_CONTEXT(2) 
PARAMETRIC_REPRESENTATION_CONTEXT() REPRESENTATION_CONTEXT('2D SPACE',''
  ) );
#7673 = ADVANCED_FACE('',(#7674),#6151,.T.);
#7674 = FACE_BOUND('',#7675,.T.);
#7675 = EDGE_LOOP('',(#7676,#7697,#7698));
#7676 = ORIENTED_EDGE('',*,*,#7677,.F.);
#7677 = EDGE_CURVE('',#6199,#5893,#7678,.T.);
#7678 = SURFACE_CURVE('',#7679,(#7683,#7690),.PCURVE_S1.);
#7679 = LINE('',#7680,#7681);
#7680 = CARTESIAN_POINT('',(143.75000000033,-80.00002894066,13.));
#7681 = VECTOR('',#7682,1.);
#7682 = DIRECTION('',(0.999999999732,2.315253024108E-05,0.));
#7683 = PCURVE('',#6151,#7684);
#7684 = DEFINITIONAL_REPRESENTATION('',(#7685),#7689);
#7685 = LINE('',#7686,#7687);
#7686 = CARTESIAN_POINT('',(23.750000000335,12.499971059337));
#7687 = VECTOR('',#7688,1.);
#7688 = DIRECTION('',(0.999999999732,2.315253024108E-05));
#7689 = ( GEOMETRIC_REPRESENTATION_CONTEXT(2) 
PARAMETRIC_REPRESENTATION_CONTEXT() REPRESENTATION_CONTEXT('2D SPACE',''
  ) );
#7690 = PCURVE('',#7588,#7691);
#7691 = DEFINITIONAL_REPRESENTATION('',(#7692),#7696);
#7692 = LINE('',#7693,#7694);
#7693 = CARTESIAN_POINT('',(23.750000000335,12.499971059337));
#7694 = VECTOR('',#7695,1.);
#7695 = DIRECTION('',(0.999999999732,2.315253024108E-05));
#7696 = ( GEOMETRIC_REPRESENTATION_CONTEXT(2) 
PARAMETRIC_REPRESENTATION_CONTEXT() REPRESENTATION_CONTEXT('2D SPACE',''
  ) );
#7697 = ORIENTED_EDGE('',*,*,#6198,.T.);
#7698 = ORIENTED_EDGE('',*,*,#6137,.T.);
#7699 = ADVANCED_FACE('',(#7700),#6181,.T.);
#7700 = FACE_BOUND('',#7701,.T.);
#7701 = EDGE_LOOP('',(#7702,#7703,#7729));
#7702 = ORIENTED_EDGE('',*,*,#6250,.T.);
#7703 = ORIENTED_EDGE('',*,*,#7704,.F.);
#7704 = EDGE_CURVE('',#6089,#6223,#7705,.T.);
#7705 = SURFACE_CURVE('',#7706,(#7710,#7717),.PCURVE_S1.);
#7706 = LINE('',#7707,#7708);
#7707 = CARTESIAN_POINT('',(146.24999999966,-105.0000289406,13.));
#7708 = VECTOR('',#7709,1.);
#7709 = DIRECTION('',(-0.999999999732,2.315252990002E-05,0.));
#7710 = PCURVE('',#6181,#7711);
#7711 = DEFINITIONAL_REPRESENTATION('',(#7712),#7716);
#7712 = LINE('',#7713,#7714);
#7713 = CARTESIAN_POINT('',(26.249999999665,-12.50002894066));
#7714 = VECTOR('',#7715,1.);
#7715 = DIRECTION('',(-0.999999999732,2.315252990002E-05));
#7716 = ( GEOMETRIC_REPRESENTATION_CONTEXT(2) 
PARAMETRIC_REPRESENTATION_CONTEXT() REPRESENTATION_CONTEXT('2D SPACE',''
  ) );
#7717 = PCURVE('',#7718,#7723);
#7718 = PLANE('',#7719);
#7719 = AXIS2_PLACEMENT_3D('',#7720,#7721,#7722);
#7720 = CARTESIAN_POINT('',(120.,-92.5,13.));
#7721 = DIRECTION('',(0.,0.,1.));
#7722 = DIRECTION('',(1.,0.,-0.));
#7723 = DEFINITIONAL_REPRESENTATION('',(#7724),#7728);
#7724 = LINE('',#7725,#7726);
#7725 = CARTESIAN_POINT('',(26.249999999665,-12.50002894066));
#7726 = VECTOR('',#7727,1.);
#7727 = DIRECTION('',(-0.999999999732,2.315252990002E-05));
#7728 = ( GEOMETRIC_REPRESENTATION_CONTEXT(2) 
PARAMETRIC_REPRESENTATION_CONTEXT() REPRESENTATION_CONTEXT('2D SPACE',''
  ) );
#7729 = ORIENTED_EDGE('',*,*,#6167,.T.);
#7730 = ADVANCED_FACE('',(#7731),#6238,.F.);
#7731 = FACE_BOUND('',#7732,.F.);
#7732 = EDGE_LOOP('',(#7733,#7734,#7755,#7756));
#7733 = ORIENTED_EDGE('',*,*,#7354,.T.);
#7734 = ORIENTED_EDGE('',*,*,#7735,.T.);
#7735 = EDGE_CURVE('',#7355,#6199,#7736,.T.);
#7736 = SURFACE_CURVE('',#7737,(#7741,#7748),.PCURVE_S1.);
#7737 = LINE('',#7738,#7739);
#7738 = CARTESIAN_POINT('',(143.75000000033,-80.00002894066,0.));
#7739 = VECTOR('',#7740,1.);
#7740 = DIRECTION('',(0.,0.,1.));
#7741 = PCURVE('',#6238,#7742);
#7742 = DEFINITIONAL_REPRESENTATION('',(#7743),#7747);
#7743 = LINE('',#7744,#7745);
#7744 = CARTESIAN_POINT('',(2.894066280135E-05,0.));
#7745 = VECTOR('',#7746,1.);
#7746 = DIRECTION('',(0.,-1.));
#7747 = ( GEOMETRIC_REPRESENTATION_CONTEXT(2) 
PARAMETRIC_REPRESENTATION_CONTEXT() REPRESENTATION_CONTEXT('2D SPACE',''
  ) );
#7748 = PCURVE('',#7393,#7749);
#7749 = DEFINITIONAL_REPRESENTATION('',(#7750),#7754);
#7750 = LINE('',#7751,#7752);
#7751 = CARTESIAN_POINT('',(2.894066280135E-05,0.));
#7752 = VECTOR('',#7753,1.);
#7753 = DIRECTION('',(0.,-1.));
#7754 = ( GEOMETRIC_REPRESENTATION_CONTEXT(2) 
PARAMETRIC_REPRESENTATION_CONTEXT() REPRESENTATION_CONTEXT('2D SPACE',''
  ) );
#7755 = ORIENTED_EDGE('',*,*,#6222,.T.);
#7756 = ORIENTED_EDGE('',*,*,#7757,.F.);
#7757 = EDGE_CURVE('',#7322,#6223,#7758,.T.);
#7758 = SURFACE_CURVE('',#7759,(#7763,#7770),.PCURVE_S1.);
#7759 = LINE('',#7760,#7761);
#7760 = CARTESIAN_POINT('',(143.75000000033,-104.9999710593,0.));
#7761 = VECTOR('',#7762,1.);
#7762 = DIRECTION('',(0.,0.,1.));
#7763 = PCURVE('',#6238,#7764);
#7764 = DEFINITIONAL_REPRESENTATION('',(#7765),#7769);
#7765 = LINE('',#7766,#7767);
#7766 = CARTESIAN_POINT('',(24.999971059338,0.));
#7767 = VECTOR('',#7768,1.);
#7768 = DIRECTION('',(0.,-1.));
#7769 = ( GEOMETRIC_REPRESENTATION_CONTEXT(2) 
PARAMETRIC_REPRESENTATION_CONTEXT() REPRESENTATION_CONTEXT('2D SPACE',''
  ) );
#7770 = PCURVE('',#7342,#7771);
#7771 = DEFINITIONAL_REPRESENTATION('',(#7772),#7776);
#7772 = LINE('',#7773,#7774);
#7773 = CARTESIAN_POINT('',(-3.14156950106,0.));
#7774 = VECTOR('',#7775,1.);
#7775 = DIRECTION('',(-0.,-1.));
#7776 = ( GEOMETRIC_REPRESENTATION_CONTEXT(2) 
PARAMETRIC_REPRESENTATION_CONTEXT() REPRESENTATION_CONTEXT('2D SPACE',''
  ) );
#7777 = ADVANCED_FACE('',(#7778),#6339,.T.);
#7778 = FACE_BOUND('',#7779,.T.);
#7779 = EDGE_LOOP('',(#7780,#7781,#7807));
#7780 = ORIENTED_EDGE('',*,*,#6419,.T.);
#7781 = ORIENTED_EDGE('',*,*,#7782,.F.);
#7782 = EDGE_CURVE('',#6277,#6387,#7783,.T.);
#7783 = SURFACE_CURVE('',#7784,(#7788,#7795),.PCURVE_S1.);
#7784 = LINE('',#7785,#7786);
#7785 = CARTESIAN_POINT('',(140.,-111.25,13.));
#7786 = VECTOR('',#7787,1.);
#7787 = DIRECTION('',(0.,1.,0.));
#7788 = PCURVE('',#6339,#7789);
#7789 = DEFINITIONAL_REPRESENTATION('',(#7790),#7794);
#7790 = LINE('',#7791,#7792);
#7791 = CARTESIAN_POINT('',(20.,-18.75));
#7792 = VECTOR('',#7793,1.);
#7793 = DIRECTION('',(0.,1.));
#7794 = ( GEOMETRIC_REPRESENTATION_CONTEXT(2) 
PARAMETRIC_REPRESENTATION_CONTEXT() REPRESENTATION_CONTEXT('2D SPACE',''
  ) );
#7795 = PCURVE('',#7796,#7801);
#7796 = PLANE('',#7797);
#7797 = AXIS2_PLACEMENT_3D('',#7798,#7799,#7800);
#7798 = CARTESIAN_POINT('',(120.,-92.5,13.));
#7799 = DIRECTION('',(0.,0.,1.));
#7800 = DIRECTION('',(1.,0.,-0.));
#7801 = DEFINITIONAL_REPRESENTATION('',(#7802),#7806);
#7802 = LINE('',#7803,#7804);
#7803 = CARTESIAN_POINT('',(20.,-18.75));
#7804 = VECTOR('',#7805,1.);
#7805 = DIRECTION('',(0.,1.));
#7806 = ( GEOMETRIC_REPRESENTATION_CONTEXT(2) 
PARAMETRIC_REPRESENTATION_CONTEXT() REPRESENTATION_CONTEXT('2D SPACE',''
  ) );
#7807 = ORIENTED_EDGE('',*,*,#6324,.T.);
#7808 = ADVANCED_FACE('',(#7809),#6374,.T.);
#7809 = FACE_BOUND('',#7810,.T.);
#7810 = EDGE_LOOP('',(#7811,#7832,#7833));
#7811 = ORIENTED_EDGE('',*,*,#7812,.F.);
#7812 = EDGE_CURVE('',#6358,#6089,#7813,.T.);
#7813 = SURFACE_CURVE('',#7814,(#7818,#7825),.PCURVE_S1.);
#7814 = LINE('',#7815,#7816);
#7815 = CARTESIAN_POINT('',(143.75,-105.,13.));
#7816 = VECTOR('',#7817,1.);
#7817 = DIRECTION('',(1.,0.,0.));
#7818 = PCURVE('',#6374,#7819);
#7819 = DEFINITIONAL_REPRESENTATION('',(#7820),#7824);
#7820 = LINE('',#7821,#7822);
#7821 = CARTESIAN_POINT('',(23.75,-12.5));
#7822 = VECTOR('',#7823,1.);
#7823 = DIRECTION('',(1.,0.));
#7824 = ( GEOMETRIC_REPRESENTATION_CONTEXT(2) 
PARAMETRIC_REPRESENTATION_CONTEXT() REPRESENTATION_CONTEXT('2D SPACE',''
  ) );
#7825 = PCURVE('',#7718,#7826);
#7826 = DEFINITIONAL_REPRESENTATION('',(#7827),#7831);
#7827 = LINE('',#7828,#7829);
#7828 = CARTESIAN_POINT('',(23.75,-12.5));
#7829 = VECTOR('',#7830,1.);
#7830 = DIRECTION('',(1.,0.));
#7831 = ( GEOMETRIC_REPRESENTATION_CONTEXT(2) 
PARAMETRIC_REPRESENTATION_CONTEXT() REPRESENTATION_CONTEXT('2D SPACE',''
  ) );
#7832 = ORIENTED_EDGE('',*,*,#6357,.T.);
#7833 = ORIENTED_EDGE('',*,*,#6445,.T.);
#7834 = ADVANCED_FACE('',(#7835),#6407,.F.);
#7835 = FACE_BOUND('',#7836,.F.);
#7836 = EDGE_LOOP('',(#7837,#7838,#7859,#7860));
#7837 = ORIENTED_EDGE('',*,*,#7293,.F.);
#7838 = ORIENTED_EDGE('',*,*,#7839,.T.);
#7839 = EDGE_CURVE('',#7294,#6358,#7840,.T.);
#7840 = SURFACE_CURVE('',#7841,(#7845,#7852),.PCURVE_S1.);
#7841 = LINE('',#7842,#7843);
#7842 = CARTESIAN_POINT('',(143.75,-105.,0.));
#7843 = VECTOR('',#7844,1.);
#7844 = DIRECTION('',(0.,0.,1.));
#7845 = PCURVE('',#6407,#7846);
#7846 = DEFINITIONAL_REPRESENTATION('',(#7847),#7851);
#7847 = LINE('',#7848,#7849);
#7848 = CARTESIAN_POINT('',(7.717271725072E-06,0.));
#7849 = VECTOR('',#7850,1.);
#7850 = DIRECTION('',(0.,-1.));
#7851 = ( GEOMETRIC_REPRESENTATION_CONTEXT(2) 
PARAMETRIC_REPRESENTATION_CONTEXT() REPRESENTATION_CONTEXT('2D SPACE',''
  ) );
#7852 = PCURVE('',#7342,#7853);
#7853 = DEFINITIONAL_REPRESENTATION('',(#7854),#7858);
#7854 = LINE('',#7855,#7856);
#7855 = CARTESIAN_POINT('',(-3.14159265359,0.));
#7856 = VECTOR('',#7857,1.);
#7857 = DIRECTION('',(-0.,-1.));
#7858 = ( GEOMETRIC_REPRESENTATION_CONTEXT(2) 
PARAMETRIC_REPRESENTATION_CONTEXT() REPRESENTATION_CONTEXT('2D SPACE',''
  ) );
#7859 = ORIENTED_EDGE('',*,*,#6386,.T.);
#7860 = ORIENTED_EDGE('',*,*,#7861,.F.);
#7861 = EDGE_CURVE('',#7266,#6387,#7862,.T.);
#7862 = SURFACE_CURVE('',#7863,(#7867,#7874),.PCURVE_S1.);
#7863 = LINE('',#7864,#7865);
#7864 = CARTESIAN_POINT('',(140.,-108.75,0.));
#7865 = VECTOR('',#7866,1.);
#7866 = DIRECTION('',(0.,0.,1.));
#7867 = PCURVE('',#6407,#7868);
#7868 = DEFINITIONAL_REPRESENTATION('',(#7869),#7873);
#7869 = LINE('',#7870,#7871);
#7870 = CARTESIAN_POINT('',(1.570742304463,0.));
#7871 = VECTOR('',#7872,1.);
#7872 = DIRECTION('',(0.,-1.));
#7873 = ( GEOMETRIC_REPRESENTATION_CONTEXT(2) 
PARAMETRIC_REPRESENTATION_CONTEXT() REPRESENTATION_CONTEXT('2D SPACE',''
  ) );
#7874 = PCURVE('',#7281,#7875);
#7875 = DEFINITIONAL_REPRESENTATION('',(#7876),#7880);
#7876 = LINE('',#7877,#7878);
#7877 = CARTESIAN_POINT('',(0.,-0.));
#7878 = VECTOR('',#7879,1.);
#7879 = DIRECTION('',(0.,-1.));
#7880 = ( GEOMETRIC_REPRESENTATION_CONTEXT(2) 
PARAMETRIC_REPRESENTATION_CONTEXT() REPRESENTATION_CONTEXT('2D SPACE',''
  ) );
#7881 = ADVANCED_FACE('',(#7882),#6534,.T.);
#7882 = FACE_BOUND('',#7883,.T.);
#7883 = EDGE_LOOP('',(#7884,#7905,#7906));
#7884 = ORIENTED_EDGE('',*,*,#7885,.F.);
#7885 = EDGE_CURVE('',#6583,#6277,#7886,.T.);
#7886 = SURFACE_CURVE('',#7887,(#7891,#7898),.PCURVE_S1.);
#7887 = LINE('',#7888,#7889);
#7888 = CARTESIAN_POINT('',(139.99997105933,-108.7500000003,13.));
#7889 = VECTOR('',#7890,1.);
#7890 = DIRECTION('',(2.315252984317E-05,-0.999999999732,0.));
#7891 = PCURVE('',#6534,#7892);
#7892 = DEFINITIONAL_REPRESENTATION('',(#7893),#7897);
#7893 = LINE('',#7894,#7895);
#7894 = CARTESIAN_POINT('',(19.999971059338,-16.25000000033));
#7895 = VECTOR('',#7896,1.);
#7896 = DIRECTION('',(2.315252984317E-05,-0.999999999732));
#7897 = ( GEOMETRIC_REPRESENTATION_CONTEXT(2) 
PARAMETRIC_REPRESENTATION_CONTEXT() REPRESENTATION_CONTEXT('2D SPACE',''
  ) );
#7898 = PCURVE('',#7796,#7899);
#7899 = DEFINITIONAL_REPRESENTATION('',(#7900),#7904);
#7900 = LINE('',#7901,#7902);
#7901 = CARTESIAN_POINT('',(19.999971059338,-16.25000000033));
#7902 = VECTOR('',#7903,1.);
#7903 = DIRECTION('',(2.315252984317E-05,-0.999999999732));
#7904 = ( GEOMETRIC_REPRESENTATION_CONTEXT(2) 
PARAMETRIC_REPRESENTATION_CONTEXT() REPRESENTATION_CONTEXT('2D SPACE',''
  ) );
#7905 = ORIENTED_EDGE('',*,*,#6635,.T.);
#7906 = ORIENTED_EDGE('',*,*,#6520,.T.);
#7907 = ADVANCED_FACE('',(#7908),#6565,.T.);
#7908 = FACE_BOUND('',#7909,.T.);
#7909 = EDGE_LOOP('',(#7910,#7911,#7937));
#7910 = ORIENTED_EDGE('',*,*,#6612,.T.);
#7911 = ORIENTED_EDGE('',*,*,#7912,.F.);
#7912 = EDGE_CURVE('',#6473,#6585,#7913,.T.);
#7913 = SURFACE_CURVE('',#7914,(#7918,#7925),.PCURVE_S1.);
#7914 = LINE('',#7915,#7916);
#7915 = CARTESIAN_POINT('',(99.999971059338,-111.2499999996,13.));
#7916 = VECTOR('',#7917,1.);
#7917 = DIRECTION('',(2.315252999097E-05,0.999999999732,0.));
#7918 = PCURVE('',#6565,#7919);
#7919 = DEFINITIONAL_REPRESENTATION('',(#7920),#7924);
#7920 = LINE('',#7921,#7922);
#7921 = CARTESIAN_POINT('',(-20.00002894066,-18.74999999966));
#7922 = VECTOR('',#7923,1.);
#7923 = DIRECTION('',(2.315252999097E-05,0.999999999732));
#7924 = ( GEOMETRIC_REPRESENTATION_CONTEXT(2) 
PARAMETRIC_REPRESENTATION_CONTEXT() REPRESENTATION_CONTEXT('2D SPACE',''
  ) );
#7925 = PCURVE('',#7926,#7931);
#7926 = PLANE('',#7927);
#7927 = AXIS2_PLACEMENT_3D('',#7928,#7929,#7930);
#7928 = CARTESIAN_POINT('',(120.,-92.5,13.));
#7929 = DIRECTION('',(0.,0.,1.));
#7930 = DIRECTION('',(1.,0.,-0.));
#7931 = DEFINITIONAL_REPRESENTATION('',(#7932),#7936);
#7932 = LINE('',#7933,#7934);
#7933 = CARTESIAN_POINT('',(-20.00002894066,-18.74999999966));
#7934 = VECTOR('',#7935,1.);
#7935 = DIRECTION('',(2.315252999097E-05,0.999999999732));
#7936 = ( GEOMETRIC_REPRESENTATION_CONTEXT(2) 
PARAMETRIC_REPRESENTATION_CONTEXT() REPRESENTATION_CONTEXT('2D SPACE',''
  ) );
#7937 = ORIENTED_EDGE('',*,*,#6551,.T.);
#7938 = ADVANCED_FACE('',(#7939),#6600,.F.);
#7939 = FACE_BOUND('',#7940,.F.);
#7940 = EDGE_LOOP('',(#7941,#7942,#7963,#7964));
#7941 = ORIENTED_EDGE('',*,*,#7242,.T.);
#7942 = ORIENTED_EDGE('',*,*,#7943,.T.);
#7943 = EDGE_CURVE('',#7243,#6583,#7944,.T.);
#7944 = SURFACE_CURVE('',#7945,(#7949,#7956),.PCURVE_S1.);
#7945 = LINE('',#7946,#7947);
#7946 = CARTESIAN_POINT('',(139.99997105933,-108.7500000003,0.));
#7947 = VECTOR('',#7948,1.);
#7948 = DIRECTION('',(0.,0.,1.));
#7949 = PCURVE('',#6600,#7950);
#7950 = DEFINITIONAL_REPRESENTATION('',(#7951),#7955);
#7951 = LINE('',#7952,#7953);
#7952 = CARTESIAN_POINT('',(2.894066230397E-05,0.));
#7953 = VECTOR('',#7954,1.);
#7954 = DIRECTION('',(0.,-1.));
#7955 = ( GEOMETRIC_REPRESENTATION_CONTEXT(2) 
PARAMETRIC_REPRESENTATION_CONTEXT() REPRESENTATION_CONTEXT('2D SPACE',''
  ) );
#7956 = PCURVE('',#7281,#7957);
#7957 = DEFINITIONAL_REPRESENTATION('',(#7958),#7962);
#7958 = LINE('',#7959,#7960);
#7959 = CARTESIAN_POINT('',(2.894066230397E-05,0.));
#7960 = VECTOR('',#7961,1.);
#7961 = DIRECTION('',(0.,-1.));
#7962 = ( GEOMETRIC_REPRESENTATION_CONTEXT(2) 
PARAMETRIC_REPRESENTATION_CONTEXT() REPRESENTATION_CONTEXT('2D SPACE',''
  ) );
#7963 = ORIENTED_EDGE('',*,*,#6582,.T.);
#7964 = ORIENTED_EDGE('',*,*,#7965,.F.);
#7965 = EDGE_CURVE('',#7210,#6585,#7966,.T.);
#7966 = SURFACE_CURVE('',#7967,(#7971,#7978),.PCURVE_S1.);
#7967 = LINE('',#7968,#7969);
#7968 = CARTESIAN_POINT('',(100.00002894066,-108.7500000003,0.));
#7969 = VECTOR('',#7970,1.);
#7970 = DIRECTION('',(0.,0.,1.));
#7971 = PCURVE('',#6600,#7972);
#7972 = DEFINITIONAL_REPRESENTATION('',(#7973),#7977);
#7973 = LINE('',#7974,#7975);
#7974 = CARTESIAN_POINT('',(39.999971059338,0.));
#7975 = VECTOR('',#7976,1.);
#7976 = DIRECTION('',(0.,-1.));
#7977 = ( GEOMETRIC_REPRESENTATION_CONTEXT(2) 
PARAMETRIC_REPRESENTATION_CONTEXT() REPRESENTATION_CONTEXT('2D SPACE',''
  ) );
#7978 = PCURVE('',#7230,#7979);
#7979 = DEFINITIONAL_REPRESENTATION('',(#7980),#7984);
#7980 = LINE('',#7981,#7982);
#7981 = CARTESIAN_POINT('',(0.,0.));
#7982 = VECTOR('',#7983,1.);
#7983 = DIRECTION('',(0.,-1.));
#7984 = ( GEOMETRIC_REPRESENTATION_CONTEXT(2) 
PARAMETRIC_REPRESENTATION_CONTEXT() REPRESENTATION_CONTEXT('2D SPACE',''
  ) );
#7985 = ADVANCED_FACE('',(#7986),#6723,.T.);
#7986 = FACE_BOUND('',#7987,.T.);
#7987 = EDGE_LOOP('',(#7988,#7989,#8015));
#7988 = ORIENTED_EDGE('',*,*,#6775,.T.);
#7989 = ORIENTED_EDGE('',*,*,#7990,.F.);
#7990 = EDGE_CURVE('',#6661,#6743,#7991,.T.);
#7991 = SURFACE_CURVE('',#7992,(#7996,#8003),.PCURVE_S1.);
#7992 = LINE('',#7993,#7994);
#7993 = CARTESIAN_POINT('',(93.75,-105.,13.));
#7994 = VECTOR('',#7995,1.);
#7995 = DIRECTION('',(1.,0.,0.));
#7996 = PCURVE('',#6723,#7997);
#7997 = DEFINITIONAL_REPRESENTATION('',(#7998),#8002);
#7998 = LINE('',#7999,#8000);
#7999 = CARTESIAN_POINT('',(-26.25,-12.5));
#8000 = VECTOR('',#8001,1.);
#8001 = DIRECTION('',(1.,0.));
#8002 = ( GEOMETRIC_REPRESENTATION_CONTEXT(2) 
PARAMETRIC_REPRESENTATION_CONTEXT() REPRESENTATION_CONTEXT('2D SPACE',''
  ) );
#8003 = PCURVE('',#8004,#8009);
#8004 = PLANE('',#8005);
#8005 = AXIS2_PLACEMENT_3D('',#8006,#8007,#8008);
#8006 = CARTESIAN_POINT('',(120.,-92.5,13.));
#8007 = DIRECTION('',(0.,0.,1.));
#8008 = DIRECTION('',(1.,0.,-0.));
#8009 = DEFINITIONAL_REPRESENTATION('',(#8010),#8014);
#8010 = LINE('',#8011,#8012);
#8011 = CARTESIAN_POINT('',(-26.25,-12.5));
#8012 = VECTOR('',#8013,1.);
#8013 = DIRECTION('',(1.,0.));
#8014 = ( GEOMETRIC_REPRESENTATION_CONTEXT(2) 
PARAMETRIC_REPRESENTATION_CONTEXT() REPRESENTATION_CONTEXT('2D SPACE',''
  ) );
#8015 = ORIENTED_EDGE('',*,*,#6708,.T.);
#8016 = ADVANCED_FACE('',(#8017),#6763,.F.);
#8017 = FACE_BOUND('',#8018,.F.);
#8018 = EDGE_LOOP('',(#8019,#8020,#8041,#8042));
#8019 = ORIENTED_EDGE('',*,*,#7181,.F.);
#8020 = ORIENTED_EDGE('',*,*,#8021,.T.);
#8021 = EDGE_CURVE('',#7182,#6741,#8022,.T.);
#8022 = SURFACE_CURVE('',#8023,(#8027,#8034),.PCURVE_S1.);
#8023 = LINE('',#8024,#8025);
#8024 = CARTESIAN_POINT('',(100.,-108.75,0.));
#8025 = VECTOR('',#8026,1.);
#8026 = DIRECTION('',(0.,0.,1.));
#8027 = PCURVE('',#6763,#8028);
#8028 = DEFINITIONAL_REPRESENTATION('',(#8029),#8033);
#8029 = LINE('',#8030,#8031);
#8030 = CARTESIAN_POINT('',(7.717271755379E-06,0.));
#8031 = VECTOR('',#8032,1.);
#8032 = DIRECTION('',(0.,-1.));
#8033 = ( GEOMETRIC_REPRESENTATION_CONTEXT(2) 
PARAMETRIC_REPRESENTATION_CONTEXT() REPRESENTATION_CONTEXT('2D SPACE',''
  ) );
#8034 = PCURVE('',#7230,#8035);
#8035 = DEFINITIONAL_REPRESENTATION('',(#8036),#8040);
#8036 = LINE('',#8037,#8038);
#8037 = CARTESIAN_POINT('',(7.717271755379E-06,0.));
#8038 = VECTOR('',#8039,1.);
#8039 = DIRECTION('',(0.,-1.));
#8040 = ( GEOMETRIC_REPRESENTATION_CONTEXT(2) 
PARAMETRIC_REPRESENTATION_CONTEXT() REPRESENTATION_CONTEXT('2D SPACE',''
  ) );
#8041 = ORIENTED_EDGE('',*,*,#6740,.T.);
#8042 = ORIENTED_EDGE('',*,*,#8043,.F.);
#8043 = EDGE_CURVE('',#7154,#6743,#8044,.T.);
#8044 = SURFACE_CURVE('',#8045,(#8049,#8056),.PCURVE_S1.);
#8045 = LINE('',#8046,#8047);
#8046 = CARTESIAN_POINT('',(96.25,-105.,0.));
#8047 = VECTOR('',#8048,1.);
#8048 = DIRECTION('',(0.,0.,1.));
#8049 = PCURVE('',#6763,#8050);
#8050 = DEFINITIONAL_REPRESENTATION('',(#8051),#8055);
#8051 = LINE('',#8052,#8053);
#8052 = CARTESIAN_POINT('',(1.570742304463,0.));
#8053 = VECTOR('',#8054,1.);
#8054 = DIRECTION('',(0.,-1.));
#8055 = ( GEOMETRIC_REPRESENTATION_CONTEXT(2) 
PARAMETRIC_REPRESENTATION_CONTEXT() REPRESENTATION_CONTEXT('2D SPACE',''
  ) );
#8056 = PCURVE('',#7169,#8057);
#8057 = DEFINITIONAL_REPRESENTATION('',(#8058),#8062);
#8058 = LINE('',#8059,#8060);
#8059 = CARTESIAN_POINT('',(0.,0.));
#8060 = VECTOR('',#8061,1.);
#8061 = DIRECTION('',(0.,-1.));
#8062 = ( GEOMETRIC_REPRESENTATION_CONTEXT(2) 
PARAMETRIC_REPRESENTATION_CONTEXT() REPRESENTATION_CONTEXT('2D SPACE',''
  ) );
#8063 = ADVANCED_FACE('',(#8064),#6813,.T.);
#8064 = FACE_BOUND('',#8065,.T.);
#8065 = EDGE_LOOP('',(#8066,#8087,#8088));
#8066 = ORIENTED_EDGE('',*,*,#8067,.F.);
#8067 = EDGE_CURVE('',#6741,#6473,#8068,.T.);
#8068 = SURFACE_CURVE('',#8069,(#8073,#8080),.PCURVE_S1.);
#8069 = LINE('',#8070,#8071);
#8070 = CARTESIAN_POINT('',(100.,-108.75,13.));
#8071 = VECTOR('',#8072,1.);
#8072 = DIRECTION('',(0.,-1.,0.));
#8073 = PCURVE('',#6813,#8074);
#8074 = DEFINITIONAL_REPRESENTATION('',(#8075),#8079);
#8075 = LINE('',#8076,#8077);
#8076 = CARTESIAN_POINT('',(-20.,-16.25));
#8077 = VECTOR('',#8078,1.);
#8078 = DIRECTION('',(0.,-1.));
#8079 = ( GEOMETRIC_REPRESENTATION_CONTEXT(2) 
PARAMETRIC_REPRESENTATION_CONTEXT() REPRESENTATION_CONTEXT('2D SPACE',''
  ) );
#8080 = PCURVE('',#7926,#8081);
#8081 = DEFINITIONAL_REPRESENTATION('',(#8082),#8086);
#8082 = LINE('',#8083,#8084);
#8083 = CARTESIAN_POINT('',(-20.,-16.25));
#8084 = VECTOR('',#8085,1.);
#8085 = DIRECTION('',(0.,-1.));
#8086 = ( GEOMETRIC_REPRESENTATION_CONTEXT(2) 
PARAMETRIC_REPRESENTATION_CONTEXT() REPRESENTATION_CONTEXT('2D SPACE',''
  ) );
#8087 = ORIENTED_EDGE('',*,*,#6798,.T.);
#8088 = ORIENTED_EDGE('',*,*,#6831,.T.);
#8089 = ADVANCED_FACE('',(#8090),#6870,.T.);
#8090 = FACE_BOUND('',#8091,.T.);
#8091 = EDGE_LOOP('',(#8092,#8113,#8114));
#8092 = ORIENTED_EDGE('',*,*,#8093,.F.);
#8093 = EDGE_CURVE('',#6888,#6661,#8094,.T.);
#8094 = SURFACE_CURVE('',#8095,(#8099,#8106),.PCURVE_S1.);
#8095 = LINE('',#8096,#8097);
#8096 = CARTESIAN_POINT('',(96.249999999665,-104.9999710593,13.));
#8097 = VECTOR('',#8098,1.);
#8098 = DIRECTION('',(-0.999999999732,-2.315253013876E-05,0.));
#8099 = PCURVE('',#6870,#8100);
#8100 = DEFINITIONAL_REPRESENTATION('',(#8101),#8105);
#8101 = LINE('',#8102,#8103);
#8102 = CARTESIAN_POINT('',(-23.75000000033,-12.49997105933));
#8103 = VECTOR('',#8104,1.);
#8104 = DIRECTION('',(-0.999999999732,-2.315253013876E-05));
#8105 = ( GEOMETRIC_REPRESENTATION_CONTEXT(2) 
PARAMETRIC_REPRESENTATION_CONTEXT() REPRESENTATION_CONTEXT('2D SPACE',''
  ) );
#8106 = PCURVE('',#8004,#8107);
#8107 = DEFINITIONAL_REPRESENTATION('',(#8108),#8112);
#8108 = LINE('',#8109,#8110);
#8109 = CARTESIAN_POINT('',(-23.75000000033,-12.49997105933));
#8110 = VECTOR('',#8111,1.);
#8111 = DIRECTION('',(-0.999999999732,-2.315253013876E-05));
#8112 = ( GEOMETRIC_REPRESENTATION_CONTEXT(2) 
PARAMETRIC_REPRESENTATION_CONTEXT() REPRESENTATION_CONTEXT('2D SPACE',''
  ) );
#8113 = ORIENTED_EDGE('',*,*,#6940,.T.);
#8114 = ORIENTED_EDGE('',*,*,#6856,.T.);
#8115 = ADVANCED_FACE('',(#8116),#6905,.F.);
#8116 = FACE_BOUND('',#8117,.F.);
#8117 = EDGE_LOOP('',(#8118,#8119,#8140,#8141));
#8118 = ORIENTED_EDGE('',*,*,#7130,.T.);
#8119 = ORIENTED_EDGE('',*,*,#8120,.T.);
#8120 = EDGE_CURVE('',#7131,#6888,#8121,.T.);
#8121 = SURFACE_CURVE('',#8122,(#8126,#8133),.PCURVE_S1.);
#8122 = LINE('',#8123,#8124);
#8123 = CARTESIAN_POINT('',(96.249999999665,-104.9999710593,0.));
#8124 = VECTOR('',#8125,1.);
#8125 = DIRECTION('',(0.,0.,1.));
#8126 = PCURVE('',#6905,#8127);
#8127 = DEFINITIONAL_REPRESENTATION('',(#8128),#8132);
#8128 = LINE('',#8129,#8130);
#8129 = CARTESIAN_POINT('',(2.894066267345E-05,0.));
#8130 = VECTOR('',#8131,1.);
#8131 = DIRECTION('',(0.,-1.));
#8132 = ( GEOMETRIC_REPRESENTATION_CONTEXT(2) 
PARAMETRIC_REPRESENTATION_CONTEXT() REPRESENTATION_CONTEXT('2D SPACE',''
  ) );
#8133 = PCURVE('',#7169,#8134);
#8134 = DEFINITIONAL_REPRESENTATION('',(#8135),#8139);
#8135 = LINE('',#8136,#8137);
#8136 = CARTESIAN_POINT('',(2.894066267345E-05,0.));
#8137 = VECTOR('',#8138,1.);
#8138 = DIRECTION('',(0.,-1.));
#8139 = ( GEOMETRIC_REPRESENTATION_CONTEXT(2) 
PARAMETRIC_REPRESENTATION_CONTEXT() REPRESENTATION_CONTEXT('2D SPACE',''
  ) );
#8140 = ORIENTED_EDGE('',*,*,#6887,.T.);
#8141 = ORIENTED_EDGE('',*,*,#7462,.F.);
#8142 = ADVANCED_FACE('',(#8143),#7040,.F.);
#8143 = FACE_BOUND('',#8144,.F.);
#8144 = EDGE_LOOP('',(#8145,#8146,#8147,#8173));
#8145 = ORIENTED_EDGE('',*,*,#7017,.F.);
#8146 = ORIENTED_EDGE('',*,*,#7549,.T.);
#8147 = ORIENTED_EDGE('',*,*,#8148,.T.);
#8148 = EDGE_CURVE('',#5840,#5973,#8149,.T.);
#8149 = SURFACE_CURVE('',#8150,(#8155,#8162),.PCURVE_S1.);
#8150 = CIRCLE('',#8151,3.750115766671);
#8151 = AXIS2_PLACEMENT_3D('',#8152,#8153,#8154);
#8152 = CARTESIAN_POINT('',(139.99988423466,-80.00011576533,13.));
#8153 = DIRECTION('',(0.,0.,-1.));
#8154 = DIRECTION('',(2.315253013597E-05,0.999999999732,0.));
#8155 = PCURVE('',#7040,#8156);
#8156 = DEFINITIONAL_REPRESENTATION('',(#8157),#8161);
#8157 = LINE('',#8158,#8159);
#8158 = CARTESIAN_POINT('',(0.,-13.));
#8159 = VECTOR('',#8160,1.);
#8160 = DIRECTION('',(1.,0.));
#8161 = ( GEOMETRIC_REPRESENTATION_CONTEXT(2) 
PARAMETRIC_REPRESENTATION_CONTEXT() REPRESENTATION_CONTEXT('2D SPACE',''
  ) );
#8162 = PCURVE('',#7531,#8163);
#8163 = DEFINITIONAL_REPRESENTATION('',(#8164),#8172);
#8164 = ( BOUNDED_CURVE() B_SPLINE_CURVE(2,(#8165,#8166,#8167,#8168,
#8169,#8170,#8171),.UNSPECIFIED.,.T.,.F.) B_SPLINE_CURVE_WITH_KNOTS((1,2
    ,2,2,2,1),(-2.094395102393,0.,2.094395102393,4.188790204786,
6.28318530718,8.377580409573),.UNSPECIFIED.) CURVE() 
GEOMETRIC_REPRESENTATION_ITEM() RATIONAL_B_SPLINE_CURVE((1.,0.5,1.,0.5,
1.,0.5,1.)) REPRESENTATION_ITEM('') );
#8165 = CARTESIAN_POINT('',(19.999971059337,16.250000000335));
#8166 = CARTESIAN_POINT('',(26.495362099736,16.249849615598));
#8167 = CARTESIAN_POINT('',(23.247536342534,10.624751159467));
#8168 = CARTESIAN_POINT('',(19.999710585332,4.999652703336));
#8169 = CARTESIAN_POINT('',(16.752145302136,10.624901544204));
#8170 = CARTESIAN_POINT('',(13.504580018939,16.250150385071));
#8171 = CARTESIAN_POINT('',(19.999971059337,16.250000000335));
#8172 = ( GEOMETRIC_REPRESENTATION_CONTEXT(2) 
PARAMETRIC_REPRESENTATION_CONTEXT() REPRESENTATION_CONTEXT('2D SPACE',''
  ) );
#8173 = ORIENTED_EDGE('',*,*,#7631,.F.);
#8174 = ADVANCED_FACE('',(#8175),#7393,.F.);
#8175 = FACE_BOUND('',#8176,.F.);
#8176 = EDGE_LOOP('',(#8177,#8178,#8179,#8200));
#8177 = ORIENTED_EDGE('',*,*,#7377,.T.);
#8178 = ORIENTED_EDGE('',*,*,#7653,.T.);
#8179 = ORIENTED_EDGE('',*,*,#8180,.T.);
#8180 = EDGE_CURVE('',#6002,#6199,#8181,.T.);
#8181 = SURFACE_CURVE('',#8182,(#8186,#8193),.PCURVE_S1.);
#8182 = LINE('',#8183,#8184);
#8183 = CARTESIAN_POINT('',(143.75,-80.,13.));
#8184 = VECTOR('',#8185,1.);
#8185 = DIRECTION('',(0.,-1.,0.));
#8186 = PCURVE('',#7393,#8187);
#8187 = DEFINITIONAL_REPRESENTATION('',(#8188),#8192);
#8188 = LINE('',#8189,#8190);
#8189 = CARTESIAN_POINT('',(0.,-13.));
#8190 = VECTOR('',#8191,1.);
#8191 = DIRECTION('',(1.,0.));
#8192 = ( GEOMETRIC_REPRESENTATION_CONTEXT(2) 
PARAMETRIC_REPRESENTATION_CONTEXT() REPRESENTATION_CONTEXT('2D SPACE',''
  ) );
#8193 = PCURVE('',#7588,#8194);
#8194 = DEFINITIONAL_REPRESENTATION('',(#8195),#8199);
#8195 = LINE('',#8196,#8197);
#8196 = CARTESIAN_POINT('',(23.75,12.5));
#8197 = VECTOR('',#8198,1.);
#8198 = DIRECTION('',(0.,-1.));
#8199 = ( GEOMETRIC_REPRESENTATION_CONTEXT(2) 
PARAMETRIC_REPRESENTATION_CONTEXT() REPRESENTATION_CONTEXT('2D SPACE',''
  ) );
#8200 = ORIENTED_EDGE('',*,*,#7735,.F.);
#8201 = ADVANCED_FACE('',(#8202),#7342,.T.);
#8202 = FACE_BOUND('',#8203,.F.);
#8203 = EDGE_LOOP('',(#8204,#8205,#8206,#8228));
#8204 = ORIENTED_EDGE('',*,*,#7321,.T.);
#8205 = ORIENTED_EDGE('',*,*,#7757,.T.);
#8206 = ORIENTED_EDGE('',*,*,#8207,.T.);
#8207 = EDGE_CURVE('',#6223,#6358,#8208,.T.);
#8208 = SURFACE_CURVE('',#8209,(#8214,#8221),.PCURVE_S1.);
#8209 = CIRCLE('',#8210,1.25);
#8210 = AXIS2_PLACEMENT_3D('',#8211,#8212,#8213);
#8211 = CARTESIAN_POINT('',(145.,-105.,13.));
#8212 = DIRECTION('',(0.,0.,1.));
#8213 = DIRECTION('',(1.,0.,-0.));
#8214 = PCURVE('',#7342,#8215);
#8215 = DEFINITIONAL_REPRESENTATION('',(#8216),#8220);
#8216 = LINE('',#8217,#8218);
#8217 = CARTESIAN_POINT('',(-0.,-13.));
#8218 = VECTOR('',#8219,1.);
#8219 = DIRECTION('',(-1.,0.));
#8220 = ( GEOMETRIC_REPRESENTATION_CONTEXT(2) 
PARAMETRIC_REPRESENTATION_CONTEXT() REPRESENTATION_CONTEXT('2D SPACE',''
  ) );
#8221 = PCURVE('',#7718,#8222);
#8222 = DEFINITIONAL_REPRESENTATION('',(#8223),#8227);
#8223 = CIRCLE('',#8224,1.25);
#8224 = AXIS2_PLACEMENT_2D('',#8225,#8226);
#8225 = CARTESIAN_POINT('',(25.,-12.5));
#8226 = DIRECTION('',(1.,0.));
#8227 = ( GEOMETRIC_REPRESENTATION_CONTEXT(2) 
PARAMETRIC_REPRESENTATION_CONTEXT() REPRESENTATION_CONTEXT('2D SPACE',''
  ) );
#8228 = ORIENTED_EDGE('',*,*,#7839,.F.);
#8229 = ADVANCED_FACE('',(#8230),#7281,.F.);
#8230 = FACE_BOUND('',#8231,.F.);
#8231 = EDGE_LOOP('',(#8232,#8233,#8234,#8255));
#8232 = ORIENTED_EDGE('',*,*,#7265,.T.);
#8233 = ORIENTED_EDGE('',*,*,#7861,.T.);
#8234 = ORIENTED_EDGE('',*,*,#8235,.T.);
#8235 = EDGE_CURVE('',#6387,#6583,#8236,.T.);
#8236 = SURFACE_CURVE('',#8237,(#8241,#8248),.PCURVE_S1.);
#8237 = LINE('',#8238,#8239);
#8238 = CARTESIAN_POINT('',(140.,-108.75,13.));
#8239 = VECTOR('',#8240,1.);
#8240 = DIRECTION('',(-1.,0.,0.));
#8241 = PCURVE('',#7281,#8242);
#8242 = DEFINITIONAL_REPRESENTATION('',(#8243),#8247);
#8243 = LINE('',#8244,#8245);
#8244 = CARTESIAN_POINT('',(0.,-13.));
#8245 = VECTOR('',#8246,1.);
#8246 = DIRECTION('',(1.,0.));
#8247 = ( GEOMETRIC_REPRESENTATION_CONTEXT(2) 
PARAMETRIC_REPRESENTATION_CONTEXT() REPRESENTATION_CONTEXT('2D SPACE',''
  ) );
#8248 = PCURVE('',#7796,#8249);
#8249 = DEFINITIONAL_REPRESENTATION('',(#8250),#8254);
#8250 = LINE('',#8251,#8252);
#8251 = CARTESIAN_POINT('',(20.,-16.25));
#8252 = VECTOR('',#8253,1.);
#8253 = DIRECTION('',(-1.,0.));
#8254 = ( GEOMETRIC_REPRESENTATION_CONTEXT(2) 
PARAMETRIC_REPRESENTATION_CONTEXT() REPRESENTATION_CONTEXT('2D SPACE',''
  ) );
#8255 = ORIENTED_EDGE('',*,*,#7943,.F.);
#8256 = ADVANCED_FACE('',(#8257),#7230,.F.);
#8257 = FACE_BOUND('',#8258,.F.);
#8258 = EDGE_LOOP('',(#8259,#8260,#8261,#8287));
#8259 = ORIENTED_EDGE('',*,*,#7209,.F.);
#8260 = ORIENTED_EDGE('',*,*,#7965,.T.);
#8261 = ORIENTED_EDGE('',*,*,#8262,.T.);
#8262 = EDGE_CURVE('',#6585,#6741,#8263,.T.);
#8263 = SURFACE_CURVE('',#8264,(#8269,#8276),.PCURVE_S1.);
#8264 = CIRCLE('',#8265,3.75011576667);
#8265 = AXIS2_PLACEMENT_3D('',#8266,#8267,#8268);
#8266 = CARTESIAN_POINT('',(100.00011576533,-104.9998842346,13.));
#8267 = DIRECTION('',(0.,0.,-1.));
#8268 = DIRECTION('',(-2.31525299844E-05,-0.999999999732,-0.));
#8269 = PCURVE('',#7230,#8270);
#8270 = DEFINITIONAL_REPRESENTATION('',(#8271),#8275);
#8271 = LINE('',#8272,#8273);
#8272 = CARTESIAN_POINT('',(0.,-13.));
#8273 = VECTOR('',#8274,1.);
#8274 = DIRECTION('',(1.,0.));
#8275 = ( GEOMETRIC_REPRESENTATION_CONTEXT(2) 
PARAMETRIC_REPRESENTATION_CONTEXT() REPRESENTATION_CONTEXT('2D SPACE',''
  ) );
#8276 = PCURVE('',#7926,#8277);
#8277 = DEFINITIONAL_REPRESENTATION('',(#8278),#8286);
#8278 = ( BOUNDED_CURVE() B_SPLINE_CURVE(2,(#8279,#8280,#8281,#8282,
#8283,#8284,#8285),.UNSPECIFIED.,.T.,.F.) B_SPLINE_CURVE_WITH_KNOTS((1,2
    ,2,2,2,1),(-2.094395102393,0.,2.094395102393,4.188790204786,
6.28318530718,8.377580409573),.UNSPECIFIED.) CURVE() 
GEOMETRIC_REPRESENTATION_ITEM() RATIONAL_B_SPLINE_CURVE((1.,0.5,1.,0.5,
1.,0.5,1.)) REPRESENTATION_ITEM('') );
#8279 = CARTESIAN_POINT('',(-19.99997105933,-16.25000000033));
#8280 = CARTESIAN_POINT('',(-26.49536209973,-16.24984961559));
#8281 = CARTESIAN_POINT('',(-23.24753634253,-10.62475115946));
#8282 = CARTESIAN_POINT('',(-19.99971058533,-4.999652703339));
#8283 = CARTESIAN_POINT('',(-16.75214530213,-10.6249015442));
#8284 = CARTESIAN_POINT('',(-13.50458001894,-16.25015038507));
#8285 = CARTESIAN_POINT('',(-19.99997105933,-16.25000000033));
#8286 = ( GEOMETRIC_REPRESENTATION_CONTEXT(2) 
PARAMETRIC_REPRESENTATION_CONTEXT() REPRESENTATION_CONTEXT('2D SPACE',''
  ) );
#8287 = ORIENTED_EDGE('',*,*,#8021,.F.);
#8288 = ADVANCED_FACE('',(#8289),#7169,.F.);
#8289 = FACE_BOUND('',#8290,.F.);
#8290 = EDGE_LOOP('',(#8291,#8292,#8293,#8314));
#8291 = ORIENTED_EDGE('',*,*,#7153,.T.);
#8292 = ORIENTED_EDGE('',*,*,#8043,.T.);
#8293 = ORIENTED_EDGE('',*,*,#8294,.T.);
#8294 = EDGE_CURVE('',#6743,#6888,#8295,.T.);
#8295 = SURFACE_CURVE('',#8296,(#8300,#8307),.PCURVE_S1.);
#8296 = LINE('',#8297,#8298);
#8297 = CARTESIAN_POINT('',(96.25,-105.,13.));
#8298 = VECTOR('',#8299,1.);
#8299 = DIRECTION('',(0.,1.,0.));
#8300 = PCURVE('',#7169,#8301);
#8301 = DEFINITIONAL_REPRESENTATION('',(#8302),#8306);
#8302 = LINE('',#8303,#8304);
#8303 = CARTESIAN_POINT('',(0.,-13.));
#8304 = VECTOR('',#8305,1.);
#8305 = DIRECTION('',(1.,0.));
#8306 = ( GEOMETRIC_REPRESENTATION_CONTEXT(2) 
PARAMETRIC_REPRESENTATION_CONTEXT() REPRESENTATION_CONTEXT('2D SPACE',''
  ) );
#8307 = PCURVE('',#8004,#8308);
#8308 = DEFINITIONAL_REPRESENTATION('',(#8309),#8313);
#8309 = LINE('',#8310,#8311);
#8310 = CARTESIAN_POINT('',(-23.75,-12.5));
#8311 = VECTOR('',#8312,1.);
#8312 = DIRECTION('',(0.,1.));
#8313 = ( GEOMETRIC_REPRESENTATION_CONTEXT(2) 
PARAMETRIC_REPRESENTATION_CONTEXT() REPRESENTATION_CONTEXT('2D SPACE',''
  ) );
#8314 = ORIENTED_EDGE('',*,*,#8120,.F.);
#8315 = ADVANCED_FACE('',(#8316),#7531,.T.);
#8316 = FACE_BOUND('',#8317,.T.);
#8317 = EDGE_LOOP('',(#8318,#8319,#8320));
#8318 = ORIENTED_EDGE('',*,*,#7517,.T.);
#8319 = ORIENTED_EDGE('',*,*,#8148,.T.);
#8320 = ORIENTED_EDGE('',*,*,#7605,.T.);
#8321 = ADVANCED_FACE('',(#8322),#7588,.T.);
#8322 = FACE_BOUND('',#8323,.T.);
#8323 = EDGE_LOOP('',(#8324,#8325,#8326));
#8324 = ORIENTED_EDGE('',*,*,#7574,.T.);
#8325 = ORIENTED_EDGE('',*,*,#8180,.T.);
#8326 = ORIENTED_EDGE('',*,*,#7677,.T.);
#8327 = ADVANCED_FACE('',(#8328),#7718,.T.);
#8328 = FACE_BOUND('',#8329,.T.);
#8329 = EDGE_LOOP('',(#8330,#8331,#8332));
#8330 = ORIENTED_EDGE('',*,*,#7704,.T.);
#8331 = ORIENTED_EDGE('',*,*,#8207,.T.);
#8332 = ORIENTED_EDGE('',*,*,#7812,.T.);
#8333 = ADVANCED_FACE('',(#8334),#7796,.T.);
#8334 = FACE_BOUND('',#8335,.T.);
#8335 = EDGE_LOOP('',(#8336,#8337,#8338));
#8336 = ORIENTED_EDGE('',*,*,#7782,.T.);
#8337 = ORIENTED_EDGE('',*,*,#8235,.T.);
#8338 = ORIENTED_EDGE('',*,*,#7885,.T.);
#8339 = ADVANCED_FACE('',(#8340),#7926,.T.);
#8340 = FACE_BOUND('',#8341,.T.);
#8341 = EDGE_LOOP('',(#8342,#8343,#8344));
#8342 = ORIENTED_EDGE('',*,*,#8262,.T.);
#8343 = ORIENTED_EDGE('',*,*,#8067,.T.);
#8344 = ORIENTED_EDGE('',*,*,#7912,.T.);
#8345 = ADVANCED_FACE('',(#8346),#8004,.T.);
#8346 = FACE_BOUND('',#8347,.T.);
#8347 = EDGE_LOOP('',(#8348,#8349,#8350));
#8348 = ORIENTED_EDGE('',*,*,#8294,.T.);
#8349 = ORIENTED_EDGE('',*,*,#8093,.T.);
#8350 = ORIENTED_EDGE('',*,*,#7990,.T.);
#8351 = ( GEOMETRIC_REPRESENTATION_CONTEXT(3) 
GLOBAL_UNCERTAINTY_ASSIGNED_CONTEXT((#8355)) 
GLOBAL_UNIT_ASSIGNED_CONTEXT((#8352,#8353,#8354)) REPRESENTATION_CONTEXT
('Context #1','3D Context with UNIT and UNCERTAINTY') );
#8352 = ( LENGTH_UNIT() NAMED_UNIT(*) SI_UNIT(.MILLI.,.METRE.) );
#8353 = ( NAMED_UNIT(*) PLANE_ANGLE_UNIT() SI_UNIT($,.RADIAN.) );
#8354 = ( NAMED_UNIT(*) SI_UNIT($,.STERADIAN.) SOLID_ANGLE_UNIT() );
#8355 = UNCERTAINTY_MEASURE_WITH_UNIT(LENGTH_MEASURE(2.E-06),#8352,
  'distance_accuracy_value','confusion accuracy');
#8356 = PRODUCT_RELATED_PRODUCT_CATEGORY('part',$,(#7));
#8357 = SHAPE_DEFINITION_REPRESENTATION(#8358,#8364);
#8358 = PRODUCT_DEFINITION_SHAPE('','',#8359);
#8359 = PRODUCT_DEFINITION('design','',#8360,#8363);
#8360 = PRODUCT_DEFINITION_FORMATION('','',#8361);
#8361 = PRODUCT('Open CASCADE STEP translator 7.8 4',
  'Open CASCADE STEP translator 7.8 4','',(#8362));
#8362 = PRODUCT_CONTEXT('',#2,'mechanical');
#8363 = PRODUCT_DEFINITION_CONTEXT('part definition',#2,'design');
#8364 = ADVANCED_BREP_SHAPE_REPRESENTATION('',(#11,#8365),#17117);
#8365 = MANIFOLD_SOLID_BREP('',#8366);
#8366 = CLOSED_SHELL('',(#8367,#8461,#8520,#8612,#8690,#8749,#9416,#9470
    ,#9527,#9581,#9613,#9668,#9721,#9805,#9836,#9889,#9972,#10055,#10108
    ,#10161,#10245,#10329,#10382,#10435,#10513,#10590,#10639,#10689,
    #10738,#10788,#10837,#10887,#10914,#10945,#11027,#11087,#11142,
    #11168,#11200,#11308,#11335,#11366,#11397,#11428,#11506,#11589,
    #11615,#11647,#11679,#11711,#11814,#11922,#11949,#11980,#12011,
    #12089,#12330,#12377,#12432,#12545,#12598,#12657,#12688,#12715,
    #12746,#12828,#12834,#12860,#12891,#12950,#13031,#13062,#13088,
    #13114,#13146,#13228,#13260,#13342,#13368,#13394,#13470,#13551,
    #13600,#13654,#13703,#13757,#13806,#13860,#13887,#13940,#13973,
    #14065,#14092,#14146,#14200,#14260,#14266,#14293,#14326,#14439,
    #14466,#14499,#14582,#14636,#14724,#14730,#14757,#14790,#14903,
    #14930,#14963,#15076,#15164,#15175,#15206,#15237,#15667,#15693,
    #15740,#15788,#15819,#15847,#15895,#15927,#15981,#16009,#16057,
    #16088,#16137,#16185,#16216,#16247,#16296,#16344,#16376,#16430,
    #16458,#16506,#16539,#16593,#16620,#16651,#16682,#16731,#16757,
    #16763,#16809,#16855,#16901,#16947,#16993,#17039,#17045,#17051,
    #17057,#17063,#17069,#17075,#17081,#17087,#17093,#17099,#17105,
    #17111));
#8367 = ADVANCED_FACE('',(#8368),#8382,.F.);
#8368 = FACE_BOUND('',#8369,.F.);
#8369 = EDGE_LOOP('',(#8370,#8405,#8434));
#8370 = ORIENTED_EDGE('',*,*,#8371,.F.);
#8371 = EDGE_CURVE('',#8372,#8374,#8376,.T.);
#8372 = VERTEX_POINT('',#8373);
#8373 = CARTESIAN_POINT('',(100.00000000001,-75.00000125991,13.));
#8374 = VERTEX_POINT('',#8375);
#8375 = CARTESIAN_POINT('',(100.,-76.25,13.));
#8376 = SURFACE_CURVE('',#8377,(#8381,#8393),.PCURVE_S1.);
#8377 = LINE('',#8378,#8379);
#8378 = CARTESIAN_POINT('',(100.,-73.75,13.));
#8379 = VECTOR('',#8380,1.);
#8380 = DIRECTION('',(0.,-1.,0.));
#8381 = PCURVE('',#8382,#8387);
#8382 = PLANE('',#8383);
#8383 = AXIS2_PLACEMENT_3D('',#8384,#8385,#8386);
#8384 = CARTESIAN_POINT('',(120.,-92.5,13.));
#8385 = DIRECTION('',(0.,0.,1.));
#8386 = DIRECTION('',(1.,0.,-0.));
#8387 = DEFINITIONAL_REPRESENTATION('',(#8388),#8392);
#8388 = LINE('',#8389,#8390);
#8389 = CARTESIAN_POINT('',(-20.,18.75));
#8390 = VECTOR('',#8391,1.);
#8391 = DIRECTION('',(0.,-1.));
#8392 = ( GEOMETRIC_REPRESENTATION_CONTEXT(2) 
PARAMETRIC_REPRESENTATION_CONTEXT() REPRESENTATION_CONTEXT('2D SPACE',''
  ) );
#8393 = PCURVE('',#8394,#8399);
#8394 = PLANE('',#8395);
#8395 = AXIS2_PLACEMENT_3D('',#8396,#8397,#8398);
#8396 = CARTESIAN_POINT('',(120.,-92.5,13.));
#8397 = DIRECTION('',(0.,0.,1.));
#8398 = DIRECTION('',(1.,0.,-0.));
#8399 = DEFINITIONAL_REPRESENTATION('',(#8400),#8404);
#8400 = LINE('',#8401,#8402);
#8401 = CARTESIAN_POINT('',(-20.,18.75));
#8402 = VECTOR('',#8403,1.);
#8403 = DIRECTION('',(0.,-1.));
#8404 = ( GEOMETRIC_REPRESENTATION_CONTEXT(2) 
PARAMETRIC_REPRESENTATION_CONTEXT() REPRESENTATION_CONTEXT('2D SPACE',''
  ) );
#8405 = ORIENTED_EDGE('',*,*,#8406,.T.);
#8406 = EDGE_CURVE('',#8372,#8407,#8409,.T.);
#8407 = VERTEX_POINT('',#8408);
#8408 = CARTESIAN_POINT('',(98.759807234997,-75.15627509601,13.));
#8409 = SURFACE_CURVE('',#8410,(#8415,#8422),.PCURVE_S1.);
#8410 = CIRCLE('',#8411,5.000115766671);
#8411 = AXIS2_PLACEMENT_3D('',#8412,#8413,#8414);
#8412 = CARTESIAN_POINT('',(100.00011576533,-80.00011576533,13.));
#8413 = DIRECTION('',(0.,0.,1.));
#8414 = DIRECTION('',(-2.31525300912E-05,0.999999999732,0.));
#8415 = PCURVE('',#8382,#8416);
#8416 = DEFINITIONAL_REPRESENTATION('',(#8417),#8421);
#8417 = CIRCLE('',#8418,5.000115766671);
#8418 = AXIS2_PLACEMENT_2D('',#8419,#8420);
#8419 = CARTESIAN_POINT('',(-19.99988423466,12.499884234669));
#8420 = DIRECTION('',(-2.31525300912E-05,0.999999999732));
#8421 = ( GEOMETRIC_REPRESENTATION_CONTEXT(2) 
PARAMETRIC_REPRESENTATION_CONTEXT() REPRESENTATION_CONTEXT('2D SPACE',''
  ) );
#8422 = PCURVE('',#8423,#8428);
#8423 = PLANE('',#8424);
#8424 = AXIS2_PLACEMENT_3D('',#8425,#8426,#8427);
#8425 = CARTESIAN_POINT('',(100.,-75.,13.));
#8426 = DIRECTION('',(0.,0.,1.));
#8427 = DIRECTION('',(1.,0.,-0.));
#8428 = DEFINITIONAL_REPRESENTATION('',(#8429),#8433);
#8429 = CIRCLE('',#8430,5.000115766671);
#8430 = AXIS2_PLACEMENT_2D('',#8431,#8432);
#8431 = CARTESIAN_POINT('',(1.157653307189E-04,-5.000115765331));
#8432 = DIRECTION('',(-2.31525300912E-05,0.999999999732));
#8433 = ( GEOMETRIC_REPRESENTATION_CONTEXT(2) 
PARAMETRIC_REPRESENTATION_CONTEXT() REPRESENTATION_CONTEXT('2D SPACE',''
  ) );
#8434 = ORIENTED_EDGE('',*,*,#8435,.T.);
#8435 = EDGE_CURVE('',#8407,#8374,#8436,.T.);
#8436 = SURFACE_CURVE('',#8437,(#8442,#8449),.PCURVE_S1.);
#8437 = CIRCLE('',#8438,1.25);
#8438 = AXIS2_PLACEMENT_3D('',#8439,#8440,#8441);
#8439 = CARTESIAN_POINT('',(100.,-75.,13.));
#8440 = DIRECTION('',(0.,0.,1.));
#8441 = DIRECTION('',(-1.,0.,-0.));
#8442 = PCURVE('',#8382,#8443);
#8443 = DEFINITIONAL_REPRESENTATION('',(#8444),#8448);
#8444 = CIRCLE('',#8445,1.25);
#8445 = AXIS2_PLACEMENT_2D('',#8446,#8447);
#8446 = CARTESIAN_POINT('',(-20.,17.5));
#8447 = DIRECTION('',(-1.,0.));
#8448 = ( GEOMETRIC_REPRESENTATION_CONTEXT(2) 
PARAMETRIC_REPRESENTATION_CONTEXT() REPRESENTATION_CONTEXT('2D SPACE',''
  ) );
#8449 = PCURVE('',#8450,#8455);
#8450 = PLANE('',#8451);
#8451 = AXIS2_PLACEMENT_3D('',#8452,#8453,#8454);
#8452 = CARTESIAN_POINT('',(120.,-92.5,13.));
#8453 = DIRECTION('',(0.,0.,1.));
#8454 = DIRECTION('',(1.,0.,-0.));
#8455 = DEFINITIONAL_REPRESENTATION('',(#8456),#8460);
#8456 = CIRCLE('',#8457,1.25);
#8457 = AXIS2_PLACEMENT_2D('',#8458,#8459);
#8458 = CARTESIAN_POINT('',(-20.,17.5));
#8459 = DIRECTION('',(-1.,0.));
#8460 = ( GEOMETRIC_REPRESENTATION_CONTEXT(2) 
PARAMETRIC_REPRESENTATION_CONTEXT() REPRESENTATION_CONTEXT('2D SPACE',''
  ) );
#8461 = ADVANCED_FACE('',(#8462),#8394,.F.);
#8462 = FACE_BOUND('',#8463,.F.);
#8463 = EDGE_LOOP('',(#8464,#8492,#8493));
#8464 = ORIENTED_EDGE('',*,*,#8465,.T.);
#8465 = EDGE_CURVE('',#8466,#8372,#8468,.T.);
#8466 = VERTEX_POINT('',#8467);
#8467 = CARTESIAN_POINT('',(100.00002894066,-76.24999999966,13.));
#8468 = SURFACE_CURVE('',#8469,(#8473,#8480),.PCURVE_S1.);
#8469 = LINE('',#8470,#8471);
#8470 = CARTESIAN_POINT('',(100.00002894066,-76.24999999966,13.));
#8471 = VECTOR('',#8472,1.);
#8472 = DIRECTION('',(-2.315253009328E-05,0.999999999732,0.));
#8473 = PCURVE('',#8394,#8474);
#8474 = DEFINITIONAL_REPRESENTATION('',(#8475),#8479);
#8475 = LINE('',#8476,#8477);
#8476 = CARTESIAN_POINT('',(-19.99997105933,16.250000000335));
#8477 = VECTOR('',#8478,1.);
#8478 = DIRECTION('',(-2.315253009328E-05,0.999999999732));
#8479 = ( GEOMETRIC_REPRESENTATION_CONTEXT(2) 
PARAMETRIC_REPRESENTATION_CONTEXT() REPRESENTATION_CONTEXT('2D SPACE',''
  ) );
#8480 = PCURVE('',#8481,#8486);
#8481 = PLANE('',#8482);
#8482 = AXIS2_PLACEMENT_3D('',#8483,#8484,#8485);
#8483 = CARTESIAN_POINT('',(120.,-92.5,13.));
#8484 = DIRECTION('',(0.,0.,1.));
#8485 = DIRECTION('',(1.,0.,-0.));
#8486 = DEFINITIONAL_REPRESENTATION('',(#8487),#8491);
#8487 = LINE('',#8488,#8489);
#8488 = CARTESIAN_POINT('',(-19.99997105933,16.250000000335));
#8489 = VECTOR('',#8490,1.);
#8490 = DIRECTION('',(-2.315253009328E-05,0.999999999732));
#8491 = ( GEOMETRIC_REPRESENTATION_CONTEXT(2) 
PARAMETRIC_REPRESENTATION_CONTEXT() REPRESENTATION_CONTEXT('2D SPACE',''
  ) );
#8492 = ORIENTED_EDGE('',*,*,#8371,.T.);
#8493 = ORIENTED_EDGE('',*,*,#8494,.T.);
#8494 = EDGE_CURVE('',#8374,#8466,#8495,.T.);
#8495 = SURFACE_CURVE('',#8496,(#8501,#8508),.PCURVE_S1.);
#8496 = CIRCLE('',#8497,1.25);
#8497 = AXIS2_PLACEMENT_3D('',#8498,#8499,#8500);
#8498 = CARTESIAN_POINT('',(100.,-75.,13.));
#8499 = DIRECTION('',(0.,0.,1.));
#8500 = DIRECTION('',(-1.,0.,-0.));
#8501 = PCURVE('',#8394,#8502);
#8502 = DEFINITIONAL_REPRESENTATION('',(#8503),#8507);
#8503 = CIRCLE('',#8504,1.25);
#8504 = AXIS2_PLACEMENT_2D('',#8505,#8506);
#8505 = CARTESIAN_POINT('',(-20.,17.5));
#8506 = DIRECTION('',(-1.,0.));
#8507 = ( GEOMETRIC_REPRESENTATION_CONTEXT(2) 
PARAMETRIC_REPRESENTATION_CONTEXT() REPRESENTATION_CONTEXT('2D SPACE',''
  ) );
#8508 = PCURVE('',#8509,#8514);
#8509 = PLANE('',#8510);
#8510 = AXIS2_PLACEMENT_3D('',#8511,#8512,#8513);
#8511 = CARTESIAN_POINT('',(120.,-92.5,13.));
#8512 = DIRECTION('',(0.,0.,1.));
#8513 = DIRECTION('',(1.,0.,-0.));
#8514 = DEFINITIONAL_REPRESENTATION('',(#8515),#8519);
#8515 = CIRCLE('',#8516,1.25);
#8516 = AXIS2_PLACEMENT_2D('',#8517,#8518);
#8517 = CARTESIAN_POINT('',(-20.,17.5));
#8518 = DIRECTION('',(-1.,0.));
#8519 = ( GEOMETRIC_REPRESENTATION_CONTEXT(2) 
PARAMETRIC_REPRESENTATION_CONTEXT() REPRESENTATION_CONTEXT('2D SPACE',''
  ) );
#8520 = ADVANCED_FACE('',(#8521),#8450,.F.);
#8521 = FACE_BOUND('',#8522,.F.);
#8522 = EDGE_LOOP('',(#8523,#8524,#8553,#8582));
#8523 = ORIENTED_EDGE('',*,*,#8435,.F.);
#8524 = ORIENTED_EDGE('',*,*,#8525,.T.);
#8525 = EDGE_CURVE('',#8407,#8526,#8528,.T.);
#8526 = VERTEX_POINT('',#8527);
#8527 = CARTESIAN_POINT('',(95.156275096017,-78.75980723499,13.));
#8528 = SURFACE_CURVE('',#8529,(#8534,#8541),.PCURVE_S1.);
#8529 = CIRCLE('',#8530,5.000115766671);
#8530 = AXIS2_PLACEMENT_3D('',#8531,#8532,#8533);
#8531 = CARTESIAN_POINT('',(100.00011576533,-80.00011576533,13.));
#8532 = DIRECTION('',(0.,0.,1.));
#8533 = DIRECTION('',(-2.31525300912E-05,0.999999999732,0.));
#8534 = PCURVE('',#8450,#8535);
#8535 = DEFINITIONAL_REPRESENTATION('',(#8536),#8540);
#8536 = CIRCLE('',#8537,5.000115766671);
#8537 = AXIS2_PLACEMENT_2D('',#8538,#8539);
#8538 = CARTESIAN_POINT('',(-19.99988423466,12.499884234669));
#8539 = DIRECTION('',(-2.31525300912E-05,0.999999999732));
#8540 = ( GEOMETRIC_REPRESENTATION_CONTEXT(2) 
PARAMETRIC_REPRESENTATION_CONTEXT() REPRESENTATION_CONTEXT('2D SPACE',''
  ) );
#8541 = PCURVE('',#8542,#8547);
#8542 = PLANE('',#8543);
#8543 = AXIS2_PLACEMENT_3D('',#8544,#8545,#8546);
#8544 = CARTESIAN_POINT('',(96.891519540323,-76.89151954032,13.));
#8545 = DIRECTION('',(0.,0.,1.));
#8546 = DIRECTION('',(1.,0.,-0.));
#8547 = DEFINITIONAL_REPRESENTATION('',(#8548),#8552);
#8548 = CIRCLE('',#8549,5.000115766671);
#8549 = AXIS2_PLACEMENT_2D('',#8550,#8551);
#8550 = CARTESIAN_POINT('',(3.108596225007,-3.108596225007));
#8551 = DIRECTION('',(-2.31525300912E-05,0.999999999732));
#8552 = ( GEOMETRIC_REPRESENTATION_CONTEXT(2) 
PARAMETRIC_REPRESENTATION_CONTEXT() REPRESENTATION_CONTEXT('2D SPACE',''
  ) );
#8553 = ORIENTED_EDGE('',*,*,#8554,.F.);
#8554 = EDGE_CURVE('',#8555,#8526,#8557,.T.);
#8555 = VERTEX_POINT('',#8556);
#8556 = CARTESIAN_POINT('',(96.25,-80.,13.));
#8557 = SURFACE_CURVE('',#8558,(#8563,#8570),.PCURVE_S1.);
#8558 = CIRCLE('',#8559,1.25);
#8559 = AXIS2_PLACEMENT_3D('',#8560,#8561,#8562);
#8560 = CARTESIAN_POINT('',(95.,-80.,13.));
#8561 = DIRECTION('',(0.,0.,1.));
#8562 = DIRECTION('',(1.,0.,-0.));
#8563 = PCURVE('',#8450,#8564);
#8564 = DEFINITIONAL_REPRESENTATION('',(#8565),#8569);
#8565 = CIRCLE('',#8566,1.25);
#8566 = AXIS2_PLACEMENT_2D('',#8567,#8568);
#8567 = CARTESIAN_POINT('',(-25.,12.5));
#8568 = DIRECTION('',(1.,0.));
#8569 = ( GEOMETRIC_REPRESENTATION_CONTEXT(2) 
PARAMETRIC_REPRESENTATION_CONTEXT() REPRESENTATION_CONTEXT('2D SPACE',''
  ) );
#8570 = PCURVE('',#8571,#8576);
#8571 = PLANE('',#8572);
#8572 = AXIS2_PLACEMENT_3D('',#8573,#8574,#8575);
#8573 = CARTESIAN_POINT('',(120.,-92.5,13.));
#8574 = DIRECTION('',(0.,0.,1.));
#8575 = DIRECTION('',(1.,0.,-0.));
#8576 = DEFINITIONAL_REPRESENTATION('',(#8577),#8581);
#8577 = CIRCLE('',#8578,1.25);
#8578 = AXIS2_PLACEMENT_2D('',#8579,#8580);
#8579 = CARTESIAN_POINT('',(-25.,12.5));
#8580 = DIRECTION('',(1.,0.));
#8581 = ( GEOMETRIC_REPRESENTATION_CONTEXT(2) 
PARAMETRIC_REPRESENTATION_CONTEXT() REPRESENTATION_CONTEXT('2D SPACE',''
  ) );
#8582 = ORIENTED_EDGE('',*,*,#8583,.T.);
#8583 = EDGE_CURVE('',#8555,#8374,#8584,.T.);
#8584 = SURFACE_CURVE('',#8585,(#8590,#8601),.PCURVE_S1.);
#8585 = CIRCLE('',#8586,3.750115766671);
#8586 = AXIS2_PLACEMENT_3D('',#8587,#8588,#8589);
#8587 = CARTESIAN_POINT('',(100.00011576533,-80.00011576533,13.));
#8588 = DIRECTION('',(0.,0.,-1.));
#8589 = DIRECTION('',(-0.999999999732,2.315253010187E-05,0.));
#8590 = PCURVE('',#8450,#8591);
#8591 = DEFINITIONAL_REPRESENTATION('',(#8592),#8600);
#8592 = ( BOUNDED_CURVE() B_SPLINE_CURVE(2,(#8593,#8594,#8595,#8596,
#8597,#8598,#8599),.UNSPECIFIED.,.T.,.F.) B_SPLINE_CURVE_WITH_KNOTS((1,2
    ,2,2,2,1),(-2.094395102393,0.,2.094395102393,4.188790204786,
6.28318530718,8.377580409573),.UNSPECIFIED.) CURVE() 
GEOMETRIC_REPRESENTATION_ITEM() RATIONAL_B_SPLINE_CURVE((1.,0.5,1.,0.5,
1.,0.5,1.)) REPRESENTATION_ITEM('') );
#8593 = CARTESIAN_POINT('',(-23.75000000033,12.499971059337));
#8594 = CARTESIAN_POINT('',(-23.74984961559,18.995362099736));
#8595 = CARTESIAN_POINT('',(-18.12475115946,15.747536342534));
#8596 = CARTESIAN_POINT('',(-12.49965270333,12.499710585333));
#8597 = CARTESIAN_POINT('',(-18.1249015442,9.252145302136));
#8598 = CARTESIAN_POINT('',(-23.75015038507,6.004580018939));
#8599 = CARTESIAN_POINT('',(-23.75000000033,12.499971059337));
#8600 = ( GEOMETRIC_REPRESENTATION_CONTEXT(2) 
PARAMETRIC_REPRESENTATION_CONTEXT() REPRESENTATION_CONTEXT('2D SPACE',''
  ) );
#8601 = PCURVE('',#8509,#8602);
#8602 = DEFINITIONAL_REPRESENTATION('',(#8603),#8611);
#8603 = ( BOUNDED_CURVE() B_SPLINE_CURVE(2,(#8604,#8605,#8606,#8607,
#8608,#8609,#8610),.UNSPECIFIED.,.T.,.F.) B_SPLINE_CURVE_WITH_KNOTS((1,2
    ,2,2,2,1),(-2.094395102393,0.,2.094395102393,4.188790204786,
6.28318530718,8.377580409573),.UNSPECIFIED.) CURVE() 
GEOMETRIC_REPRESENTATION_ITEM() RATIONAL_B_SPLINE_CURVE((1.,0.5,1.,0.5,
1.,0.5,1.)) REPRESENTATION_ITEM('') );
#8604 = CARTESIAN_POINT('',(-23.75000000033,12.499971059337));
#8605 = CARTESIAN_POINT('',(-23.74984961559,18.995362099736));
#8606 = CARTESIAN_POINT('',(-18.12475115946,15.747536342534));
#8607 = CARTESIAN_POINT('',(-12.49965270333,12.499710585333));
#8608 = CARTESIAN_POINT('',(-18.1249015442,9.252145302136));
#8609 = CARTESIAN_POINT('',(-23.75015038507,6.004580018939));
#8610 = CARTESIAN_POINT('',(-23.75000000033,12.499971059337));
#8611 = ( GEOMETRIC_REPRESENTATION_CONTEXT(2) 
PARAMETRIC_REPRESENTATION_CONTEXT() REPRESENTATION_CONTEXT('2D SPACE',''
  ) );
#8612 = ADVANCED_FACE('',(#8613),#8423,.F.);
#8613 = FACE_BOUND('',#8614,.F.);
#8614 = EDGE_LOOP('',(#8615,#8616,#8644,#8668));
#8615 = ORIENTED_EDGE('',*,*,#8406,.F.);
#8616 = ORIENTED_EDGE('',*,*,#8617,.T.);
#8617 = EDGE_CURVE('',#8372,#8618,#8620,.T.);
#8618 = VERTEX_POINT('',#8619);
#8619 = CARTESIAN_POINT('',(99.999971059337,-73.75000000033,13.));
#8620 = SURFACE_CURVE('',#8621,(#8625,#8632),.PCURVE_S1.);
#8621 = LINE('',#8622,#8623);
#8622 = CARTESIAN_POINT('',(100.00002894066,-76.24999999966,13.));
#8623 = VECTOR('',#8624,1.);
#8624 = DIRECTION('',(-2.315253009328E-05,0.999999999732,0.));
#8625 = PCURVE('',#8423,#8626);
#8626 = DEFINITIONAL_REPRESENTATION('',(#8627),#8631);
#8627 = LINE('',#8628,#8629);
#8628 = CARTESIAN_POINT('',(2.894066258818E-05,-1.249999999665));
#8629 = VECTOR('',#8630,1.);
#8630 = DIRECTION('',(-2.315253009328E-05,0.999999999732));
#8631 = ( GEOMETRIC_REPRESENTATION_CONTEXT(2) 
PARAMETRIC_REPRESENTATION_CONTEXT() REPRESENTATION_CONTEXT('2D SPACE',''
  ) );
#8632 = PCURVE('',#8633,#8638);
#8633 = PLANE('',#8634);
#8634 = AXIS2_PLACEMENT_3D('',#8635,#8636,#8637);
#8635 = CARTESIAN_POINT('',(100.,-75.,13.));
#8636 = DIRECTION('',(0.,0.,1.));
#8637 = DIRECTION('',(1.,0.,-0.));
#8638 = DEFINITIONAL_REPRESENTATION('',(#8639),#8643);
#8639 = LINE('',#8640,#8641);
#8640 = CARTESIAN_POINT('',(2.894066258818E-05,-1.249999999665));
#8641 = VECTOR('',#8642,1.);
#8642 = DIRECTION('',(-2.315253009328E-05,0.999999999732));
#8643 = ( GEOMETRIC_REPRESENTATION_CONTEXT(2) 
PARAMETRIC_REPRESENTATION_CONTEXT() REPRESENTATION_CONTEXT('2D SPACE',''
  ) );
#8644 = ORIENTED_EDGE('',*,*,#8645,.T.);
#8645 = EDGE_CURVE('',#8618,#8646,#8648,.T.);
#8646 = VERTEX_POINT('',#8647);
#8647 = CARTESIAN_POINT('',(98.75,-75.,13.));
#8648 = SURFACE_CURVE('',#8649,(#8654,#8661),.PCURVE_S1.);
#8649 = CIRCLE('',#8650,1.25);
#8650 = AXIS2_PLACEMENT_3D('',#8651,#8652,#8653);
#8651 = CARTESIAN_POINT('',(100.,-75.,13.));
#8652 = DIRECTION('',(0.,0.,1.));
#8653 = DIRECTION('',(1.,0.,-0.));
#8654 = PCURVE('',#8423,#8655);
#8655 = DEFINITIONAL_REPRESENTATION('',(#8656),#8660);
#8656 = CIRCLE('',#8657,1.25);
#8657 = AXIS2_PLACEMENT_2D('',#8658,#8659);
#8658 = CARTESIAN_POINT('',(-2.84217094304E-14,0.));
#8659 = DIRECTION('',(1.,0.));
#8660 = ( GEOMETRIC_REPRESENTATION_CONTEXT(2) 
PARAMETRIC_REPRESENTATION_CONTEXT() REPRESENTATION_CONTEXT('2D SPACE',''
  ) );
#8661 = PCURVE('',#8542,#8662);
#8662 = DEFINITIONAL_REPRESENTATION('',(#8663),#8667);
#8663 = CIRCLE('',#8664,1.25);
#8664 = AXIS2_PLACEMENT_2D('',#8665,#8666);
#8665 = CARTESIAN_POINT('',(3.108480459677,1.891519540323));
#8666 = DIRECTION('',(1.,0.));
#8667 = ( GEOMETRIC_REPRESENTATION_CONTEXT(2) 
PARAMETRIC_REPRESENTATION_CONTEXT() REPRESENTATION_CONTEXT('2D SPACE',''
  ) );
#8668 = ORIENTED_EDGE('',*,*,#8669,.T.);
#8669 = EDGE_CURVE('',#8646,#8407,#8670,.T.);
#8670 = SURFACE_CURVE('',#8671,(#8676,#8683),.PCURVE_S1.);
#8671 = CIRCLE('',#8672,1.25);
#8672 = AXIS2_PLACEMENT_3D('',#8673,#8674,#8675);
#8673 = CARTESIAN_POINT('',(100.,-75.,13.));
#8674 = DIRECTION('',(0.,0.,1.));
#8675 = DIRECTION('',(-1.,0.,-0.));
#8676 = PCURVE('',#8423,#8677);
#8677 = DEFINITIONAL_REPRESENTATION('',(#8678),#8682);
#8678 = CIRCLE('',#8679,1.25);
#8679 = AXIS2_PLACEMENT_2D('',#8680,#8681);
#8680 = CARTESIAN_POINT('',(-2.84217094304E-14,0.));
#8681 = DIRECTION('',(-1.,0.));
#8682 = ( GEOMETRIC_REPRESENTATION_CONTEXT(2) 
PARAMETRIC_REPRESENTATION_CONTEXT() REPRESENTATION_CONTEXT('2D SPACE',''
  ) );
#8683 = PCURVE('',#8542,#8684);
#8684 = DEFINITIONAL_REPRESENTATION('',(#8685),#8689);
#8685 = CIRCLE('',#8686,1.25);
#8686 = AXIS2_PLACEMENT_2D('',#8687,#8688);
#8687 = CARTESIAN_POINT('',(3.108480459677,1.891519540323));
#8688 = DIRECTION('',(-1.,0.));
#8689 = ( GEOMETRIC_REPRESENTATION_CONTEXT(2) 
PARAMETRIC_REPRESENTATION_CONTEXT() REPRESENTATION_CONTEXT('2D SPACE',''
  ) );
#8690 = ADVANCED_FACE('',(#8691),#8481,.F.);
#8691 = FACE_BOUND('',#8692,.F.);
#8692 = EDGE_LOOP('',(#8693,#8721,#8722));
#8693 = ORIENTED_EDGE('',*,*,#8694,.T.);
#8694 = EDGE_CURVE('',#8695,#8372,#8697,.T.);
#8695 = VERTEX_POINT('',#8696);
#8696 = CARTESIAN_POINT('',(101.25,-75.,13.));
#8697 = SURFACE_CURVE('',#8698,(#8702,#8709),.PCURVE_S1.);
#8698 = LINE('',#8699,#8700);
#8699 = CARTESIAN_POINT('',(140.,-75.,13.));
#8700 = VECTOR('',#8701,1.);
#8701 = DIRECTION('',(-1.,0.,0.));
#8702 = PCURVE('',#8481,#8703);
#8703 = DEFINITIONAL_REPRESENTATION('',(#8704),#8708);
#8704 = LINE('',#8705,#8706);
#8705 = CARTESIAN_POINT('',(20.,17.5));
#8706 = VECTOR('',#8707,1.);
#8707 = DIRECTION('',(-1.,0.));
#8708 = ( GEOMETRIC_REPRESENTATION_CONTEXT(2) 
PARAMETRIC_REPRESENTATION_CONTEXT() REPRESENTATION_CONTEXT('2D SPACE',''
  ) );
#8709 = PCURVE('',#8710,#8715);
#8710 = PLANE('',#8711);
#8711 = AXIS2_PLACEMENT_3D('',#8712,#8713,#8714);
#8712 = CARTESIAN_POINT('',(100.,-75.,13.));
#8713 = DIRECTION('',(0.,0.,1.));
#8714 = DIRECTION('',(1.,0.,-0.));
#8715 = DEFINITIONAL_REPRESENTATION('',(#8716),#8720);
#8716 = LINE('',#8717,#8718);
#8717 = CARTESIAN_POINT('',(40.,0.));
#8718 = VECTOR('',#8719,1.);
#8719 = DIRECTION('',(-1.,0.));
#8720 = ( GEOMETRIC_REPRESENTATION_CONTEXT(2) 
PARAMETRIC_REPRESENTATION_CONTEXT() REPRESENTATION_CONTEXT('2D SPACE',''
  ) );
#8721 = ORIENTED_EDGE('',*,*,#8465,.F.);
#8722 = ORIENTED_EDGE('',*,*,#8723,.T.);
#8723 = EDGE_CURVE('',#8466,#8695,#8724,.T.);
#8724 = SURFACE_CURVE('',#8725,(#8730,#8737),.PCURVE_S1.);
#8725 = CIRCLE('',#8726,1.25);
#8726 = AXIS2_PLACEMENT_3D('',#8727,#8728,#8729);
#8727 = CARTESIAN_POINT('',(100.,-75.,13.));
#8728 = DIRECTION('',(0.,0.,1.));
#8729 = DIRECTION('',(-1.,0.,-0.));
#8730 = PCURVE('',#8481,#8731);
#8731 = DEFINITIONAL_REPRESENTATION('',(#8732),#8736);
#8732 = CIRCLE('',#8733,1.25);
#8733 = AXIS2_PLACEMENT_2D('',#8734,#8735);
#8734 = CARTESIAN_POINT('',(-20.,17.5));
#8735 = DIRECTION('',(-1.,0.));
#8736 = ( GEOMETRIC_REPRESENTATION_CONTEXT(2) 
PARAMETRIC_REPRESENTATION_CONTEXT() REPRESENTATION_CONTEXT('2D SPACE',''
  ) );
#8737 = PCURVE('',#8738,#8743);
#8738 = PLANE('',#8739);
#8739 = AXIS2_PLACEMENT_3D('',#8740,#8741,#8742);
#8740 = CARTESIAN_POINT('',(120.,-92.5,13.));
#8741 = DIRECTION('',(0.,0.,1.));
#8742 = DIRECTION('',(1.,0.,-0.));
#8743 = DEFINITIONAL_REPRESENTATION('',(#8744),#8748);
#8744 = CIRCLE('',#8745,1.25);
#8745 = AXIS2_PLACEMENT_2D('',#8746,#8747);
#8746 = CARTESIAN_POINT('',(-20.,17.5));
#8747 = DIRECTION('',(-1.,0.));
#8748 = ( GEOMETRIC_REPRESENTATION_CONTEXT(2) 
PARAMETRIC_REPRESENTATION_CONTEXT() REPRESENTATION_CONTEXT('2D SPACE',''
  ) );
#8749 = ADVANCED_FACE('',(#8750,#9186),#8509,.F.);
#8750 = FACE_BOUND('',#8751,.F.);
#8751 = EDGE_LOOP('',(#8752,#8775,#8776,#8777,#8806,#8834,#8862,#8899,
    #8936,#8964,#8992,#9029,#9058,#9086,#9114,#9151));
#8752 = ORIENTED_EDGE('',*,*,#8753,.F.);
#8753 = EDGE_CURVE('',#8466,#8754,#8756,.T.);
#8754 = VERTEX_POINT('',#8755);
#8755 = CARTESIAN_POINT('',(139.99997105933,-76.24999999966,13.));
#8756 = SURFACE_CURVE('',#8757,(#8761,#8768),.PCURVE_S1.);
#8757 = LINE('',#8758,#8759);
#8758 = CARTESIAN_POINT('',(100.,-76.25,13.));
#8759 = VECTOR('',#8760,1.);
#8760 = DIRECTION('',(1.,0.,0.));
#8761 = PCURVE('',#8509,#8762);
#8762 = DEFINITIONAL_REPRESENTATION('',(#8763),#8767);
#8763 = LINE('',#8764,#8765);
#8764 = CARTESIAN_POINT('',(-20.,16.25));
#8765 = VECTOR('',#8766,1.);
#8766 = DIRECTION('',(1.,0.));
#8767 = ( GEOMETRIC_REPRESENTATION_CONTEXT(2) 
PARAMETRIC_REPRESENTATION_CONTEXT() REPRESENTATION_CONTEXT('2D SPACE',''
  ) );
#8768 = PCURVE('',#8738,#8769);
#8769 = DEFINITIONAL_REPRESENTATION('',(#8770),#8774);
#8770 = LINE('',#8771,#8772);
#8771 = CARTESIAN_POINT('',(-20.,16.25));
#8772 = VECTOR('',#8773,1.);
#8773 = DIRECTION('',(1.,0.));
#8774 = ( GEOMETRIC_REPRESENTATION_CONTEXT(2) 
PARAMETRIC_REPRESENTATION_CONTEXT() REPRESENTATION_CONTEXT('2D SPACE',''
  ) );
#8775 = ORIENTED_EDGE('',*,*,#8494,.F.);
#8776 = ORIENTED_EDGE('',*,*,#8583,.F.);
#8777 = ORIENTED_EDGE('',*,*,#8778,.F.);
#8778 = EDGE_CURVE('',#8779,#8555,#8781,.T.);
#8779 = VERTEX_POINT('',#8780);
#8780 = CARTESIAN_POINT('',(96.249999999665,-80.00002894066,13.));
#8781 = SURFACE_CURVE('',#8782,(#8787,#8794),.PCURVE_S1.);
#8782 = CIRCLE('',#8783,1.25);
#8783 = AXIS2_PLACEMENT_3D('',#8784,#8785,#8786);
#8784 = CARTESIAN_POINT('',(95.,-80.,13.));
#8785 = DIRECTION('',(0.,0.,1.));
#8786 = DIRECTION('',(-1.,0.,-0.));
#8787 = PCURVE('',#8509,#8788);
#8788 = DEFINITIONAL_REPRESENTATION('',(#8789),#8793);
#8789 = CIRCLE('',#8790,1.25);
#8790 = AXIS2_PLACEMENT_2D('',#8791,#8792);
#8791 = CARTESIAN_POINT('',(-25.,12.5));
#8792 = DIRECTION('',(-1.,0.));
#8793 = ( GEOMETRIC_REPRESENTATION_CONTEXT(2) 
PARAMETRIC_REPRESENTATION_CONTEXT() REPRESENTATION_CONTEXT('2D SPACE',''
  ) );
#8794 = PCURVE('',#8795,#8800);
#8795 = PLANE('',#8796);
#8796 = AXIS2_PLACEMENT_3D('',#8797,#8798,#8799);
#8797 = CARTESIAN_POINT('',(120.,-92.5,13.));
#8798 = DIRECTION('',(0.,0.,1.));
#8799 = DIRECTION('',(1.,0.,-0.));
#8800 = DEFINITIONAL_REPRESENTATION('',(#8801),#8805);
#8801 = CIRCLE('',#8802,1.25);
#8802 = AXIS2_PLACEMENT_2D('',#8803,#8804);
#8803 = CARTESIAN_POINT('',(-25.,12.5));
#8804 = DIRECTION('',(-1.,0.));
#8805 = ( GEOMETRIC_REPRESENTATION_CONTEXT(2) 
PARAMETRIC_REPRESENTATION_CONTEXT() REPRESENTATION_CONTEXT('2D SPACE',''
  ) );
#8806 = ORIENTED_EDGE('',*,*,#8807,.F.);
#8807 = EDGE_CURVE('',#8808,#8779,#8810,.T.);
#8808 = VERTEX_POINT('',#8809);
#8809 = CARTESIAN_POINT('',(96.249999999665,-104.9999710593,13.));
#8810 = SURFACE_CURVE('',#8811,(#8815,#8822),.PCURVE_S1.);
#8811 = LINE('',#8812,#8813);
#8812 = CARTESIAN_POINT('',(96.25,-105.,13.));
#8813 = VECTOR('',#8814,1.);
#8814 = DIRECTION('',(0.,1.,0.));
#8815 = PCURVE('',#8509,#8816);
#8816 = DEFINITIONAL_REPRESENTATION('',(#8817),#8821);
#8817 = LINE('',#8818,#8819);
#8818 = CARTESIAN_POINT('',(-23.75,-12.5));
#8819 = VECTOR('',#8820,1.);
#8820 = DIRECTION('',(0.,1.));
#8821 = ( GEOMETRIC_REPRESENTATION_CONTEXT(2) 
PARAMETRIC_REPRESENTATION_CONTEXT() REPRESENTATION_CONTEXT('2D SPACE',''
  ) );
#8822 = PCURVE('',#8823,#8828);
#8823 = PLANE('',#8824);
#8824 = AXIS2_PLACEMENT_3D('',#8825,#8826,#8827);
#8825 = CARTESIAN_POINT('',(120.,-92.5,13.));
#8826 = DIRECTION('',(0.,0.,1.));
#8827 = DIRECTION('',(1.,0.,-0.));
#8828 = DEFINITIONAL_REPRESENTATION('',(#8829),#8833);
#8829 = LINE('',#8830,#8831);
#8830 = CARTESIAN_POINT('',(-23.75,-12.5));
#8831 = VECTOR('',#8832,1.);
#8832 = DIRECTION('',(0.,1.));
#8833 = ( GEOMETRIC_REPRESENTATION_CONTEXT(2) 
PARAMETRIC_REPRESENTATION_CONTEXT() REPRESENTATION_CONTEXT('2D SPACE',''
  ) );
#8834 = ORIENTED_EDGE('',*,*,#8835,.F.);
#8835 = EDGE_CURVE('',#8836,#8808,#8838,.T.);
#8836 = VERTEX_POINT('',#8837);
#8837 = CARTESIAN_POINT('',(96.25,-105.,13.));
#8838 = SURFACE_CURVE('',#8839,(#8843,#8850),.PCURVE_S1.);
#8839 = LINE('',#8840,#8841);
#8840 = CARTESIAN_POINT('',(96.25,-105.,13.));
#8841 = VECTOR('',#8842,1.);
#8842 = DIRECTION('',(0.,1.,0.));
#8843 = PCURVE('',#8509,#8844);
#8844 = DEFINITIONAL_REPRESENTATION('',(#8845),#8849);
#8845 = LINE('',#8846,#8847);
#8846 = CARTESIAN_POINT('',(-23.75,-12.5));
#8847 = VECTOR('',#8848,1.);
#8848 = DIRECTION('',(0.,1.));
#8849 = ( GEOMETRIC_REPRESENTATION_CONTEXT(2) 
PARAMETRIC_REPRESENTATION_CONTEXT() REPRESENTATION_CONTEXT('2D SPACE',''
  ) );
#8850 = PCURVE('',#8851,#8856);
#8851 = PLANE('',#8852);
#8852 = AXIS2_PLACEMENT_3D('',#8853,#8854,#8855);
#8853 = CARTESIAN_POINT('',(120.,-92.5,13.));
#8854 = DIRECTION('',(0.,0.,1.));
#8855 = DIRECTION('',(1.,0.,-0.));
#8856 = DEFINITIONAL_REPRESENTATION('',(#8857),#8861);
#8857 = LINE('',#8858,#8859);
#8858 = CARTESIAN_POINT('',(-23.75,-12.5));
#8859 = VECTOR('',#8860,1.);
#8860 = DIRECTION('',(0.,1.));
#8861 = ( GEOMETRIC_REPRESENTATION_CONTEXT(2) 
PARAMETRIC_REPRESENTATION_CONTEXT() REPRESENTATION_CONTEXT('2D SPACE',''
  ) );
#8862 = ORIENTED_EDGE('',*,*,#8863,.F.);
#8863 = EDGE_CURVE('',#8864,#8836,#8866,.T.);
#8864 = VERTEX_POINT('',#8865);
#8865 = CARTESIAN_POINT('',(100.,-108.75,13.));
#8866 = SURFACE_CURVE('',#8867,(#8872,#8883),.PCURVE_S1.);
#8867 = CIRCLE('',#8868,3.75011576667);
#8868 = AXIS2_PLACEMENT_3D('',#8869,#8870,#8871);
#8869 = CARTESIAN_POINT('',(100.00011576533,-104.9998842346,13.));
#8870 = DIRECTION('',(0.,0.,-1.));
#8871 = DIRECTION('',(-2.31525299844E-05,-0.999999999732,-0.));
#8872 = PCURVE('',#8509,#8873);
#8873 = DEFINITIONAL_REPRESENTATION('',(#8874),#8882);
#8874 = ( BOUNDED_CURVE() B_SPLINE_CURVE(2,(#8875,#8876,#8877,#8878,
#8879,#8880,#8881),.UNSPECIFIED.,.T.,.F.) B_SPLINE_CURVE_WITH_KNOTS((1,2
    ,2,2,2,1),(-2.094395102393,0.,2.094395102393,4.188790204786,
6.28318530718,8.377580409573),.UNSPECIFIED.) CURVE() 
GEOMETRIC_REPRESENTATION_ITEM() RATIONAL_B_SPLINE_CURVE((1.,0.5,1.,0.5,
1.,0.5,1.)) REPRESENTATION_ITEM('') );
#8875 = CARTESIAN_POINT('',(-19.99997105933,-16.25000000033));
#8876 = CARTESIAN_POINT('',(-26.49536209973,-16.24984961559));
#8877 = CARTESIAN_POINT('',(-23.24753634253,-10.62475115946));
#8878 = CARTESIAN_POINT('',(-19.99971058533,-4.999652703339));
#8879 = CARTESIAN_POINT('',(-16.75214530213,-10.6249015442));
#8880 = CARTESIAN_POINT('',(-13.50458001894,-16.25015038507));
#8881 = CARTESIAN_POINT('',(-19.99997105933,-16.25000000033));
#8882 = ( GEOMETRIC_REPRESENTATION_CONTEXT(2) 
PARAMETRIC_REPRESENTATION_CONTEXT() REPRESENTATION_CONTEXT('2D SPACE',''
  ) );
#8883 = PCURVE('',#8884,#8889);
#8884 = PLANE('',#8885);
#8885 = AXIS2_PLACEMENT_3D('',#8886,#8887,#8888);
#8886 = CARTESIAN_POINT('',(120.,-92.5,13.));
#8887 = DIRECTION('',(0.,0.,1.));
#8888 = DIRECTION('',(1.,0.,-0.));
#8889 = DEFINITIONAL_REPRESENTATION('',(#8890),#8898);
#8890 = ( BOUNDED_CURVE() B_SPLINE_CURVE(2,(#8891,#8892,#8893,#8894,
#8895,#8896,#8897),.UNSPECIFIED.,.T.,.F.) B_SPLINE_CURVE_WITH_KNOTS((1,2
    ,2,2,2,1),(-2.094395102393,0.,2.094395102393,4.188790204786,
6.28318530718,8.377580409573),.UNSPECIFIED.) CURVE() 
GEOMETRIC_REPRESENTATION_ITEM() RATIONAL_B_SPLINE_CURVE((1.,0.5,1.,0.5,
1.,0.5,1.)) REPRESENTATION_ITEM('') );
#8891 = CARTESIAN_POINT('',(-19.99997105933,-16.25000000033));
#8892 = CARTESIAN_POINT('',(-26.49536209973,-16.24984961559));
#8893 = CARTESIAN_POINT('',(-23.24753634253,-10.62475115946));
#8894 = CARTESIAN_POINT('',(-19.99971058533,-4.999652703339));
#8895 = CARTESIAN_POINT('',(-16.75214530213,-10.6249015442));
#8896 = CARTESIAN_POINT('',(-13.50458001894,-16.25015038507));
#8897 = CARTESIAN_POINT('',(-19.99997105933,-16.25000000033));
#8898 = ( GEOMETRIC_REPRESENTATION_CONTEXT(2) 
PARAMETRIC_REPRESENTATION_CONTEXT() REPRESENTATION_CONTEXT('2D SPACE',''
  ) );
#8899 = ORIENTED_EDGE('',*,*,#8900,.F.);
#8900 = EDGE_CURVE('',#8901,#8864,#8903,.T.);
#8901 = VERTEX_POINT('',#8902);
#8902 = CARTESIAN_POINT('',(100.00002894066,-108.7500000003,13.));
#8903 = SURFACE_CURVE('',#8904,(#8909,#8920),.PCURVE_S1.);
#8904 = CIRCLE('',#8905,3.75011576667);
#8905 = AXIS2_PLACEMENT_3D('',#8906,#8907,#8908);
#8906 = CARTESIAN_POINT('',(100.00011576533,-104.9998842346,13.));
#8907 = DIRECTION('',(0.,0.,-1.));
#8908 = DIRECTION('',(-2.31525299844E-05,-0.999999999732,-0.));
#8909 = PCURVE('',#8509,#8910);
#8910 = DEFINITIONAL_REPRESENTATION('',(#8911),#8919);
#8911 = ( BOUNDED_CURVE() B_SPLINE_CURVE(2,(#8912,#8913,#8914,#8915,
#8916,#8917,#8918),.UNSPECIFIED.,.T.,.F.) B_SPLINE_CURVE_WITH_KNOTS((1,2
    ,2,2,2,1),(-2.094395102393,0.,2.094395102393,4.188790204786,
6.28318530718,8.377580409573),.UNSPECIFIED.) CURVE() 
GEOMETRIC_REPRESENTATION_ITEM() RATIONAL_B_SPLINE_CURVE((1.,0.5,1.,0.5,
1.,0.5,1.)) REPRESENTATION_ITEM('') );
#8912 = CARTESIAN_POINT('',(-19.99997105933,-16.25000000033));
#8913 = CARTESIAN_POINT('',(-26.49536209973,-16.24984961559));
#8914 = CARTESIAN_POINT('',(-23.24753634253,-10.62475115946));
#8915 = CARTESIAN_POINT('',(-19.99971058533,-4.999652703339));
#8916 = CARTESIAN_POINT('',(-16.75214530213,-10.6249015442));
#8917 = CARTESIAN_POINT('',(-13.50458001894,-16.25015038507));
#8918 = CARTESIAN_POINT('',(-19.99997105933,-16.25000000033));
#8919 = ( GEOMETRIC_REPRESENTATION_CONTEXT(2) 
PARAMETRIC_REPRESENTATION_CONTEXT() REPRESENTATION_CONTEXT('2D SPACE',''
  ) );
#8920 = PCURVE('',#8921,#8926);
#8921 = PLANE('',#8922);
#8922 = AXIS2_PLACEMENT_3D('',#8923,#8924,#8925);
#8923 = CARTESIAN_POINT('',(120.,-92.5,13.));
#8924 = DIRECTION('',(0.,0.,1.));
#8925 = DIRECTION('',(1.,0.,-0.));
#8926 = DEFINITIONAL_REPRESENTATION('',(#8927),#8935);
#8927 = ( BOUNDED_CURVE() B_SPLINE_CURVE(2,(#8928,#8929,#8930,#8931,
#8932,#8933,#8934),.UNSPECIFIED.,.T.,.F.) B_SPLINE_CURVE_WITH_KNOTS((1,2
    ,2,2,2,1),(-2.094395102393,0.,2.094395102393,4.188790204786,
6.28318530718,8.377580409573),.UNSPECIFIED.) CURVE() 
GEOMETRIC_REPRESENTATION_ITEM() RATIONAL_B_SPLINE_CURVE((1.,0.5,1.,0.5,
1.,0.5,1.)) REPRESENTATION_ITEM('') );
#8928 = CARTESIAN_POINT('',(-19.99997105933,-16.25000000033));
#8929 = CARTESIAN_POINT('',(-26.49536209973,-16.24984961559));
#8930 = CARTESIAN_POINT('',(-23.24753634253,-10.62475115946));
#8931 = CARTESIAN_POINT('',(-19.99971058533,-4.999652703339));
#8932 = CARTESIAN_POINT('',(-16.75214530213,-10.6249015442));
#8933 = CARTESIAN_POINT('',(-13.50458001894,-16.25015038507));
#8934 = CARTESIAN_POINT('',(-19.99997105933,-16.25000000033));
#8935 = ( GEOMETRIC_REPRESENTATION_CONTEXT(2) 
PARAMETRIC_REPRESENTATION_CONTEXT() REPRESENTATION_CONTEXT('2D SPACE',''
  ) );
#8936 = ORIENTED_EDGE('',*,*,#8937,.F.);
#8937 = EDGE_CURVE('',#8938,#8901,#8940,.T.);
#8938 = VERTEX_POINT('',#8939);
#8939 = CARTESIAN_POINT('',(139.99997105933,-108.7500000003,13.));
#8940 = SURFACE_CURVE('',#8941,(#8945,#8952),.PCURVE_S1.);
#8941 = LINE('',#8942,#8943);
#8942 = CARTESIAN_POINT('',(140.,-108.75,13.));
#8943 = VECTOR('',#8944,1.);
#8944 = DIRECTION('',(-1.,0.,0.));
#8945 = PCURVE('',#8509,#8946);
#8946 = DEFINITIONAL_REPRESENTATION('',(#8947),#8951);
#8947 = LINE('',#8948,#8949);
#8948 = CARTESIAN_POINT('',(20.,-16.25));
#8949 = VECTOR('',#8950,1.);
#8950 = DIRECTION('',(-1.,0.));
#8951 = ( GEOMETRIC_REPRESENTATION_CONTEXT(2) 
PARAMETRIC_REPRESENTATION_CONTEXT() REPRESENTATION_CONTEXT('2D SPACE',''
  ) );
#8952 = PCURVE('',#8953,#8958);
#8953 = PLANE('',#8954);
#8954 = AXIS2_PLACEMENT_3D('',#8955,#8956,#8957);
#8955 = CARTESIAN_POINT('',(120.,-92.5,13.));
#8956 = DIRECTION('',(0.,0.,1.));
#8957 = DIRECTION('',(1.,0.,-0.));
#8958 = DEFINITIONAL_REPRESENTATION('',(#8959),#8963);
#8959 = LINE('',#8960,#8961);
#8960 = CARTESIAN_POINT('',(20.,-16.25));
#8961 = VECTOR('',#8962,1.);
#8962 = DIRECTION('',(-1.,0.));
#8963 = ( GEOMETRIC_REPRESENTATION_CONTEXT(2) 
PARAMETRIC_REPRESENTATION_CONTEXT() REPRESENTATION_CONTEXT('2D SPACE',''
  ) );
#8964 = ORIENTED_EDGE('',*,*,#8965,.F.);
#8965 = EDGE_CURVE('',#8966,#8938,#8968,.T.);
#8966 = VERTEX_POINT('',#8967);
#8967 = CARTESIAN_POINT('',(140.,-108.75,13.));
#8968 = SURFACE_CURVE('',#8969,(#8973,#8980),.PCURVE_S1.);
#8969 = LINE('',#8970,#8971);
#8970 = CARTESIAN_POINT('',(140.,-108.75,13.));
#8971 = VECTOR('',#8972,1.);
#8972 = DIRECTION('',(-1.,0.,0.));
#8973 = PCURVE('',#8509,#8974);
#8974 = DEFINITIONAL_REPRESENTATION('',(#8975),#8979);
#8975 = LINE('',#8976,#8977);
#8976 = CARTESIAN_POINT('',(20.,-16.25));
#8977 = VECTOR('',#8978,1.);
#8978 = DIRECTION('',(-1.,0.));
#8979 = ( GEOMETRIC_REPRESENTATION_CONTEXT(2) 
PARAMETRIC_REPRESENTATION_CONTEXT() REPRESENTATION_CONTEXT('2D SPACE',''
  ) );
#8980 = PCURVE('',#8981,#8986);
#8981 = PLANE('',#8982);
#8982 = AXIS2_PLACEMENT_3D('',#8983,#8984,#8985);
#8983 = CARTESIAN_POINT('',(120.,-92.5,13.));
#8984 = DIRECTION('',(0.,0.,1.));
#8985 = DIRECTION('',(1.,0.,-0.));
#8986 = DEFINITIONAL_REPRESENTATION('',(#8987),#8991);
#8987 = LINE('',#8988,#8989);
#8988 = CARTESIAN_POINT('',(20.,-16.25));
#8989 = VECTOR('',#8990,1.);
#8990 = DIRECTION('',(-1.,0.));
#8991 = ( GEOMETRIC_REPRESENTATION_CONTEXT(2) 
PARAMETRIC_REPRESENTATION_CONTEXT() REPRESENTATION_CONTEXT('2D SPACE',''
  ) );
#8992 = ORIENTED_EDGE('',*,*,#8993,.F.);
#8993 = EDGE_CURVE('',#8994,#8966,#8996,.T.);
#8994 = VERTEX_POINT('',#8995);
#8995 = CARTESIAN_POINT('',(143.75,-105.,13.));
#8996 = SURFACE_CURVE('',#8997,(#9002,#9013),.PCURVE_S1.);
#8997 = CIRCLE('',#8998,3.75011576667);
#8998 = AXIS2_PLACEMENT_3D('',#8999,#9000,#9001);
#8999 = CARTESIAN_POINT('',(139.99988423467,-104.9998842346,13.));
#9000 = DIRECTION('',(0.,0.,-1.));
#9001 = DIRECTION('',(0.999999999732,-2.315252988588E-05,0.));
#9002 = PCURVE('',#8509,#9003);
#9003 = DEFINITIONAL_REPRESENTATION('',(#9004),#9012);
#9004 = ( BOUNDED_CURVE() B_SPLINE_CURVE(2,(#9005,#9006,#9007,#9008,
#9009,#9010,#9011),.UNSPECIFIED.,.T.,.F.) B_SPLINE_CURVE_WITH_KNOTS((1,2
    ,2,2,2,1),(-2.094395102393,0.,2.094395102393,4.188790204786,
6.28318530718,8.377580409573),.UNSPECIFIED.) CURVE() 
GEOMETRIC_REPRESENTATION_ITEM() RATIONAL_B_SPLINE_CURVE((1.,0.5,1.,0.5,
1.,0.5,1.)) REPRESENTATION_ITEM('') );
#9005 = CARTESIAN_POINT('',(23.750000000335,-12.49997105933));
#9006 = CARTESIAN_POINT('',(23.7498496156,-18.99536209973));
#9007 = CARTESIAN_POINT('',(18.12475115947,-15.74753634253));
#9008 = CARTESIAN_POINT('',(12.499652703341,-12.49971058533));
#9009 = CARTESIAN_POINT('',(18.124901544206,-9.252145302138));
#9010 = CARTESIAN_POINT('',(23.75015038507,-6.004580018941));
#9011 = CARTESIAN_POINT('',(23.750000000335,-12.49997105933));
#9012 = ( GEOMETRIC_REPRESENTATION_CONTEXT(2) 
PARAMETRIC_REPRESENTATION_CONTEXT() REPRESENTATION_CONTEXT('2D SPACE',''
  ) );
#9013 = PCURVE('',#9014,#9019);
#9014 = PLANE('',#9015);
#9015 = AXIS2_PLACEMENT_3D('',#9016,#9017,#9018);
#9016 = CARTESIAN_POINT('',(120.,-92.5,13.));
#9017 = DIRECTION('',(0.,0.,1.));
#9018 = DIRECTION('',(1.,0.,-0.));
#9019 = DEFINITIONAL_REPRESENTATION('',(#9020),#9028);
#9020 = ( BOUNDED_CURVE() B_SPLINE_CURVE(2,(#9021,#9022,#9023,#9024,
#9025,#9026,#9027),.UNSPECIFIED.,.T.,.F.) B_SPLINE_CURVE_WITH_KNOTS((1,2
    ,2,2,2,1),(-2.094395102393,0.,2.094395102393,4.188790204786,
6.28318530718,8.377580409573),.UNSPECIFIED.) CURVE() 
GEOMETRIC_REPRESENTATION_ITEM() RATIONAL_B_SPLINE_CURVE((1.,0.5,1.,0.5,
1.,0.5,1.)) REPRESENTATION_ITEM('') );
#9021 = CARTESIAN_POINT('',(23.750000000335,-12.49997105933));
#9022 = CARTESIAN_POINT('',(23.7498496156,-18.99536209973));
#9023 = CARTESIAN_POINT('',(18.12475115947,-15.74753634253));
#9024 = CARTESIAN_POINT('',(12.499652703341,-12.49971058533));
#9025 = CARTESIAN_POINT('',(18.124901544206,-9.252145302138));
#9026 = CARTESIAN_POINT('',(23.75015038507,-6.004580018941));
#9027 = CARTESIAN_POINT('',(23.750000000335,-12.49997105933));
#9028 = ( GEOMETRIC_REPRESENTATION_CONTEXT(2) 
PARAMETRIC_REPRESENTATION_CONTEXT() REPRESENTATION_CONTEXT('2D SPACE',''
  ) );
#9029 = ORIENTED_EDGE('',*,*,#9030,.F.);
#9030 = EDGE_CURVE('',#9031,#8994,#9033,.T.);
#9031 = VERTEX_POINT('',#9032);
#9032 = CARTESIAN_POINT('',(143.75000000033,-104.9999710593,13.));
#9033 = SURFACE_CURVE('',#9034,(#9039,#9046),.PCURVE_S1.);
#9034 = CIRCLE('',#9035,1.25);
#9035 = AXIS2_PLACEMENT_3D('',#9036,#9037,#9038);
#9036 = CARTESIAN_POINT('',(145.,-105.,13.));
#9037 = DIRECTION('',(0.,0.,1.));
#9038 = DIRECTION('',(1.,0.,-0.));
#9039 = PCURVE('',#8509,#9040);
#9040 = DEFINITIONAL_REPRESENTATION('',(#9041),#9045);
#9041 = CIRCLE('',#9042,1.25);
#9042 = AXIS2_PLACEMENT_2D('',#9043,#9044);
#9043 = CARTESIAN_POINT('',(25.,-12.5));
#9044 = DIRECTION('',(1.,0.));
#9045 = ( GEOMETRIC_REPRESENTATION_CONTEXT(2) 
PARAMETRIC_REPRESENTATION_CONTEXT() REPRESENTATION_CONTEXT('2D SPACE',''
  ) );
#9046 = PCURVE('',#9047,#9052);
#9047 = PLANE('',#9048);
#9048 = AXIS2_PLACEMENT_3D('',#9049,#9050,#9051);
#9049 = CARTESIAN_POINT('',(120.,-92.5,13.));
#9050 = DIRECTION('',(0.,0.,1.));
#9051 = DIRECTION('',(1.,0.,-0.));
#9052 = DEFINITIONAL_REPRESENTATION('',(#9053),#9057);
#9053 = CIRCLE('',#9054,1.25);
#9054 = AXIS2_PLACEMENT_2D('',#9055,#9056);
#9055 = CARTESIAN_POINT('',(25.,-12.5));
#9056 = DIRECTION('',(1.,0.));
#9057 = ( GEOMETRIC_REPRESENTATION_CONTEXT(2) 
PARAMETRIC_REPRESENTATION_CONTEXT() REPRESENTATION_CONTEXT('2D SPACE',''
  ) );
#9058 = ORIENTED_EDGE('',*,*,#9059,.F.);
#9059 = EDGE_CURVE('',#9060,#9031,#9062,.T.);
#9060 = VERTEX_POINT('',#9061);
#9061 = CARTESIAN_POINT('',(143.75000000033,-80.00002894066,13.));
#9062 = SURFACE_CURVE('',#9063,(#9067,#9074),.PCURVE_S1.);
#9063 = LINE('',#9064,#9065);
#9064 = CARTESIAN_POINT('',(143.75,-80.,13.));
#9065 = VECTOR('',#9066,1.);
#9066 = DIRECTION('',(0.,-1.,0.));
#9067 = PCURVE('',#8509,#9068);
#9068 = DEFINITIONAL_REPRESENTATION('',(#9069),#9073);
#9069 = LINE('',#9070,#9071);
#9070 = CARTESIAN_POINT('',(23.75,12.5));
#9071 = VECTOR('',#9072,1.);
#9072 = DIRECTION('',(0.,-1.));
#9073 = ( GEOMETRIC_REPRESENTATION_CONTEXT(2) 
PARAMETRIC_REPRESENTATION_CONTEXT() REPRESENTATION_CONTEXT('2D SPACE',''
  ) );
#9074 = PCURVE('',#9075,#9080);
#9075 = PLANE('',#9076);
#9076 = AXIS2_PLACEMENT_3D('',#9077,#9078,#9079);
#9077 = CARTESIAN_POINT('',(120.,-92.5,13.));
#9078 = DIRECTION('',(0.,0.,1.));
#9079 = DIRECTION('',(1.,0.,-0.));
#9080 = DEFINITIONAL_REPRESENTATION('',(#9081),#9085);
#9081 = LINE('',#9082,#9083);
#9082 = CARTESIAN_POINT('',(23.75,12.5));
#9083 = VECTOR('',#9084,1.);
#9084 = DIRECTION('',(0.,-1.));
#9085 = ( GEOMETRIC_REPRESENTATION_CONTEXT(2) 
PARAMETRIC_REPRESENTATION_CONTEXT() REPRESENTATION_CONTEXT('2D SPACE',''
  ) );
#9086 = ORIENTED_EDGE('',*,*,#9087,.F.);
#9087 = EDGE_CURVE('',#9088,#9060,#9090,.T.);
#9088 = VERTEX_POINT('',#9089);
#9089 = CARTESIAN_POINT('',(143.75,-80.,13.));
#9090 = SURFACE_CURVE('',#9091,(#9095,#9102),.PCURVE_S1.);
#9091 = LINE('',#9092,#9093);
#9092 = CARTESIAN_POINT('',(143.75,-80.,13.));
#9093 = VECTOR('',#9094,1.);
#9094 = DIRECTION('',(0.,-1.,0.));
#9095 = PCURVE('',#8509,#9096);
#9096 = DEFINITIONAL_REPRESENTATION('',(#9097),#9101);
#9097 = LINE('',#9098,#9099);
#9098 = CARTESIAN_POINT('',(23.75,12.5));
#9099 = VECTOR('',#9100,1.);
#9100 = DIRECTION('',(0.,-1.));
#9101 = ( GEOMETRIC_REPRESENTATION_CONTEXT(2) 
PARAMETRIC_REPRESENTATION_CONTEXT() REPRESENTATION_CONTEXT('2D SPACE',''
  ) );
#9102 = PCURVE('',#9103,#9108);
#9103 = PLANE('',#9104);
#9104 = AXIS2_PLACEMENT_3D('',#9105,#9106,#9107);
#9105 = CARTESIAN_POINT('',(120.,-92.5,13.));
#9106 = DIRECTION('',(0.,0.,1.));
#9107 = DIRECTION('',(1.,0.,-0.));
#9108 = DEFINITIONAL_REPRESENTATION('',(#9109),#9113);
#9109 = LINE('',#9110,#9111);
#9110 = CARTESIAN_POINT('',(23.75,12.5));
#9111 = VECTOR('',#9112,1.);
#9112 = DIRECTION('',(0.,-1.));
#9113 = ( GEOMETRIC_REPRESENTATION_CONTEXT(2) 
PARAMETRIC_REPRESENTATION_CONTEXT() REPRESENTATION_CONTEXT('2D SPACE',''
  ) );
#9114 = ORIENTED_EDGE('',*,*,#9115,.F.);
#9115 = EDGE_CURVE('',#9116,#9088,#9118,.T.);
#9116 = VERTEX_POINT('',#9117);
#9117 = CARTESIAN_POINT('',(140.,-76.25,13.));
#9118 = SURFACE_CURVE('',#9119,(#9124,#9135),.PCURVE_S1.);
#9119 = CIRCLE('',#9120,3.750115766671);
#9120 = AXIS2_PLACEMENT_3D('',#9121,#9122,#9123);
#9121 = CARTESIAN_POINT('',(139.99988423466,-80.00011576533,13.));
#9122 = DIRECTION('',(0.,0.,-1.));
#9123 = DIRECTION('',(2.315253013597E-05,0.999999999732,0.));
#9124 = PCURVE('',#8509,#9125);
#9125 = DEFINITIONAL_REPRESENTATION('',(#9126),#9134);
#9126 = ( BOUNDED_CURVE() B_SPLINE_CURVE(2,(#9127,#9128,#9129,#9130,
#9131,#9132,#9133),.UNSPECIFIED.,.T.,.F.) B_SPLINE_CURVE_WITH_KNOTS((1,2
    ,2,2,2,1),(-2.094395102393,0.,2.094395102393,4.188790204786,
6.28318530718,8.377580409573),.UNSPECIFIED.) CURVE() 
GEOMETRIC_REPRESENTATION_ITEM() RATIONAL_B_SPLINE_CURVE((1.,0.5,1.,0.5,
1.,0.5,1.)) REPRESENTATION_ITEM('') );
#9127 = CARTESIAN_POINT('',(19.999971059337,16.250000000335));
#9128 = CARTESIAN_POINT('',(26.495362099736,16.249849615598));
#9129 = CARTESIAN_POINT('',(23.247536342534,10.624751159467));
#9130 = CARTESIAN_POINT('',(19.999710585332,4.999652703336));
#9131 = CARTESIAN_POINT('',(16.752145302136,10.624901544204));
#9132 = CARTESIAN_POINT('',(13.504580018939,16.250150385071));
#9133 = CARTESIAN_POINT('',(19.999971059337,16.250000000335));
#9134 = ( GEOMETRIC_REPRESENTATION_CONTEXT(2) 
PARAMETRIC_REPRESENTATION_CONTEXT() REPRESENTATION_CONTEXT('2D SPACE',''
  ) );
#9135 = PCURVE('',#9136,#9141);
#9136 = PLANE('',#9137);
#9137 = AXIS2_PLACEMENT_3D('',#9138,#9139,#9140);
#9138 = CARTESIAN_POINT('',(120.,-92.5,13.));
#9139 = DIRECTION('',(0.,0.,1.));
#9140 = DIRECTION('',(1.,0.,-0.));
#9141 = DEFINITIONAL_REPRESENTATION('',(#9142),#9150);
#9142 = ( BOUNDED_CURVE() B_SPLINE_CURVE(2,(#9143,#9144,#9145,#9146,
#9147,#9148,#9149),.UNSPECIFIED.,.T.,.F.) B_SPLINE_CURVE_WITH_KNOTS((1,2
    ,2,2,2,1),(-2.094395102393,0.,2.094395102393,4.188790204786,
6.28318530718,8.377580409573),.UNSPECIFIED.) CURVE() 
GEOMETRIC_REPRESENTATION_ITEM() RATIONAL_B_SPLINE_CURVE((1.,0.5,1.,0.5,
1.,0.5,1.)) REPRESENTATION_ITEM('') );
#9143 = CARTESIAN_POINT('',(19.999971059337,16.250000000335));
#9144 = CARTESIAN_POINT('',(26.495362099736,16.249849615598));
#9145 = CARTESIAN_POINT('',(23.247536342534,10.624751159467));
#9146 = CARTESIAN_POINT('',(19.999710585332,4.999652703336));
#9147 = CARTESIAN_POINT('',(16.752145302136,10.624901544204));
#9148 = CARTESIAN_POINT('',(13.504580018939,16.250150385071));
#9149 = CARTESIAN_POINT('',(19.999971059337,16.250000000335));
#9150 = ( GEOMETRIC_REPRESENTATION_CONTEXT(2) 
PARAMETRIC_REPRESENTATION_CONTEXT() REPRESENTATION_CONTEXT('2D SPACE',''
  ) );
#9151 = ORIENTED_EDGE('',*,*,#9152,.F.);
#9152 = EDGE_CURVE('',#8754,#9116,#9153,.T.);
#9153 = SURFACE_CURVE('',#9154,(#9159,#9170),.PCURVE_S1.);
#9154 = CIRCLE('',#9155,3.750115766671);
#9155 = AXIS2_PLACEMENT_3D('',#9156,#9157,#9158);
#9156 = CARTESIAN_POINT('',(139.99988423466,-80.00011576533,13.));
#9157 = DIRECTION('',(0.,0.,-1.));
#9158 = DIRECTION('',(2.315253013597E-05,0.999999999732,0.));
#9159 = PCURVE('',#8509,#9160);
#9160 = DEFINITIONAL_REPRESENTATION('',(#9161),#9169);
#9161 = ( BOUNDED_CURVE() B_SPLINE_CURVE(2,(#9162,#9163,#9164,#9165,
#9166,#9167,#9168),.UNSPECIFIED.,.T.,.F.) B_SPLINE_CURVE_WITH_KNOTS((1,2
    ,2,2,2,1),(-2.094395102393,0.,2.094395102393,4.188790204786,
6.28318530718,8.377580409573),.UNSPECIFIED.) CURVE() 
GEOMETRIC_REPRESENTATION_ITEM() RATIONAL_B_SPLINE_CURVE((1.,0.5,1.,0.5,
1.,0.5,1.)) REPRESENTATION_ITEM('') );
#9162 = CARTESIAN_POINT('',(19.999971059337,16.250000000335));
#9163 = CARTESIAN_POINT('',(26.495362099736,16.249849615598));
#9164 = CARTESIAN_POINT('',(23.247536342534,10.624751159467));
#9165 = CARTESIAN_POINT('',(19.999710585332,4.999652703336));
#9166 = CARTESIAN_POINT('',(16.752145302136,10.624901544204));
#9167 = CARTESIAN_POINT('',(13.504580018939,16.250150385071));
#9168 = CARTESIAN_POINT('',(19.999971059337,16.250000000335));
#9169 = ( GEOMETRIC_REPRESENTATION_CONTEXT(2) 
PARAMETRIC_REPRESENTATION_CONTEXT() REPRESENTATION_CONTEXT('2D SPACE',''
  ) );
#9170 = PCURVE('',#9171,#9176);
#9171 = PLANE('',#9172);
#9172 = AXIS2_PLACEMENT_3D('',#9173,#9174,#9175);
#9173 = CARTESIAN_POINT('',(120.,-92.5,13.));
#9174 = DIRECTION('',(0.,0.,1.));
#9175 = DIRECTION('',(1.,0.,-0.));
#9176 = DEFINITIONAL_REPRESENTATION('',(#9177),#9185);
#9177 = ( BOUNDED_CURVE() B_SPLINE_CURVE(2,(#9178,#9179,#9180,#9181,
#9182,#9183,#9184),.UNSPECIFIED.,.T.,.F.) B_SPLINE_CURVE_WITH_KNOTS((1,2
    ,2,2,2,1),(-2.094395102393,0.,2.094395102393,4.188790204786,
6.28318530718,8.377580409573),.UNSPECIFIED.) CURVE() 
GEOMETRIC_REPRESENTATION_ITEM() RATIONAL_B_SPLINE_CURVE((1.,0.5,1.,0.5,
1.,0.5,1.)) REPRESENTATION_ITEM('') );
#9178 = CARTESIAN_POINT('',(19.999971059337,16.250000000335));
#9179 = CARTESIAN_POINT('',(26.495362099736,16.249849615598));
#9180 = CARTESIAN_POINT('',(23.247536342534,10.624751159467));
#9181 = CARTESIAN_POINT('',(19.999710585332,4.999652703336));
#9182 = CARTESIAN_POINT('',(16.752145302136,10.624901544204));
#9183 = CARTESIAN_POINT('',(13.504580018939,16.250150385071));
#9184 = CARTESIAN_POINT('',(19.999971059337,16.250000000335));
#9185 = ( GEOMETRIC_REPRESENTATION_CONTEXT(2) 
PARAMETRIC_REPRESENTATION_CONTEXT() REPRESENTATION_CONTEXT('2D SPACE',''
  ) );
#9186 = FACE_BOUND('',#9187,.F.);
#9187 = EDGE_LOOP('',(#9188,#9219,#9247,#9276,#9304,#9333,#9361,#9390));
#9188 = ORIENTED_EDGE('',*,*,#9189,.F.);
#9189 = EDGE_CURVE('',#9190,#9192,#9194,.T.);
#9190 = VERTEX_POINT('',#9191);
#9191 = CARTESIAN_POINT('',(100.00011576533,-76.44999999866,13.));
#9192 = VERTEX_POINT('',#9193);
#9193 = CARTESIAN_POINT('',(96.44999999866,-80.00011576533,13.));
#9194 = SURFACE_CURVE('',#9195,(#9200,#9207),.PCURVE_S1.);
#9195 = CIRCLE('',#9196,3.550115766671);
#9196 = AXIS2_PLACEMENT_3D('',#9197,#9198,#9199);
#9197 = CARTESIAN_POINT('',(100.00011576533,-80.00011576533,13.));
#9198 = DIRECTION('',(0.,0.,1.));
#9199 = DIRECTION('',(-2.31525300912E-05,0.999999999732,0.));
#9200 = PCURVE('',#8509,#9201);
#9201 = DEFINITIONAL_REPRESENTATION('',(#9202),#9206);
#9202 = CIRCLE('',#9203,3.550115766671);
#9203 = AXIS2_PLACEMENT_2D('',#9204,#9205);
#9204 = CARTESIAN_POINT('',(-19.99988423466,12.499884234669));
#9205 = DIRECTION('',(-2.31525300912E-05,0.999999999732));
#9206 = ( GEOMETRIC_REPRESENTATION_CONTEXT(2) 
PARAMETRIC_REPRESENTATION_CONTEXT() REPRESENTATION_CONTEXT('2D SPACE',''
  ) );
#9207 = PCURVE('',#9208,#9213);
#9208 = CYLINDRICAL_SURFACE('',#9209,3.550115766671);
#9209 = AXIS2_PLACEMENT_3D('',#9210,#9211,#9212);
#9210 = CARTESIAN_POINT('',(100.00011576533,-80.00011576533,10.));
#9211 = DIRECTION('',(-0.,-0.,-1.));
#9212 = DIRECTION('',(-2.31525300912E-05,0.999999999732,0.));
#9213 = DEFINITIONAL_REPRESENTATION('',(#9214),#9218);
#9214 = LINE('',#9215,#9216);
#9215 = CARTESIAN_POINT('',(-0.,-3.));
#9216 = VECTOR('',#9217,1.);
#9217 = DIRECTION('',(-1.,0.));
#9218 = ( GEOMETRIC_REPRESENTATION_CONTEXT(2) 
PARAMETRIC_REPRESENTATION_CONTEXT() REPRESENTATION_CONTEXT('2D SPACE',''
  ) );
#9219 = ORIENTED_EDGE('',*,*,#9220,.F.);
#9220 = EDGE_CURVE('',#9221,#9190,#9223,.T.);
#9221 = VERTEX_POINT('',#9222);
#9222 = CARTESIAN_POINT('',(139.99988423466,-76.44999999866,13.));
#9223 = SURFACE_CURVE('',#9224,(#9228,#9235),.PCURVE_S1.);
#9224 = LINE('',#9225,#9226);
#9225 = CARTESIAN_POINT('',(140.,-76.45,13.));
#9226 = VECTOR('',#9227,1.);
#9227 = DIRECTION('',(-1.,0.,0.));
#9228 = PCURVE('',#8509,#9229);
#9229 = DEFINITIONAL_REPRESENTATION('',(#9230),#9234);
#9230 = LINE('',#9231,#9232);
#9231 = CARTESIAN_POINT('',(20.,16.05));
#9232 = VECTOR('',#9233,1.);
#9233 = DIRECTION('',(-1.,0.));
#9234 = ( GEOMETRIC_REPRESENTATION_CONTEXT(2) 
PARAMETRIC_REPRESENTATION_CONTEXT() REPRESENTATION_CONTEXT('2D SPACE',''
  ) );
#9235 = PCURVE('',#9236,#9241);
#9236 = PLANE('',#9237);
#9237 = AXIS2_PLACEMENT_3D('',#9238,#9239,#9240);
#9238 = CARTESIAN_POINT('',(139.99988423466,-76.45,10.));
#9239 = DIRECTION('',(0.,-1.,0.));
#9240 = DIRECTION('',(-1.,0.,0.));
#9241 = DEFINITIONAL_REPRESENTATION('',(#9242),#9246);
#9242 = LINE('',#9243,#9244);
#9243 = CARTESIAN_POINT('',(-1.157653307473E-04,-3.));
#9244 = VECTOR('',#9245,1.);
#9245 = DIRECTION('',(1.,0.));
#9246 = ( GEOMETRIC_REPRESENTATION_CONTEXT(2) 
PARAMETRIC_REPRESENTATION_CONTEXT() REPRESENTATION_CONTEXT('2D SPACE',''
  ) );
#9247 = ORIENTED_EDGE('',*,*,#9248,.F.);
#9248 = EDGE_CURVE('',#9249,#9221,#9251,.T.);
#9249 = VERTEX_POINT('',#9250);
#9250 = CARTESIAN_POINT('',(143.55,-80.00011576533,13.));
#9251 = SURFACE_CURVE('',#9252,(#9257,#9264),.PCURVE_S1.);
#9252 = CIRCLE('',#9253,3.550115766671);
#9253 = AXIS2_PLACEMENT_3D('',#9254,#9255,#9256);
#9254 = CARTESIAN_POINT('',(139.99988423466,-80.00011576533,13.));
#9255 = DIRECTION('',(0.,-0.,1.));
#9256 = DIRECTION('',(0.999999999732,2.315253008835E-05,0.));
#9257 = PCURVE('',#8509,#9258);
#9258 = DEFINITIONAL_REPRESENTATION('',(#9259),#9263);
#9259 = CIRCLE('',#9260,3.550115766671);
#9260 = AXIS2_PLACEMENT_2D('',#9261,#9262);
#9261 = CARTESIAN_POINT('',(19.999884234669,12.499884234669));
#9262 = DIRECTION('',(0.999999999732,2.315253008835E-05));
#9263 = ( GEOMETRIC_REPRESENTATION_CONTEXT(2) 
PARAMETRIC_REPRESENTATION_CONTEXT() REPRESENTATION_CONTEXT('2D SPACE',''
  ) );
#9264 = PCURVE('',#9265,#9270);
#9265 = CYLINDRICAL_SURFACE('',#9266,3.550115766671);
#9266 = AXIS2_PLACEMENT_3D('',#9267,#9268,#9269);
#9267 = CARTESIAN_POINT('',(139.99988423466,-80.00011576533,10.));
#9268 = DIRECTION('',(-0.,0.,-1.));
#9269 = DIRECTION('',(0.999999999732,2.315253008835E-05,0.));
#9270 = DEFINITIONAL_REPRESENTATION('',(#9271),#9275);
#9271 = LINE('',#9272,#9273);
#9272 = CARTESIAN_POINT('',(-0.,-3.));
#9273 = VECTOR('',#9274,1.);
#9274 = DIRECTION('',(-1.,0.));
#9275 = ( GEOMETRIC_REPRESENTATION_CONTEXT(2) 
PARAMETRIC_REPRESENTATION_CONTEXT() REPRESENTATION_CONTEXT('2D SPACE',''
  ) );
#9276 = ORIENTED_EDGE('',*,*,#9277,.F.);
#9277 = EDGE_CURVE('',#9278,#9249,#9280,.T.);
#9278 = VERTEX_POINT('',#9279);
#9279 = CARTESIAN_POINT('',(143.55000000134,-104.9998842346,13.));
#9280 = SURFACE_CURVE('',#9281,(#9285,#9292),.PCURVE_S1.);
#9281 = LINE('',#9282,#9283);
#9282 = CARTESIAN_POINT('',(143.55,-105.,13.));
#9283 = VECTOR('',#9284,1.);
#9284 = DIRECTION('',(0.,1.,0.));
#9285 = PCURVE('',#8509,#9286);
#9286 = DEFINITIONAL_REPRESENTATION('',(#9287),#9291);
#9287 = LINE('',#9288,#9289);
#9288 = CARTESIAN_POINT('',(23.55,-12.5));
#9289 = VECTOR('',#9290,1.);
#9290 = DIRECTION('',(0.,1.));
#9291 = ( GEOMETRIC_REPRESENTATION_CONTEXT(2) 
PARAMETRIC_REPRESENTATION_CONTEXT() REPRESENTATION_CONTEXT('2D SPACE',''
  ) );
#9292 = PCURVE('',#9293,#9298);
#9293 = PLANE('',#9294);
#9294 = AXIS2_PLACEMENT_3D('',#9295,#9296,#9297);
#9295 = CARTESIAN_POINT('',(143.55,-104.9998842346,10.));
#9296 = DIRECTION('',(-1.,0.,0.));
#9297 = DIRECTION('',(0.,1.,0.));
#9298 = DEFINITIONAL_REPRESENTATION('',(#9299),#9303);
#9299 = LINE('',#9300,#9301);
#9300 = CARTESIAN_POINT('',(-1.157653307331E-04,-3.));
#9301 = VECTOR('',#9302,1.);
#9302 = DIRECTION('',(1.,0.));
#9303 = ( GEOMETRIC_REPRESENTATION_CONTEXT(2) 
PARAMETRIC_REPRESENTATION_CONTEXT() REPRESENTATION_CONTEXT('2D SPACE',''
  ) );
#9304 = ORIENTED_EDGE('',*,*,#9305,.F.);
#9305 = EDGE_CURVE('',#9306,#9278,#9308,.T.);
#9306 = VERTEX_POINT('',#9307);
#9307 = CARTESIAN_POINT('',(139.99988423466,-108.55,13.));
#9308 = SURFACE_CURVE('',#9309,(#9314,#9321),.PCURVE_S1.);
#9309 = CIRCLE('',#9310,3.550115766671);
#9310 = AXIS2_PLACEMENT_3D('',#9311,#9312,#9313);
#9311 = CARTESIAN_POINT('',(139.99988423466,-104.9998842346,13.));
#9312 = DIRECTION('',(0.,-0.,1.));
#9313 = DIRECTION('',(2.31525300912E-05,-0.999999999732,-0.));
#9314 = PCURVE('',#8509,#9315);
#9315 = DEFINITIONAL_REPRESENTATION('',(#9316),#9320);
#9316 = CIRCLE('',#9317,3.550115766671);
#9317 = AXIS2_PLACEMENT_2D('',#9318,#9319);
#9318 = CARTESIAN_POINT('',(19.999884234669,-12.49988423466));
#9319 = DIRECTION('',(2.31525300912E-05,-0.999999999732));
#9320 = ( GEOMETRIC_REPRESENTATION_CONTEXT(2) 
PARAMETRIC_REPRESENTATION_CONTEXT() REPRESENTATION_CONTEXT('2D SPACE',''
  ) );
#9321 = PCURVE('',#9322,#9327);
#9322 = CYLINDRICAL_SURFACE('',#9323,3.550115766671);
#9323 = AXIS2_PLACEMENT_3D('',#9324,#9325,#9326);
#9324 = CARTESIAN_POINT('',(139.99988423466,-104.9998842346,10.));
#9325 = DIRECTION('',(-0.,0.,-1.));
#9326 = DIRECTION('',(2.31525300912E-05,-0.999999999732,-0.));
#9327 = DEFINITIONAL_REPRESENTATION('',(#9328),#9332);
#9328 = LINE('',#9329,#9330);
#9329 = CARTESIAN_POINT('',(-0.,-3.));
#9330 = VECTOR('',#9331,1.);
#9331 = DIRECTION('',(-1.,0.));
#9332 = ( GEOMETRIC_REPRESENTATION_CONTEXT(2) 
PARAMETRIC_REPRESENTATION_CONTEXT() REPRESENTATION_CONTEXT('2D SPACE',''
  ) );
#9333 = ORIENTED_EDGE('',*,*,#9334,.F.);
#9334 = EDGE_CURVE('',#9335,#9306,#9337,.T.);
#9335 = VERTEX_POINT('',#9336);
#9336 = CARTESIAN_POINT('',(100.00011576533,-108.5500000013,13.));
#9337 = SURFACE_CURVE('',#9338,(#9342,#9349),.PCURVE_S1.);
#9338 = LINE('',#9339,#9340);
#9339 = CARTESIAN_POINT('',(100.,-108.55,13.));
#9340 = VECTOR('',#9341,1.);
#9341 = DIRECTION('',(1.,0.,0.));
#9342 = PCURVE('',#8509,#9343);
#9343 = DEFINITIONAL_REPRESENTATION('',(#9344),#9348);
#9344 = LINE('',#9345,#9346);
#9345 = CARTESIAN_POINT('',(-20.,-16.05));
#9346 = VECTOR('',#9347,1.);
#9347 = DIRECTION('',(1.,0.));
#9348 = ( GEOMETRIC_REPRESENTATION_CONTEXT(2) 
PARAMETRIC_REPRESENTATION_CONTEXT() REPRESENTATION_CONTEXT('2D SPACE',''
  ) );
#9349 = PCURVE('',#9350,#9355);
#9350 = PLANE('',#9351);
#9351 = AXIS2_PLACEMENT_3D('',#9352,#9353,#9354);
#9352 = CARTESIAN_POINT('',(100.00011576533,-108.55,10.));
#9353 = DIRECTION('',(0.,1.,0.));
#9354 = DIRECTION('',(1.,0.,0.));
#9355 = DEFINITIONAL_REPRESENTATION('',(#9356),#9360);
#9356 = LINE('',#9357,#9358);
#9357 = CARTESIAN_POINT('',(-1.157653307473E-04,-3.));
#9358 = VECTOR('',#9359,1.);
#9359 = DIRECTION('',(1.,0.));
#9360 = ( GEOMETRIC_REPRESENTATION_CONTEXT(2) 
PARAMETRIC_REPRESENTATION_CONTEXT() REPRESENTATION_CONTEXT('2D SPACE',''
  ) );
#9361 = ORIENTED_EDGE('',*,*,#9362,.F.);
#9362 = EDGE_CURVE('',#9363,#9335,#9365,.T.);
#9363 = VERTEX_POINT('',#9364);
#9364 = CARTESIAN_POINT('',(96.45,-104.9998842346,13.));
#9365 = SURFACE_CURVE('',#9366,(#9371,#9378),.PCURVE_S1.);
#9366 = CIRCLE('',#9367,3.550115766671);
#9367 = AXIS2_PLACEMENT_3D('',#9368,#9369,#9370);
#9368 = CARTESIAN_POINT('',(100.00011576533,-104.9998842346,13.));
#9369 = DIRECTION('',(0.,0.,1.));
#9370 = DIRECTION('',(-0.999999999732,-2.31525300912E-05,0.));
#9371 = PCURVE('',#8509,#9372);
#9372 = DEFINITIONAL_REPRESENTATION('',(#9373),#9377);
#9373 = CIRCLE('',#9374,3.550115766671);
#9374 = AXIS2_PLACEMENT_2D('',#9375,#9376);
#9375 = CARTESIAN_POINT('',(-19.99988423466,-12.49988423466));
#9376 = DIRECTION('',(-0.999999999732,-2.31525300912E-05));
#9377 = ( GEOMETRIC_REPRESENTATION_CONTEXT(2) 
PARAMETRIC_REPRESENTATION_CONTEXT() REPRESENTATION_CONTEXT('2D SPACE',''
  ) );
#9378 = PCURVE('',#9379,#9384);
#9379 = CYLINDRICAL_SURFACE('',#9380,3.550115766671);
#9380 = AXIS2_PLACEMENT_3D('',#9381,#9382,#9383);
#9381 = CARTESIAN_POINT('',(100.00011576533,-104.9998842346,10.));
#9382 = DIRECTION('',(-0.,-0.,-1.));
#9383 = DIRECTION('',(-0.999999999732,-2.31525300912E-05,0.));
#9384 = DEFINITIONAL_REPRESENTATION('',(#9385),#9389);
#9385 = LINE('',#9386,#9387);
#9386 = CARTESIAN_POINT('',(-0.,-3.));
#9387 = VECTOR('',#9388,1.);
#9388 = DIRECTION('',(-1.,0.));
#9389 = ( GEOMETRIC_REPRESENTATION_CONTEXT(2) 
PARAMETRIC_REPRESENTATION_CONTEXT() REPRESENTATION_CONTEXT('2D SPACE',''
  ) );
#9390 = ORIENTED_EDGE('',*,*,#9391,.F.);
#9391 = EDGE_CURVE('',#9192,#9363,#9392,.T.);
#9392 = SURFACE_CURVE('',#9393,(#9397,#9404),.PCURVE_S1.);
#9393 = LINE('',#9394,#9395);
#9394 = CARTESIAN_POINT('',(96.45,-80.,13.));
#9395 = VECTOR('',#9396,1.);
#9396 = DIRECTION('',(0.,-1.,-0.));
#9397 = PCURVE('',#8509,#9398);
#9398 = DEFINITIONAL_REPRESENTATION('',(#9399),#9403);
#9399 = LINE('',#9400,#9401);
#9400 = CARTESIAN_POINT('',(-23.55,12.5));
#9401 = VECTOR('',#9402,1.);
#9402 = DIRECTION('',(0.,-1.));
#9403 = ( GEOMETRIC_REPRESENTATION_CONTEXT(2) 
PARAMETRIC_REPRESENTATION_CONTEXT() REPRESENTATION_CONTEXT('2D SPACE',''
  ) );
#9404 = PCURVE('',#9405,#9410);
#9405 = PLANE('',#9406);
#9406 = AXIS2_PLACEMENT_3D('',#9407,#9408,#9409);
#9407 = CARTESIAN_POINT('',(96.45,-80.00011576533,10.));
#9408 = DIRECTION('',(1.,0.,-0.));
#9409 = DIRECTION('',(0.,-1.,0.));
#9410 = DEFINITIONAL_REPRESENTATION('',(#9411),#9415);
#9411 = LINE('',#9412,#9413);
#9412 = CARTESIAN_POINT('',(-1.157653307473E-04,-3.));
#9413 = VECTOR('',#9414,1.);
#9414 = DIRECTION('',(1.,0.));
#9415 = ( GEOMETRIC_REPRESENTATION_CONTEXT(2) 
PARAMETRIC_REPRESENTATION_CONTEXT() REPRESENTATION_CONTEXT('2D SPACE',''
  ) );
#9416 = ADVANCED_FACE('',(#9417),#8571,.F.);
#9417 = FACE_BOUND('',#9418,.F.);
#9418 = EDGE_LOOP('',(#9419,#9420,#9449));
#9419 = ORIENTED_EDGE('',*,*,#8554,.T.);
#9420 = ORIENTED_EDGE('',*,*,#9421,.T.);
#9421 = EDGE_CURVE('',#8526,#9422,#9424,.T.);
#9422 = VERTEX_POINT('',#9423);
#9423 = CARTESIAN_POINT('',(94.999998740082,-79.99999999998,13.));
#9424 = SURFACE_CURVE('',#9425,(#9430,#9437),.PCURVE_S1.);
#9425 = CIRCLE('',#9426,5.000115766671);
#9426 = AXIS2_PLACEMENT_3D('',#9427,#9428,#9429);
#9427 = CARTESIAN_POINT('',(100.00011576533,-80.00011576533,13.));
#9428 = DIRECTION('',(0.,0.,1.));
#9429 = DIRECTION('',(-2.31525300912E-05,0.999999999732,0.));
#9430 = PCURVE('',#8571,#9431);
#9431 = DEFINITIONAL_REPRESENTATION('',(#9432),#9436);
#9432 = CIRCLE('',#9433,5.000115766671);
#9433 = AXIS2_PLACEMENT_2D('',#9434,#9435);
#9434 = CARTESIAN_POINT('',(-19.99988423466,12.499884234669));
#9435 = DIRECTION('',(-2.31525300912E-05,0.999999999732));
#9436 = ( GEOMETRIC_REPRESENTATION_CONTEXT(2) 
PARAMETRIC_REPRESENTATION_CONTEXT() REPRESENTATION_CONTEXT('2D SPACE',''
  ) );
#9437 = PCURVE('',#9438,#9443);
#9438 = PLANE('',#9439);
#9439 = AXIS2_PLACEMENT_3D('',#9440,#9441,#9442);
#9440 = CARTESIAN_POINT('',(95.,-80.,13.));
#9441 = DIRECTION('',(0.,0.,1.));
#9442 = DIRECTION('',(1.,0.,-0.));
#9443 = DEFINITIONAL_REPRESENTATION('',(#9444),#9448);
#9444 = CIRCLE('',#9445,5.000115766671);
#9445 = AXIS2_PLACEMENT_2D('',#9446,#9447);
#9446 = CARTESIAN_POINT('',(5.000115765331,-1.157653307473E-04));
#9447 = DIRECTION('',(-2.31525300912E-05,0.999999999732));
#9448 = ( GEOMETRIC_REPRESENTATION_CONTEXT(2) 
PARAMETRIC_REPRESENTATION_CONTEXT() REPRESENTATION_CONTEXT('2D SPACE',''
  ) );
#9449 = ORIENTED_EDGE('',*,*,#9450,.F.);
#9450 = EDGE_CURVE('',#8555,#9422,#9451,.T.);
#9451 = SURFACE_CURVE('',#9452,(#9456,#9463),.PCURVE_S1.);
#9452 = LINE('',#9453,#9454);
#9453 = CARTESIAN_POINT('',(96.25,-80.,13.));
#9454 = VECTOR('',#9455,1.);
#9455 = DIRECTION('',(-1.,0.,0.));
#9456 = PCURVE('',#8571,#9457);
#9457 = DEFINITIONAL_REPRESENTATION('',(#9458),#9462);
#9458 = LINE('',#9459,#9460);
#9459 = CARTESIAN_POINT('',(-23.75,12.5));
#9460 = VECTOR('',#9461,1.);
#9461 = DIRECTION('',(-1.,0.));
#9462 = ( GEOMETRIC_REPRESENTATION_CONTEXT(2) 
PARAMETRIC_REPRESENTATION_CONTEXT() REPRESENTATION_CONTEXT('2D SPACE',''
  ) );
#9463 = PCURVE('',#8795,#9464);
#9464 = DEFINITIONAL_REPRESENTATION('',(#9465),#9469);
#9465 = LINE('',#9466,#9467);
#9466 = CARTESIAN_POINT('',(-23.75,12.5));
#9467 = VECTOR('',#9468,1.);
#9468 = DIRECTION('',(-1.,0.));
#9469 = ( GEOMETRIC_REPRESENTATION_CONTEXT(2) 
PARAMETRIC_REPRESENTATION_CONTEXT() REPRESENTATION_CONTEXT('2D SPACE',''
  ) );
#9470 = ADVANCED_FACE('',(#9471),#8542,.F.);
#9471 = FACE_BOUND('',#9472,.F.);
#9472 = EDGE_LOOP('',(#9473,#9474,#9503,#9525,#9526));
#9473 = ORIENTED_EDGE('',*,*,#8645,.F.);
#9474 = ORIENTED_EDGE('',*,*,#9475,.T.);
#9475 = EDGE_CURVE('',#8618,#9476,#9478,.T.);
#9476 = VERTEX_POINT('',#9477);
#9477 = CARTESIAN_POINT('',(93.750000000335,-79.99997105933,13.));
#9478 = SURFACE_CURVE('',#9479,(#9484,#9491),.PCURVE_S1.);
#9479 = CIRCLE('',#9480,6.250115766671);
#9480 = AXIS2_PLACEMENT_3D('',#9481,#9482,#9483);
#9481 = CARTESIAN_POINT('',(100.00011576533,-80.00011576533,13.));
#9482 = DIRECTION('',(0.,0.,1.));
#9483 = DIRECTION('',(-2.315253009843E-05,0.999999999732,0.));
#9484 = PCURVE('',#8542,#9485);
#9485 = DEFINITIONAL_REPRESENTATION('',(#9486),#9490);
#9486 = CIRCLE('',#9487,6.250115766671);
#9487 = AXIS2_PLACEMENT_2D('',#9488,#9489);
#9488 = CARTESIAN_POINT('',(3.108596225007,-3.108596225007));
#9489 = DIRECTION('',(-2.315253009843E-05,0.999999999732));
#9490 = ( GEOMETRIC_REPRESENTATION_CONTEXT(2) 
PARAMETRIC_REPRESENTATION_CONTEXT() REPRESENTATION_CONTEXT('2D SPACE',''
  ) );
#9491 = PCURVE('',#9492,#9497);
#9492 = CYLINDRICAL_SURFACE('',#9493,6.250115766671);
#9493 = AXIS2_PLACEMENT_3D('',#9494,#9495,#9496);
#9494 = CARTESIAN_POINT('',(100.00011576533,-80.00011576533,13.));
#9495 = DIRECTION('',(-0.,-0.,-1.));
#9496 = DIRECTION('',(-2.315253009843E-05,0.999999999732,0.));
#9497 = DEFINITIONAL_REPRESENTATION('',(#9498),#9502);
#9498 = LINE('',#9499,#9500);
#9499 = CARTESIAN_POINT('',(-0.,0.));
#9500 = VECTOR('',#9501,1.);
#9501 = DIRECTION('',(-1.,0.));
#9502 = ( GEOMETRIC_REPRESENTATION_CONTEXT(2) 
PARAMETRIC_REPRESENTATION_CONTEXT() REPRESENTATION_CONTEXT('2D SPACE',''
  ) );
#9503 = ORIENTED_EDGE('',*,*,#9504,.F.);
#9504 = EDGE_CURVE('',#8526,#9476,#9505,.T.);
#9505 = SURFACE_CURVE('',#9506,(#9511,#9518),.PCURVE_S1.);
#9506 = CIRCLE('',#9507,1.25);
#9507 = AXIS2_PLACEMENT_3D('',#9508,#9509,#9510);
#9508 = CARTESIAN_POINT('',(95.,-80.,13.));
#9509 = DIRECTION('',(0.,0.,1.));
#9510 = DIRECTION('',(1.,0.,-0.));
#9511 = PCURVE('',#8542,#9512);
#9512 = DEFINITIONAL_REPRESENTATION('',(#9513),#9517);
#9513 = CIRCLE('',#9514,1.25);
#9514 = AXIS2_PLACEMENT_2D('',#9515,#9516);
#9515 = CARTESIAN_POINT('',(-1.891519540323,-3.108480459677));
#9516 = DIRECTION('',(1.,0.));
#9517 = ( GEOMETRIC_REPRESENTATION_CONTEXT(2) 
PARAMETRIC_REPRESENTATION_CONTEXT() REPRESENTATION_CONTEXT('2D SPACE',''
  ) );
#9518 = PCURVE('',#9438,#9519);
#9519 = DEFINITIONAL_REPRESENTATION('',(#9520),#9524);
#9520 = CIRCLE('',#9521,1.25);
#9521 = AXIS2_PLACEMENT_2D('',#9522,#9523);
#9522 = CARTESIAN_POINT('',(-1.42108547152E-14,0.));
#9523 = DIRECTION('',(1.,0.));
#9524 = ( GEOMETRIC_REPRESENTATION_CONTEXT(2) 
PARAMETRIC_REPRESENTATION_CONTEXT() REPRESENTATION_CONTEXT('2D SPACE',''
  ) );
#9525 = ORIENTED_EDGE('',*,*,#8525,.F.);
#9526 = ORIENTED_EDGE('',*,*,#8669,.F.);
#9527 = ADVANCED_FACE('',(#9528),#8633,.F.);
#9528 = FACE_BOUND('',#9529,.F.);
#9529 = EDGE_LOOP('',(#9530,#9531,#9554));
#9530 = ORIENTED_EDGE('',*,*,#8617,.F.);
#9531 = ORIENTED_EDGE('',*,*,#9532,.F.);
#9532 = EDGE_CURVE('',#9533,#8372,#9535,.T.);
#9533 = VERTEX_POINT('',#9534);
#9534 = CARTESIAN_POINT('',(100.,-73.75,13.));
#9535 = SURFACE_CURVE('',#9536,(#9540,#9547),.PCURVE_S1.);
#9536 = LINE('',#9537,#9538);
#9537 = CARTESIAN_POINT('',(100.,-73.75,13.));
#9538 = VECTOR('',#9539,1.);
#9539 = DIRECTION('',(0.,-1.,0.));
#9540 = PCURVE('',#8633,#9541);
#9541 = DEFINITIONAL_REPRESENTATION('',(#9542),#9546);
#9542 = LINE('',#9543,#9544);
#9543 = CARTESIAN_POINT('',(-2.84217094304E-14,1.25));
#9544 = VECTOR('',#9545,1.);
#9545 = DIRECTION('',(0.,-1.));
#9546 = ( GEOMETRIC_REPRESENTATION_CONTEXT(2) 
PARAMETRIC_REPRESENTATION_CONTEXT() REPRESENTATION_CONTEXT('2D SPACE',''
  ) );
#9547 = PCURVE('',#8710,#9548);
#9548 = DEFINITIONAL_REPRESENTATION('',(#9549),#9553);
#9549 = LINE('',#9550,#9551);
#9550 = CARTESIAN_POINT('',(-2.84217094304E-14,1.25));
#9551 = VECTOR('',#9552,1.);
#9552 = DIRECTION('',(0.,-1.));
#9553 = ( GEOMETRIC_REPRESENTATION_CONTEXT(2) 
PARAMETRIC_REPRESENTATION_CONTEXT() REPRESENTATION_CONTEXT('2D SPACE',''
  ) );
#9554 = ORIENTED_EDGE('',*,*,#9555,.T.);
#9555 = EDGE_CURVE('',#9533,#8618,#9556,.T.);
#9556 = SURFACE_CURVE('',#9557,(#9562,#9569),.PCURVE_S1.);
#9557 = CIRCLE('',#9558,1.25);
#9558 = AXIS2_PLACEMENT_3D('',#9559,#9560,#9561);
#9559 = CARTESIAN_POINT('',(100.,-75.,13.));
#9560 = DIRECTION('',(0.,0.,1.));
#9561 = DIRECTION('',(1.,0.,-0.));
#9562 = PCURVE('',#8633,#9563);
#9563 = DEFINITIONAL_REPRESENTATION('',(#9564),#9568);
#9564 = CIRCLE('',#9565,1.25);
#9565 = AXIS2_PLACEMENT_2D('',#9566,#9567);
#9566 = CARTESIAN_POINT('',(-2.84217094304E-14,0.));
#9567 = DIRECTION('',(1.,0.));
#9568 = ( GEOMETRIC_REPRESENTATION_CONTEXT(2) 
PARAMETRIC_REPRESENTATION_CONTEXT() REPRESENTATION_CONTEXT('2D SPACE',''
  ) );
#9569 = PCURVE('',#9570,#9575);
#9570 = CYLINDRICAL_SURFACE('',#9571,1.25);
#9571 = AXIS2_PLACEMENT_3D('',#9572,#9573,#9574);
#9572 = CARTESIAN_POINT('',(100.,-75.,13.));
#9573 = DIRECTION('',(-0.,-0.,-1.));
#9574 = DIRECTION('',(1.,0.,-0.));
#9575 = DEFINITIONAL_REPRESENTATION('',(#9576),#9580);
#9576 = LINE('',#9577,#9578);
#9577 = CARTESIAN_POINT('',(-0.,0.));
#9578 = VECTOR('',#9579,1.);
#9579 = DIRECTION('',(-1.,0.));
#9580 = ( GEOMETRIC_REPRESENTATION_CONTEXT(2) 
PARAMETRIC_REPRESENTATION_CONTEXT() REPRESENTATION_CONTEXT('2D SPACE',''
  ) );
#9581 = ADVANCED_FACE('',(#9582),#8710,.F.);
#9582 = FACE_BOUND('',#9583,.F.);
#9583 = EDGE_LOOP('',(#9584,#9585,#9586));
#9584 = ORIENTED_EDGE('',*,*,#9532,.T.);
#9585 = ORIENTED_EDGE('',*,*,#8694,.F.);
#9586 = ORIENTED_EDGE('',*,*,#9587,.T.);
#9587 = EDGE_CURVE('',#8695,#9533,#9588,.T.);
#9588 = SURFACE_CURVE('',#9589,(#9594,#9601),.PCURVE_S1.);
#9589 = CIRCLE('',#9590,1.25);
#9590 = AXIS2_PLACEMENT_3D('',#9591,#9592,#9593);
#9591 = CARTESIAN_POINT('',(100.,-75.,13.));
#9592 = DIRECTION('',(0.,0.,1.));
#9593 = DIRECTION('',(1.,0.,-0.));
#9594 = PCURVE('',#8710,#9595);
#9595 = DEFINITIONAL_REPRESENTATION('',(#9596),#9600);
#9596 = CIRCLE('',#9597,1.25);
#9597 = AXIS2_PLACEMENT_2D('',#9598,#9599);
#9598 = CARTESIAN_POINT('',(-2.84217094304E-14,0.));
#9599 = DIRECTION('',(1.,0.));
#9600 = ( GEOMETRIC_REPRESENTATION_CONTEXT(2) 
PARAMETRIC_REPRESENTATION_CONTEXT() REPRESENTATION_CONTEXT('2D SPACE',''
  ) );
#9601 = PCURVE('',#9602,#9607);
#9602 = PLANE('',#9603);
#9603 = AXIS2_PLACEMENT_3D('',#9604,#9605,#9606);
#9604 = CARTESIAN_POINT('',(120.,-75.,13.));
#9605 = DIRECTION('',(0.,0.,1.));
#9606 = DIRECTION('',(1.,0.,-0.));
#9607 = DEFINITIONAL_REPRESENTATION('',(#9608),#9612);
#9608 = CIRCLE('',#9609,1.25);
#9609 = AXIS2_PLACEMENT_2D('',#9610,#9611);
#9610 = CARTESIAN_POINT('',(-20.,0.));
#9611 = DIRECTION('',(1.,0.));
#9612 = ( GEOMETRIC_REPRESENTATION_CONTEXT(2) 
PARAMETRIC_REPRESENTATION_CONTEXT() REPRESENTATION_CONTEXT('2D SPACE',''
  ) );
#9613 = ADVANCED_FACE('',(#9614),#8738,.F.);
#9614 = FACE_BOUND('',#9615,.F.);
#9615 = EDGE_LOOP('',(#9616,#9639,#9640,#9641));
#9616 = ORIENTED_EDGE('',*,*,#9617,.T.);
#9617 = EDGE_CURVE('',#9618,#8695,#9620,.T.);
#9618 = VERTEX_POINT('',#9619);
#9619 = CARTESIAN_POINT('',(138.75,-75.,13.));
#9620 = SURFACE_CURVE('',#9621,(#9625,#9632),.PCURVE_S1.);
#9621 = LINE('',#9622,#9623);
#9622 = CARTESIAN_POINT('',(140.,-75.,13.));
#9623 = VECTOR('',#9624,1.);
#9624 = DIRECTION('',(-1.,0.,0.));
#9625 = PCURVE('',#8738,#9626);
#9626 = DEFINITIONAL_REPRESENTATION('',(#9627),#9631);
#9627 = LINE('',#9628,#9629);
#9628 = CARTESIAN_POINT('',(20.,17.5));
#9629 = VECTOR('',#9630,1.);
#9630 = DIRECTION('',(-1.,0.));
#9631 = ( GEOMETRIC_REPRESENTATION_CONTEXT(2) 
PARAMETRIC_REPRESENTATION_CONTEXT() REPRESENTATION_CONTEXT('2D SPACE',''
  ) );
#9632 = PCURVE('',#9602,#9633);
#9633 = DEFINITIONAL_REPRESENTATION('',(#9634),#9638);
#9634 = LINE('',#9635,#9636);
#9635 = CARTESIAN_POINT('',(20.,0.));
#9636 = VECTOR('',#9637,1.);
#9637 = DIRECTION('',(-1.,0.));
#9638 = ( GEOMETRIC_REPRESENTATION_CONTEXT(2) 
PARAMETRIC_REPRESENTATION_CONTEXT() REPRESENTATION_CONTEXT('2D SPACE',''
  ) );
#9639 = ORIENTED_EDGE('',*,*,#8723,.F.);
#9640 = ORIENTED_EDGE('',*,*,#8753,.T.);
#9641 = ORIENTED_EDGE('',*,*,#9642,.F.);
#9642 = EDGE_CURVE('',#9618,#8754,#9643,.T.);
#9643 = SURFACE_CURVE('',#9644,(#9649,#9656),.PCURVE_S1.);
#9644 = CIRCLE('',#9645,1.25);
#9645 = AXIS2_PLACEMENT_3D('',#9646,#9647,#9648);
#9646 = CARTESIAN_POINT('',(140.,-75.,13.));
#9647 = DIRECTION('',(0.,0.,1.));
#9648 = DIRECTION('',(-1.,0.,-0.));
#9649 = PCURVE('',#8738,#9650);
#9650 = DEFINITIONAL_REPRESENTATION('',(#9651),#9655);
#9651 = CIRCLE('',#9652,1.25);
#9652 = AXIS2_PLACEMENT_2D('',#9653,#9654);
#9653 = CARTESIAN_POINT('',(20.,17.5));
#9654 = DIRECTION('',(-1.,0.));
#9655 = ( GEOMETRIC_REPRESENTATION_CONTEXT(2) 
PARAMETRIC_REPRESENTATION_CONTEXT() REPRESENTATION_CONTEXT('2D SPACE',''
  ) );
#9656 = PCURVE('',#9657,#9662);
#9657 = PLANE('',#9658);
#9658 = AXIS2_PLACEMENT_3D('',#9659,#9660,#9661);
#9659 = CARTESIAN_POINT('',(120.,-92.5,13.));
#9660 = DIRECTION('',(0.,0.,1.));
#9661 = DIRECTION('',(1.,0.,-0.));
#9662 = DEFINITIONAL_REPRESENTATION('',(#9663),#9667);
#9663 = CIRCLE('',#9664,1.25);
#9664 = AXIS2_PLACEMENT_2D('',#9665,#9666);
#9665 = CARTESIAN_POINT('',(20.,17.5));
#9666 = DIRECTION('',(-1.,0.));
#9667 = ( GEOMETRIC_REPRESENTATION_CONTEXT(2) 
PARAMETRIC_REPRESENTATION_CONTEXT() REPRESENTATION_CONTEXT('2D SPACE',''
  ) );
#9668 = ADVANCED_FACE('',(#9669),#9171,.F.);
#9669 = FACE_BOUND('',#9670,.F.);
#9670 = EDGE_LOOP('',(#9671,#9694,#9695));
#9671 = ORIENTED_EDGE('',*,*,#9672,.T.);
#9672 = EDGE_CURVE('',#9673,#8754,#9675,.T.);
#9673 = VERTEX_POINT('',#9674);
#9674 = CARTESIAN_POINT('',(140.00000000001,-74.99999874499,13.));
#9675 = SURFACE_CURVE('',#9676,(#9680,#9687),.PCURVE_S1.);
#9676 = LINE('',#9677,#9678);
#9677 = CARTESIAN_POINT('',(140.00002894066,-73.75000000033,13.));
#9678 = VECTOR('',#9679,1.);
#9679 = DIRECTION('',(-2.315253013876E-05,-0.999999999732,0.));
#9680 = PCURVE('',#9171,#9681);
#9681 = DEFINITIONAL_REPRESENTATION('',(#9682),#9686);
#9682 = LINE('',#9683,#9684);
#9683 = CARTESIAN_POINT('',(20.000028940663,18.749999999664));
#9684 = VECTOR('',#9685,1.);
#9685 = DIRECTION('',(-2.315253013876E-05,-0.999999999732));
#9686 = ( GEOMETRIC_REPRESENTATION_CONTEXT(2) 
PARAMETRIC_REPRESENTATION_CONTEXT() REPRESENTATION_CONTEXT('2D SPACE',''
  ) );
#9687 = PCURVE('',#9657,#9688);
#9688 = DEFINITIONAL_REPRESENTATION('',(#9689),#9693);
#9689 = LINE('',#9690,#9691);
#9690 = CARTESIAN_POINT('',(20.000028940663,18.749999999664));
#9691 = VECTOR('',#9692,1.);
#9692 = DIRECTION('',(-2.315253013876E-05,-0.999999999732));
#9693 = ( GEOMETRIC_REPRESENTATION_CONTEXT(2) 
PARAMETRIC_REPRESENTATION_CONTEXT() REPRESENTATION_CONTEXT('2D SPACE',''
  ) );
#9694 = ORIENTED_EDGE('',*,*,#9152,.T.);
#9695 = ORIENTED_EDGE('',*,*,#9696,.T.);
#9696 = EDGE_CURVE('',#9116,#9673,#9697,.T.);
#9697 = SURFACE_CURVE('',#9698,(#9702,#9709),.PCURVE_S1.);
#9698 = LINE('',#9699,#9700);
#9699 = CARTESIAN_POINT('',(140.,-76.25,13.));
#9700 = VECTOR('',#9701,1.);
#9701 = DIRECTION('',(0.,1.,0.));
#9702 = PCURVE('',#9171,#9703);
#9703 = DEFINITIONAL_REPRESENTATION('',(#9704),#9708);
#9704 = LINE('',#9705,#9706);
#9705 = CARTESIAN_POINT('',(20.,16.25));
#9706 = VECTOR('',#9707,1.);
#9707 = DIRECTION('',(0.,1.));
#9708 = ( GEOMETRIC_REPRESENTATION_CONTEXT(2) 
PARAMETRIC_REPRESENTATION_CONTEXT() REPRESENTATION_CONTEXT('2D SPACE',''
  ) );
#9709 = PCURVE('',#9710,#9715);
#9710 = PLANE('',#9711);
#9711 = AXIS2_PLACEMENT_3D('',#9712,#9713,#9714);
#9712 = CARTESIAN_POINT('',(120.,-92.5,13.));
#9713 = DIRECTION('',(0.,0.,1.));
#9714 = DIRECTION('',(1.,0.,-0.));
#9715 = DEFINITIONAL_REPRESENTATION('',(#9716),#9720);
#9716 = LINE('',#9717,#9718);
#9717 = CARTESIAN_POINT('',(20.,16.25));
#9718 = VECTOR('',#9719,1.);
#9719 = DIRECTION('',(0.,1.));
#9720 = ( GEOMETRIC_REPRESENTATION_CONTEXT(2) 
PARAMETRIC_REPRESENTATION_CONTEXT() REPRESENTATION_CONTEXT('2D SPACE',''
  ) );
#9721 = ADVANCED_FACE('',(#9722),#9136,.F.);
#9722 = FACE_BOUND('',#9723,.F.);
#9723 = EDGE_LOOP('',(#9724,#9748,#9749,#9778));
#9724 = ORIENTED_EDGE('',*,*,#9725,.F.);
#9725 = EDGE_CURVE('',#9116,#9726,#9728,.T.);
#9726 = VERTEX_POINT('',#9727);
#9727 = CARTESIAN_POINT('',(141.240192765,-75.15627509601,13.));
#9728 = SURFACE_CURVE('',#9729,(#9734,#9741),.PCURVE_S1.);
#9729 = CIRCLE('',#9730,1.25);
#9730 = AXIS2_PLACEMENT_3D('',#9731,#9732,#9733);
#9731 = CARTESIAN_POINT('',(140.,-75.,13.));
#9732 = DIRECTION('',(0.,0.,1.));
#9733 = DIRECTION('',(-1.,0.,-0.));
#9734 = PCURVE('',#9136,#9735);
#9735 = DEFINITIONAL_REPRESENTATION('',(#9736),#9740);
#9736 = CIRCLE('',#9737,1.25);
#9737 = AXIS2_PLACEMENT_2D('',#9738,#9739);
#9738 = CARTESIAN_POINT('',(20.,17.5));
#9739 = DIRECTION('',(-1.,0.));
#9740 = ( GEOMETRIC_REPRESENTATION_CONTEXT(2) 
PARAMETRIC_REPRESENTATION_CONTEXT() REPRESENTATION_CONTEXT('2D SPACE',''
  ) );
#9741 = PCURVE('',#9710,#9742);
#9742 = DEFINITIONAL_REPRESENTATION('',(#9743),#9747);
#9743 = CIRCLE('',#9744,1.25);
#9744 = AXIS2_PLACEMENT_2D('',#9745,#9746);
#9745 = CARTESIAN_POINT('',(20.,17.5));
#9746 = DIRECTION('',(-1.,0.));
#9747 = ( GEOMETRIC_REPRESENTATION_CONTEXT(2) 
PARAMETRIC_REPRESENTATION_CONTEXT() REPRESENTATION_CONTEXT('2D SPACE',''
  ) );
#9748 = ORIENTED_EDGE('',*,*,#9115,.T.);
#9749 = ORIENTED_EDGE('',*,*,#9750,.F.);
#9750 = EDGE_CURVE('',#9751,#9088,#9753,.T.);
#9751 = VERTEX_POINT('',#9752);
#9752 = CARTESIAN_POINT('',(144.84372490398,-78.75980723499,13.));
#9753 = SURFACE_CURVE('',#9754,(#9759,#9766),.PCURVE_S1.);
#9754 = CIRCLE('',#9755,1.25);
#9755 = AXIS2_PLACEMENT_3D('',#9756,#9757,#9758);
#9756 = CARTESIAN_POINT('',(145.,-80.,13.));
#9757 = DIRECTION('',(0.,0.,1.));
#9758 = DIRECTION('',(1.,0.,-0.));
#9759 = PCURVE('',#9136,#9760);
#9760 = DEFINITIONAL_REPRESENTATION('',(#9761),#9765);
#9761 = CIRCLE('',#9762,1.25);
#9762 = AXIS2_PLACEMENT_2D('',#9763,#9764);
#9763 = CARTESIAN_POINT('',(25.,12.5));
#9764 = DIRECTION('',(1.,0.));
#9765 = ( GEOMETRIC_REPRESENTATION_CONTEXT(2) 
PARAMETRIC_REPRESENTATION_CONTEXT() REPRESENTATION_CONTEXT('2D SPACE',''
  ) );
#9766 = PCURVE('',#9767,#9772);
#9767 = PLANE('',#9768);
#9768 = AXIS2_PLACEMENT_3D('',#9769,#9770,#9771);
#9769 = CARTESIAN_POINT('',(120.,-92.5,13.));
#9770 = DIRECTION('',(0.,0.,1.));
#9771 = DIRECTION('',(1.,0.,-0.));
#9772 = DEFINITIONAL_REPRESENTATION('',(#9773),#9777);
#9773 = CIRCLE('',#9774,1.25);
#9774 = AXIS2_PLACEMENT_2D('',#9775,#9776);
#9775 = CARTESIAN_POINT('',(25.,12.5));
#9776 = DIRECTION('',(1.,0.));
#9777 = ( GEOMETRIC_REPRESENTATION_CONTEXT(2) 
PARAMETRIC_REPRESENTATION_CONTEXT() REPRESENTATION_CONTEXT('2D SPACE',''
  ) );
#9778 = ORIENTED_EDGE('',*,*,#9779,.T.);
#9779 = EDGE_CURVE('',#9751,#9726,#9780,.T.);
#9780 = SURFACE_CURVE('',#9781,(#9786,#9793),.PCURVE_S1.);
#9781 = CIRCLE('',#9782,5.000115766671);
#9782 = AXIS2_PLACEMENT_3D('',#9783,#9784,#9785);
#9783 = CARTESIAN_POINT('',(139.99988423466,-80.00011576533,13.));
#9784 = DIRECTION('',(0.,0.,1.));
#9785 = DIRECTION('',(0.999999999732,2.315253008835E-05,-0.));
#9786 = PCURVE('',#9136,#9787);
#9787 = DEFINITIONAL_REPRESENTATION('',(#9788),#9792);
#9788 = CIRCLE('',#9789,5.000115766671);
#9789 = AXIS2_PLACEMENT_2D('',#9790,#9791);
#9790 = CARTESIAN_POINT('',(19.999884234669,12.499884234669));
#9791 = DIRECTION('',(0.999999999732,2.315253008835E-05));
#9792 = ( GEOMETRIC_REPRESENTATION_CONTEXT(2) 
PARAMETRIC_REPRESENTATION_CONTEXT() REPRESENTATION_CONTEXT('2D SPACE',''
  ) );
#9793 = PCURVE('',#9794,#9799);
#9794 = PLANE('',#9795);
#9795 = AXIS2_PLACEMENT_3D('',#9796,#9797,#9798);
#9796 = CARTESIAN_POINT('',(143.10848045967,-76.89151954032,13.));
#9797 = DIRECTION('',(0.,0.,1.));
#9798 = DIRECTION('',(1.,0.,-0.));
#9799 = DEFINITIONAL_REPRESENTATION('',(#9800),#9804);
#9800 = CIRCLE('',#9801,5.000115766671);
#9801 = AXIS2_PLACEMENT_2D('',#9802,#9803);
#9802 = CARTESIAN_POINT('',(-3.108596225007,-3.108596225007));
#9803 = DIRECTION('',(0.999999999732,2.315253008835E-05));
#9804 = ( GEOMETRIC_REPRESENTATION_CONTEXT(2) 
PARAMETRIC_REPRESENTATION_CONTEXT() REPRESENTATION_CONTEXT('2D SPACE',''
  ) );
#9805 = ADVANCED_FACE('',(#9806),#8795,.F.);
#9806 = FACE_BOUND('',#9807,.F.);
#9807 = EDGE_LOOP('',(#9808,#9809,#9810));
#9808 = ORIENTED_EDGE('',*,*,#8778,.T.);
#9809 = ORIENTED_EDGE('',*,*,#9450,.T.);
#9810 = ORIENTED_EDGE('',*,*,#9811,.T.);
#9811 = EDGE_CURVE('',#9422,#8779,#9812,.T.);
#9812 = SURFACE_CURVE('',#9813,(#9817,#9824),.PCURVE_S1.);
#9813 = LINE('',#9814,#9815);
#9814 = CARTESIAN_POINT('',(93.750000000335,-79.99997105933,13.));
#9815 = VECTOR('',#9816,1.);
#9816 = DIRECTION('',(0.999999999732,-2.315253009328E-05,0.));
#9817 = PCURVE('',#8795,#9818);
#9818 = DEFINITIONAL_REPRESENTATION('',(#9819),#9823);
#9819 = LINE('',#9820,#9821);
#9820 = CARTESIAN_POINT('',(-26.24999999966,12.500028940663));
#9821 = VECTOR('',#9822,1.);
#9822 = DIRECTION('',(0.999999999732,-2.315253009328E-05));
#9823 = ( GEOMETRIC_REPRESENTATION_CONTEXT(2) 
PARAMETRIC_REPRESENTATION_CONTEXT() REPRESENTATION_CONTEXT('2D SPACE',''
  ) );
#9824 = PCURVE('',#9825,#9830);
#9825 = PLANE('',#9826);
#9826 = AXIS2_PLACEMENT_3D('',#9827,#9828,#9829);
#9827 = CARTESIAN_POINT('',(120.,-92.5,13.));
#9828 = DIRECTION('',(0.,0.,1.));
#9829 = DIRECTION('',(1.,0.,-0.));
#9830 = DEFINITIONAL_REPRESENTATION('',(#9831),#9835);
#9831 = LINE('',#9832,#9833);
#9832 = CARTESIAN_POINT('',(-26.24999999966,12.500028940663));
#9833 = VECTOR('',#9834,1.);
#9834 = DIRECTION('',(0.999999999732,-2.315253009328E-05));
#9835 = ( GEOMETRIC_REPRESENTATION_CONTEXT(2) 
PARAMETRIC_REPRESENTATION_CONTEXT() REPRESENTATION_CONTEXT('2D SPACE',''
  ) );
#9836 = ADVANCED_FACE('',(#9837),#9103,.F.);
#9837 = FACE_BOUND('',#9838,.F.);
#9838 = EDGE_LOOP('',(#9839,#9862,#9863));
#9839 = ORIENTED_EDGE('',*,*,#9840,.T.);
#9840 = EDGE_CURVE('',#9841,#9088,#9843,.T.);
#9841 = VERTEX_POINT('',#9842);
#9842 = CARTESIAN_POINT('',(145.,-80.,13.));
#9843 = SURFACE_CURVE('',#9844,(#9848,#9855),.PCURVE_S1.);
#9844 = LINE('',#9845,#9846);
#9845 = CARTESIAN_POINT('',(146.25,-80.,13.));
#9846 = VECTOR('',#9847,1.);
#9847 = DIRECTION('',(-1.,0.,0.));
#9848 = PCURVE('',#9103,#9849);
#9849 = DEFINITIONAL_REPRESENTATION('',(#9850),#9854);
#9850 = LINE('',#9851,#9852);
#9851 = CARTESIAN_POINT('',(26.25,12.5));
#9852 = VECTOR('',#9853,1.);
#9853 = DIRECTION('',(-1.,0.));
#9854 = ( GEOMETRIC_REPRESENTATION_CONTEXT(2) 
PARAMETRIC_REPRESENTATION_CONTEXT() REPRESENTATION_CONTEXT('2D SPACE',''
  ) );
#9855 = PCURVE('',#9767,#9856);
#9856 = DEFINITIONAL_REPRESENTATION('',(#9857),#9861);
#9857 = LINE('',#9858,#9859);
#9858 = CARTESIAN_POINT('',(26.25,12.5));
#9859 = VECTOR('',#9860,1.);
#9860 = DIRECTION('',(-1.,0.));
#9861 = ( GEOMETRIC_REPRESENTATION_CONTEXT(2) 
PARAMETRIC_REPRESENTATION_CONTEXT() REPRESENTATION_CONTEXT('2D SPACE',''
  ) );
#9862 = ORIENTED_EDGE('',*,*,#9087,.T.);
#9863 = ORIENTED_EDGE('',*,*,#9864,.T.);
#9864 = EDGE_CURVE('',#9060,#9841,#9865,.T.);
#9865 = SURFACE_CURVE('',#9866,(#9870,#9877),.PCURVE_S1.);
#9866 = LINE('',#9867,#9868);
#9867 = CARTESIAN_POINT('',(143.75000000033,-80.00002894066,13.));
#9868 = VECTOR('',#9869,1.);
#9869 = DIRECTION('',(0.999999999732,2.315253024108E-05,0.));
#9870 = PCURVE('',#9103,#9871);
#9871 = DEFINITIONAL_REPRESENTATION('',(#9872),#9876);
#9872 = LINE('',#9873,#9874);
#9873 = CARTESIAN_POINT('',(23.750000000335,12.499971059337));
#9874 = VECTOR('',#9875,1.);
#9875 = DIRECTION('',(0.999999999732,2.315253024108E-05));
#9876 = ( GEOMETRIC_REPRESENTATION_CONTEXT(2) 
PARAMETRIC_REPRESENTATION_CONTEXT() REPRESENTATION_CONTEXT('2D SPACE',''
  ) );
#9877 = PCURVE('',#9878,#9883);
#9878 = PLANE('',#9879);
#9879 = AXIS2_PLACEMENT_3D('',#9880,#9881,#9882);
#9880 = CARTESIAN_POINT('',(120.,-92.5,13.));
#9881 = DIRECTION('',(0.,0.,1.));
#9882 = DIRECTION('',(1.,0.,-0.));
#9883 = DEFINITIONAL_REPRESENTATION('',(#9884),#9888);
#9884 = LINE('',#9885,#9886);
#9885 = CARTESIAN_POINT('',(23.750000000335,12.499971059337));
#9886 = VECTOR('',#9887,1.);
#9887 = DIRECTION('',(0.999999999732,2.315253024108E-05));
#9888 = ( GEOMETRIC_REPRESENTATION_CONTEXT(2) 
PARAMETRIC_REPRESENTATION_CONTEXT() REPRESENTATION_CONTEXT('2D SPACE',''
  ) );
#9889 = ADVANCED_FACE('',(#9890),#8823,.F.);
#9890 = FACE_BOUND('',#9891,.F.);
#9891 = EDGE_LOOP('',(#9892,#9893,#9917,#9945));
#9892 = ORIENTED_EDGE('',*,*,#8807,.T.);
#9893 = ORIENTED_EDGE('',*,*,#9894,.F.);
#9894 = EDGE_CURVE('',#9895,#8779,#9897,.T.);
#9895 = VERTEX_POINT('',#9896);
#9896 = CARTESIAN_POINT('',(95.,-81.25,13.));
#9897 = SURFACE_CURVE('',#9898,(#9903,#9910),.PCURVE_S1.);
#9898 = CIRCLE('',#9899,1.25);
#9899 = AXIS2_PLACEMENT_3D('',#9900,#9901,#9902);
#9900 = CARTESIAN_POINT('',(95.,-80.,13.));
#9901 = DIRECTION('',(0.,0.,1.));
#9902 = DIRECTION('',(-1.,0.,-0.));
#9903 = PCURVE('',#8823,#9904);
#9904 = DEFINITIONAL_REPRESENTATION('',(#9905),#9909);
#9905 = CIRCLE('',#9906,1.25);
#9906 = AXIS2_PLACEMENT_2D('',#9907,#9908);
#9907 = CARTESIAN_POINT('',(-25.,12.5));
#9908 = DIRECTION('',(-1.,0.));
#9909 = ( GEOMETRIC_REPRESENTATION_CONTEXT(2) 
PARAMETRIC_REPRESENTATION_CONTEXT() REPRESENTATION_CONTEXT('2D SPACE',''
  ) );
#9910 = PCURVE('',#9825,#9911);
#9911 = DEFINITIONAL_REPRESENTATION('',(#9912),#9916);
#9912 = CIRCLE('',#9913,1.25);
#9913 = AXIS2_PLACEMENT_2D('',#9914,#9915);
#9914 = CARTESIAN_POINT('',(-25.,12.5));
#9915 = DIRECTION('',(-1.,0.));
#9916 = ( GEOMETRIC_REPRESENTATION_CONTEXT(2) 
PARAMETRIC_REPRESENTATION_CONTEXT() REPRESENTATION_CONTEXT('2D SPACE',''
  ) );
#9917 = ORIENTED_EDGE('',*,*,#9918,.T.);
#9918 = EDGE_CURVE('',#9895,#9919,#9921,.T.);
#9919 = VERTEX_POINT('',#9920);
#9920 = CARTESIAN_POINT('',(95.,-103.75,13.));
#9921 = SURFACE_CURVE('',#9922,(#9926,#9933),.PCURVE_S1.);
#9922 = LINE('',#9923,#9924);
#9923 = CARTESIAN_POINT('',(95.,-80.,13.));
#9924 = VECTOR('',#9925,1.);
#9925 = DIRECTION('',(0.,-1.,0.));
#9926 = PCURVE('',#8823,#9927);
#9927 = DEFINITIONAL_REPRESENTATION('',(#9928),#9932);
#9928 = LINE('',#9929,#9930);
#9929 = CARTESIAN_POINT('',(-25.,12.5));
#9930 = VECTOR('',#9931,1.);
#9931 = DIRECTION('',(0.,-1.));
#9932 = ( GEOMETRIC_REPRESENTATION_CONTEXT(2) 
PARAMETRIC_REPRESENTATION_CONTEXT() REPRESENTATION_CONTEXT('2D SPACE',''
  ) );
#9933 = PCURVE('',#9934,#9939);
#9934 = PLANE('',#9935);
#9935 = AXIS2_PLACEMENT_3D('',#9936,#9937,#9938);
#9936 = CARTESIAN_POINT('',(95.,-92.5,13.));
#9937 = DIRECTION('',(0.,0.,1.));
#9938 = DIRECTION('',(1.,0.,-0.));
#9939 = DEFINITIONAL_REPRESENTATION('',(#9940),#9944);
#9940 = LINE('',#9941,#9942);
#9941 = CARTESIAN_POINT('',(0.,12.5));
#9942 = VECTOR('',#9943,1.);
#9943 = DIRECTION('',(0.,-1.));
#9944 = ( GEOMETRIC_REPRESENTATION_CONTEXT(2) 
PARAMETRIC_REPRESENTATION_CONTEXT() REPRESENTATION_CONTEXT('2D SPACE',''
  ) );
#9945 = ORIENTED_EDGE('',*,*,#9946,.F.);
#9946 = EDGE_CURVE('',#8808,#9919,#9947,.T.);
#9947 = SURFACE_CURVE('',#9948,(#9953,#9960),.PCURVE_S1.);
#9948 = CIRCLE('',#9949,1.25);
#9949 = AXIS2_PLACEMENT_3D('',#9950,#9951,#9952);
#9950 = CARTESIAN_POINT('',(95.,-105.,13.));
#9951 = DIRECTION('',(0.,0.,1.));
#9952 = DIRECTION('',(1.,0.,-0.));
#9953 = PCURVE('',#8823,#9954);
#9954 = DEFINITIONAL_REPRESENTATION('',(#9955),#9959);
#9955 = CIRCLE('',#9956,1.25);
#9956 = AXIS2_PLACEMENT_2D('',#9957,#9958);
#9957 = CARTESIAN_POINT('',(-25.,-12.5));
#9958 = DIRECTION('',(1.,0.));
#9959 = ( GEOMETRIC_REPRESENTATION_CONTEXT(2) 
PARAMETRIC_REPRESENTATION_CONTEXT() REPRESENTATION_CONTEXT('2D SPACE',''
  ) );
#9960 = PCURVE('',#9961,#9966);
#9961 = PLANE('',#9962);
#9962 = AXIS2_PLACEMENT_3D('',#9963,#9964,#9965);
#9963 = CARTESIAN_POINT('',(120.,-92.5,13.));
#9964 = DIRECTION('',(0.,0.,1.));
#9965 = DIRECTION('',(1.,0.,-0.));
#9966 = DEFINITIONAL_REPRESENTATION('',(#9967),#9971);
#9967 = CIRCLE('',#9968,1.25);
#9968 = AXIS2_PLACEMENT_2D('',#9969,#9970);
#9969 = CARTESIAN_POINT('',(-25.,-12.5));
#9970 = DIRECTION('',(1.,0.));
#9971 = ( GEOMETRIC_REPRESENTATION_CONTEXT(2) 
PARAMETRIC_REPRESENTATION_CONTEXT() REPRESENTATION_CONTEXT('2D SPACE',''
  ) );
#9972 = ADVANCED_FACE('',(#9973),#9075,.F.);
#9973 = FACE_BOUND('',#9974,.F.);
#9974 = EDGE_LOOP('',(#9975,#9999,#10000,#10029));
#9975 = ORIENTED_EDGE('',*,*,#9976,.F.);
#9976 = EDGE_CURVE('',#9060,#9977,#9979,.T.);
#9977 = VERTEX_POINT('',#9978);
#9978 = CARTESIAN_POINT('',(145.,-81.25,13.));
#9979 = SURFACE_CURVE('',#9980,(#9985,#9992),.PCURVE_S1.);
#9980 = CIRCLE('',#9981,1.25);
#9981 = AXIS2_PLACEMENT_3D('',#9982,#9983,#9984);
#9982 = CARTESIAN_POINT('',(145.,-80.,13.));
#9983 = DIRECTION('',(0.,0.,1.));
#9984 = DIRECTION('',(-1.,0.,-0.));
#9985 = PCURVE('',#9075,#9986);
#9986 = DEFINITIONAL_REPRESENTATION('',(#9987),#9991);
#9987 = CIRCLE('',#9988,1.25);
#9988 = AXIS2_PLACEMENT_2D('',#9989,#9990);
#9989 = CARTESIAN_POINT('',(25.,12.5));
#9990 = DIRECTION('',(-1.,0.));
#9991 = ( GEOMETRIC_REPRESENTATION_CONTEXT(2) 
PARAMETRIC_REPRESENTATION_CONTEXT() REPRESENTATION_CONTEXT('2D SPACE',''
  ) );
#9992 = PCURVE('',#9878,#9993);
#9993 = DEFINITIONAL_REPRESENTATION('',(#9994),#9998);
#9994 = CIRCLE('',#9995,1.25);
#9995 = AXIS2_PLACEMENT_2D('',#9996,#9997);
#9996 = CARTESIAN_POINT('',(25.,12.5));
#9997 = DIRECTION('',(-1.,0.));
#9998 = ( GEOMETRIC_REPRESENTATION_CONTEXT(2) 
PARAMETRIC_REPRESENTATION_CONTEXT() REPRESENTATION_CONTEXT('2D SPACE',''
  ) );
#9999 = ORIENTED_EDGE('',*,*,#9059,.T.);
#10000 = ORIENTED_EDGE('',*,*,#10001,.F.);
#10001 = EDGE_CURVE('',#10002,#9031,#10004,.T.);
#10002 = VERTEX_POINT('',#10003);
#10003 = CARTESIAN_POINT('',(145.,-103.75,13.));
#10004 = SURFACE_CURVE('',#10005,(#10010,#10017),.PCURVE_S1.);
#10005 = CIRCLE('',#10006,1.25);
#10006 = AXIS2_PLACEMENT_3D('',#10007,#10008,#10009);
#10007 = CARTESIAN_POINT('',(145.,-105.,13.));
#10008 = DIRECTION('',(0.,0.,1.));
#10009 = DIRECTION('',(1.,0.,-0.));
#10010 = PCURVE('',#9075,#10011);
#10011 = DEFINITIONAL_REPRESENTATION('',(#10012),#10016);
#10012 = CIRCLE('',#10013,1.25);
#10013 = AXIS2_PLACEMENT_2D('',#10014,#10015);
#10014 = CARTESIAN_POINT('',(25.,-12.5));
#10015 = DIRECTION('',(1.,0.));
#10016 = ( GEOMETRIC_REPRESENTATION_CONTEXT(2) 
PARAMETRIC_REPRESENTATION_CONTEXT() REPRESENTATION_CONTEXT('2D SPACE',''
  ) );
#10017 = PCURVE('',#10018,#10023);
#10018 = PLANE('',#10019);
#10019 = AXIS2_PLACEMENT_3D('',#10020,#10021,#10022);
#10020 = CARTESIAN_POINT('',(120.,-92.5,13.));
#10021 = DIRECTION('',(0.,0.,1.));
#10022 = DIRECTION('',(1.,0.,-0.));
#10023 = DEFINITIONAL_REPRESENTATION('',(#10024),#10028);
#10024 = CIRCLE('',#10025,1.25);
#10025 = AXIS2_PLACEMENT_2D('',#10026,#10027);
#10026 = CARTESIAN_POINT('',(25.,-12.5));
#10027 = DIRECTION('',(1.,0.));
#10028 = ( GEOMETRIC_REPRESENTATION_CONTEXT(2) 
PARAMETRIC_REPRESENTATION_CONTEXT() REPRESENTATION_CONTEXT('2D SPACE',''
  ) );
#10029 = ORIENTED_EDGE('',*,*,#10030,.T.);
#10030 = EDGE_CURVE('',#10002,#9977,#10031,.T.);
#10031 = SURFACE_CURVE('',#10032,(#10036,#10043),.PCURVE_S1.);
#10032 = LINE('',#10033,#10034);
#10033 = CARTESIAN_POINT('',(145.,-105.,13.));
#10034 = VECTOR('',#10035,1.);
#10035 = DIRECTION('',(0.,1.,0.));
#10036 = PCURVE('',#9075,#10037);
#10037 = DEFINITIONAL_REPRESENTATION('',(#10038),#10042);
#10038 = LINE('',#10039,#10040);
#10039 = CARTESIAN_POINT('',(25.,-12.5));
#10040 = VECTOR('',#10041,1.);
#10041 = DIRECTION('',(0.,1.));
#10042 = ( GEOMETRIC_REPRESENTATION_CONTEXT(2) 
PARAMETRIC_REPRESENTATION_CONTEXT() REPRESENTATION_CONTEXT('2D SPACE',''
  ) );
#10043 = PCURVE('',#10044,#10049);
#10044 = PLANE('',#10045);
#10045 = AXIS2_PLACEMENT_3D('',#10046,#10047,#10048);
#10046 = CARTESIAN_POINT('',(145.,-92.5,13.));
#10047 = DIRECTION('',(0.,0.,1.));
#10048 = DIRECTION('',(1.,0.,-0.));
#10049 = DEFINITIONAL_REPRESENTATION('',(#10050),#10054);
#10050 = LINE('',#10051,#10052);
#10051 = CARTESIAN_POINT('',(0.,-12.5));
#10052 = VECTOR('',#10053,1.);
#10053 = DIRECTION('',(0.,1.));
#10054 = ( GEOMETRIC_REPRESENTATION_CONTEXT(2) 
PARAMETRIC_REPRESENTATION_CONTEXT() REPRESENTATION_CONTEXT('2D SPACE',''
  ) );
#10055 = ADVANCED_FACE('',(#10056),#8851,.F.);
#10056 = FACE_BOUND('',#10057,.F.);
#10057 = EDGE_LOOP('',(#10058,#10059,#10082));
#10058 = ORIENTED_EDGE('',*,*,#8835,.T.);
#10059 = ORIENTED_EDGE('',*,*,#10060,.T.);
#10060 = EDGE_CURVE('',#8808,#10061,#10063,.T.);
#10061 = VERTEX_POINT('',#10062);
#10062 = CARTESIAN_POINT('',(95.,-105.,13.));
#10063 = SURFACE_CURVE('',#10064,(#10068,#10075),.PCURVE_S1.);
#10064 = LINE('',#10065,#10066);
#10065 = CARTESIAN_POINT('',(96.249999999665,-104.9999710593,13.));
#10066 = VECTOR('',#10067,1.);
#10067 = DIRECTION('',(-0.999999999732,-2.315253013876E-05,0.));
#10068 = PCURVE('',#8851,#10069);
#10069 = DEFINITIONAL_REPRESENTATION('',(#10070),#10074);
#10070 = LINE('',#10071,#10072);
#10071 = CARTESIAN_POINT('',(-23.75000000033,-12.49997105933));
#10072 = VECTOR('',#10073,1.);
#10073 = DIRECTION('',(-0.999999999732,-2.315253013876E-05));
#10074 = ( GEOMETRIC_REPRESENTATION_CONTEXT(2) 
PARAMETRIC_REPRESENTATION_CONTEXT() REPRESENTATION_CONTEXT('2D SPACE',''
  ) );
#10075 = PCURVE('',#9961,#10076);
#10076 = DEFINITIONAL_REPRESENTATION('',(#10077),#10081);
#10077 = LINE('',#10078,#10079);
#10078 = CARTESIAN_POINT('',(-23.75000000033,-12.49997105933));
#10079 = VECTOR('',#10080,1.);
#10080 = DIRECTION('',(-0.999999999732,-2.315253013876E-05));
#10081 = ( GEOMETRIC_REPRESENTATION_CONTEXT(2) 
PARAMETRIC_REPRESENTATION_CONTEXT() REPRESENTATION_CONTEXT('2D SPACE',''
  ) );
#10082 = ORIENTED_EDGE('',*,*,#10083,.T.);
#10083 = EDGE_CURVE('',#10061,#8836,#10084,.T.);
#10084 = SURFACE_CURVE('',#10085,(#10089,#10096),.PCURVE_S1.);
#10085 = LINE('',#10086,#10087);
#10086 = CARTESIAN_POINT('',(93.75,-105.,13.));
#10087 = VECTOR('',#10088,1.);
#10088 = DIRECTION('',(1.,0.,0.));
#10089 = PCURVE('',#8851,#10090);
#10090 = DEFINITIONAL_REPRESENTATION('',(#10091),#10095);
#10091 = LINE('',#10092,#10093);
#10092 = CARTESIAN_POINT('',(-26.25,-12.5));
#10093 = VECTOR('',#10094,1.);
#10094 = DIRECTION('',(1.,0.));
#10095 = ( GEOMETRIC_REPRESENTATION_CONTEXT(2) 
PARAMETRIC_REPRESENTATION_CONTEXT() REPRESENTATION_CONTEXT('2D SPACE',''
  ) );
#10096 = PCURVE('',#10097,#10102);
#10097 = PLANE('',#10098);
#10098 = AXIS2_PLACEMENT_3D('',#10099,#10100,#10101);
#10099 = CARTESIAN_POINT('',(120.,-92.5,13.));
#10100 = DIRECTION('',(0.,0.,1.));
#10101 = DIRECTION('',(1.,0.,-0.));
#10102 = DEFINITIONAL_REPRESENTATION('',(#10103),#10107);
#10103 = LINE('',#10104,#10105);
#10104 = CARTESIAN_POINT('',(-26.25,-12.5));
#10105 = VECTOR('',#10106,1.);
#10106 = DIRECTION('',(1.,0.));
#10107 = ( GEOMETRIC_REPRESENTATION_CONTEXT(2) 
PARAMETRIC_REPRESENTATION_CONTEXT() REPRESENTATION_CONTEXT('2D SPACE',''
  ) );
#10108 = ADVANCED_FACE('',(#10109),#9047,.F.);
#10109 = FACE_BOUND('',#10110,.F.);
#10110 = EDGE_LOOP('',(#10111,#10134,#10135));
#10111 = ORIENTED_EDGE('',*,*,#10112,.T.);
#10112 = EDGE_CURVE('',#10113,#9031,#10115,.T.);
#10113 = VERTEX_POINT('',#10114);
#10114 = CARTESIAN_POINT('',(145.00000128078,-105.,13.));
#10115 = SURFACE_CURVE('',#10116,(#10120,#10127),.PCURVE_S1.);
#10116 = LINE('',#10117,#10118);
#10117 = CARTESIAN_POINT('',(146.24999999966,-105.0000289406,13.));
#10118 = VECTOR('',#10119,1.);
#10119 = DIRECTION('',(-0.999999999732,2.315252990002E-05,0.));
#10120 = PCURVE('',#9047,#10121);
#10121 = DEFINITIONAL_REPRESENTATION('',(#10122),#10126);
#10122 = LINE('',#10123,#10124);
#10123 = CARTESIAN_POINT('',(26.249999999665,-12.50002894066));
#10124 = VECTOR('',#10125,1.);
#10125 = DIRECTION('',(-0.999999999732,2.315252990002E-05));
#10126 = ( GEOMETRIC_REPRESENTATION_CONTEXT(2) 
PARAMETRIC_REPRESENTATION_CONTEXT() REPRESENTATION_CONTEXT('2D SPACE',''
  ) );
#10127 = PCURVE('',#10018,#10128);
#10128 = DEFINITIONAL_REPRESENTATION('',(#10129),#10133);
#10129 = LINE('',#10130,#10131);
#10130 = CARTESIAN_POINT('',(26.249999999665,-12.50002894066));
#10131 = VECTOR('',#10132,1.);
#10132 = DIRECTION('',(-0.999999999732,2.315252990002E-05));
#10133 = ( GEOMETRIC_REPRESENTATION_CONTEXT(2) 
PARAMETRIC_REPRESENTATION_CONTEXT() REPRESENTATION_CONTEXT('2D SPACE',''
  ) );
#10134 = ORIENTED_EDGE('',*,*,#9030,.T.);
#10135 = ORIENTED_EDGE('',*,*,#10136,.T.);
#10136 = EDGE_CURVE('',#8994,#10113,#10137,.T.);
#10137 = SURFACE_CURVE('',#10138,(#10142,#10149),.PCURVE_S1.);
#10138 = LINE('',#10139,#10140);
#10139 = CARTESIAN_POINT('',(143.75,-105.,13.));
#10140 = VECTOR('',#10141,1.);
#10141 = DIRECTION('',(1.,0.,0.));
#10142 = PCURVE('',#9047,#10143);
#10143 = DEFINITIONAL_REPRESENTATION('',(#10144),#10148);
#10144 = LINE('',#10145,#10146);
#10145 = CARTESIAN_POINT('',(23.75,-12.5));
#10146 = VECTOR('',#10147,1.);
#10147 = DIRECTION('',(1.,0.));
#10148 = ( GEOMETRIC_REPRESENTATION_CONTEXT(2) 
PARAMETRIC_REPRESENTATION_CONTEXT() REPRESENTATION_CONTEXT('2D SPACE',''
  ) );
#10149 = PCURVE('',#10150,#10155);
#10150 = PLANE('',#10151);
#10151 = AXIS2_PLACEMENT_3D('',#10152,#10153,#10154);
#10152 = CARTESIAN_POINT('',(120.,-92.5,13.));
#10153 = DIRECTION('',(0.,0.,1.));
#10154 = DIRECTION('',(1.,0.,-0.));
#10155 = DEFINITIONAL_REPRESENTATION('',(#10156),#10160);
#10156 = LINE('',#10157,#10158);
#10157 = CARTESIAN_POINT('',(23.75,-12.5));
#10158 = VECTOR('',#10159,1.);
#10159 = DIRECTION('',(1.,0.));
#10160 = ( GEOMETRIC_REPRESENTATION_CONTEXT(2) 
PARAMETRIC_REPRESENTATION_CONTEXT() REPRESENTATION_CONTEXT('2D SPACE',''
  ) );
#10161 = ADVANCED_FACE('',(#10162),#8884,.F.);
#10162 = FACE_BOUND('',#10163,.F.);
#10163 = EDGE_LOOP('',(#10164,#10165,#10189,#10218));
#10164 = ORIENTED_EDGE('',*,*,#8863,.T.);
#10165 = ORIENTED_EDGE('',*,*,#10166,.F.);
#10166 = EDGE_CURVE('',#10167,#8836,#10169,.T.);
#10167 = VERTEX_POINT('',#10168);
#10168 = CARTESIAN_POINT('',(95.156275096017,-106.240192765,13.));
#10169 = SURFACE_CURVE('',#10170,(#10175,#10182),.PCURVE_S1.);
#10170 = CIRCLE('',#10171,1.25);
#10171 = AXIS2_PLACEMENT_3D('',#10172,#10173,#10174);
#10172 = CARTESIAN_POINT('',(95.,-105.,13.));
#10173 = DIRECTION('',(0.,0.,1.));
#10174 = DIRECTION('',(-1.,0.,-0.));
#10175 = PCURVE('',#8884,#10176);
#10176 = DEFINITIONAL_REPRESENTATION('',(#10177),#10181);
#10177 = CIRCLE('',#10178,1.25);
#10178 = AXIS2_PLACEMENT_2D('',#10179,#10180);
#10179 = CARTESIAN_POINT('',(-25.,-12.5));
#10180 = DIRECTION('',(-1.,0.));
#10181 = ( GEOMETRIC_REPRESENTATION_CONTEXT(2) 
PARAMETRIC_REPRESENTATION_CONTEXT() REPRESENTATION_CONTEXT('2D SPACE',''
  ) );
#10182 = PCURVE('',#10097,#10183);
#10183 = DEFINITIONAL_REPRESENTATION('',(#10184),#10188);
#10184 = CIRCLE('',#10185,1.25);
#10185 = AXIS2_PLACEMENT_2D('',#10186,#10187);
#10186 = CARTESIAN_POINT('',(-25.,-12.5));
#10187 = DIRECTION('',(-1.,0.));
#10188 = ( GEOMETRIC_REPRESENTATION_CONTEXT(2) 
PARAMETRIC_REPRESENTATION_CONTEXT() REPRESENTATION_CONTEXT('2D SPACE',''
  ) );
#10189 = ORIENTED_EDGE('',*,*,#10190,.T.);
#10190 = EDGE_CURVE('',#10167,#10191,#10193,.T.);
#10191 = VERTEX_POINT('',#10192);
#10192 = CARTESIAN_POINT('',(98.759807234997,-109.8437249039,13.));
#10193 = SURFACE_CURVE('',#10194,(#10199,#10206),.PCURVE_S1.);
#10194 = CIRCLE('',#10195,5.000115766671);
#10195 = AXIS2_PLACEMENT_3D('',#10196,#10197,#10198);
#10196 = CARTESIAN_POINT('',(100.00011576533,-104.9998842346,13.));
#10197 = DIRECTION('',(0.,0.,1.));
#10198 = DIRECTION('',(-0.999999999732,-2.31525300912E-05,0.));
#10199 = PCURVE('',#8884,#10200);
#10200 = DEFINITIONAL_REPRESENTATION('',(#10201),#10205);
#10201 = CIRCLE('',#10202,5.000115766671);
#10202 = AXIS2_PLACEMENT_2D('',#10203,#10204);
#10203 = CARTESIAN_POINT('',(-19.99988423466,-12.49988423466));
#10204 = DIRECTION('',(-0.999999999732,-2.31525300912E-05));
#10205 = ( GEOMETRIC_REPRESENTATION_CONTEXT(2) 
PARAMETRIC_REPRESENTATION_CONTEXT() REPRESENTATION_CONTEXT('2D SPACE',''
  ) );
#10206 = PCURVE('',#10207,#10212);
#10207 = PLANE('',#10208);
#10208 = AXIS2_PLACEMENT_3D('',#10209,#10210,#10211);
#10209 = CARTESIAN_POINT('',(96.891519540323,-108.1084804596,13.));
#10210 = DIRECTION('',(0.,0.,1.));
#10211 = DIRECTION('',(1.,0.,-0.));
#10212 = DEFINITIONAL_REPRESENTATION('',(#10213),#10217);
#10213 = CIRCLE('',#10214,5.000115766671);
#10214 = AXIS2_PLACEMENT_2D('',#10215,#10216);
#10215 = CARTESIAN_POINT('',(3.108596225007,3.108596225007));
#10216 = DIRECTION('',(-0.999999999732,-2.31525300912E-05));
#10217 = ( GEOMETRIC_REPRESENTATION_CONTEXT(2) 
PARAMETRIC_REPRESENTATION_CONTEXT() REPRESENTATION_CONTEXT('2D SPACE',''
  ) );
#10218 = ORIENTED_EDGE('',*,*,#10219,.F.);
#10219 = EDGE_CURVE('',#8864,#10191,#10220,.T.);
#10220 = SURFACE_CURVE('',#10221,(#10226,#10233),.PCURVE_S1.);
#10221 = CIRCLE('',#10222,1.25);
#10222 = AXIS2_PLACEMENT_3D('',#10223,#10224,#10225);
#10223 = CARTESIAN_POINT('',(100.,-110.,13.));
#10224 = DIRECTION('',(0.,0.,1.));
#10225 = DIRECTION('',(1.,0.,-0.));
#10226 = PCURVE('',#8884,#10227);
#10227 = DEFINITIONAL_REPRESENTATION('',(#10228),#10232);
#10228 = CIRCLE('',#10229,1.25);
#10229 = AXIS2_PLACEMENT_2D('',#10230,#10231);
#10230 = CARTESIAN_POINT('',(-20.,-17.5));
#10231 = DIRECTION('',(1.,0.));
#10232 = ( GEOMETRIC_REPRESENTATION_CONTEXT(2) 
PARAMETRIC_REPRESENTATION_CONTEXT() REPRESENTATION_CONTEXT('2D SPACE',''
  ) );
#10233 = PCURVE('',#10234,#10239);
#10234 = PLANE('',#10235);
#10235 = AXIS2_PLACEMENT_3D('',#10236,#10237,#10238);
#10236 = CARTESIAN_POINT('',(120.,-92.5,13.));
#10237 = DIRECTION('',(0.,0.,1.));
#10238 = DIRECTION('',(1.,0.,-0.));
#10239 = DEFINITIONAL_REPRESENTATION('',(#10240),#10244);
#10240 = CIRCLE('',#10241,1.25);
#10241 = AXIS2_PLACEMENT_2D('',#10242,#10243);
#10242 = CARTESIAN_POINT('',(-20.,-17.5));
#10243 = DIRECTION('',(1.,0.));
#10244 = ( GEOMETRIC_REPRESENTATION_CONTEXT(2) 
PARAMETRIC_REPRESENTATION_CONTEXT() REPRESENTATION_CONTEXT('2D SPACE',''
  ) );
#10245 = ADVANCED_FACE('',(#10246),#9014,.F.);
#10246 = FACE_BOUND('',#10247,.F.);
#10247 = EDGE_LOOP('',(#10248,#10272,#10273,#10302));
#10248 = ORIENTED_EDGE('',*,*,#10249,.F.);
#10249 = EDGE_CURVE('',#8994,#10250,#10252,.T.);
#10250 = VERTEX_POINT('',#10251);
#10251 = CARTESIAN_POINT('',(144.84372490398,-106.240192765,13.));
#10252 = SURFACE_CURVE('',#10253,(#10258,#10265),.PCURVE_S1.);
#10253 = CIRCLE('',#10254,1.25);
#10254 = AXIS2_PLACEMENT_3D('',#10255,#10256,#10257);
#10255 = CARTESIAN_POINT('',(145.,-105.,13.));
#10256 = DIRECTION('',(0.,0.,1.));
#10257 = DIRECTION('',(-1.,0.,-0.));
#10258 = PCURVE('',#9014,#10259);
#10259 = DEFINITIONAL_REPRESENTATION('',(#10260),#10264);
#10260 = CIRCLE('',#10261,1.25);
#10261 = AXIS2_PLACEMENT_2D('',#10262,#10263);
#10262 = CARTESIAN_POINT('',(25.,-12.5));
#10263 = DIRECTION('',(-1.,0.));
#10264 = ( GEOMETRIC_REPRESENTATION_CONTEXT(2) 
PARAMETRIC_REPRESENTATION_CONTEXT() REPRESENTATION_CONTEXT('2D SPACE',''
  ) );
#10265 = PCURVE('',#10150,#10266);
#10266 = DEFINITIONAL_REPRESENTATION('',(#10267),#10271);
#10267 = CIRCLE('',#10268,1.25);
#10268 = AXIS2_PLACEMENT_2D('',#10269,#10270);
#10269 = CARTESIAN_POINT('',(25.,-12.5));
#10270 = DIRECTION('',(-1.,0.));
#10271 = ( GEOMETRIC_REPRESENTATION_CONTEXT(2) 
PARAMETRIC_REPRESENTATION_CONTEXT() REPRESENTATION_CONTEXT('2D SPACE',''
  ) );
#10272 = ORIENTED_EDGE('',*,*,#8993,.T.);
#10273 = ORIENTED_EDGE('',*,*,#10274,.F.);
#10274 = EDGE_CURVE('',#10275,#8966,#10277,.T.);
#10275 = VERTEX_POINT('',#10276);
#10276 = CARTESIAN_POINT('',(141.240192765,-109.8437249039,13.));
#10277 = SURFACE_CURVE('',#10278,(#10283,#10290),.PCURVE_S1.);
#10278 = CIRCLE('',#10279,1.25);
#10279 = AXIS2_PLACEMENT_3D('',#10280,#10281,#10282);
#10280 = CARTESIAN_POINT('',(140.,-110.,13.));
#10281 = DIRECTION('',(0.,0.,1.));
#10282 = DIRECTION('',(1.,0.,-0.));
#10283 = PCURVE('',#9014,#10284);
#10284 = DEFINITIONAL_REPRESENTATION('',(#10285),#10289);
#10285 = CIRCLE('',#10286,1.25);
#10286 = AXIS2_PLACEMENT_2D('',#10287,#10288);
#10287 = CARTESIAN_POINT('',(20.,-17.5));
#10288 = DIRECTION('',(1.,0.));
#10289 = ( GEOMETRIC_REPRESENTATION_CONTEXT(2) 
PARAMETRIC_REPRESENTATION_CONTEXT() REPRESENTATION_CONTEXT('2D SPACE',''
  ) );
#10290 = PCURVE('',#10291,#10296);
#10291 = PLANE('',#10292);
#10292 = AXIS2_PLACEMENT_3D('',#10293,#10294,#10295);
#10293 = CARTESIAN_POINT('',(120.,-92.5,13.));
#10294 = DIRECTION('',(0.,0.,1.));
#10295 = DIRECTION('',(1.,0.,-0.));
#10296 = DEFINITIONAL_REPRESENTATION('',(#10297),#10301);
#10297 = CIRCLE('',#10298,1.25);
#10298 = AXIS2_PLACEMENT_2D('',#10299,#10300);
#10299 = CARTESIAN_POINT('',(20.,-17.5));
#10300 = DIRECTION('',(1.,0.));
#10301 = ( GEOMETRIC_REPRESENTATION_CONTEXT(2) 
PARAMETRIC_REPRESENTATION_CONTEXT() REPRESENTATION_CONTEXT('2D SPACE',''
  ) );
#10302 = ORIENTED_EDGE('',*,*,#10303,.T.);
#10303 = EDGE_CURVE('',#10275,#10250,#10304,.T.);
#10304 = SURFACE_CURVE('',#10305,(#10310,#10317),.PCURVE_S1.);
#10305 = CIRCLE('',#10306,5.000115766671);
#10306 = AXIS2_PLACEMENT_3D('',#10307,#10308,#10309);
#10307 = CARTESIAN_POINT('',(139.99988423466,-104.9998842346,13.));
#10308 = DIRECTION('',(0.,0.,1.));
#10309 = DIRECTION('',(2.31525300912E-05,-0.999999999732,0.));
#10310 = PCURVE('',#9014,#10311);
#10311 = DEFINITIONAL_REPRESENTATION('',(#10312),#10316);
#10312 = CIRCLE('',#10313,5.000115766671);
#10313 = AXIS2_PLACEMENT_2D('',#10314,#10315);
#10314 = CARTESIAN_POINT('',(19.999884234669,-12.49988423466));
#10315 = DIRECTION('',(2.31525300912E-05,-0.999999999732));
#10316 = ( GEOMETRIC_REPRESENTATION_CONTEXT(2) 
PARAMETRIC_REPRESENTATION_CONTEXT() REPRESENTATION_CONTEXT('2D SPACE',''
  ) );
#10317 = PCURVE('',#10318,#10323);
#10318 = PLANE('',#10319);
#10319 = AXIS2_PLACEMENT_3D('',#10320,#10321,#10322);
#10320 = CARTESIAN_POINT('',(143.10848045967,-108.1084804596,13.));
#10321 = DIRECTION('',(0.,0.,1.));
#10322 = DIRECTION('',(1.,0.,-0.));
#10323 = DEFINITIONAL_REPRESENTATION('',(#10324),#10328);
#10324 = CIRCLE('',#10325,5.000115766671);
#10325 = AXIS2_PLACEMENT_2D('',#10326,#10327);
#10326 = CARTESIAN_POINT('',(-3.108596225008,3.108596225008));
#10327 = DIRECTION('',(2.31525300912E-05,-0.999999999732));
#10328 = ( GEOMETRIC_REPRESENTATION_CONTEXT(2) 
PARAMETRIC_REPRESENTATION_CONTEXT() REPRESENTATION_CONTEXT('2D SPACE',''
  ) );
#10329 = ADVANCED_FACE('',(#10330),#8921,.F.);
#10330 = FACE_BOUND('',#10331,.F.);
#10331 = EDGE_LOOP('',(#10332,#10333,#10356));
#10332 = ORIENTED_EDGE('',*,*,#8900,.T.);
#10333 = ORIENTED_EDGE('',*,*,#10334,.T.);
#10334 = EDGE_CURVE('',#8864,#10335,#10337,.T.);
#10335 = VERTEX_POINT('',#10336);
#10336 = CARTESIAN_POINT('',(99.999999999985,-110.0000012709,13.));
#10337 = SURFACE_CURVE('',#10338,(#10342,#10349),.PCURVE_S1.);
#10338 = LINE('',#10339,#10340);
#10339 = CARTESIAN_POINT('',(100.,-108.75,13.));
#10340 = VECTOR('',#10341,1.);
#10341 = DIRECTION('',(0.,-1.,0.));
#10342 = PCURVE('',#8921,#10343);
#10343 = DEFINITIONAL_REPRESENTATION('',(#10344),#10348);
#10344 = LINE('',#10345,#10346);
#10345 = CARTESIAN_POINT('',(-20.,-16.25));
#10346 = VECTOR('',#10347,1.);
#10347 = DIRECTION('',(0.,-1.));
#10348 = ( GEOMETRIC_REPRESENTATION_CONTEXT(2) 
PARAMETRIC_REPRESENTATION_CONTEXT() REPRESENTATION_CONTEXT('2D SPACE',''
  ) );
#10349 = PCURVE('',#10234,#10350);
#10350 = DEFINITIONAL_REPRESENTATION('',(#10351),#10355);
#10351 = LINE('',#10352,#10353);
#10352 = CARTESIAN_POINT('',(-20.,-16.25));
#10353 = VECTOR('',#10354,1.);
#10354 = DIRECTION('',(0.,-1.));
#10355 = ( GEOMETRIC_REPRESENTATION_CONTEXT(2) 
PARAMETRIC_REPRESENTATION_CONTEXT() REPRESENTATION_CONTEXT('2D SPACE',''
  ) );
#10356 = ORIENTED_EDGE('',*,*,#10357,.T.);
#10357 = EDGE_CURVE('',#10335,#8901,#10358,.T.);
#10358 = SURFACE_CURVE('',#10359,(#10363,#10370),.PCURVE_S1.);
#10359 = LINE('',#10360,#10361);
#10360 = CARTESIAN_POINT('',(99.999971059338,-111.2499999996,13.));
#10361 = VECTOR('',#10362,1.);
#10362 = DIRECTION('',(2.315252999097E-05,0.999999999732,0.));
#10363 = PCURVE('',#8921,#10364);
#10364 = DEFINITIONAL_REPRESENTATION('',(#10365),#10369);
#10365 = LINE('',#10366,#10367);
#10366 = CARTESIAN_POINT('',(-20.00002894066,-18.74999999966));
#10367 = VECTOR('',#10368,1.);
#10368 = DIRECTION('',(2.315252999097E-05,0.999999999732));
#10369 = ( GEOMETRIC_REPRESENTATION_CONTEXT(2) 
PARAMETRIC_REPRESENTATION_CONTEXT() REPRESENTATION_CONTEXT('2D SPACE',''
  ) );
#10370 = PCURVE('',#10371,#10376);
#10371 = PLANE('',#10372);
#10372 = AXIS2_PLACEMENT_3D('',#10373,#10374,#10375);
#10373 = CARTESIAN_POINT('',(120.,-92.5,13.));
#10374 = DIRECTION('',(0.,0.,1.));
#10375 = DIRECTION('',(1.,0.,-0.));
#10376 = DEFINITIONAL_REPRESENTATION('',(#10377),#10381);
#10377 = LINE('',#10378,#10379);
#10378 = CARTESIAN_POINT('',(-20.00002894066,-18.74999999966));
#10379 = VECTOR('',#10380,1.);
#10380 = DIRECTION('',(2.315252999097E-05,0.999999999732));
#10381 = ( GEOMETRIC_REPRESENTATION_CONTEXT(2) 
PARAMETRIC_REPRESENTATION_CONTEXT() REPRESENTATION_CONTEXT('2D SPACE',''
  ) );
#10382 = ADVANCED_FACE('',(#10383),#8981,.F.);
#10383 = FACE_BOUND('',#10384,.F.);
#10384 = EDGE_LOOP('',(#10385,#10408,#10409));
#10385 = ORIENTED_EDGE('',*,*,#10386,.T.);
#10386 = EDGE_CURVE('',#10387,#8966,#10389,.T.);
#10387 = VERTEX_POINT('',#10388);
#10388 = CARTESIAN_POINT('',(140.,-110.,13.));
#10389 = SURFACE_CURVE('',#10390,(#10394,#10401),.PCURVE_S1.);
#10390 = LINE('',#10391,#10392);
#10391 = CARTESIAN_POINT('',(140.,-111.25,13.));
#10392 = VECTOR('',#10393,1.);
#10393 = DIRECTION('',(0.,1.,0.));
#10394 = PCURVE('',#8981,#10395);
#10395 = DEFINITIONAL_REPRESENTATION('',(#10396),#10400);
#10396 = LINE('',#10397,#10398);
#10397 = CARTESIAN_POINT('',(20.,-18.75));
#10398 = VECTOR('',#10399,1.);
#10399 = DIRECTION('',(0.,1.));
#10400 = ( GEOMETRIC_REPRESENTATION_CONTEXT(2) 
PARAMETRIC_REPRESENTATION_CONTEXT() REPRESENTATION_CONTEXT('2D SPACE',''
  ) );
#10401 = PCURVE('',#10291,#10402);
#10402 = DEFINITIONAL_REPRESENTATION('',(#10403),#10407);
#10403 = LINE('',#10404,#10405);
#10404 = CARTESIAN_POINT('',(20.,-18.75));
#10405 = VECTOR('',#10406,1.);
#10406 = DIRECTION('',(0.,1.));
#10407 = ( GEOMETRIC_REPRESENTATION_CONTEXT(2) 
PARAMETRIC_REPRESENTATION_CONTEXT() REPRESENTATION_CONTEXT('2D SPACE',''
  ) );
#10408 = ORIENTED_EDGE('',*,*,#8965,.T.);
#10409 = ORIENTED_EDGE('',*,*,#10410,.T.);
#10410 = EDGE_CURVE('',#8938,#10387,#10411,.T.);
#10411 = SURFACE_CURVE('',#10412,(#10416,#10423),.PCURVE_S1.);
#10412 = LINE('',#10413,#10414);
#10413 = CARTESIAN_POINT('',(139.99997105933,-108.7500000003,13.));
#10414 = VECTOR('',#10415,1.);
#10415 = DIRECTION('',(2.315252984317E-05,-0.999999999732,0.));
#10416 = PCURVE('',#8981,#10417);
#10417 = DEFINITIONAL_REPRESENTATION('',(#10418),#10422);
#10418 = LINE('',#10419,#10420);
#10419 = CARTESIAN_POINT('',(19.999971059338,-16.25000000033));
#10420 = VECTOR('',#10421,1.);
#10421 = DIRECTION('',(2.315252984317E-05,-0.999999999732));
#10422 = ( GEOMETRIC_REPRESENTATION_CONTEXT(2) 
PARAMETRIC_REPRESENTATION_CONTEXT() REPRESENTATION_CONTEXT('2D SPACE',''
  ) );
#10423 = PCURVE('',#10424,#10429);
#10424 = PLANE('',#10425);
#10425 = AXIS2_PLACEMENT_3D('',#10426,#10427,#10428);
#10426 = CARTESIAN_POINT('',(120.,-92.5,13.));
#10427 = DIRECTION('',(0.,0.,1.));
#10428 = DIRECTION('',(1.,0.,-0.));
#10429 = DEFINITIONAL_REPRESENTATION('',(#10430),#10434);
#10430 = LINE('',#10431,#10432);
#10431 = CARTESIAN_POINT('',(19.999971059338,-16.25000000033));
#10432 = VECTOR('',#10433,1.);
#10433 = DIRECTION('',(2.315252984317E-05,-0.999999999732));
#10434 = ( GEOMETRIC_REPRESENTATION_CONTEXT(2) 
PARAMETRIC_REPRESENTATION_CONTEXT() REPRESENTATION_CONTEXT('2D SPACE',''
  ) );
#10435 = ADVANCED_FACE('',(#10436),#8953,.F.);
#10436 = FACE_BOUND('',#10437,.F.);
#10437 = EDGE_LOOP('',(#10438,#10439,#10463,#10491));
#10438 = ORIENTED_EDGE('',*,*,#8937,.T.);
#10439 = ORIENTED_EDGE('',*,*,#10440,.F.);
#10440 = EDGE_CURVE('',#10441,#8901,#10443,.T.);
#10441 = VERTEX_POINT('',#10442);
#10442 = CARTESIAN_POINT('',(101.25,-110.,13.));
#10443 = SURFACE_CURVE('',#10444,(#10449,#10456),.PCURVE_S1.);
#10444 = CIRCLE('',#10445,1.25);
#10445 = AXIS2_PLACEMENT_3D('',#10446,#10447,#10448);
#10446 = CARTESIAN_POINT('',(100.,-110.,13.));
#10447 = DIRECTION('',(0.,0.,1.));
#10448 = DIRECTION('',(1.,0.,-0.));
#10449 = PCURVE('',#8953,#10450);
#10450 = DEFINITIONAL_REPRESENTATION('',(#10451),#10455);
#10451 = CIRCLE('',#10452,1.25);
#10452 = AXIS2_PLACEMENT_2D('',#10453,#10454);
#10453 = CARTESIAN_POINT('',(-20.,-17.5));
#10454 = DIRECTION('',(1.,0.));
#10455 = ( GEOMETRIC_REPRESENTATION_CONTEXT(2) 
PARAMETRIC_REPRESENTATION_CONTEXT() REPRESENTATION_CONTEXT('2D SPACE',''
  ) );
#10456 = PCURVE('',#10371,#10457);
#10457 = DEFINITIONAL_REPRESENTATION('',(#10458),#10462);
#10458 = CIRCLE('',#10459,1.25);
#10459 = AXIS2_PLACEMENT_2D('',#10460,#10461);
#10460 = CARTESIAN_POINT('',(-20.,-17.5));
#10461 = DIRECTION('',(1.,0.));
#10462 = ( GEOMETRIC_REPRESENTATION_CONTEXT(2) 
PARAMETRIC_REPRESENTATION_CONTEXT() REPRESENTATION_CONTEXT('2D SPACE',''
  ) );
#10463 = ORIENTED_EDGE('',*,*,#10464,.T.);
#10464 = EDGE_CURVE('',#10441,#10465,#10467,.T.);
#10465 = VERTEX_POINT('',#10466);
#10466 = CARTESIAN_POINT('',(138.75,-110.,13.));
#10467 = SURFACE_CURVE('',#10468,(#10472,#10479),.PCURVE_S1.);
#10468 = LINE('',#10469,#10470);
#10469 = CARTESIAN_POINT('',(100.,-110.,13.));
#10470 = VECTOR('',#10471,1.);
#10471 = DIRECTION('',(1.,0.,0.));
#10472 = PCURVE('',#8953,#10473);
#10473 = DEFINITIONAL_REPRESENTATION('',(#10474),#10478);
#10474 = LINE('',#10475,#10476);
#10475 = CARTESIAN_POINT('',(-20.,-17.5));
#10476 = VECTOR('',#10477,1.);
#10477 = DIRECTION('',(1.,0.));
#10478 = ( GEOMETRIC_REPRESENTATION_CONTEXT(2) 
PARAMETRIC_REPRESENTATION_CONTEXT() REPRESENTATION_CONTEXT('2D SPACE',''
  ) );
#10479 = PCURVE('',#10480,#10485);
#10480 = PLANE('',#10481);
#10481 = AXIS2_PLACEMENT_3D('',#10482,#10483,#10484);
#10482 = CARTESIAN_POINT('',(120.,-110.,13.));
#10483 = DIRECTION('',(0.,0.,1.));
#10484 = DIRECTION('',(1.,0.,-0.));
#10485 = DEFINITIONAL_REPRESENTATION('',(#10486),#10490);
#10486 = LINE('',#10487,#10488);
#10487 = CARTESIAN_POINT('',(-20.,0.));
#10488 = VECTOR('',#10489,1.);
#10489 = DIRECTION('',(1.,0.));
#10490 = ( GEOMETRIC_REPRESENTATION_CONTEXT(2) 
PARAMETRIC_REPRESENTATION_CONTEXT() REPRESENTATION_CONTEXT('2D SPACE',''
  ) );
#10491 = ORIENTED_EDGE('',*,*,#10492,.F.);
#10492 = EDGE_CURVE('',#8938,#10465,#10493,.T.);
#10493 = SURFACE_CURVE('',#10494,(#10499,#10506),.PCURVE_S1.);
#10494 = CIRCLE('',#10495,1.25);
#10495 = AXIS2_PLACEMENT_3D('',#10496,#10497,#10498);
#10496 = CARTESIAN_POINT('',(140.,-110.,13.));
#10497 = DIRECTION('',(0.,0.,1.));
#10498 = DIRECTION('',(1.,0.,-0.));
#10499 = PCURVE('',#8953,#10500);
#10500 = DEFINITIONAL_REPRESENTATION('',(#10501),#10505);
#10501 = CIRCLE('',#10502,1.25);
#10502 = AXIS2_PLACEMENT_2D('',#10503,#10504);
#10503 = CARTESIAN_POINT('',(20.,-17.5));
#10504 = DIRECTION('',(1.,0.));
#10505 = ( GEOMETRIC_REPRESENTATION_CONTEXT(2) 
PARAMETRIC_REPRESENTATION_CONTEXT() REPRESENTATION_CONTEXT('2D SPACE',''
  ) );
#10506 = PCURVE('',#10424,#10507);
#10507 = DEFINITIONAL_REPRESENTATION('',(#10508),#10512);
#10508 = CIRCLE('',#10509,1.25);
#10509 = AXIS2_PLACEMENT_2D('',#10510,#10511);
#10510 = CARTESIAN_POINT('',(20.,-17.5));
#10511 = DIRECTION('',(1.,0.));
#10512 = ( GEOMETRIC_REPRESENTATION_CONTEXT(2) 
PARAMETRIC_REPRESENTATION_CONTEXT() REPRESENTATION_CONTEXT('2D SPACE',''
  ) );
#10513 = ADVANCED_FACE('',(#10514),#9208,.T.);
#10514 = FACE_BOUND('',#10515,.F.);
#10515 = EDGE_LOOP('',(#10516,#10539,#10540,#10563));
#10516 = ORIENTED_EDGE('',*,*,#10517,.T.);
#10517 = EDGE_CURVE('',#10518,#9190,#10520,.T.);
#10518 = VERTEX_POINT('',#10519);
#10519 = CARTESIAN_POINT('',(100.00011576533,-76.44999999866,10.));
#10520 = SURFACE_CURVE('',#10521,(#10525,#10532),.PCURVE_S1.);
#10521 = LINE('',#10522,#10523);
#10522 = CARTESIAN_POINT('',(100.00011576533,-76.44999999866,10.));
#10523 = VECTOR('',#10524,1.);
#10524 = DIRECTION('',(0.,0.,1.));
#10525 = PCURVE('',#9208,#10526);
#10526 = DEFINITIONAL_REPRESENTATION('',(#10527),#10531);
#10527 = LINE('',#10528,#10529);
#10528 = CARTESIAN_POINT('',(-6.283162154649,0.));
#10529 = VECTOR('',#10530,1.);
#10530 = DIRECTION('',(-0.,-1.));
#10531 = ( GEOMETRIC_REPRESENTATION_CONTEXT(2) 
PARAMETRIC_REPRESENTATION_CONTEXT() REPRESENTATION_CONTEXT('2D SPACE',''
  ) );
#10532 = PCURVE('',#9236,#10533);
#10533 = DEFINITIONAL_REPRESENTATION('',(#10534),#10538);
#10534 = LINE('',#10535,#10536);
#10535 = CARTESIAN_POINT('',(39.999768469339,0.));
#10536 = VECTOR('',#10537,1.);
#10537 = DIRECTION('',(0.,-1.));
#10538 = ( GEOMETRIC_REPRESENTATION_CONTEXT(2) 
PARAMETRIC_REPRESENTATION_CONTEXT() REPRESENTATION_CONTEXT('2D SPACE',''
  ) );
#10539 = ORIENTED_EDGE('',*,*,#9189,.T.);
#10540 = ORIENTED_EDGE('',*,*,#10541,.F.);
#10541 = EDGE_CURVE('',#10542,#9192,#10544,.T.);
#10542 = VERTEX_POINT('',#10543);
#10543 = CARTESIAN_POINT('',(96.44999999866,-80.00011576533,10.));
#10544 = SURFACE_CURVE('',#10545,(#10549,#10556),.PCURVE_S1.);
#10545 = LINE('',#10546,#10547);
#10546 = CARTESIAN_POINT('',(96.44999999866,-80.00011576533,10.));
#10547 = VECTOR('',#10548,1.);
#10548 = DIRECTION('',(0.,0.,1.));
#10549 = PCURVE('',#9208,#10550);
#10550 = DEFINITIONAL_REPRESENTATION('',(#10551),#10555);
#10551 = LINE('',#10552,#10553);
#10552 = CARTESIAN_POINT('',(-7.853958481444,0.));
#10553 = VECTOR('',#10554,1.);
#10554 = DIRECTION('',(-0.,-1.));
#10555 = ( GEOMETRIC_REPRESENTATION_CONTEXT(2) 
PARAMETRIC_REPRESENTATION_CONTEXT() REPRESENTATION_CONTEXT('2D SPACE',''
  ) );
#10556 = PCURVE('',#9405,#10557);
#10557 = DEFINITIONAL_REPRESENTATION('',(#10558),#10562);
#10558 = LINE('',#10559,#10560);
#10559 = CARTESIAN_POINT('',(0.,0.));
#10560 = VECTOR('',#10561,1.);
#10561 = DIRECTION('',(0.,-1.));
#10562 = ( GEOMETRIC_REPRESENTATION_CONTEXT(2) 
PARAMETRIC_REPRESENTATION_CONTEXT() REPRESENTATION_CONTEXT('2D SPACE',''
  ) );
#10563 = ORIENTED_EDGE('',*,*,#10564,.F.);
#10564 = EDGE_CURVE('',#10518,#10542,#10565,.T.);
#10565 = SURFACE_CURVE('',#10566,(#10571,#10578),.PCURVE_S1.);
#10566 = CIRCLE('',#10567,3.550115766671);
#10567 = AXIS2_PLACEMENT_3D('',#10568,#10569,#10570);
#10568 = CARTESIAN_POINT('',(100.00011576533,-80.00011576533,10.));
#10569 = DIRECTION('',(0.,0.,1.));
#10570 = DIRECTION('',(-2.31525300912E-05,0.999999999732,0.));
#10571 = PCURVE('',#9208,#10572);
#10572 = DEFINITIONAL_REPRESENTATION('',(#10573),#10577);
#10573 = LINE('',#10574,#10575);
#10574 = CARTESIAN_POINT('',(-0.,0.));
#10575 = VECTOR('',#10576,1.);
#10576 = DIRECTION('',(-1.,0.));
#10577 = ( GEOMETRIC_REPRESENTATION_CONTEXT(2) 
PARAMETRIC_REPRESENTATION_CONTEXT() REPRESENTATION_CONTEXT('2D SPACE',''
  ) );
#10578 = PCURVE('',#10579,#10584);
#10579 = PLANE('',#10580);
#10580 = AXIS2_PLACEMENT_3D('',#10581,#10582,#10583);
#10581 = CARTESIAN_POINT('',(120.,-92.5,10.));
#10582 = DIRECTION('',(0.,0.,1.));
#10583 = DIRECTION('',(1.,0.,-0.));
#10584 = DEFINITIONAL_REPRESENTATION('',(#10585),#10589);
#10585 = CIRCLE('',#10586,3.550115766671);
#10586 = AXIS2_PLACEMENT_2D('',#10587,#10588);
#10587 = CARTESIAN_POINT('',(-19.99988423466,12.499884234669));
#10588 = DIRECTION('',(-2.31525300912E-05,0.999999999732));
#10589 = ( GEOMETRIC_REPRESENTATION_CONTEXT(2) 
PARAMETRIC_REPRESENTATION_CONTEXT() REPRESENTATION_CONTEXT('2D SPACE',''
  ) );
#10590 = ADVANCED_FACE('',(#10591),#9405,.F.);
#10591 = FACE_BOUND('',#10592,.F.);
#10592 = EDGE_LOOP('',(#10593,#10594,#10595,#10618));
#10593 = ORIENTED_EDGE('',*,*,#10541,.T.);
#10594 = ORIENTED_EDGE('',*,*,#9391,.T.);
#10595 = ORIENTED_EDGE('',*,*,#10596,.F.);
#10596 = EDGE_CURVE('',#10597,#9363,#10599,.T.);
#10597 = VERTEX_POINT('',#10598);
#10598 = CARTESIAN_POINT('',(96.45,-104.9998842346,10.));
#10599 = SURFACE_CURVE('',#10600,(#10604,#10611),.PCURVE_S1.);
#10600 = LINE('',#10601,#10602);
#10601 = CARTESIAN_POINT('',(96.45,-104.9998842346,10.));
#10602 = VECTOR('',#10603,1.);
#10603 = DIRECTION('',(0.,0.,1.));
#10604 = PCURVE('',#9405,#10605);
#10605 = DEFINITIONAL_REPRESENTATION('',(#10606),#10610);
#10606 = LINE('',#10607,#10608);
#10607 = CARTESIAN_POINT('',(24.999768469339,0.));
#10608 = VECTOR('',#10609,1.);
#10609 = DIRECTION('',(0.,-1.));
#10610 = ( GEOMETRIC_REPRESENTATION_CONTEXT(2) 
PARAMETRIC_REPRESENTATION_CONTEXT() REPRESENTATION_CONTEXT('2D SPACE',''
  ) );
#10611 = PCURVE('',#9379,#10612);
#10612 = DEFINITIONAL_REPRESENTATION('',(#10613),#10617);
#10613 = LINE('',#10614,#10615);
#10614 = CARTESIAN_POINT('',(-6.283162154649,0.));
#10615 = VECTOR('',#10616,1.);
#10616 = DIRECTION('',(-0.,-1.));
#10617 = ( GEOMETRIC_REPRESENTATION_CONTEXT(2) 
PARAMETRIC_REPRESENTATION_CONTEXT() REPRESENTATION_CONTEXT('2D SPACE',''
  ) );
#10618 = ORIENTED_EDGE('',*,*,#10619,.F.);
#10619 = EDGE_CURVE('',#10542,#10597,#10620,.T.);
#10620 = SURFACE_CURVE('',#10621,(#10625,#10632),.PCURVE_S1.);
#10621 = LINE('',#10622,#10623);
#10622 = CARTESIAN_POINT('',(96.45,-80.,10.));
#10623 = VECTOR('',#10624,1.);
#10624 = DIRECTION('',(0.,-1.,-0.));
#10625 = PCURVE('',#9405,#10626);
#10626 = DEFINITIONAL_REPRESENTATION('',(#10627),#10631);
#10627 = LINE('',#10628,#10629);
#10628 = CARTESIAN_POINT('',(-1.157653307473E-04,0.));
#10629 = VECTOR('',#10630,1.);
#10630 = DIRECTION('',(1.,0.));
#10631 = ( GEOMETRIC_REPRESENTATION_CONTEXT(2) 
PARAMETRIC_REPRESENTATION_CONTEXT() REPRESENTATION_CONTEXT('2D SPACE',''
  ) );
#10632 = PCURVE('',#10579,#10633);
#10633 = DEFINITIONAL_REPRESENTATION('',(#10634),#10638);
#10634 = LINE('',#10635,#10636);
#10635 = CARTESIAN_POINT('',(-23.55,12.5));
#10636 = VECTOR('',#10637,1.);
#10637 = DIRECTION('',(0.,-1.));
#10638 = ( GEOMETRIC_REPRESENTATION_CONTEXT(2) 
PARAMETRIC_REPRESENTATION_CONTEXT() REPRESENTATION_CONTEXT('2D SPACE',''
  ) );
#10639 = ADVANCED_FACE('',(#10640),#9379,.T.);
#10640 = FACE_BOUND('',#10641,.F.);
#10641 = EDGE_LOOP('',(#10642,#10643,#10644,#10667));
#10642 = ORIENTED_EDGE('',*,*,#10596,.T.);
#10643 = ORIENTED_EDGE('',*,*,#9362,.T.);
#10644 = ORIENTED_EDGE('',*,*,#10645,.F.);
#10645 = EDGE_CURVE('',#10646,#9335,#10648,.T.);
#10646 = VERTEX_POINT('',#10647);
#10647 = CARTESIAN_POINT('',(100.00011576533,-108.5500000013,10.));
#10648 = SURFACE_CURVE('',#10649,(#10653,#10660),.PCURVE_S1.);
#10649 = LINE('',#10650,#10651);
#10650 = CARTESIAN_POINT('',(100.00011576533,-108.5500000013,10.));
#10651 = VECTOR('',#10652,1.);
#10652 = DIRECTION('',(0.,0.,1.));
#10653 = PCURVE('',#9379,#10654);
#10654 = DEFINITIONAL_REPRESENTATION('',(#10655),#10659);
#10655 = LINE('',#10656,#10657);
#10656 = CARTESIAN_POINT('',(-7.853958481444,0.));
#10657 = VECTOR('',#10658,1.);
#10658 = DIRECTION('',(-0.,-1.));
#10659 = ( GEOMETRIC_REPRESENTATION_CONTEXT(2) 
PARAMETRIC_REPRESENTATION_CONTEXT() REPRESENTATION_CONTEXT('2D SPACE',''
  ) );
#10660 = PCURVE('',#9350,#10661);
#10661 = DEFINITIONAL_REPRESENTATION('',(#10662),#10666);
#10662 = LINE('',#10663,#10664);
#10663 = CARTESIAN_POINT('',(0.,0.));
#10664 = VECTOR('',#10665,1.);
#10665 = DIRECTION('',(0.,-1.));
#10666 = ( GEOMETRIC_REPRESENTATION_CONTEXT(2) 
PARAMETRIC_REPRESENTATION_CONTEXT() REPRESENTATION_CONTEXT('2D SPACE',''
  ) );
#10667 = ORIENTED_EDGE('',*,*,#10668,.F.);
#10668 = EDGE_CURVE('',#10597,#10646,#10669,.T.);
#10669 = SURFACE_CURVE('',#10670,(#10675,#10682),.PCURVE_S1.);
#10670 = CIRCLE('',#10671,3.550115766671);
#10671 = AXIS2_PLACEMENT_3D('',#10672,#10673,#10674);
#10672 = CARTESIAN_POINT('',(100.00011576533,-104.9998842346,10.));
#10673 = DIRECTION('',(0.,0.,1.));
#10674 = DIRECTION('',(-0.999999999732,-2.31525300912E-05,0.));
#10675 = PCURVE('',#9379,#10676);
#10676 = DEFINITIONAL_REPRESENTATION('',(#10677),#10681);
#10677 = LINE('',#10678,#10679);
#10678 = CARTESIAN_POINT('',(-0.,0.));
#10679 = VECTOR('',#10680,1.);
#10680 = DIRECTION('',(-1.,0.));
#10681 = ( GEOMETRIC_REPRESENTATION_CONTEXT(2) 
PARAMETRIC_REPRESENTATION_CONTEXT() REPRESENTATION_CONTEXT('2D SPACE',''
  ) );
#10682 = PCURVE('',#10579,#10683);
#10683 = DEFINITIONAL_REPRESENTATION('',(#10684),#10688);
#10684 = CIRCLE('',#10685,3.550115766671);
#10685 = AXIS2_PLACEMENT_2D('',#10686,#10687);
#10686 = CARTESIAN_POINT('',(-19.99988423466,-12.49988423466));
#10687 = DIRECTION('',(-0.999999999732,-2.31525300912E-05));
#10688 = ( GEOMETRIC_REPRESENTATION_CONTEXT(2) 
PARAMETRIC_REPRESENTATION_CONTEXT() REPRESENTATION_CONTEXT('2D SPACE',''
  ) );
#10689 = ADVANCED_FACE('',(#10690),#9350,.F.);
#10690 = FACE_BOUND('',#10691,.F.);
#10691 = EDGE_LOOP('',(#10692,#10693,#10694,#10717));
#10692 = ORIENTED_EDGE('',*,*,#10645,.T.);
#10693 = ORIENTED_EDGE('',*,*,#9334,.T.);
#10694 = ORIENTED_EDGE('',*,*,#10695,.F.);
#10695 = EDGE_CURVE('',#10696,#9306,#10698,.T.);
#10696 = VERTEX_POINT('',#10697);
#10697 = CARTESIAN_POINT('',(139.99988423466,-108.55,10.));
#10698 = SURFACE_CURVE('',#10699,(#10703,#10710),.PCURVE_S1.);
#10699 = LINE('',#10700,#10701);
#10700 = CARTESIAN_POINT('',(139.99988423466,-108.55,10.));
#10701 = VECTOR('',#10702,1.);
#10702 = DIRECTION('',(0.,0.,1.));
#10703 = PCURVE('',#9350,#10704);
#10704 = DEFINITIONAL_REPRESENTATION('',(#10705),#10709);
#10705 = LINE('',#10706,#10707);
#10706 = CARTESIAN_POINT('',(39.999768469339,0.));
#10707 = VECTOR('',#10708,1.);
#10708 = DIRECTION('',(0.,-1.));
#10709 = ( GEOMETRIC_REPRESENTATION_CONTEXT(2) 
PARAMETRIC_REPRESENTATION_CONTEXT() REPRESENTATION_CONTEXT('2D SPACE',''
  ) );
#10710 = PCURVE('',#9322,#10711);
#10711 = DEFINITIONAL_REPRESENTATION('',(#10712),#10716);
#10712 = LINE('',#10713,#10714);
#10713 = CARTESIAN_POINT('',(-6.283162154649,0.));
#10714 = VECTOR('',#10715,1.);
#10715 = DIRECTION('',(-0.,-1.));
#10716 = ( GEOMETRIC_REPRESENTATION_CONTEXT(2) 
PARAMETRIC_REPRESENTATION_CONTEXT() REPRESENTATION_CONTEXT('2D SPACE',''
  ) );
#10717 = ORIENTED_EDGE('',*,*,#10718,.F.);
#10718 = EDGE_CURVE('',#10646,#10696,#10719,.T.);
#10719 = SURFACE_CURVE('',#10720,(#10724,#10731),.PCURVE_S1.);
#10720 = LINE('',#10721,#10722);
#10721 = CARTESIAN_POINT('',(100.,-108.55,10.));
#10722 = VECTOR('',#10723,1.);
#10723 = DIRECTION('',(1.,0.,0.));
#10724 = PCURVE('',#9350,#10725);
#10725 = DEFINITIONAL_REPRESENTATION('',(#10726),#10730);
#10726 = LINE('',#10727,#10728);
#10727 = CARTESIAN_POINT('',(-1.157653307473E-04,0.));
#10728 = VECTOR('',#10729,1.);
#10729 = DIRECTION('',(1.,0.));
#10730 = ( GEOMETRIC_REPRESENTATION_CONTEXT(2) 
PARAMETRIC_REPRESENTATION_CONTEXT() REPRESENTATION_CONTEXT('2D SPACE',''
  ) );
#10731 = PCURVE('',#10579,#10732);
#10732 = DEFINITIONAL_REPRESENTATION('',(#10733),#10737);
#10733 = LINE('',#10734,#10735);
#10734 = CARTESIAN_POINT('',(-20.,-16.05));
#10735 = VECTOR('',#10736,1.);
#10736 = DIRECTION('',(1.,0.));
#10737 = ( GEOMETRIC_REPRESENTATION_CONTEXT(2) 
PARAMETRIC_REPRESENTATION_CONTEXT() REPRESENTATION_CONTEXT('2D SPACE',''
  ) );
#10738 = ADVANCED_FACE('',(#10739),#9322,.T.);
#10739 = FACE_BOUND('',#10740,.F.);
#10740 = EDGE_LOOP('',(#10741,#10742,#10743,#10766));
#10741 = ORIENTED_EDGE('',*,*,#10695,.T.);
#10742 = ORIENTED_EDGE('',*,*,#9305,.T.);
#10743 = ORIENTED_EDGE('',*,*,#10744,.F.);
#10744 = EDGE_CURVE('',#10745,#9278,#10747,.T.);
#10745 = VERTEX_POINT('',#10746);
#10746 = CARTESIAN_POINT('',(143.55000000134,-104.9998842346,10.));
#10747 = SURFACE_CURVE('',#10748,(#10752,#10759),.PCURVE_S1.);
#10748 = LINE('',#10749,#10750);
#10749 = CARTESIAN_POINT('',(143.55000000134,-104.9998842346,10.));
#10750 = VECTOR('',#10751,1.);
#10751 = DIRECTION('',(0.,0.,1.));
#10752 = PCURVE('',#9322,#10753);
#10753 = DEFINITIONAL_REPRESENTATION('',(#10754),#10758);
#10754 = LINE('',#10755,#10756);
#10755 = CARTESIAN_POINT('',(-7.853958481444,0.));
#10756 = VECTOR('',#10757,1.);
#10757 = DIRECTION('',(-0.,-1.));
#10758 = ( GEOMETRIC_REPRESENTATION_CONTEXT(2) 
PARAMETRIC_REPRESENTATION_CONTEXT() REPRESENTATION_CONTEXT('2D SPACE',''
  ) );
#10759 = PCURVE('',#9293,#10760);
#10760 = DEFINITIONAL_REPRESENTATION('',(#10761),#10765);
#10761 = LINE('',#10762,#10763);
#10762 = CARTESIAN_POINT('',(0.,0.));
#10763 = VECTOR('',#10764,1.);
#10764 = DIRECTION('',(0.,-1.));
#10765 = ( GEOMETRIC_REPRESENTATION_CONTEXT(2) 
PARAMETRIC_REPRESENTATION_CONTEXT() REPRESENTATION_CONTEXT('2D SPACE',''
  ) );
#10766 = ORIENTED_EDGE('',*,*,#10767,.F.);
#10767 = EDGE_CURVE('',#10696,#10745,#10768,.T.);
#10768 = SURFACE_CURVE('',#10769,(#10774,#10781),.PCURVE_S1.);
#10769 = CIRCLE('',#10770,3.550115766671);
#10770 = AXIS2_PLACEMENT_3D('',#10771,#10772,#10773);
#10771 = CARTESIAN_POINT('',(139.99988423466,-104.9998842346,10.));
#10772 = DIRECTION('',(0.,-0.,1.));
#10773 = DIRECTION('',(2.31525300912E-05,-0.999999999732,-0.));
#10774 = PCURVE('',#9322,#10775);
#10775 = DEFINITIONAL_REPRESENTATION('',(#10776),#10780);
#10776 = LINE('',#10777,#10778);
#10777 = CARTESIAN_POINT('',(-0.,0.));
#10778 = VECTOR('',#10779,1.);
#10779 = DIRECTION('',(-1.,0.));
#10780 = ( GEOMETRIC_REPRESENTATION_CONTEXT(2) 
PARAMETRIC_REPRESENTATION_CONTEXT() REPRESENTATION_CONTEXT('2D SPACE',''
  ) );
#10781 = PCURVE('',#10579,#10782);
#10782 = DEFINITIONAL_REPRESENTATION('',(#10783),#10787);
#10783 = CIRCLE('',#10784,3.550115766671);
#10784 = AXIS2_PLACEMENT_2D('',#10785,#10786);
#10785 = CARTESIAN_POINT('',(19.999884234669,-12.49988423466));
#10786 = DIRECTION('',(2.31525300912E-05,-0.999999999732));
#10787 = ( GEOMETRIC_REPRESENTATION_CONTEXT(2) 
PARAMETRIC_REPRESENTATION_CONTEXT() REPRESENTATION_CONTEXT('2D SPACE',''
  ) );
#10788 = ADVANCED_FACE('',(#10789),#9293,.F.);
#10789 = FACE_BOUND('',#10790,.F.);
#10790 = EDGE_LOOP('',(#10791,#10792,#10793,#10816));
#10791 = ORIENTED_EDGE('',*,*,#10744,.T.);
#10792 = ORIENTED_EDGE('',*,*,#9277,.T.);
#10793 = ORIENTED_EDGE('',*,*,#10794,.F.);
#10794 = EDGE_CURVE('',#10795,#9249,#10797,.T.);
#10795 = VERTEX_POINT('',#10796);
#10796 = CARTESIAN_POINT('',(143.55,-80.00011576533,10.));
#10797 = SURFACE_CURVE('',#10798,(#10802,#10809),.PCURVE_S1.);
#10798 = LINE('',#10799,#10800);
#10799 = CARTESIAN_POINT('',(143.55,-80.00011576533,10.));
#10800 = VECTOR('',#10801,1.);
#10801 = DIRECTION('',(0.,0.,1.));
#10802 = PCURVE('',#9293,#10803);
#10803 = DEFINITIONAL_REPRESENTATION('',(#10804),#10808);
#10804 = LINE('',#10805,#10806);
#10805 = CARTESIAN_POINT('',(24.999768469339,0.));
#10806 = VECTOR('',#10807,1.);
#10807 = DIRECTION('',(0.,-1.));
#10808 = ( GEOMETRIC_REPRESENTATION_CONTEXT(2) 
PARAMETRIC_REPRESENTATION_CONTEXT() REPRESENTATION_CONTEXT('2D SPACE',''
  ) );
#10809 = PCURVE('',#9265,#10810);
#10810 = DEFINITIONAL_REPRESENTATION('',(#10811),#10815);
#10811 = LINE('',#10812,#10813);
#10812 = CARTESIAN_POINT('',(-6.283162154649,0.));
#10813 = VECTOR('',#10814,1.);
#10814 = DIRECTION('',(-0.,-1.));
#10815 = ( GEOMETRIC_REPRESENTATION_CONTEXT(2) 
PARAMETRIC_REPRESENTATION_CONTEXT() REPRESENTATION_CONTEXT('2D SPACE',''
  ) );
#10816 = ORIENTED_EDGE('',*,*,#10817,.F.);
#10817 = EDGE_CURVE('',#10745,#10795,#10818,.T.);
#10818 = SURFACE_CURVE('',#10819,(#10823,#10830),.PCURVE_S1.);
#10819 = LINE('',#10820,#10821);
#10820 = CARTESIAN_POINT('',(143.55,-105.,10.));
#10821 = VECTOR('',#10822,1.);
#10822 = DIRECTION('',(0.,1.,0.));
#10823 = PCURVE('',#9293,#10824);
#10824 = DEFINITIONAL_REPRESENTATION('',(#10825),#10829);
#10825 = LINE('',#10826,#10827);
#10826 = CARTESIAN_POINT('',(-1.157653307331E-04,0.));
#10827 = VECTOR('',#10828,1.);
#10828 = DIRECTION('',(1.,0.));
#10829 = ( GEOMETRIC_REPRESENTATION_CONTEXT(2) 
PARAMETRIC_REPRESENTATION_CONTEXT() REPRESENTATION_CONTEXT('2D SPACE',''
  ) );
#10830 = PCURVE('',#10579,#10831);
#10831 = DEFINITIONAL_REPRESENTATION('',(#10832),#10836);
#10832 = LINE('',#10833,#10834);
#10833 = CARTESIAN_POINT('',(23.55,-12.5));
#10834 = VECTOR('',#10835,1.);
#10835 = DIRECTION('',(0.,1.));
#10836 = ( GEOMETRIC_REPRESENTATION_CONTEXT(2) 
PARAMETRIC_REPRESENTATION_CONTEXT() REPRESENTATION_CONTEXT('2D SPACE',''
  ) );
#10837 = ADVANCED_FACE('',(#10838),#9265,.T.);
#10838 = FACE_BOUND('',#10839,.F.);
#10839 = EDGE_LOOP('',(#10840,#10841,#10842,#10865));
#10840 = ORIENTED_EDGE('',*,*,#10794,.T.);
#10841 = ORIENTED_EDGE('',*,*,#9248,.T.);
#10842 = ORIENTED_EDGE('',*,*,#10843,.F.);
#10843 = EDGE_CURVE('',#10844,#9221,#10846,.T.);
#10844 = VERTEX_POINT('',#10845);
#10845 = CARTESIAN_POINT('',(139.99988423466,-76.44999999866,10.));
#10846 = SURFACE_CURVE('',#10847,(#10851,#10858),.PCURVE_S1.);
#10847 = LINE('',#10848,#10849);
#10848 = CARTESIAN_POINT('',(139.99988423466,-76.44999999866,10.));
#10849 = VECTOR('',#10850,1.);
#10850 = DIRECTION('',(0.,0.,1.));
#10851 = PCURVE('',#9265,#10852);
#10852 = DEFINITIONAL_REPRESENTATION('',(#10853),#10857);
#10853 = LINE('',#10854,#10855);
#10854 = CARTESIAN_POINT('',(-7.853958481444,0.));
#10855 = VECTOR('',#10856,1.);
#10856 = DIRECTION('',(-0.,-1.));
#10857 = ( GEOMETRIC_REPRESENTATION_CONTEXT(2) 
PARAMETRIC_REPRESENTATION_CONTEXT() REPRESENTATION_CONTEXT('2D SPACE',''
  ) );
#10858 = PCURVE('',#9236,#10859);
#10859 = DEFINITIONAL_REPRESENTATION('',(#10860),#10864);
#10860 = LINE('',#10861,#10862);
#10861 = CARTESIAN_POINT('',(0.,-0.));
#10862 = VECTOR('',#10863,1.);
#10863 = DIRECTION('',(0.,-1.));
#10864 = ( GEOMETRIC_REPRESENTATION_CONTEXT(2) 
PARAMETRIC_REPRESENTATION_CONTEXT() REPRESENTATION_CONTEXT('2D SPACE',''
  ) );
#10865 = ORIENTED_EDGE('',*,*,#10866,.F.);
#10866 = EDGE_CURVE('',#10795,#10844,#10867,.T.);
#10867 = SURFACE_CURVE('',#10868,(#10873,#10880),.PCURVE_S1.);
#10868 = CIRCLE('',#10869,3.550115766671);
#10869 = AXIS2_PLACEMENT_3D('',#10870,#10871,#10872);
#10870 = CARTESIAN_POINT('',(139.99988423466,-80.00011576533,10.));
#10871 = DIRECTION('',(0.,-0.,1.));
#10872 = DIRECTION('',(0.999999999732,2.315253008835E-05,0.));
#10873 = PCURVE('',#9265,#10874);
#10874 = DEFINITIONAL_REPRESENTATION('',(#10875),#10879);
#10875 = LINE('',#10876,#10877);
#10876 = CARTESIAN_POINT('',(-0.,0.));
#10877 = VECTOR('',#10878,1.);
#10878 = DIRECTION('',(-1.,0.));
#10879 = ( GEOMETRIC_REPRESENTATION_CONTEXT(2) 
PARAMETRIC_REPRESENTATION_CONTEXT() REPRESENTATION_CONTEXT('2D SPACE',''
  ) );
#10880 = PCURVE('',#10579,#10881);
#10881 = DEFINITIONAL_REPRESENTATION('',(#10882),#10886);
#10882 = CIRCLE('',#10883,3.550115766671);
#10883 = AXIS2_PLACEMENT_2D('',#10884,#10885);
#10884 = CARTESIAN_POINT('',(19.999884234669,12.499884234669));
#10885 = DIRECTION('',(0.999999999732,2.315253008835E-05));
#10886 = ( GEOMETRIC_REPRESENTATION_CONTEXT(2) 
PARAMETRIC_REPRESENTATION_CONTEXT() REPRESENTATION_CONTEXT('2D SPACE',''
  ) );
#10887 = ADVANCED_FACE('',(#10888),#9236,.F.);
#10888 = FACE_BOUND('',#10889,.F.);
#10889 = EDGE_LOOP('',(#10890,#10891,#10892,#10893));
#10890 = ORIENTED_EDGE('',*,*,#10843,.T.);
#10891 = ORIENTED_EDGE('',*,*,#9220,.T.);
#10892 = ORIENTED_EDGE('',*,*,#10517,.F.);
#10893 = ORIENTED_EDGE('',*,*,#10894,.F.);
#10894 = EDGE_CURVE('',#10844,#10518,#10895,.T.);
#10895 = SURFACE_CURVE('',#10896,(#10900,#10907),.PCURVE_S1.);
#10896 = LINE('',#10897,#10898);
#10897 = CARTESIAN_POINT('',(140.,-76.45,10.));
#10898 = VECTOR('',#10899,1.);
#10899 = DIRECTION('',(-1.,0.,0.));
#10900 = PCURVE('',#9236,#10901);
#10901 = DEFINITIONAL_REPRESENTATION('',(#10902),#10906);
#10902 = LINE('',#10903,#10904);
#10903 = CARTESIAN_POINT('',(-1.157653307473E-04,-0.));
#10904 = VECTOR('',#10905,1.);
#10905 = DIRECTION('',(1.,0.));
#10906 = ( GEOMETRIC_REPRESENTATION_CONTEXT(2) 
PARAMETRIC_REPRESENTATION_CONTEXT() REPRESENTATION_CONTEXT('2D SPACE',''
  ) );
#10907 = PCURVE('',#10579,#10908);
#10908 = DEFINITIONAL_REPRESENTATION('',(#10909),#10913);
#10909 = LINE('',#10910,#10911);
#10910 = CARTESIAN_POINT('',(20.,16.05));
#10911 = VECTOR('',#10912,1.);
#10912 = DIRECTION('',(-1.,0.));
#10913 = ( GEOMETRIC_REPRESENTATION_CONTEXT(2) 
PARAMETRIC_REPRESENTATION_CONTEXT() REPRESENTATION_CONTEXT('2D SPACE',''
  ) );
#10914 = ADVANCED_FACE('',(#10915),#9438,.F.);
#10915 = FACE_BOUND('',#10916,.F.);
#10916 = EDGE_LOOP('',(#10917,#10943,#10944));
#10917 = ORIENTED_EDGE('',*,*,#10918,.T.);
#10918 = EDGE_CURVE('',#9476,#9422,#10919,.T.);
#10919 = SURFACE_CURVE('',#10920,(#10924,#10931),.PCURVE_S1.);
#10920 = LINE('',#10921,#10922);
#10921 = CARTESIAN_POINT('',(93.750000000335,-79.99997105933,13.));
#10922 = VECTOR('',#10923,1.);
#10923 = DIRECTION('',(0.999999999732,-2.315253009328E-05,0.));
#10924 = PCURVE('',#9438,#10925);
#10925 = DEFINITIONAL_REPRESENTATION('',(#10926),#10930);
#10926 = LINE('',#10927,#10928);
#10927 = CARTESIAN_POINT('',(-1.249999999665,2.894066261661E-05));
#10928 = VECTOR('',#10929,1.);
#10929 = DIRECTION('',(0.999999999732,-2.315253009328E-05));
#10930 = ( GEOMETRIC_REPRESENTATION_CONTEXT(2) 
PARAMETRIC_REPRESENTATION_CONTEXT() REPRESENTATION_CONTEXT('2D SPACE',''
  ) );
#10931 = PCURVE('',#10932,#10937);
#10932 = PLANE('',#10933);
#10933 = AXIS2_PLACEMENT_3D('',#10934,#10935,#10936);
#10934 = CARTESIAN_POINT('',(95.,-80.,13.));
#10935 = DIRECTION('',(0.,0.,1.));
#10936 = DIRECTION('',(1.,0.,-0.));
#10937 = DEFINITIONAL_REPRESENTATION('',(#10938),#10942);
#10938 = LINE('',#10939,#10940);
#10939 = CARTESIAN_POINT('',(-1.249999999665,2.894066261661E-05));
#10940 = VECTOR('',#10941,1.);
#10941 = DIRECTION('',(0.999999999732,-2.315253009328E-05));
#10942 = ( GEOMETRIC_REPRESENTATION_CONTEXT(2) 
PARAMETRIC_REPRESENTATION_CONTEXT() REPRESENTATION_CONTEXT('2D SPACE',''
  ) );
#10943 = ORIENTED_EDGE('',*,*,#9421,.F.);
#10944 = ORIENTED_EDGE('',*,*,#9504,.T.);
#10945 = ADVANCED_FACE('',(#10946),#9492,.T.);
#10946 = FACE_BOUND('',#10947,.F.);
#10947 = EDGE_LOOP('',(#10948,#10971,#11000,#11026));
#10948 = ORIENTED_EDGE('',*,*,#10949,.T.);
#10949 = EDGE_CURVE('',#8618,#10950,#10952,.T.);
#10950 = VERTEX_POINT('',#10951);
#10951 = CARTESIAN_POINT('',(99.999971059337,-73.75000000033,15.));
#10952 = SURFACE_CURVE('',#10953,(#10957,#10964),.PCURVE_S1.);
#10953 = LINE('',#10954,#10955);
#10954 = CARTESIAN_POINT('',(99.999971059337,-73.75000000033,13.));
#10955 = VECTOR('',#10956,1.);
#10956 = DIRECTION('',(0.,0.,1.));
#10957 = PCURVE('',#9492,#10958);
#10958 = DEFINITIONAL_REPRESENTATION('',(#10959),#10963);
#10959 = LINE('',#10960,#10961);
#10960 = CARTESIAN_POINT('',(-0.,0.));
#10961 = VECTOR('',#10962,1.);
#10962 = DIRECTION('',(-0.,-1.));
#10963 = ( GEOMETRIC_REPRESENTATION_CONTEXT(2) 
PARAMETRIC_REPRESENTATION_CONTEXT() REPRESENTATION_CONTEXT('2D SPACE',''
  ) );
#10964 = PCURVE('',#9570,#10965);
#10965 = DEFINITIONAL_REPRESENTATION('',(#10966),#10970);
#10966 = LINE('',#10967,#10968);
#10967 = CARTESIAN_POINT('',(-1.570819479325,0.));
#10968 = VECTOR('',#10969,1.);
#10969 = DIRECTION('',(-0.,-1.));
#10970 = ( GEOMETRIC_REPRESENTATION_CONTEXT(2) 
PARAMETRIC_REPRESENTATION_CONTEXT() REPRESENTATION_CONTEXT('2D SPACE',''
  ) );
#10971 = ORIENTED_EDGE('',*,*,#10972,.T.);
#10972 = EDGE_CURVE('',#10950,#10973,#10975,.T.);
#10973 = VERTEX_POINT('',#10974);
#10974 = CARTESIAN_POINT('',(93.750000000335,-79.99997105933,15.));
#10975 = SURFACE_CURVE('',#10976,(#10981,#10988),.PCURVE_S1.);
#10976 = CIRCLE('',#10977,6.250115766671);
#10977 = AXIS2_PLACEMENT_3D('',#10978,#10979,#10980);
#10978 = CARTESIAN_POINT('',(100.00011576533,-80.00011576533,15.));
#10979 = DIRECTION('',(0.,0.,1.));
#10980 = DIRECTION('',(-2.315253009843E-05,0.999999999732,0.));
#10981 = PCURVE('',#9492,#10982);
#10982 = DEFINITIONAL_REPRESENTATION('',(#10983),#10987);
#10983 = LINE('',#10984,#10985);
#10984 = CARTESIAN_POINT('',(-0.,-2.));
#10985 = VECTOR('',#10986,1.);
#10986 = DIRECTION('',(-1.,0.));
#10987 = ( GEOMETRIC_REPRESENTATION_CONTEXT(2) 
PARAMETRIC_REPRESENTATION_CONTEXT() REPRESENTATION_CONTEXT('2D SPACE',''
  ) );
#10988 = PCURVE('',#10989,#10994);
#10989 = PLANE('',#10990);
#10990 = AXIS2_PLACEMENT_3D('',#10991,#10992,#10993);
#10991 = CARTESIAN_POINT('',(96.891519540323,-76.89151954032,15.));
#10992 = DIRECTION('',(0.,0.,1.));
#10993 = DIRECTION('',(1.,0.,-0.));
#10994 = DEFINITIONAL_REPRESENTATION('',(#10995),#10999);
#10995 = CIRCLE('',#10996,6.250115766671);
#10996 = AXIS2_PLACEMENT_2D('',#10997,#10998);
#10997 = CARTESIAN_POINT('',(3.108596225007,-3.108596225007));
#10998 = DIRECTION('',(-2.315253009843E-05,0.999999999732));
#10999 = ( GEOMETRIC_REPRESENTATION_CONTEXT(2) 
PARAMETRIC_REPRESENTATION_CONTEXT() REPRESENTATION_CONTEXT('2D SPACE',''
  ) );
#11000 = ORIENTED_EDGE('',*,*,#11001,.F.);
#11001 = EDGE_CURVE('',#9476,#10973,#11002,.T.);
#11002 = SURFACE_CURVE('',#11003,(#11007,#11014),.PCURVE_S1.);
#11003 = LINE('',#11004,#11005);
#11004 = CARTESIAN_POINT('',(93.750000000335,-79.99997105933,13.));
#11005 = VECTOR('',#11006,1.);
#11006 = DIRECTION('',(0.,0.,1.));
#11007 = PCURVE('',#9492,#11008);
#11008 = DEFINITIONAL_REPRESENTATION('',(#11009),#11013);
#11009 = LINE('',#11010,#11011);
#11010 = CARTESIAN_POINT('',(-1.570750021735,0.));
#11011 = VECTOR('',#11012,1.);
#11012 = DIRECTION('',(-0.,-1.));
#11013 = ( GEOMETRIC_REPRESENTATION_CONTEXT(2) 
PARAMETRIC_REPRESENTATION_CONTEXT() REPRESENTATION_CONTEXT('2D SPACE',''
  ) );
#11014 = PCURVE('',#11015,#11020);
#11015 = CYLINDRICAL_SURFACE('',#11016,1.25);
#11016 = AXIS2_PLACEMENT_3D('',#11017,#11018,#11019);
#11017 = CARTESIAN_POINT('',(95.,-80.,13.));
#11018 = DIRECTION('',(-0.,-0.,-1.));
#11019 = DIRECTION('',(1.,0.,-0.));
#11020 = DEFINITIONAL_REPRESENTATION('',(#11021),#11025);
#11021 = LINE('',#11022,#11023);
#11022 = CARTESIAN_POINT('',(-3.14156950106,0.));
#11023 = VECTOR('',#11024,1.);
#11024 = DIRECTION('',(-0.,-1.));
#11025 = ( GEOMETRIC_REPRESENTATION_CONTEXT(2) 
PARAMETRIC_REPRESENTATION_CONTEXT() REPRESENTATION_CONTEXT('2D SPACE',''
  ) );
#11026 = ORIENTED_EDGE('',*,*,#9475,.F.);
#11027 = ADVANCED_FACE('',(#11028),#9570,.T.);
#11028 = FACE_BOUND('',#11029,.F.);
#11029 = EDGE_LOOP('',(#11030,#11031,#11059,#11086));
#11030 = ORIENTED_EDGE('',*,*,#9555,.F.);
#11031 = ORIENTED_EDGE('',*,*,#11032,.T.);
#11032 = EDGE_CURVE('',#9533,#11033,#11035,.T.);
#11033 = VERTEX_POINT('',#11034);
#11034 = CARTESIAN_POINT('',(100.,-73.75,15.));
#11035 = SURFACE_CURVE('',#11036,(#11040,#11047),.PCURVE_S1.);
#11036 = LINE('',#11037,#11038);
#11037 = CARTESIAN_POINT('',(100.,-73.75,13.));
#11038 = VECTOR('',#11039,1.);
#11039 = DIRECTION('',(0.,0.,1.));
#11040 = PCURVE('',#9570,#11041);
#11041 = DEFINITIONAL_REPRESENTATION('',(#11042),#11046);
#11042 = LINE('',#11043,#11044);
#11043 = CARTESIAN_POINT('',(-1.570796326795,0.));
#11044 = VECTOR('',#11045,1.);
#11045 = DIRECTION('',(-0.,-1.));
#11046 = ( GEOMETRIC_REPRESENTATION_CONTEXT(2) 
PARAMETRIC_REPRESENTATION_CONTEXT() REPRESENTATION_CONTEXT('2D SPACE',''
  ) );
#11047 = PCURVE('',#11048,#11053);
#11048 = PLANE('',#11049);
#11049 = AXIS2_PLACEMENT_3D('',#11050,#11051,#11052);
#11050 = CARTESIAN_POINT('',(140.,-73.75,13.));
#11051 = DIRECTION('',(0.,-1.,0.));
#11052 = DIRECTION('',(-1.,0.,0.));
#11053 = DEFINITIONAL_REPRESENTATION('',(#11054),#11058);
#11054 = LINE('',#11055,#11056);
#11055 = CARTESIAN_POINT('',(40.,0.));
#11056 = VECTOR('',#11057,1.);
#11057 = DIRECTION('',(0.,-1.));
#11058 = ( GEOMETRIC_REPRESENTATION_CONTEXT(2) 
PARAMETRIC_REPRESENTATION_CONTEXT() REPRESENTATION_CONTEXT('2D SPACE',''
  ) );
#11059 = ORIENTED_EDGE('',*,*,#11060,.T.);
#11060 = EDGE_CURVE('',#11033,#10950,#11061,.T.);
#11061 = SURFACE_CURVE('',#11062,(#11067,#11074),.PCURVE_S1.);
#11062 = CIRCLE('',#11063,1.25);
#11063 = AXIS2_PLACEMENT_3D('',#11064,#11065,#11066);
#11064 = CARTESIAN_POINT('',(100.,-75.,15.));
#11065 = DIRECTION('',(0.,0.,1.));
#11066 = DIRECTION('',(1.,0.,-0.));
#11067 = PCURVE('',#9570,#11068);
#11068 = DEFINITIONAL_REPRESENTATION('',(#11069),#11073);
#11069 = LINE('',#11070,#11071);
#11070 = CARTESIAN_POINT('',(-0.,-2.));
#11071 = VECTOR('',#11072,1.);
#11072 = DIRECTION('',(-1.,0.));
#11073 = ( GEOMETRIC_REPRESENTATION_CONTEXT(2) 
PARAMETRIC_REPRESENTATION_CONTEXT() REPRESENTATION_CONTEXT('2D SPACE',''
  ) );
#11074 = PCURVE('',#11075,#11080);
#11075 = PLANE('',#11076);
#11076 = AXIS2_PLACEMENT_3D('',#11077,#11078,#11079);
#11077 = CARTESIAN_POINT('',(100.,-75.,15.));
#11078 = DIRECTION('',(0.,0.,1.));
#11079 = DIRECTION('',(1.,0.,-0.));
#11080 = DEFINITIONAL_REPRESENTATION('',(#11081),#11085);
#11081 = CIRCLE('',#11082,1.25);
#11082 = AXIS2_PLACEMENT_2D('',#11083,#11084);
#11083 = CARTESIAN_POINT('',(-2.84217094304E-14,0.));
#11084 = DIRECTION('',(1.,0.));
#11085 = ( GEOMETRIC_REPRESENTATION_CONTEXT(2) 
PARAMETRIC_REPRESENTATION_CONTEXT() REPRESENTATION_CONTEXT('2D SPACE',''
  ) );
#11086 = ORIENTED_EDGE('',*,*,#10949,.F.);
#11087 = ADVANCED_FACE('',(#11088),#9602,.F.);
#11088 = FACE_BOUND('',#11089,.F.);
#11089 = EDGE_LOOP('',(#11090,#11091,#11092,#11121));
#11090 = ORIENTED_EDGE('',*,*,#9587,.F.);
#11091 = ORIENTED_EDGE('',*,*,#9617,.F.);
#11092 = ORIENTED_EDGE('',*,*,#11093,.F.);
#11093 = EDGE_CURVE('',#11094,#9618,#11096,.T.);
#11094 = VERTEX_POINT('',#11095);
#11095 = CARTESIAN_POINT('',(140.,-73.75,13.));
#11096 = SURFACE_CURVE('',#11097,(#11102,#11109),.PCURVE_S1.);
#11097 = CIRCLE('',#11098,1.25);
#11098 = AXIS2_PLACEMENT_3D('',#11099,#11100,#11101);
#11099 = CARTESIAN_POINT('',(140.,-75.,13.));
#11100 = DIRECTION('',(0.,0.,1.));
#11101 = DIRECTION('',(1.,0.,-0.));
#11102 = PCURVE('',#9602,#11103);
#11103 = DEFINITIONAL_REPRESENTATION('',(#11104),#11108);
#11104 = CIRCLE('',#11105,1.25);
#11105 = AXIS2_PLACEMENT_2D('',#11106,#11107);
#11106 = CARTESIAN_POINT('',(20.,0.));
#11107 = DIRECTION('',(1.,0.));
#11108 = ( GEOMETRIC_REPRESENTATION_CONTEXT(2) 
PARAMETRIC_REPRESENTATION_CONTEXT() REPRESENTATION_CONTEXT('2D SPACE',''
  ) );
#11109 = PCURVE('',#11110,#11115);
#11110 = PLANE('',#11111);
#11111 = AXIS2_PLACEMENT_3D('',#11112,#11113,#11114);
#11112 = CARTESIAN_POINT('',(140.,-75.,13.));
#11113 = DIRECTION('',(0.,0.,1.));
#11114 = DIRECTION('',(1.,0.,-0.));
#11115 = DEFINITIONAL_REPRESENTATION('',(#11116),#11120);
#11116 = CIRCLE('',#11117,1.25);
#11117 = AXIS2_PLACEMENT_2D('',#11118,#11119);
#11118 = CARTESIAN_POINT('',(0.,0.));
#11119 = DIRECTION('',(1.,0.));
#11120 = ( GEOMETRIC_REPRESENTATION_CONTEXT(2) 
PARAMETRIC_REPRESENTATION_CONTEXT() REPRESENTATION_CONTEXT('2D SPACE',''
  ) );
#11121 = ORIENTED_EDGE('',*,*,#11122,.T.);
#11122 = EDGE_CURVE('',#11094,#9533,#11123,.T.);
#11123 = SURFACE_CURVE('',#11124,(#11128,#11135),.PCURVE_S1.);
#11124 = LINE('',#11125,#11126);
#11125 = CARTESIAN_POINT('',(140.,-73.75,13.));
#11126 = VECTOR('',#11127,1.);
#11127 = DIRECTION('',(-1.,0.,0.));
#11128 = PCURVE('',#9602,#11129);
#11129 = DEFINITIONAL_REPRESENTATION('',(#11130),#11134);
#11130 = LINE('',#11131,#11132);
#11131 = CARTESIAN_POINT('',(20.,1.25));
#11132 = VECTOR('',#11133,1.);
#11133 = DIRECTION('',(-1.,0.));
#11134 = ( GEOMETRIC_REPRESENTATION_CONTEXT(2) 
PARAMETRIC_REPRESENTATION_CONTEXT() REPRESENTATION_CONTEXT('2D SPACE',''
  ) );
#11135 = PCURVE('',#11048,#11136);
#11136 = DEFINITIONAL_REPRESENTATION('',(#11137),#11141);
#11137 = LINE('',#11138,#11139);
#11138 = CARTESIAN_POINT('',(0.,-0.));
#11139 = VECTOR('',#11140,1.);
#11140 = DIRECTION('',(1.,0.));
#11141 = ( GEOMETRIC_REPRESENTATION_CONTEXT(2) 
PARAMETRIC_REPRESENTATION_CONTEXT() REPRESENTATION_CONTEXT('2D SPACE',''
  ) );
#11142 = ADVANCED_FACE('',(#11143),#9657,.F.);
#11143 = FACE_BOUND('',#11144,.F.);
#11144 = EDGE_LOOP('',(#11145,#11166,#11167));
#11145 = ORIENTED_EDGE('',*,*,#11146,.T.);
#11146 = EDGE_CURVE('',#9673,#9618,#11147,.T.);
#11147 = SURFACE_CURVE('',#11148,(#11152,#11159),.PCURVE_S1.);
#11148 = LINE('',#11149,#11150);
#11149 = CARTESIAN_POINT('',(140.,-75.,13.));
#11150 = VECTOR('',#11151,1.);
#11151 = DIRECTION('',(-1.,0.,0.));
#11152 = PCURVE('',#9657,#11153);
#11153 = DEFINITIONAL_REPRESENTATION('',(#11154),#11158);
#11154 = LINE('',#11155,#11156);
#11155 = CARTESIAN_POINT('',(20.,17.5));
#11156 = VECTOR('',#11157,1.);
#11157 = DIRECTION('',(-1.,0.));
#11158 = ( GEOMETRIC_REPRESENTATION_CONTEXT(2) 
PARAMETRIC_REPRESENTATION_CONTEXT() REPRESENTATION_CONTEXT('2D SPACE',''
  ) );
#11159 = PCURVE('',#11110,#11160);
#11160 = DEFINITIONAL_REPRESENTATION('',(#11161),#11165);
#11161 = LINE('',#11162,#11163);
#11162 = CARTESIAN_POINT('',(0.,0.));
#11163 = VECTOR('',#11164,1.);
#11164 = DIRECTION('',(-1.,0.));
#11165 = ( GEOMETRIC_REPRESENTATION_CONTEXT(2) 
PARAMETRIC_REPRESENTATION_CONTEXT() REPRESENTATION_CONTEXT('2D SPACE',''
  ) );
#11166 = ORIENTED_EDGE('',*,*,#9642,.T.);
#11167 = ORIENTED_EDGE('',*,*,#9672,.F.);
#11168 = ADVANCED_FACE('',(#11169),#9710,.F.);
#11169 = FACE_BOUND('',#11170,.F.);
#11170 = EDGE_LOOP('',(#11171,#11198,#11199));
#11171 = ORIENTED_EDGE('',*,*,#11172,.T.);
#11172 = EDGE_CURVE('',#9726,#9673,#11173,.T.);
#11173 = SURFACE_CURVE('',#11174,(#11179,#11186),.PCURVE_S1.);
#11174 = CIRCLE('',#11175,5.000115766671);
#11175 = AXIS2_PLACEMENT_3D('',#11176,#11177,#11178);
#11176 = CARTESIAN_POINT('',(139.99988423466,-80.00011576533,13.));
#11177 = DIRECTION('',(0.,0.,1.));
#11178 = DIRECTION('',(0.999999999732,2.315253008835E-05,-0.));
#11179 = PCURVE('',#9710,#11180);
#11180 = DEFINITIONAL_REPRESENTATION('',(#11181),#11185);
#11181 = CIRCLE('',#11182,5.000115766671);
#11182 = AXIS2_PLACEMENT_2D('',#11183,#11184);
#11183 = CARTESIAN_POINT('',(19.999884234669,12.499884234669));
#11184 = DIRECTION('',(0.999999999732,2.315253008835E-05));
#11185 = ( GEOMETRIC_REPRESENTATION_CONTEXT(2) 
PARAMETRIC_REPRESENTATION_CONTEXT() REPRESENTATION_CONTEXT('2D SPACE',''
  ) );
#11186 = PCURVE('',#11187,#11192);
#11187 = PLANE('',#11188);
#11188 = AXIS2_PLACEMENT_3D('',#11189,#11190,#11191);
#11189 = CARTESIAN_POINT('',(140.,-75.,13.));
#11190 = DIRECTION('',(0.,0.,1.));
#11191 = DIRECTION('',(1.,0.,-0.));
#11192 = DEFINITIONAL_REPRESENTATION('',(#11193),#11197);
#11193 = CIRCLE('',#11194,5.000115766671);
#11194 = AXIS2_PLACEMENT_2D('',#11195,#11196);
#11195 = CARTESIAN_POINT('',(-1.157653307473E-04,-5.000115765331));
#11196 = DIRECTION('',(0.999999999732,2.315253008835E-05));
#11197 = ( GEOMETRIC_REPRESENTATION_CONTEXT(2) 
PARAMETRIC_REPRESENTATION_CONTEXT() REPRESENTATION_CONTEXT('2D SPACE',''
  ) );
#11198 = ORIENTED_EDGE('',*,*,#9696,.F.);
#11199 = ORIENTED_EDGE('',*,*,#9725,.T.);
#11200 = ADVANCED_FACE('',(#11201),#9794,.F.);
#11201 = FACE_BOUND('',#11202,.F.);
#11202 = EDGE_LOOP('',(#11203,#11232,#11261,#11285,#11307));
#11203 = ORIENTED_EDGE('',*,*,#11204,.F.);
#11204 = EDGE_CURVE('',#11205,#9751,#11207,.T.);
#11205 = VERTEX_POINT('',#11206);
#11206 = CARTESIAN_POINT('',(146.24999999966,-79.99997105933,13.));
#11207 = SURFACE_CURVE('',#11208,(#11213,#11220),.PCURVE_S1.);
#11208 = CIRCLE('',#11209,1.25);
#11209 = AXIS2_PLACEMENT_3D('',#11210,#11211,#11212);
#11210 = CARTESIAN_POINT('',(145.,-80.,13.));
#11211 = DIRECTION('',(0.,0.,1.));
#11212 = DIRECTION('',(1.,0.,-0.));
#11213 = PCURVE('',#9794,#11214);
#11214 = DEFINITIONAL_REPRESENTATION('',(#11215),#11219);
#11215 = CIRCLE('',#11216,1.25);
#11216 = AXIS2_PLACEMENT_2D('',#11217,#11218);
#11217 = CARTESIAN_POINT('',(1.891519540324,-3.108480459676));
#11218 = DIRECTION('',(1.,0.));
#11219 = ( GEOMETRIC_REPRESENTATION_CONTEXT(2) 
PARAMETRIC_REPRESENTATION_CONTEXT() REPRESENTATION_CONTEXT('2D SPACE',''
  ) );
#11220 = PCURVE('',#11221,#11226);
#11221 = PLANE('',#11222);
#11222 = AXIS2_PLACEMENT_3D('',#11223,#11224,#11225);
#11223 = CARTESIAN_POINT('',(145.,-80.,13.));
#11224 = DIRECTION('',(0.,0.,1.));
#11225 = DIRECTION('',(1.,0.,-0.));
#11226 = DEFINITIONAL_REPRESENTATION('',(#11227),#11231);
#11227 = CIRCLE('',#11228,1.25);
#11228 = AXIS2_PLACEMENT_2D('',#11229,#11230);
#11229 = CARTESIAN_POINT('',(2.84217094304E-14,0.));
#11230 = DIRECTION('',(1.,0.));
#11231 = ( GEOMETRIC_REPRESENTATION_CONTEXT(2) 
PARAMETRIC_REPRESENTATION_CONTEXT() REPRESENTATION_CONTEXT('2D SPACE',''
  ) );
#11232 = ORIENTED_EDGE('',*,*,#11233,.T.);
#11233 = EDGE_CURVE('',#11205,#11234,#11236,.T.);
#11234 = VERTEX_POINT('',#11235);
#11235 = CARTESIAN_POINT('',(140.00002894066,-73.75000000033,13.));
#11236 = SURFACE_CURVE('',#11237,(#11242,#11249),.PCURVE_S1.);
#11237 = CIRCLE('',#11238,6.250115766671);
#11238 = AXIS2_PLACEMENT_3D('',#11239,#11240,#11241);
#11239 = CARTESIAN_POINT('',(139.99988423466,-80.00011576533,13.));
#11240 = DIRECTION('',(0.,0.,1.));
#11241 = DIRECTION('',(0.999999999732,2.315253023486E-05,-0.));
#11242 = PCURVE('',#9794,#11243);
#11243 = DEFINITIONAL_REPRESENTATION('',(#11244),#11248);
#11244 = CIRCLE('',#11245,6.250115766671);
#11245 = AXIS2_PLACEMENT_2D('',#11246,#11247);
#11246 = CARTESIAN_POINT('',(-3.108596225007,-3.108596225008));
#11247 = DIRECTION('',(0.999999999732,2.315253023486E-05));
#11248 = ( GEOMETRIC_REPRESENTATION_CONTEXT(2) 
PARAMETRIC_REPRESENTATION_CONTEXT() REPRESENTATION_CONTEXT('2D SPACE',''
  ) );
#11249 = PCURVE('',#11250,#11255);
#11250 = CYLINDRICAL_SURFACE('',#11251,6.250115766671);
#11251 = AXIS2_PLACEMENT_3D('',#11252,#11253,#11254);
#11252 = CARTESIAN_POINT('',(139.99988423466,-80.00011576533,13.));
#11253 = DIRECTION('',(-0.,-0.,-1.));
#11254 = DIRECTION('',(0.999999999732,2.315253023486E-05,-0.));
#11255 = DEFINITIONAL_REPRESENTATION('',(#11256),#11260);
#11256 = LINE('',#11257,#11258);
#11257 = CARTESIAN_POINT('',(-0.,0.));
#11258 = VECTOR('',#11259,1.);
#11259 = DIRECTION('',(-1.,0.));
#11260 = ( GEOMETRIC_REPRESENTATION_CONTEXT(2) 
PARAMETRIC_REPRESENTATION_CONTEXT() REPRESENTATION_CONTEXT('2D SPACE',''
  ) );
#11261 = ORIENTED_EDGE('',*,*,#11262,.F.);
#11262 = EDGE_CURVE('',#11263,#11234,#11265,.T.);
#11263 = VERTEX_POINT('',#11264);
#11264 = CARTESIAN_POINT('',(141.25,-75.,13.));
#11265 = SURFACE_CURVE('',#11266,(#11271,#11278),.PCURVE_S1.);
#11266 = CIRCLE('',#11267,1.25);
#11267 = AXIS2_PLACEMENT_3D('',#11268,#11269,#11270);
#11268 = CARTESIAN_POINT('',(140.,-75.,13.));
#11269 = DIRECTION('',(0.,0.,1.));
#11270 = DIRECTION('',(1.,0.,-0.));
#11271 = PCURVE('',#9794,#11272);
#11272 = DEFINITIONAL_REPRESENTATION('',(#11273),#11277);
#11273 = CIRCLE('',#11274,1.25);
#11274 = AXIS2_PLACEMENT_2D('',#11275,#11276);
#11275 = CARTESIAN_POINT('',(-3.108480459676,1.891519540324));
#11276 = DIRECTION('',(1.,0.));
#11277 = ( GEOMETRIC_REPRESENTATION_CONTEXT(2) 
PARAMETRIC_REPRESENTATION_CONTEXT() REPRESENTATION_CONTEXT('2D SPACE',''
  ) );
#11278 = PCURVE('',#11187,#11279);
#11279 = DEFINITIONAL_REPRESENTATION('',(#11280),#11284);
#11280 = CIRCLE('',#11281,1.25);
#11281 = AXIS2_PLACEMENT_2D('',#11282,#11283);
#11282 = CARTESIAN_POINT('',(0.,0.));
#11283 = DIRECTION('',(1.,0.));
#11284 = ( GEOMETRIC_REPRESENTATION_CONTEXT(2) 
PARAMETRIC_REPRESENTATION_CONTEXT() REPRESENTATION_CONTEXT('2D SPACE',''
  ) );
#11285 = ORIENTED_EDGE('',*,*,#11286,.F.);
#11286 = EDGE_CURVE('',#9726,#11263,#11287,.T.);
#11287 = SURFACE_CURVE('',#11288,(#11293,#11300),.PCURVE_S1.);
#11288 = CIRCLE('',#11289,1.25);
#11289 = AXIS2_PLACEMENT_3D('',#11290,#11291,#11292);
#11290 = CARTESIAN_POINT('',(140.,-75.,13.));
#11291 = DIRECTION('',(0.,0.,1.));
#11292 = DIRECTION('',(-1.,0.,-0.));
#11293 = PCURVE('',#9794,#11294);
#11294 = DEFINITIONAL_REPRESENTATION('',(#11295),#11299);
#11295 = CIRCLE('',#11296,1.25);
#11296 = AXIS2_PLACEMENT_2D('',#11297,#11298);
#11297 = CARTESIAN_POINT('',(-3.108480459676,1.891519540324));
#11298 = DIRECTION('',(-1.,0.));
#11299 = ( GEOMETRIC_REPRESENTATION_CONTEXT(2) 
PARAMETRIC_REPRESENTATION_CONTEXT() REPRESENTATION_CONTEXT('2D SPACE',''
  ) );
#11300 = PCURVE('',#11187,#11301);
#11301 = DEFINITIONAL_REPRESENTATION('',(#11302),#11306);
#11302 = CIRCLE('',#11303,1.25);
#11303 = AXIS2_PLACEMENT_2D('',#11304,#11305);
#11304 = CARTESIAN_POINT('',(0.,0.));
#11305 = DIRECTION('',(-1.,0.));
#11306 = ( GEOMETRIC_REPRESENTATION_CONTEXT(2) 
PARAMETRIC_REPRESENTATION_CONTEXT() REPRESENTATION_CONTEXT('2D SPACE',''
  ) );
#11307 = ORIENTED_EDGE('',*,*,#9779,.F.);
#11308 = ADVANCED_FACE('',(#11309),#9767,.F.);
#11309 = FACE_BOUND('',#11310,.F.);
#11310 = EDGE_LOOP('',(#11311,#11312,#11313));
#11311 = ORIENTED_EDGE('',*,*,#9750,.T.);
#11312 = ORIENTED_EDGE('',*,*,#9840,.F.);
#11313 = ORIENTED_EDGE('',*,*,#11314,.T.);
#11314 = EDGE_CURVE('',#9841,#9751,#11315,.T.);
#11315 = SURFACE_CURVE('',#11316,(#11321,#11328),.PCURVE_S1.);
#11316 = CIRCLE('',#11317,5.000115766671);
#11317 = AXIS2_PLACEMENT_3D('',#11318,#11319,#11320);
#11318 = CARTESIAN_POINT('',(139.99988423466,-80.00011576533,13.));
#11319 = DIRECTION('',(0.,0.,1.));
#11320 = DIRECTION('',(0.999999999732,2.315253008835E-05,-0.));
#11321 = PCURVE('',#9767,#11322);
#11322 = DEFINITIONAL_REPRESENTATION('',(#11323),#11327);
#11323 = CIRCLE('',#11324,5.000115766671);
#11324 = AXIS2_PLACEMENT_2D('',#11325,#11326);
#11325 = CARTESIAN_POINT('',(19.999884234669,12.499884234669));
#11326 = DIRECTION('',(0.999999999732,2.315253008835E-05));
#11327 = ( GEOMETRIC_REPRESENTATION_CONTEXT(2) 
PARAMETRIC_REPRESENTATION_CONTEXT() REPRESENTATION_CONTEXT('2D SPACE',''
  ) );
#11328 = PCURVE('',#11221,#11329);
#11329 = DEFINITIONAL_REPRESENTATION('',(#11330),#11334);
#11330 = CIRCLE('',#11331,5.000115766671);
#11331 = AXIS2_PLACEMENT_2D('',#11332,#11333);
#11332 = CARTESIAN_POINT('',(-5.000115765331,-1.157653307331E-04));
#11333 = DIRECTION('',(0.999999999732,2.315253008835E-05));
#11334 = ( GEOMETRIC_REPRESENTATION_CONTEXT(2) 
PARAMETRIC_REPRESENTATION_CONTEXT() REPRESENTATION_CONTEXT('2D SPACE',''
  ) );
#11335 = ADVANCED_FACE('',(#11336),#9825,.F.);
#11336 = FACE_BOUND('',#11337,.F.);
#11337 = EDGE_LOOP('',(#11338,#11339,#11365));
#11338 = ORIENTED_EDGE('',*,*,#9811,.F.);
#11339 = ORIENTED_EDGE('',*,*,#11340,.T.);
#11340 = EDGE_CURVE('',#9422,#9895,#11341,.T.);
#11341 = SURFACE_CURVE('',#11342,(#11346,#11353),.PCURVE_S1.);
#11342 = LINE('',#11343,#11344);
#11343 = CARTESIAN_POINT('',(95.,-80.,13.));
#11344 = VECTOR('',#11345,1.);
#11345 = DIRECTION('',(0.,-1.,0.));
#11346 = PCURVE('',#9825,#11347);
#11347 = DEFINITIONAL_REPRESENTATION('',(#11348),#11352);
#11348 = LINE('',#11349,#11350);
#11349 = CARTESIAN_POINT('',(-25.,12.5));
#11350 = VECTOR('',#11351,1.);
#11351 = DIRECTION('',(0.,-1.));
#11352 = ( GEOMETRIC_REPRESENTATION_CONTEXT(2) 
PARAMETRIC_REPRESENTATION_CONTEXT() REPRESENTATION_CONTEXT('2D SPACE',''
  ) );
#11353 = PCURVE('',#11354,#11359);
#11354 = PLANE('',#11355);
#11355 = AXIS2_PLACEMENT_3D('',#11356,#11357,#11358);
#11356 = CARTESIAN_POINT('',(95.,-80.,13.));
#11357 = DIRECTION('',(0.,0.,1.));
#11358 = DIRECTION('',(1.,0.,-0.));
#11359 = DEFINITIONAL_REPRESENTATION('',(#11360),#11364);
#11360 = LINE('',#11361,#11362);
#11361 = CARTESIAN_POINT('',(-1.42108547152E-14,0.));
#11362 = VECTOR('',#11363,1.);
#11363 = DIRECTION('',(0.,-1.));
#11364 = ( GEOMETRIC_REPRESENTATION_CONTEXT(2) 
PARAMETRIC_REPRESENTATION_CONTEXT() REPRESENTATION_CONTEXT('2D SPACE',''
  ) );
#11365 = ORIENTED_EDGE('',*,*,#9894,.T.);
#11366 = ADVANCED_FACE('',(#11367),#9878,.F.);
#11367 = FACE_BOUND('',#11368,.F.);
#11368 = EDGE_LOOP('',(#11369,#11395,#11396));
#11369 = ORIENTED_EDGE('',*,*,#11370,.T.);
#11370 = EDGE_CURVE('',#9977,#9841,#11371,.T.);
#11371 = SURFACE_CURVE('',#11372,(#11376,#11383),.PCURVE_S1.);
#11372 = LINE('',#11373,#11374);
#11373 = CARTESIAN_POINT('',(145.,-105.,13.));
#11374 = VECTOR('',#11375,1.);
#11375 = DIRECTION('',(0.,1.,0.));
#11376 = PCURVE('',#9878,#11377);
#11377 = DEFINITIONAL_REPRESENTATION('',(#11378),#11382);
#11378 = LINE('',#11379,#11380);
#11379 = CARTESIAN_POINT('',(25.,-12.5));
#11380 = VECTOR('',#11381,1.);
#11381 = DIRECTION('',(0.,1.));
#11382 = ( GEOMETRIC_REPRESENTATION_CONTEXT(2) 
PARAMETRIC_REPRESENTATION_CONTEXT() REPRESENTATION_CONTEXT('2D SPACE',''
  ) );
#11383 = PCURVE('',#11384,#11389);
#11384 = PLANE('',#11385);
#11385 = AXIS2_PLACEMENT_3D('',#11386,#11387,#11388);
#11386 = CARTESIAN_POINT('',(145.,-80.,13.));
#11387 = DIRECTION('',(0.,0.,1.));
#11388 = DIRECTION('',(1.,0.,-0.));
#11389 = DEFINITIONAL_REPRESENTATION('',(#11390),#11394);
#11390 = LINE('',#11391,#11392);
#11391 = CARTESIAN_POINT('',(2.84217094304E-14,-25.));
#11392 = VECTOR('',#11393,1.);
#11393 = DIRECTION('',(0.,1.));
#11394 = ( GEOMETRIC_REPRESENTATION_CONTEXT(2) 
PARAMETRIC_REPRESENTATION_CONTEXT() REPRESENTATION_CONTEXT('2D SPACE',''
  ) );
#11395 = ORIENTED_EDGE('',*,*,#9864,.F.);
#11396 = ORIENTED_EDGE('',*,*,#9976,.T.);
#11397 = ADVANCED_FACE('',(#11398),#9961,.F.);
#11398 = FACE_BOUND('',#11399,.F.);
#11399 = EDGE_LOOP('',(#11400,#11401,#11402));
#11400 = ORIENTED_EDGE('',*,*,#10060,.F.);
#11401 = ORIENTED_EDGE('',*,*,#9946,.T.);
#11402 = ORIENTED_EDGE('',*,*,#11403,.T.);
#11403 = EDGE_CURVE('',#9919,#10061,#11404,.T.);
#11404 = SURFACE_CURVE('',#11405,(#11409,#11416),.PCURVE_S1.);
#11405 = LINE('',#11406,#11407);
#11406 = CARTESIAN_POINT('',(95.,-80.,13.));
#11407 = VECTOR('',#11408,1.);
#11408 = DIRECTION('',(0.,-1.,0.));
#11409 = PCURVE('',#9961,#11410);
#11410 = DEFINITIONAL_REPRESENTATION('',(#11411),#11415);
#11411 = LINE('',#11412,#11413);
#11412 = CARTESIAN_POINT('',(-25.,12.5));
#11413 = VECTOR('',#11414,1.);
#11414 = DIRECTION('',(0.,-1.));
#11415 = ( GEOMETRIC_REPRESENTATION_CONTEXT(2) 
PARAMETRIC_REPRESENTATION_CONTEXT() REPRESENTATION_CONTEXT('2D SPACE',''
  ) );
#11416 = PCURVE('',#11417,#11422);
#11417 = PLANE('',#11418);
#11418 = AXIS2_PLACEMENT_3D('',#11419,#11420,#11421);
#11419 = CARTESIAN_POINT('',(95.,-105.,13.));
#11420 = DIRECTION('',(0.,0.,1.));
#11421 = DIRECTION('',(1.,0.,-0.));
#11422 = DEFINITIONAL_REPRESENTATION('',(#11423),#11427);
#11423 = LINE('',#11424,#11425);
#11424 = CARTESIAN_POINT('',(-1.42108547152E-14,25.));
#11425 = VECTOR('',#11426,1.);
#11426 = DIRECTION('',(0.,-1.));
#11427 = ( GEOMETRIC_REPRESENTATION_CONTEXT(2) 
PARAMETRIC_REPRESENTATION_CONTEXT() REPRESENTATION_CONTEXT('2D SPACE',''
  ) );
#11428 = ADVANCED_FACE('',(#11429),#9934,.F.);
#11429 = FACE_BOUND('',#11430,.F.);
#11430 = EDGE_LOOP('',(#11431,#11455,#11456,#11480));
#11431 = ORIENTED_EDGE('',*,*,#11432,.F.);
#11432 = EDGE_CURVE('',#9919,#11433,#11435,.T.);
#11433 = VERTEX_POINT('',#11434);
#11434 = CARTESIAN_POINT('',(93.75,-105.,13.));
#11435 = SURFACE_CURVE('',#11436,(#11441,#11448),.PCURVE_S1.);
#11436 = CIRCLE('',#11437,1.25);
#11437 = AXIS2_PLACEMENT_3D('',#11438,#11439,#11440);
#11438 = CARTESIAN_POINT('',(95.,-105.,13.));
#11439 = DIRECTION('',(0.,0.,1.));
#11440 = DIRECTION('',(1.,0.,-0.));
#11441 = PCURVE('',#9934,#11442);
#11442 = DEFINITIONAL_REPRESENTATION('',(#11443),#11447);
#11443 = CIRCLE('',#11444,1.25);
#11444 = AXIS2_PLACEMENT_2D('',#11445,#11446);
#11445 = CARTESIAN_POINT('',(0.,-12.5));
#11446 = DIRECTION('',(1.,0.));
#11447 = ( GEOMETRIC_REPRESENTATION_CONTEXT(2) 
PARAMETRIC_REPRESENTATION_CONTEXT() REPRESENTATION_CONTEXT('2D SPACE',''
  ) );
#11448 = PCURVE('',#11417,#11449);
#11449 = DEFINITIONAL_REPRESENTATION('',(#11450),#11454);
#11450 = CIRCLE('',#11451,1.25);
#11451 = AXIS2_PLACEMENT_2D('',#11452,#11453);
#11452 = CARTESIAN_POINT('',(-1.42108547152E-14,1.42108547152E-14));
#11453 = DIRECTION('',(1.,0.));
#11454 = ( GEOMETRIC_REPRESENTATION_CONTEXT(2) 
PARAMETRIC_REPRESENTATION_CONTEXT() REPRESENTATION_CONTEXT('2D SPACE',''
  ) );
#11455 = ORIENTED_EDGE('',*,*,#9918,.F.);
#11456 = ORIENTED_EDGE('',*,*,#11457,.F.);
#11457 = EDGE_CURVE('',#11458,#9895,#11460,.T.);
#11458 = VERTEX_POINT('',#11459);
#11459 = CARTESIAN_POINT('',(93.75,-80.,13.));
#11460 = SURFACE_CURVE('',#11461,(#11466,#11473),.PCURVE_S1.);
#11461 = CIRCLE('',#11462,1.25);
#11462 = AXIS2_PLACEMENT_3D('',#11463,#11464,#11465);
#11463 = CARTESIAN_POINT('',(95.,-80.,13.));
#11464 = DIRECTION('',(0.,0.,1.));
#11465 = DIRECTION('',(-1.,0.,-0.));
#11466 = PCURVE('',#9934,#11467);
#11467 = DEFINITIONAL_REPRESENTATION('',(#11468),#11472);
#11468 = CIRCLE('',#11469,1.25);
#11469 = AXIS2_PLACEMENT_2D('',#11470,#11471);
#11470 = CARTESIAN_POINT('',(0.,12.5));
#11471 = DIRECTION('',(-1.,0.));
#11472 = ( GEOMETRIC_REPRESENTATION_CONTEXT(2) 
PARAMETRIC_REPRESENTATION_CONTEXT() REPRESENTATION_CONTEXT('2D SPACE',''
  ) );
#11473 = PCURVE('',#11354,#11474);
#11474 = DEFINITIONAL_REPRESENTATION('',(#11475),#11479);
#11475 = CIRCLE('',#11476,1.25);
#11476 = AXIS2_PLACEMENT_2D('',#11477,#11478);
#11477 = CARTESIAN_POINT('',(-1.42108547152E-14,0.));
#11478 = DIRECTION('',(-1.,0.));
#11479 = ( GEOMETRIC_REPRESENTATION_CONTEXT(2) 
PARAMETRIC_REPRESENTATION_CONTEXT() REPRESENTATION_CONTEXT('2D SPACE',''
  ) );
#11480 = ORIENTED_EDGE('',*,*,#11481,.T.);
#11481 = EDGE_CURVE('',#11458,#11433,#11482,.T.);
#11482 = SURFACE_CURVE('',#11483,(#11487,#11494),.PCURVE_S1.);
#11483 = LINE('',#11484,#11485);
#11484 = CARTESIAN_POINT('',(93.75,-80.,13.));
#11485 = VECTOR('',#11486,1.);
#11486 = DIRECTION('',(0.,-1.,0.));
#11487 = PCURVE('',#9934,#11488);
#11488 = DEFINITIONAL_REPRESENTATION('',(#11489),#11493);
#11489 = LINE('',#11490,#11491);
#11490 = CARTESIAN_POINT('',(-1.25,12.5));
#11491 = VECTOR('',#11492,1.);
#11492 = DIRECTION('',(0.,-1.));
#11493 = ( GEOMETRIC_REPRESENTATION_CONTEXT(2) 
PARAMETRIC_REPRESENTATION_CONTEXT() REPRESENTATION_CONTEXT('2D SPACE',''
  ) );
#11494 = PCURVE('',#11495,#11500);
#11495 = PLANE('',#11496);
#11496 = AXIS2_PLACEMENT_3D('',#11497,#11498,#11499);
#11497 = CARTESIAN_POINT('',(93.75,-80.,13.));
#11498 = DIRECTION('',(1.,0.,-0.));
#11499 = DIRECTION('',(0.,-1.,0.));
#11500 = DEFINITIONAL_REPRESENTATION('',(#11501),#11505);
#11501 = LINE('',#11502,#11503);
#11502 = CARTESIAN_POINT('',(0.,0.));
#11503 = VECTOR('',#11504,1.);
#11504 = DIRECTION('',(1.,0.));
#11505 = ( GEOMETRIC_REPRESENTATION_CONTEXT(2) 
PARAMETRIC_REPRESENTATION_CONTEXT() REPRESENTATION_CONTEXT('2D SPACE',''
  ) );
#11506 = ADVANCED_FACE('',(#11507),#10044,.F.);
#11507 = FACE_BOUND('',#11508,.F.);
#11508 = EDGE_LOOP('',(#11509,#11533,#11534,#11563));
#11509 = ORIENTED_EDGE('',*,*,#11510,.F.);
#11510 = EDGE_CURVE('',#9977,#11511,#11513,.T.);
#11511 = VERTEX_POINT('',#11512);
#11512 = CARTESIAN_POINT('',(146.25,-80.,13.));
#11513 = SURFACE_CURVE('',#11514,(#11519,#11526),.PCURVE_S1.);
#11514 = CIRCLE('',#11515,1.25);
#11515 = AXIS2_PLACEMENT_3D('',#11516,#11517,#11518);
#11516 = CARTESIAN_POINT('',(145.,-80.,13.));
#11517 = DIRECTION('',(0.,0.,1.));
#11518 = DIRECTION('',(-1.,0.,-0.));
#11519 = PCURVE('',#10044,#11520);
#11520 = DEFINITIONAL_REPRESENTATION('',(#11521),#11525);
#11521 = CIRCLE('',#11522,1.25);
#11522 = AXIS2_PLACEMENT_2D('',#11523,#11524);
#11523 = CARTESIAN_POINT('',(0.,12.5));
#11524 = DIRECTION('',(-1.,0.));
#11525 = ( GEOMETRIC_REPRESENTATION_CONTEXT(2) 
PARAMETRIC_REPRESENTATION_CONTEXT() REPRESENTATION_CONTEXT('2D SPACE',''
  ) );
#11526 = PCURVE('',#11384,#11527);
#11527 = DEFINITIONAL_REPRESENTATION('',(#11528),#11532);
#11528 = CIRCLE('',#11529,1.25);
#11529 = AXIS2_PLACEMENT_2D('',#11530,#11531);
#11530 = CARTESIAN_POINT('',(2.84217094304E-14,0.));
#11531 = DIRECTION('',(-1.,0.));
#11532 = ( GEOMETRIC_REPRESENTATION_CONTEXT(2) 
PARAMETRIC_REPRESENTATION_CONTEXT() REPRESENTATION_CONTEXT('2D SPACE',''
  ) );
#11533 = ORIENTED_EDGE('',*,*,#10030,.F.);
#11534 = ORIENTED_EDGE('',*,*,#11535,.F.);
#11535 = EDGE_CURVE('',#11536,#10002,#11538,.T.);
#11536 = VERTEX_POINT('',#11537);
#11537 = CARTESIAN_POINT('',(146.25,-105.,13.));
#11538 = SURFACE_CURVE('',#11539,(#11544,#11551),.PCURVE_S1.);
#11539 = CIRCLE('',#11540,1.25);
#11540 = AXIS2_PLACEMENT_3D('',#11541,#11542,#11543);
#11541 = CARTESIAN_POINT('',(145.,-105.,13.));
#11542 = DIRECTION('',(0.,0.,1.));
#11543 = DIRECTION('',(1.,0.,-0.));
#11544 = PCURVE('',#10044,#11545);
#11545 = DEFINITIONAL_REPRESENTATION('',(#11546),#11550);
#11546 = CIRCLE('',#11547,1.25);
#11547 = AXIS2_PLACEMENT_2D('',#11548,#11549);
#11548 = CARTESIAN_POINT('',(0.,-12.5));
#11549 = DIRECTION('',(1.,0.));
#11550 = ( GEOMETRIC_REPRESENTATION_CONTEXT(2) 
PARAMETRIC_REPRESENTATION_CONTEXT() REPRESENTATION_CONTEXT('2D SPACE',''
  ) );
#11551 = PCURVE('',#11552,#11557);
#11552 = PLANE('',#11553);
#11553 = AXIS2_PLACEMENT_3D('',#11554,#11555,#11556);
#11554 = CARTESIAN_POINT('',(145.,-105.,13.));
#11555 = DIRECTION('',(0.,0.,1.));
#11556 = DIRECTION('',(1.,0.,-0.));
#11557 = DEFINITIONAL_REPRESENTATION('',(#11558),#11562);
#11558 = CIRCLE('',#11559,1.25);
#11559 = AXIS2_PLACEMENT_2D('',#11560,#11561);
#11560 = CARTESIAN_POINT('',(2.84217094304E-14,1.42108547152E-14));
#11561 = DIRECTION('',(1.,0.));
#11562 = ( GEOMETRIC_REPRESENTATION_CONTEXT(2) 
PARAMETRIC_REPRESENTATION_CONTEXT() REPRESENTATION_CONTEXT('2D SPACE',''
  ) );
#11563 = ORIENTED_EDGE('',*,*,#11564,.T.);
#11564 = EDGE_CURVE('',#11536,#11511,#11565,.T.);
#11565 = SURFACE_CURVE('',#11566,(#11570,#11577),.PCURVE_S1.);
#11566 = LINE('',#11567,#11568);
#11567 = CARTESIAN_POINT('',(146.25,-105.,13.));
#11568 = VECTOR('',#11569,1.);
#11569 = DIRECTION('',(0.,1.,0.));
#11570 = PCURVE('',#10044,#11571);
#11571 = DEFINITIONAL_REPRESENTATION('',(#11572),#11576);
#11572 = LINE('',#11573,#11574);
#11573 = CARTESIAN_POINT('',(1.25,-12.5));
#11574 = VECTOR('',#11575,1.);
#11575 = DIRECTION('',(0.,1.));
#11576 = ( GEOMETRIC_REPRESENTATION_CONTEXT(2) 
PARAMETRIC_REPRESENTATION_CONTEXT() REPRESENTATION_CONTEXT('2D SPACE',''
  ) );
#11577 = PCURVE('',#11578,#11583);
#11578 = PLANE('',#11579);
#11579 = AXIS2_PLACEMENT_3D('',#11580,#11581,#11582);
#11580 = CARTESIAN_POINT('',(146.25,-105.,13.));
#11581 = DIRECTION('',(-1.,0.,0.));
#11582 = DIRECTION('',(0.,1.,0.));
#11583 = DEFINITIONAL_REPRESENTATION('',(#11584),#11588);
#11584 = LINE('',#11585,#11586);
#11585 = CARTESIAN_POINT('',(0.,0.));
#11586 = VECTOR('',#11587,1.);
#11587 = DIRECTION('',(1.,0.));
#11588 = ( GEOMETRIC_REPRESENTATION_CONTEXT(2) 
PARAMETRIC_REPRESENTATION_CONTEXT() REPRESENTATION_CONTEXT('2D SPACE',''
  ) );
#11589 = ADVANCED_FACE('',(#11590),#10018,.F.);
#11590 = FACE_BOUND('',#11591,.F.);
#11591 = EDGE_LOOP('',(#11592,#11593,#11594));
#11592 = ORIENTED_EDGE('',*,*,#10001,.T.);
#11593 = ORIENTED_EDGE('',*,*,#10112,.F.);
#11594 = ORIENTED_EDGE('',*,*,#11595,.T.);
#11595 = EDGE_CURVE('',#10113,#10002,#11596,.T.);
#11596 = SURFACE_CURVE('',#11597,(#11601,#11608),.PCURVE_S1.);
#11597 = LINE('',#11598,#11599);
#11598 = CARTESIAN_POINT('',(145.,-105.,13.));
#11599 = VECTOR('',#11600,1.);
#11600 = DIRECTION('',(0.,1.,0.));
#11601 = PCURVE('',#10018,#11602);
#11602 = DEFINITIONAL_REPRESENTATION('',(#11603),#11607);
#11603 = LINE('',#11604,#11605);
#11604 = CARTESIAN_POINT('',(25.,-12.5));
#11605 = VECTOR('',#11606,1.);
#11606 = DIRECTION('',(0.,1.));
#11607 = ( GEOMETRIC_REPRESENTATION_CONTEXT(2) 
PARAMETRIC_REPRESENTATION_CONTEXT() REPRESENTATION_CONTEXT('2D SPACE',''
  ) );
#11608 = PCURVE('',#11552,#11609);
#11609 = DEFINITIONAL_REPRESENTATION('',(#11610),#11614);
#11610 = LINE('',#11611,#11612);
#11611 = CARTESIAN_POINT('',(2.84217094304E-14,1.42108547152E-14));
#11612 = VECTOR('',#11613,1.);
#11613 = DIRECTION('',(0.,1.));
#11614 = ( GEOMETRIC_REPRESENTATION_CONTEXT(2) 
PARAMETRIC_REPRESENTATION_CONTEXT() REPRESENTATION_CONTEXT('2D SPACE',''
  ) );
#11615 = ADVANCED_FACE('',(#11616),#10097,.F.);
#11616 = FACE_BOUND('',#11617,.F.);
#11617 = EDGE_LOOP('',(#11618,#11619,#11620));
#11618 = ORIENTED_EDGE('',*,*,#10166,.T.);
#11619 = ORIENTED_EDGE('',*,*,#10083,.F.);
#11620 = ORIENTED_EDGE('',*,*,#11621,.T.);
#11621 = EDGE_CURVE('',#10061,#10167,#11622,.T.);
#11622 = SURFACE_CURVE('',#11623,(#11628,#11635),.PCURVE_S1.);
#11623 = CIRCLE('',#11624,5.000115766671);
#11624 = AXIS2_PLACEMENT_3D('',#11625,#11626,#11627);
#11625 = CARTESIAN_POINT('',(100.00011576533,-104.9998842346,13.));
#11626 = DIRECTION('',(0.,0.,1.));
#11627 = DIRECTION('',(-0.999999999732,-2.31525300912E-05,0.));
#11628 = PCURVE('',#10097,#11629);
#11629 = DEFINITIONAL_REPRESENTATION('',(#11630),#11634);
#11630 = CIRCLE('',#11631,5.000115766671);
#11631 = AXIS2_PLACEMENT_2D('',#11632,#11633);
#11632 = CARTESIAN_POINT('',(-19.99988423466,-12.49988423466));
#11633 = DIRECTION('',(-0.999999999732,-2.31525300912E-05));
#11634 = ( GEOMETRIC_REPRESENTATION_CONTEXT(2) 
PARAMETRIC_REPRESENTATION_CONTEXT() REPRESENTATION_CONTEXT('2D SPACE',''
  ) );
#11635 = PCURVE('',#11636,#11641);
#11636 = PLANE('',#11637);
#11637 = AXIS2_PLACEMENT_3D('',#11638,#11639,#11640);
#11638 = CARTESIAN_POINT('',(95.,-105.,13.));
#11639 = DIRECTION('',(0.,0.,1.));
#11640 = DIRECTION('',(1.,0.,-0.));
#11641 = DEFINITIONAL_REPRESENTATION('',(#11642),#11646);
#11642 = CIRCLE('',#11643,5.000115766671);
#11643 = AXIS2_PLACEMENT_2D('',#11644,#11645);
#11644 = CARTESIAN_POINT('',(5.000115765331,1.157653307615E-04));
#11645 = DIRECTION('',(-0.999999999732,-2.31525300912E-05));
#11646 = ( GEOMETRIC_REPRESENTATION_CONTEXT(2) 
PARAMETRIC_REPRESENTATION_CONTEXT() REPRESENTATION_CONTEXT('2D SPACE',''
  ) );
#11647 = ADVANCED_FACE('',(#11648),#10150,.F.);
#11648 = FACE_BOUND('',#11649,.F.);
#11649 = EDGE_LOOP('',(#11650,#11651,#11652));
#11650 = ORIENTED_EDGE('',*,*,#10136,.F.);
#11651 = ORIENTED_EDGE('',*,*,#10249,.T.);
#11652 = ORIENTED_EDGE('',*,*,#11653,.T.);
#11653 = EDGE_CURVE('',#10250,#10113,#11654,.T.);
#11654 = SURFACE_CURVE('',#11655,(#11660,#11667),.PCURVE_S1.);
#11655 = CIRCLE('',#11656,5.000115766671);
#11656 = AXIS2_PLACEMENT_3D('',#11657,#11658,#11659);
#11657 = CARTESIAN_POINT('',(139.99988423466,-104.9998842346,13.));
#11658 = DIRECTION('',(0.,0.,1.));
#11659 = DIRECTION('',(2.31525300912E-05,-0.999999999732,0.));
#11660 = PCURVE('',#10150,#11661);
#11661 = DEFINITIONAL_REPRESENTATION('',(#11662),#11666);
#11662 = CIRCLE('',#11663,5.000115766671);
#11663 = AXIS2_PLACEMENT_2D('',#11664,#11665);
#11664 = CARTESIAN_POINT('',(19.999884234669,-12.49988423466));
#11665 = DIRECTION('',(2.31525300912E-05,-0.999999999732));
#11666 = ( GEOMETRIC_REPRESENTATION_CONTEXT(2) 
PARAMETRIC_REPRESENTATION_CONTEXT() REPRESENTATION_CONTEXT('2D SPACE',''
  ) );
#11667 = PCURVE('',#11668,#11673);
#11668 = PLANE('',#11669);
#11669 = AXIS2_PLACEMENT_3D('',#11670,#11671,#11672);
#11670 = CARTESIAN_POINT('',(145.,-105.,13.));
#11671 = DIRECTION('',(0.,0.,1.));
#11672 = DIRECTION('',(1.,0.,-0.));
#11673 = DEFINITIONAL_REPRESENTATION('',(#11674),#11678);
#11674 = CIRCLE('',#11675,5.000115766671);
#11675 = AXIS2_PLACEMENT_2D('',#11676,#11677);
#11676 = CARTESIAN_POINT('',(-5.000115765331,1.157653307473E-04));
#11677 = DIRECTION('',(2.31525300912E-05,-0.999999999732));
#11678 = ( GEOMETRIC_REPRESENTATION_CONTEXT(2) 
PARAMETRIC_REPRESENTATION_CONTEXT() REPRESENTATION_CONTEXT('2D SPACE',''
  ) );
#11679 = ADVANCED_FACE('',(#11680),#10234,.F.);
#11680 = FACE_BOUND('',#11681,.F.);
#11681 = EDGE_LOOP('',(#11682,#11683,#11684));
#11682 = ORIENTED_EDGE('',*,*,#10334,.F.);
#11683 = ORIENTED_EDGE('',*,*,#10219,.T.);
#11684 = ORIENTED_EDGE('',*,*,#11685,.T.);
#11685 = EDGE_CURVE('',#10191,#10335,#11686,.T.);
#11686 = SURFACE_CURVE('',#11687,(#11692,#11699),.PCURVE_S1.);
#11687 = CIRCLE('',#11688,5.000115766671);
#11688 = AXIS2_PLACEMENT_3D('',#11689,#11690,#11691);
#11689 = CARTESIAN_POINT('',(100.00011576533,-104.9998842346,13.));
#11690 = DIRECTION('',(0.,0.,1.));
#11691 = DIRECTION('',(-0.999999999732,-2.31525300912E-05,0.));
#11692 = PCURVE('',#10234,#11693);
#11693 = DEFINITIONAL_REPRESENTATION('',(#11694),#11698);
#11694 = CIRCLE('',#11695,5.000115766671);
#11695 = AXIS2_PLACEMENT_2D('',#11696,#11697);
#11696 = CARTESIAN_POINT('',(-19.99988423466,-12.49988423466));
#11697 = DIRECTION('',(-0.999999999732,-2.31525300912E-05));
#11698 = ( GEOMETRIC_REPRESENTATION_CONTEXT(2) 
PARAMETRIC_REPRESENTATION_CONTEXT() REPRESENTATION_CONTEXT('2D SPACE',''
  ) );
#11699 = PCURVE('',#11700,#11705);
#11700 = PLANE('',#11701);
#11701 = AXIS2_PLACEMENT_3D('',#11702,#11703,#11704);
#11702 = CARTESIAN_POINT('',(100.,-110.,13.));
#11703 = DIRECTION('',(0.,0.,1.));
#11704 = DIRECTION('',(1.,0.,-0.));
#11705 = DEFINITIONAL_REPRESENTATION('',(#11706),#11710);
#11706 = CIRCLE('',#11707,5.000115766671);
#11707 = AXIS2_PLACEMENT_2D('',#11708,#11709);
#11708 = CARTESIAN_POINT('',(1.157653307189E-04,5.000115765331));
#11709 = DIRECTION('',(-0.999999999732,-2.31525300912E-05));
#11710 = ( GEOMETRIC_REPRESENTATION_CONTEXT(2) 
PARAMETRIC_REPRESENTATION_CONTEXT() REPRESENTATION_CONTEXT('2D SPACE',''
  ) );
#11711 = ADVANCED_FACE('',(#11712),#10207,.F.);
#11712 = FACE_BOUND('',#11713,.F.);
#11713 = EDGE_LOOP('',(#11714,#11738,#11767,#11791,#11813));
#11714 = ORIENTED_EDGE('',*,*,#11715,.F.);
#11715 = EDGE_CURVE('',#11716,#10167,#11718,.T.);
#11716 = VERTEX_POINT('',#11717);
#11717 = CARTESIAN_POINT('',(93.750000000335,-105.0000289406,13.));
#11718 = SURFACE_CURVE('',#11719,(#11724,#11731),.PCURVE_S1.);
#11719 = CIRCLE('',#11720,1.25);
#11720 = AXIS2_PLACEMENT_3D('',#11721,#11722,#11723);
#11721 = CARTESIAN_POINT('',(95.,-105.,13.));
#11722 = DIRECTION('',(0.,0.,1.));
#11723 = DIRECTION('',(-1.,0.,-0.));
#11724 = PCURVE('',#10207,#11725);
#11725 = DEFINITIONAL_REPRESENTATION('',(#11726),#11730);
#11726 = CIRCLE('',#11727,1.25);
#11727 = AXIS2_PLACEMENT_2D('',#11728,#11729);
#11728 = CARTESIAN_POINT('',(-1.891519540323,3.108480459676));
#11729 = DIRECTION('',(-1.,0.));
#11730 = ( GEOMETRIC_REPRESENTATION_CONTEXT(2) 
PARAMETRIC_REPRESENTATION_CONTEXT() REPRESENTATION_CONTEXT('2D SPACE',''
  ) );
#11731 = PCURVE('',#11636,#11732);
#11732 = DEFINITIONAL_REPRESENTATION('',(#11733),#11737);
#11733 = CIRCLE('',#11734,1.25);
#11734 = AXIS2_PLACEMENT_2D('',#11735,#11736);
#11735 = CARTESIAN_POINT('',(-1.42108547152E-14,1.42108547152E-14));
#11736 = DIRECTION('',(-1.,0.));
#11737 = ( GEOMETRIC_REPRESENTATION_CONTEXT(2) 
PARAMETRIC_REPRESENTATION_CONTEXT() REPRESENTATION_CONTEXT('2D SPACE',''
  ) );
#11738 = ORIENTED_EDGE('',*,*,#11739,.T.);
#11739 = EDGE_CURVE('',#11716,#11740,#11742,.T.);
#11740 = VERTEX_POINT('',#11741);
#11741 = CARTESIAN_POINT('',(99.999971059338,-111.2499999996,13.));
#11742 = SURFACE_CURVE('',#11743,(#11748,#11755),.PCURVE_S1.);
#11743 = CIRCLE('',#11744,6.25011576667);
#11744 = AXIS2_PLACEMENT_3D('',#11745,#11746,#11747);
#11745 = CARTESIAN_POINT('',(100.00011576533,-104.9998842346,13.));
#11746 = DIRECTION('',(0.,0.,1.));
#11747 = DIRECTION('',(-0.999999999732,-2.315253013709E-05,0.));
#11748 = PCURVE('',#10207,#11749);
#11749 = DEFINITIONAL_REPRESENTATION('',(#11750),#11754);
#11750 = CIRCLE('',#11751,6.25011576667);
#11751 = AXIS2_PLACEMENT_2D('',#11752,#11753);
#11752 = CARTESIAN_POINT('',(3.108596225007,3.108596225007));
#11753 = DIRECTION('',(-0.999999999732,-2.315253013709E-05));
#11754 = ( GEOMETRIC_REPRESENTATION_CONTEXT(2) 
PARAMETRIC_REPRESENTATION_CONTEXT() REPRESENTATION_CONTEXT('2D SPACE',''
  ) );
#11755 = PCURVE('',#11756,#11761);
#11756 = CYLINDRICAL_SURFACE('',#11757,6.25011576667);
#11757 = AXIS2_PLACEMENT_3D('',#11758,#11759,#11760);
#11758 = CARTESIAN_POINT('',(100.00011576533,-104.9998842346,13.));
#11759 = DIRECTION('',(-0.,-0.,-1.));
#11760 = DIRECTION('',(-0.999999999732,-2.315253013709E-05,0.));
#11761 = DEFINITIONAL_REPRESENTATION('',(#11762),#11766);
#11762 = LINE('',#11763,#11764);
#11763 = CARTESIAN_POINT('',(-0.,0.));
#11764 = VECTOR('',#11765,1.);
#11765 = DIRECTION('',(-1.,0.));
#11766 = ( GEOMETRIC_REPRESENTATION_CONTEXT(2) 
PARAMETRIC_REPRESENTATION_CONTEXT() REPRESENTATION_CONTEXT('2D SPACE',''
  ) );
#11767 = ORIENTED_EDGE('',*,*,#11768,.F.);
#11768 = EDGE_CURVE('',#11769,#11740,#11771,.T.);
#11769 = VERTEX_POINT('',#11770);
#11770 = CARTESIAN_POINT('',(98.75,-110.,13.));
#11771 = SURFACE_CURVE('',#11772,(#11777,#11784),.PCURVE_S1.);
#11772 = CIRCLE('',#11773,1.25);
#11773 = AXIS2_PLACEMENT_3D('',#11774,#11775,#11776);
#11774 = CARTESIAN_POINT('',(100.,-110.,13.));
#11775 = DIRECTION('',(0.,0.,1.));
#11776 = DIRECTION('',(-1.,0.,-0.));
#11777 = PCURVE('',#10207,#11778);
#11778 = DEFINITIONAL_REPRESENTATION('',(#11779),#11783);
#11779 = CIRCLE('',#11780,1.25);
#11780 = AXIS2_PLACEMENT_2D('',#11781,#11782);
#11781 = CARTESIAN_POINT('',(3.108480459677,-1.891519540324));
#11782 = DIRECTION('',(-1.,0.));
#11783 = ( GEOMETRIC_REPRESENTATION_CONTEXT(2) 
PARAMETRIC_REPRESENTATION_CONTEXT() REPRESENTATION_CONTEXT('2D SPACE',''
  ) );
#11784 = PCURVE('',#11700,#11785);
#11785 = DEFINITIONAL_REPRESENTATION('',(#11786),#11790);
#11786 = CIRCLE('',#11787,1.25);
#11787 = AXIS2_PLACEMENT_2D('',#11788,#11789);
#11788 = CARTESIAN_POINT('',(-2.84217094304E-14,1.42108547152E-14));
#11789 = DIRECTION('',(-1.,0.));
#11790 = ( GEOMETRIC_REPRESENTATION_CONTEXT(2) 
PARAMETRIC_REPRESENTATION_CONTEXT() REPRESENTATION_CONTEXT('2D SPACE',''
  ) );
#11791 = ORIENTED_EDGE('',*,*,#11792,.F.);
#11792 = EDGE_CURVE('',#10191,#11769,#11793,.T.);
#11793 = SURFACE_CURVE('',#11794,(#11799,#11806),.PCURVE_S1.);
#11794 = CIRCLE('',#11795,1.25);
#11795 = AXIS2_PLACEMENT_3D('',#11796,#11797,#11798);
#11796 = CARTESIAN_POINT('',(100.,-110.,13.));
#11797 = DIRECTION('',(0.,0.,1.));
#11798 = DIRECTION('',(1.,0.,-0.));
#11799 = PCURVE('',#10207,#11800);
#11800 = DEFINITIONAL_REPRESENTATION('',(#11801),#11805);
#11801 = CIRCLE('',#11802,1.25);
#11802 = AXIS2_PLACEMENT_2D('',#11803,#11804);
#11803 = CARTESIAN_POINT('',(3.108480459677,-1.891519540324));
#11804 = DIRECTION('',(1.,0.));
#11805 = ( GEOMETRIC_REPRESENTATION_CONTEXT(2) 
PARAMETRIC_REPRESENTATION_CONTEXT() REPRESENTATION_CONTEXT('2D SPACE',''
  ) );
#11806 = PCURVE('',#11700,#11807);
#11807 = DEFINITIONAL_REPRESENTATION('',(#11808),#11812);
#11808 = CIRCLE('',#11809,1.25);
#11809 = AXIS2_PLACEMENT_2D('',#11810,#11811);
#11810 = CARTESIAN_POINT('',(-2.84217094304E-14,1.42108547152E-14));
#11811 = DIRECTION('',(1.,0.));
#11812 = ( GEOMETRIC_REPRESENTATION_CONTEXT(2) 
PARAMETRIC_REPRESENTATION_CONTEXT() REPRESENTATION_CONTEXT('2D SPACE',''
  ) );
#11813 = ORIENTED_EDGE('',*,*,#10190,.F.);
#11814 = ADVANCED_FACE('',(#11815),#10318,.F.);
#11815 = FACE_BOUND('',#11816,.F.);
#11816 = EDGE_LOOP('',(#11817,#11848,#11877,#11899,#11900));
#11817 = ORIENTED_EDGE('',*,*,#11818,.F.);
#11818 = EDGE_CURVE('',#11819,#11821,#11823,.T.);
#11819 = VERTEX_POINT('',#11820);
#11820 = CARTESIAN_POINT('',(140.00002894066,-111.2499999996,13.));
#11821 = VERTEX_POINT('',#11822);
#11822 = CARTESIAN_POINT('',(141.25,-110.,13.));
#11823 = SURFACE_CURVE('',#11824,(#11829,#11836),.PCURVE_S1.);
#11824 = CIRCLE('',#11825,1.25);
#11825 = AXIS2_PLACEMENT_3D('',#11826,#11827,#11828);
#11826 = CARTESIAN_POINT('',(140.,-110.,13.));
#11827 = DIRECTION('',(0.,0.,1.));
#11828 = DIRECTION('',(-1.,0.,-0.));
#11829 = PCURVE('',#10318,#11830);
#11830 = DEFINITIONAL_REPRESENTATION('',(#11831),#11835);
#11831 = CIRCLE('',#11832,1.25);
#11832 = AXIS2_PLACEMENT_2D('',#11833,#11834);
#11833 = CARTESIAN_POINT('',(-3.108480459677,-1.891519540323));
#11834 = DIRECTION('',(-1.,0.));
#11835 = ( GEOMETRIC_REPRESENTATION_CONTEXT(2) 
PARAMETRIC_REPRESENTATION_CONTEXT() REPRESENTATION_CONTEXT('2D SPACE',''
  ) );
#11836 = PCURVE('',#11837,#11842);
#11837 = PLANE('',#11838);
#11838 = AXIS2_PLACEMENT_3D('',#11839,#11840,#11841);
#11839 = CARTESIAN_POINT('',(140.,-110.,13.));
#11840 = DIRECTION('',(0.,0.,1.));
#11841 = DIRECTION('',(1.,0.,-0.));
#11842 = DEFINITIONAL_REPRESENTATION('',(#11843),#11847);
#11843 = CIRCLE('',#11844,1.25);
#11844 = AXIS2_PLACEMENT_2D('',#11845,#11846);
#11845 = CARTESIAN_POINT('',(0.,1.42108547152E-14));
#11846 = DIRECTION('',(-1.,0.));
#11847 = ( GEOMETRIC_REPRESENTATION_CONTEXT(2) 
PARAMETRIC_REPRESENTATION_CONTEXT() REPRESENTATION_CONTEXT('2D SPACE',''
  ) );
#11848 = ORIENTED_EDGE('',*,*,#11849,.T.);
#11849 = EDGE_CURVE('',#11819,#11850,#11852,.T.);
#11850 = VERTEX_POINT('',#11851);
#11851 = CARTESIAN_POINT('',(146.24999999966,-105.0000289406,13.));
#11852 = SURFACE_CURVE('',#11853,(#11858,#11865),.PCURVE_S1.);
#11853 = CIRCLE('',#11854,6.25011576667);
#11854 = AXIS2_PLACEMENT_3D('',#11855,#11856,#11857);
#11855 = CARTESIAN_POINT('',(139.99988423467,-104.9998842346,13.));
#11856 = DIRECTION('',(0.,0.,1.));
#11857 = DIRECTION('',(2.315252985061E-05,-0.999999999732,0.));
#11858 = PCURVE('',#10318,#11859);
#11859 = DEFINITIONAL_REPRESENTATION('',(#11860),#11864);
#11860 = CIRCLE('',#11861,6.25011576667);
#11861 = AXIS2_PLACEMENT_2D('',#11862,#11863);
#11862 = CARTESIAN_POINT('',(-3.108596225006,3.108596225007));
#11863 = DIRECTION('',(2.315252985061E-05,-0.999999999732));
#11864 = ( GEOMETRIC_REPRESENTATION_CONTEXT(2) 
PARAMETRIC_REPRESENTATION_CONTEXT() REPRESENTATION_CONTEXT('2D SPACE',''
  ) );
#11865 = PCURVE('',#11866,#11871);
#11866 = CYLINDRICAL_SURFACE('',#11867,6.25011576667);
#11867 = AXIS2_PLACEMENT_3D('',#11868,#11869,#11870);
#11868 = CARTESIAN_POINT('',(139.99988423467,-104.9998842346,13.));
#11869 = DIRECTION('',(-0.,-0.,-1.));
#11870 = DIRECTION('',(2.315252985061E-05,-0.999999999732,0.));
#11871 = DEFINITIONAL_REPRESENTATION('',(#11872),#11876);
#11872 = LINE('',#11873,#11874);
#11873 = CARTESIAN_POINT('',(-0.,0.));
#11874 = VECTOR('',#11875,1.);
#11875 = DIRECTION('',(-1.,0.));
#11876 = ( GEOMETRIC_REPRESENTATION_CONTEXT(2) 
PARAMETRIC_REPRESENTATION_CONTEXT() REPRESENTATION_CONTEXT('2D SPACE',''
  ) );
#11877 = ORIENTED_EDGE('',*,*,#11878,.F.);
#11878 = EDGE_CURVE('',#10250,#11850,#11879,.T.);
#11879 = SURFACE_CURVE('',#11880,(#11885,#11892),.PCURVE_S1.);
#11880 = CIRCLE('',#11881,1.25);
#11881 = AXIS2_PLACEMENT_3D('',#11882,#11883,#11884);
#11882 = CARTESIAN_POINT('',(145.,-105.,13.));
#11883 = DIRECTION('',(0.,0.,1.));
#11884 = DIRECTION('',(-1.,0.,-0.));
#11885 = PCURVE('',#10318,#11886);
#11886 = DEFINITIONAL_REPRESENTATION('',(#11887),#11891);
#11887 = CIRCLE('',#11888,1.25);
#11888 = AXIS2_PLACEMENT_2D('',#11889,#11890);
#11889 = CARTESIAN_POINT('',(1.891519540323,3.108480459677));
#11890 = DIRECTION('',(-1.,0.));
#11891 = ( GEOMETRIC_REPRESENTATION_CONTEXT(2) 
PARAMETRIC_REPRESENTATION_CONTEXT() REPRESENTATION_CONTEXT('2D SPACE',''
  ) );
#11892 = PCURVE('',#11668,#11893);
#11893 = DEFINITIONAL_REPRESENTATION('',(#11894),#11898);
#11894 = CIRCLE('',#11895,1.25);
#11895 = AXIS2_PLACEMENT_2D('',#11896,#11897);
#11896 = CARTESIAN_POINT('',(2.84217094304E-14,1.42108547152E-14));
#11897 = DIRECTION('',(-1.,0.));
#11898 = ( GEOMETRIC_REPRESENTATION_CONTEXT(2) 
PARAMETRIC_REPRESENTATION_CONTEXT() REPRESENTATION_CONTEXT('2D SPACE',''
  ) );
#11899 = ORIENTED_EDGE('',*,*,#10303,.F.);
#11900 = ORIENTED_EDGE('',*,*,#11901,.F.);
#11901 = EDGE_CURVE('',#11821,#10275,#11902,.T.);
#11902 = SURFACE_CURVE('',#11903,(#11908,#11915),.PCURVE_S1.);
#11903 = CIRCLE('',#11904,1.25);
#11904 = AXIS2_PLACEMENT_3D('',#11905,#11906,#11907);
#11905 = CARTESIAN_POINT('',(140.,-110.,13.));
#11906 = DIRECTION('',(0.,0.,1.));
#11907 = DIRECTION('',(1.,0.,-0.));
#11908 = PCURVE('',#10318,#11909);
#11909 = DEFINITIONAL_REPRESENTATION('',(#11910),#11914);
#11910 = CIRCLE('',#11911,1.25);
#11911 = AXIS2_PLACEMENT_2D('',#11912,#11913);
#11912 = CARTESIAN_POINT('',(-3.108480459677,-1.891519540323));
#11913 = DIRECTION('',(1.,0.));
#11914 = ( GEOMETRIC_REPRESENTATION_CONTEXT(2) 
PARAMETRIC_REPRESENTATION_CONTEXT() REPRESENTATION_CONTEXT('2D SPACE',''
  ) );
#11915 = PCURVE('',#11837,#11916);
#11916 = DEFINITIONAL_REPRESENTATION('',(#11917),#11921);
#11917 = CIRCLE('',#11918,1.25);
#11918 = AXIS2_PLACEMENT_2D('',#11919,#11920);
#11919 = CARTESIAN_POINT('',(0.,1.42108547152E-14));
#11920 = DIRECTION('',(1.,0.));
#11921 = ( GEOMETRIC_REPRESENTATION_CONTEXT(2) 
PARAMETRIC_REPRESENTATION_CONTEXT() REPRESENTATION_CONTEXT('2D SPACE',''
  ) );
#11922 = ADVANCED_FACE('',(#11923),#10291,.F.);
#11923 = FACE_BOUND('',#11924,.F.);
#11924 = EDGE_LOOP('',(#11925,#11926,#11927));
#11925 = ORIENTED_EDGE('',*,*,#10274,.T.);
#11926 = ORIENTED_EDGE('',*,*,#10386,.F.);
#11927 = ORIENTED_EDGE('',*,*,#11928,.T.);
#11928 = EDGE_CURVE('',#10387,#10275,#11929,.T.);
#11929 = SURFACE_CURVE('',#11930,(#11935,#11942),.PCURVE_S1.);
#11930 = CIRCLE('',#11931,5.000115766671);
#11931 = AXIS2_PLACEMENT_3D('',#11932,#11933,#11934);
#11932 = CARTESIAN_POINT('',(139.99988423466,-104.9998842346,13.));
#11933 = DIRECTION('',(0.,0.,1.));
#11934 = DIRECTION('',(2.31525300912E-05,-0.999999999732,0.));
#11935 = PCURVE('',#10291,#11936);
#11936 = DEFINITIONAL_REPRESENTATION('',(#11937),#11941);
#11937 = CIRCLE('',#11938,5.000115766671);
#11938 = AXIS2_PLACEMENT_2D('',#11939,#11940);
#11939 = CARTESIAN_POINT('',(19.999884234669,-12.49988423466));
#11940 = DIRECTION('',(2.31525300912E-05,-0.999999999732));
#11941 = ( GEOMETRIC_REPRESENTATION_CONTEXT(2) 
PARAMETRIC_REPRESENTATION_CONTEXT() REPRESENTATION_CONTEXT('2D SPACE',''
  ) );
#11942 = PCURVE('',#11837,#11943);
#11943 = DEFINITIONAL_REPRESENTATION('',(#11944),#11948);
#11944 = CIRCLE('',#11945,5.000115766671);
#11945 = AXIS2_PLACEMENT_2D('',#11946,#11947);
#11946 = CARTESIAN_POINT('',(-1.157653307473E-04,5.000115765331));
#11947 = DIRECTION('',(2.31525300912E-05,-0.999999999732));
#11948 = ( GEOMETRIC_REPRESENTATION_CONTEXT(2) 
PARAMETRIC_REPRESENTATION_CONTEXT() REPRESENTATION_CONTEXT('2D SPACE',''
  ) );
#11949 = ADVANCED_FACE('',(#11950),#10371,.F.);
#11950 = FACE_BOUND('',#11951,.F.);
#11951 = EDGE_LOOP('',(#11952,#11953,#11954));
#11952 = ORIENTED_EDGE('',*,*,#10440,.T.);
#11953 = ORIENTED_EDGE('',*,*,#10357,.F.);
#11954 = ORIENTED_EDGE('',*,*,#11955,.T.);
#11955 = EDGE_CURVE('',#10335,#10441,#11956,.T.);
#11956 = SURFACE_CURVE('',#11957,(#11961,#11968),.PCURVE_S1.);
#11957 = LINE('',#11958,#11959);
#11958 = CARTESIAN_POINT('',(100.,-110.,13.));
#11959 = VECTOR('',#11960,1.);
#11960 = DIRECTION('',(1.,0.,0.));
#11961 = PCURVE('',#10371,#11962);
#11962 = DEFINITIONAL_REPRESENTATION('',(#11963),#11967);
#11963 = LINE('',#11964,#11965);
#11964 = CARTESIAN_POINT('',(-20.,-17.5));
#11965 = VECTOR('',#11966,1.);
#11966 = DIRECTION('',(1.,0.));
#11967 = ( GEOMETRIC_REPRESENTATION_CONTEXT(2) 
PARAMETRIC_REPRESENTATION_CONTEXT() REPRESENTATION_CONTEXT('2D SPACE',''
  ) );
#11968 = PCURVE('',#11969,#11974);
#11969 = PLANE('',#11970);
#11970 = AXIS2_PLACEMENT_3D('',#11971,#11972,#11973);
#11971 = CARTESIAN_POINT('',(100.,-110.,13.));
#11972 = DIRECTION('',(0.,0.,1.));
#11973 = DIRECTION('',(1.,0.,-0.));
#11974 = DEFINITIONAL_REPRESENTATION('',(#11975),#11979);
#11975 = LINE('',#11976,#11977);
#11976 = CARTESIAN_POINT('',(-2.84217094304E-14,1.42108547152E-14));
#11977 = VECTOR('',#11978,1.);
#11978 = DIRECTION('',(1.,0.));
#11979 = ( GEOMETRIC_REPRESENTATION_CONTEXT(2) 
PARAMETRIC_REPRESENTATION_CONTEXT() REPRESENTATION_CONTEXT('2D SPACE',''
  ) );
#11980 = ADVANCED_FACE('',(#11981),#10424,.F.);
#11981 = FACE_BOUND('',#11982,.F.);
#11982 = EDGE_LOOP('',(#11983,#11984,#11985));
#11983 = ORIENTED_EDGE('',*,*,#10410,.F.);
#11984 = ORIENTED_EDGE('',*,*,#10492,.T.);
#11985 = ORIENTED_EDGE('',*,*,#11986,.T.);
#11986 = EDGE_CURVE('',#10465,#10387,#11987,.T.);
#11987 = SURFACE_CURVE('',#11988,(#11992,#11999),.PCURVE_S1.);
#11988 = LINE('',#11989,#11990);
#11989 = CARTESIAN_POINT('',(100.,-110.,13.));
#11990 = VECTOR('',#11991,1.);
#11991 = DIRECTION('',(1.,0.,0.));
#11992 = PCURVE('',#10424,#11993);
#11993 = DEFINITIONAL_REPRESENTATION('',(#11994),#11998);
#11994 = LINE('',#11995,#11996);
#11995 = CARTESIAN_POINT('',(-20.,-17.5));
#11996 = VECTOR('',#11997,1.);
#11997 = DIRECTION('',(1.,0.));
#11998 = ( GEOMETRIC_REPRESENTATION_CONTEXT(2) 
PARAMETRIC_REPRESENTATION_CONTEXT() REPRESENTATION_CONTEXT('2D SPACE',''
  ) );
#11999 = PCURVE('',#12000,#12005);
#12000 = PLANE('',#12001);
#12001 = AXIS2_PLACEMENT_3D('',#12002,#12003,#12004);
#12002 = CARTESIAN_POINT('',(140.,-110.,13.));
#12003 = DIRECTION('',(0.,0.,1.));
#12004 = DIRECTION('',(1.,0.,-0.));
#12005 = DEFINITIONAL_REPRESENTATION('',(#12006),#12010);
#12006 = LINE('',#12007,#12008);
#12007 = CARTESIAN_POINT('',(-40.,1.42108547152E-14));
#12008 = VECTOR('',#12009,1.);
#12009 = DIRECTION('',(1.,0.));
#12010 = ( GEOMETRIC_REPRESENTATION_CONTEXT(2) 
PARAMETRIC_REPRESENTATION_CONTEXT() REPRESENTATION_CONTEXT('2D SPACE',''
  ) );
#12011 = ADVANCED_FACE('',(#12012),#10480,.F.);
#12012 = FACE_BOUND('',#12013,.F.);
#12013 = EDGE_LOOP('',(#12014,#12038,#12039,#12063));
#12014 = ORIENTED_EDGE('',*,*,#12015,.F.);
#12015 = EDGE_CURVE('',#10465,#12016,#12018,.T.);
#12016 = VERTEX_POINT('',#12017);
#12017 = CARTESIAN_POINT('',(140.,-111.25,13.));
#12018 = SURFACE_CURVE('',#12019,(#12024,#12031),.PCURVE_S1.);
#12019 = CIRCLE('',#12020,1.25);
#12020 = AXIS2_PLACEMENT_3D('',#12021,#12022,#12023);
#12021 = CARTESIAN_POINT('',(140.,-110.,13.));
#12022 = DIRECTION('',(0.,0.,1.));
#12023 = DIRECTION('',(-1.,0.,-0.));
#12024 = PCURVE('',#10480,#12025);
#12025 = DEFINITIONAL_REPRESENTATION('',(#12026),#12030);
#12026 = CIRCLE('',#12027,1.25);
#12027 = AXIS2_PLACEMENT_2D('',#12028,#12029);
#12028 = CARTESIAN_POINT('',(20.,0.));
#12029 = DIRECTION('',(-1.,0.));
#12030 = ( GEOMETRIC_REPRESENTATION_CONTEXT(2) 
PARAMETRIC_REPRESENTATION_CONTEXT() REPRESENTATION_CONTEXT('2D SPACE',''
  ) );
#12031 = PCURVE('',#12000,#12032);
#12032 = DEFINITIONAL_REPRESENTATION('',(#12033),#12037);
#12033 = CIRCLE('',#12034,1.25);
#12034 = AXIS2_PLACEMENT_2D('',#12035,#12036);
#12035 = CARTESIAN_POINT('',(0.,1.42108547152E-14));
#12036 = DIRECTION('',(-1.,0.));
#12037 = ( GEOMETRIC_REPRESENTATION_CONTEXT(2) 
PARAMETRIC_REPRESENTATION_CONTEXT() REPRESENTATION_CONTEXT('2D SPACE',''
  ) );
#12038 = ORIENTED_EDGE('',*,*,#10464,.F.);
#12039 = ORIENTED_EDGE('',*,*,#12040,.F.);
#12040 = EDGE_CURVE('',#12041,#10441,#12043,.T.);
#12041 = VERTEX_POINT('',#12042);
#12042 = CARTESIAN_POINT('',(100.,-111.25,13.));
#12043 = SURFACE_CURVE('',#12044,(#12049,#12056),.PCURVE_S1.);
#12044 = CIRCLE('',#12045,1.25);
#12045 = AXIS2_PLACEMENT_3D('',#12046,#12047,#12048);
#12046 = CARTESIAN_POINT('',(100.,-110.,13.));
#12047 = DIRECTION('',(0.,0.,1.));
#12048 = DIRECTION('',(-1.,0.,-0.));
#12049 = PCURVE('',#10480,#12050);
#12050 = DEFINITIONAL_REPRESENTATION('',(#12051),#12055);
#12051 = CIRCLE('',#12052,1.25);
#12052 = AXIS2_PLACEMENT_2D('',#12053,#12054);
#12053 = CARTESIAN_POINT('',(-20.,0.));
#12054 = DIRECTION('',(-1.,0.));
#12055 = ( GEOMETRIC_REPRESENTATION_CONTEXT(2) 
PARAMETRIC_REPRESENTATION_CONTEXT() REPRESENTATION_CONTEXT('2D SPACE',''
  ) );
#12056 = PCURVE('',#11969,#12057);
#12057 = DEFINITIONAL_REPRESENTATION('',(#12058),#12062);
#12058 = CIRCLE('',#12059,1.25);
#12059 = AXIS2_PLACEMENT_2D('',#12060,#12061);
#12060 = CARTESIAN_POINT('',(-2.84217094304E-14,1.42108547152E-14));
#12061 = DIRECTION('',(-1.,0.));
#12062 = ( GEOMETRIC_REPRESENTATION_CONTEXT(2) 
PARAMETRIC_REPRESENTATION_CONTEXT() REPRESENTATION_CONTEXT('2D SPACE',''
  ) );
#12063 = ORIENTED_EDGE('',*,*,#12064,.T.);
#12064 = EDGE_CURVE('',#12041,#12016,#12065,.T.);
#12065 = SURFACE_CURVE('',#12066,(#12070,#12077),.PCURVE_S1.);
#12066 = LINE('',#12067,#12068);
#12067 = CARTESIAN_POINT('',(100.,-111.25,13.));
#12068 = VECTOR('',#12069,1.);
#12069 = DIRECTION('',(1.,0.,0.));
#12070 = PCURVE('',#10480,#12071);
#12071 = DEFINITIONAL_REPRESENTATION('',(#12072),#12076);
#12072 = LINE('',#12073,#12074);
#12073 = CARTESIAN_POINT('',(-20.,-1.25));
#12074 = VECTOR('',#12075,1.);
#12075 = DIRECTION('',(1.,0.));
#12076 = ( GEOMETRIC_REPRESENTATION_CONTEXT(2) 
PARAMETRIC_REPRESENTATION_CONTEXT() REPRESENTATION_CONTEXT('2D SPACE',''
  ) );
#12077 = PCURVE('',#12078,#12083);
#12078 = PLANE('',#12079);
#12079 = AXIS2_PLACEMENT_3D('',#12080,#12081,#12082);
#12080 = CARTESIAN_POINT('',(100.,-111.25,13.));
#12081 = DIRECTION('',(0.,1.,0.));
#12082 = DIRECTION('',(1.,0.,0.));
#12083 = DEFINITIONAL_REPRESENTATION('',(#12084),#12088);
#12084 = LINE('',#12085,#12086);
#12085 = CARTESIAN_POINT('',(0.,0.));
#12086 = VECTOR('',#12087,1.);
#12087 = DIRECTION('',(1.,0.));
#12088 = ( GEOMETRIC_REPRESENTATION_CONTEXT(2) 
PARAMETRIC_REPRESENTATION_CONTEXT() REPRESENTATION_CONTEXT('2D SPACE',''
  ) );
#12089 = ADVANCED_FACE('',(#12090,#12100),#10579,.F.);
#12090 = FACE_BOUND('',#12091,.F.);
#12091 = EDGE_LOOP('',(#12092,#12093,#12094,#12095,#12096,#12097,#12098,
    #12099));
#12092 = ORIENTED_EDGE('',*,*,#10564,.T.);
#12093 = ORIENTED_EDGE('',*,*,#10619,.T.);
#12094 = ORIENTED_EDGE('',*,*,#10668,.T.);
#12095 = ORIENTED_EDGE('',*,*,#10718,.T.);
#12096 = ORIENTED_EDGE('',*,*,#10767,.T.);
#12097 = ORIENTED_EDGE('',*,*,#10817,.T.);
#12098 = ORIENTED_EDGE('',*,*,#10866,.T.);
#12099 = ORIENTED_EDGE('',*,*,#10894,.T.);
#12100 = FACE_BOUND('',#12101,.F.);
#12101 = EDGE_LOOP('',(#12102,#12133,#12161,#12190,#12218,#12247,#12275,
    #12304));
#12102 = ORIENTED_EDGE('',*,*,#12103,.F.);
#12103 = EDGE_CURVE('',#12104,#12106,#12108,.T.);
#12104 = VERTEX_POINT('',#12105);
#12105 = CARTESIAN_POINT('',(100.00011576533,-77.64999999866,10.));
#12106 = VERTEX_POINT('',#12107);
#12107 = CARTESIAN_POINT('',(97.64999999866,-80.00011576533,10.));
#12108 = SURFACE_CURVE('',#12109,(#12114,#12121),.PCURVE_S1.);
#12109 = CIRCLE('',#12110,2.350115766671);
#12110 = AXIS2_PLACEMENT_3D('',#12111,#12112,#12113);
#12111 = CARTESIAN_POINT('',(100.00011576533,-80.00011576533,10.));
#12112 = DIRECTION('',(0.,0.,1.));
#12113 = DIRECTION('',(-2.31525300912E-05,0.999999999732,0.));
#12114 = PCURVE('',#10579,#12115);
#12115 = DEFINITIONAL_REPRESENTATION('',(#12116),#12120);
#12116 = CIRCLE('',#12117,2.350115766671);
#12117 = AXIS2_PLACEMENT_2D('',#12118,#12119);
#12118 = CARTESIAN_POINT('',(-19.99988423466,12.499884234669));
#12119 = DIRECTION('',(-2.31525300912E-05,0.999999999732));
#12120 = ( GEOMETRIC_REPRESENTATION_CONTEXT(2) 
PARAMETRIC_REPRESENTATION_CONTEXT() REPRESENTATION_CONTEXT('2D SPACE',''
  ) );
#12121 = PCURVE('',#12122,#12127);
#12122 = CYLINDRICAL_SURFACE('',#12123,2.350115766671);
#12123 = AXIS2_PLACEMENT_3D('',#12124,#12125,#12126);
#12124 = CARTESIAN_POINT('',(100.00011576533,-80.00011576533,10.));
#12125 = DIRECTION('',(-0.,-0.,-1.));
#12126 = DIRECTION('',(-2.31525300912E-05,0.999999999732,0.));
#12127 = DEFINITIONAL_REPRESENTATION('',(#12128),#12132);
#12128 = LINE('',#12129,#12130);
#12129 = CARTESIAN_POINT('',(-0.,0.));
#12130 = VECTOR('',#12131,1.);
#12131 = DIRECTION('',(-1.,0.));
#12132 = ( GEOMETRIC_REPRESENTATION_CONTEXT(2) 
PARAMETRIC_REPRESENTATION_CONTEXT() REPRESENTATION_CONTEXT('2D SPACE',''
  ) );
#12133 = ORIENTED_EDGE('',*,*,#12134,.F.);
#12134 = EDGE_CURVE('',#12135,#12104,#12137,.T.);
#12135 = VERTEX_POINT('',#12136);
#12136 = CARTESIAN_POINT('',(139.99988423466,-77.64999999866,10.));
#12137 = SURFACE_CURVE('',#12138,(#12142,#12149),.PCURVE_S1.);
#12138 = LINE('',#12139,#12140);
#12139 = CARTESIAN_POINT('',(140.,-77.65,10.));
#12140 = VECTOR('',#12141,1.);
#12141 = DIRECTION('',(-1.,0.,0.));
#12142 = PCURVE('',#10579,#12143);
#12143 = DEFINITIONAL_REPRESENTATION('',(#12144),#12148);
#12144 = LINE('',#12145,#12146);
#12145 = CARTESIAN_POINT('',(20.,14.85));
#12146 = VECTOR('',#12147,1.);
#12147 = DIRECTION('',(-1.,0.));
#12148 = ( GEOMETRIC_REPRESENTATION_CONTEXT(2) 
PARAMETRIC_REPRESENTATION_CONTEXT() REPRESENTATION_CONTEXT('2D SPACE',''
  ) );
#12149 = PCURVE('',#12150,#12155);
#12150 = PLANE('',#12151);
#12151 = AXIS2_PLACEMENT_3D('',#12152,#12153,#12154);
#12152 = CARTESIAN_POINT('',(139.99988423466,-77.65,10.));
#12153 = DIRECTION('',(0.,-1.,0.));
#12154 = DIRECTION('',(-1.,0.,0.));
#12155 = DEFINITIONAL_REPRESENTATION('',(#12156),#12160);
#12156 = LINE('',#12157,#12158);
#12157 = CARTESIAN_POINT('',(-1.157653307473E-04,-0.));
#12158 = VECTOR('',#12159,1.);
#12159 = DIRECTION('',(1.,0.));
#12160 = ( GEOMETRIC_REPRESENTATION_CONTEXT(2) 
PARAMETRIC_REPRESENTATION_CONTEXT() REPRESENTATION_CONTEXT('2D SPACE',''
  ) );
#12161 = ORIENTED_EDGE('',*,*,#12162,.F.);
#12162 = EDGE_CURVE('',#12163,#12135,#12165,.T.);
#12163 = VERTEX_POINT('',#12164);
#12164 = CARTESIAN_POINT('',(142.35,-80.00011576533,10.));
#12165 = SURFACE_CURVE('',#12166,(#12171,#12178),.PCURVE_S1.);
#12166 = CIRCLE('',#12167,2.350115766671);
#12167 = AXIS2_PLACEMENT_3D('',#12168,#12169,#12170);
#12168 = CARTESIAN_POINT('',(139.99988423466,-80.00011576533,10.));
#12169 = DIRECTION('',(0.,-0.,1.));
#12170 = DIRECTION('',(0.999999999732,2.315253008835E-05,0.));
#12171 = PCURVE('',#10579,#12172);
#12172 = DEFINITIONAL_REPRESENTATION('',(#12173),#12177);
#12173 = CIRCLE('',#12174,2.350115766671);
#12174 = AXIS2_PLACEMENT_2D('',#12175,#12176);
#12175 = CARTESIAN_POINT('',(19.999884234669,12.499884234669));
#12176 = DIRECTION('',(0.999999999732,2.315253008835E-05));
#12177 = ( GEOMETRIC_REPRESENTATION_CONTEXT(2) 
PARAMETRIC_REPRESENTATION_CONTEXT() REPRESENTATION_CONTEXT('2D SPACE',''
  ) );
#12178 = PCURVE('',#12179,#12184);
#12179 = CYLINDRICAL_SURFACE('',#12180,2.350115766671);
#12180 = AXIS2_PLACEMENT_3D('',#12181,#12182,#12183);
#12181 = CARTESIAN_POINT('',(139.99988423466,-80.00011576533,10.));
#12182 = DIRECTION('',(-0.,0.,-1.));
#12183 = DIRECTION('',(0.999999999732,2.315253008835E-05,0.));
#12184 = DEFINITIONAL_REPRESENTATION('',(#12185),#12189);
#12185 = LINE('',#12186,#12187);
#12186 = CARTESIAN_POINT('',(-0.,0.));
#12187 = VECTOR('',#12188,1.);
#12188 = DIRECTION('',(-1.,0.));
#12189 = ( GEOMETRIC_REPRESENTATION_CONTEXT(2) 
PARAMETRIC_REPRESENTATION_CONTEXT() REPRESENTATION_CONTEXT('2D SPACE',''
  ) );
#12190 = ORIENTED_EDGE('',*,*,#12191,.F.);
#12191 = EDGE_CURVE('',#12192,#12163,#12194,.T.);
#12192 = VERTEX_POINT('',#12193);
#12193 = CARTESIAN_POINT('',(142.35000000134,-104.9998842346,10.));
#12194 = SURFACE_CURVE('',#12195,(#12199,#12206),.PCURVE_S1.);
#12195 = LINE('',#12196,#12197);
#12196 = CARTESIAN_POINT('',(142.35,-105.,10.));
#12197 = VECTOR('',#12198,1.);
#12198 = DIRECTION('',(0.,1.,0.));
#12199 = PCURVE('',#10579,#12200);
#12200 = DEFINITIONAL_REPRESENTATION('',(#12201),#12205);
#12201 = LINE('',#12202,#12203);
#12202 = CARTESIAN_POINT('',(22.35,-12.5));
#12203 = VECTOR('',#12204,1.);
#12204 = DIRECTION('',(0.,1.));
#12205 = ( GEOMETRIC_REPRESENTATION_CONTEXT(2) 
PARAMETRIC_REPRESENTATION_CONTEXT() REPRESENTATION_CONTEXT('2D SPACE',''
  ) );
#12206 = PCURVE('',#12207,#12212);
#12207 = PLANE('',#12208);
#12208 = AXIS2_PLACEMENT_3D('',#12209,#12210,#12211);
#12209 = CARTESIAN_POINT('',(142.35,-104.9998842346,10.));
#12210 = DIRECTION('',(-1.,0.,0.));
#12211 = DIRECTION('',(0.,1.,0.));
#12212 = DEFINITIONAL_REPRESENTATION('',(#12213),#12217);
#12213 = LINE('',#12214,#12215);
#12214 = CARTESIAN_POINT('',(-1.157653307331E-04,0.));
#12215 = VECTOR('',#12216,1.);
#12216 = DIRECTION('',(1.,0.));
#12217 = ( GEOMETRIC_REPRESENTATION_CONTEXT(2) 
PARAMETRIC_REPRESENTATION_CONTEXT() REPRESENTATION_CONTEXT('2D SPACE',''
  ) );
#12218 = ORIENTED_EDGE('',*,*,#12219,.F.);
#12219 = EDGE_CURVE('',#12220,#12192,#12222,.T.);
#12220 = VERTEX_POINT('',#12221);
#12221 = CARTESIAN_POINT('',(139.99988423466,-107.35,10.));
#12222 = SURFACE_CURVE('',#12223,(#12228,#12235),.PCURVE_S1.);
#12223 = CIRCLE('',#12224,2.350115766671);
#12224 = AXIS2_PLACEMENT_3D('',#12225,#12226,#12227);
#12225 = CARTESIAN_POINT('',(139.99988423466,-104.9998842346,10.));
#12226 = DIRECTION('',(0.,-0.,1.));
#12227 = DIRECTION('',(2.31525300912E-05,-0.999999999732,-0.));
#12228 = PCURVE('',#10579,#12229);
#12229 = DEFINITIONAL_REPRESENTATION('',(#12230),#12234);
#12230 = CIRCLE('',#12231,2.350115766671);
#12231 = AXIS2_PLACEMENT_2D('',#12232,#12233);
#12232 = CARTESIAN_POINT('',(19.999884234669,-12.49988423466));
#12233 = DIRECTION('',(2.31525300912E-05,-0.999999999732));
#12234 = ( GEOMETRIC_REPRESENTATION_CONTEXT(2) 
PARAMETRIC_REPRESENTATION_CONTEXT() REPRESENTATION_CONTEXT('2D SPACE',''
  ) );
#12235 = PCURVE('',#12236,#12241);
#12236 = CYLINDRICAL_SURFACE('',#12237,2.350115766671);
#12237 = AXIS2_PLACEMENT_3D('',#12238,#12239,#12240);
#12238 = CARTESIAN_POINT('',(139.99988423466,-104.9998842346,10.));
#12239 = DIRECTION('',(-0.,0.,-1.));
#12240 = DIRECTION('',(2.31525300912E-05,-0.999999999732,-0.));
#12241 = DEFINITIONAL_REPRESENTATION('',(#12242),#12246);
#12242 = LINE('',#12243,#12244);
#12243 = CARTESIAN_POINT('',(-0.,0.));
#12244 = VECTOR('',#12245,1.);
#12245 = DIRECTION('',(-1.,0.));
#12246 = ( GEOMETRIC_REPRESENTATION_CONTEXT(2) 
PARAMETRIC_REPRESENTATION_CONTEXT() REPRESENTATION_CONTEXT('2D SPACE',''
  ) );
#12247 = ORIENTED_EDGE('',*,*,#12248,.F.);
#12248 = EDGE_CURVE('',#12249,#12220,#12251,.T.);
#12249 = VERTEX_POINT('',#12250);
#12250 = CARTESIAN_POINT('',(100.00011576533,-107.3500000013,10.));
#12251 = SURFACE_CURVE('',#12252,(#12256,#12263),.PCURVE_S1.);
#12252 = LINE('',#12253,#12254);
#12253 = CARTESIAN_POINT('',(100.,-107.35,10.));
#12254 = VECTOR('',#12255,1.);
#12255 = DIRECTION('',(1.,0.,0.));
#12256 = PCURVE('',#10579,#12257);
#12257 = DEFINITIONAL_REPRESENTATION('',(#12258),#12262);
#12258 = LINE('',#12259,#12260);
#12259 = CARTESIAN_POINT('',(-20.,-14.85));
#12260 = VECTOR('',#12261,1.);
#12261 = DIRECTION('',(1.,0.));
#12262 = ( GEOMETRIC_REPRESENTATION_CONTEXT(2) 
PARAMETRIC_REPRESENTATION_CONTEXT() REPRESENTATION_CONTEXT('2D SPACE',''
  ) );
#12263 = PCURVE('',#12264,#12269);
#12264 = PLANE('',#12265);
#12265 = AXIS2_PLACEMENT_3D('',#12266,#12267,#12268);
#12266 = CARTESIAN_POINT('',(100.00011576533,-107.35,10.));
#12267 = DIRECTION('',(0.,1.,0.));
#12268 = DIRECTION('',(1.,0.,0.));
#12269 = DEFINITIONAL_REPRESENTATION('',(#12270),#12274);
#12270 = LINE('',#12271,#12272);
#12271 = CARTESIAN_POINT('',(-1.157653307473E-04,0.));
#12272 = VECTOR('',#12273,1.);
#12273 = DIRECTION('',(1.,0.));
#12274 = ( GEOMETRIC_REPRESENTATION_CONTEXT(2) 
PARAMETRIC_REPRESENTATION_CONTEXT() REPRESENTATION_CONTEXT('2D SPACE',''
  ) );
#12275 = ORIENTED_EDGE('',*,*,#12276,.F.);
#12276 = EDGE_CURVE('',#12277,#12249,#12279,.T.);
#12277 = VERTEX_POINT('',#12278);
#12278 = CARTESIAN_POINT('',(97.65,-104.9998842346,10.));
#12279 = SURFACE_CURVE('',#12280,(#12285,#12292),.PCURVE_S1.);
#12280 = CIRCLE('',#12281,2.350115766671);
#12281 = AXIS2_PLACEMENT_3D('',#12282,#12283,#12284);
#12282 = CARTESIAN_POINT('',(100.00011576533,-104.9998842346,10.));
#12283 = DIRECTION('',(0.,0.,1.));
#12284 = DIRECTION('',(-0.999999999732,-2.31525300912E-05,0.));
#12285 = PCURVE('',#10579,#12286);
#12286 = DEFINITIONAL_REPRESENTATION('',(#12287),#12291);
#12287 = CIRCLE('',#12288,2.350115766671);
#12288 = AXIS2_PLACEMENT_2D('',#12289,#12290);
#12289 = CARTESIAN_POINT('',(-19.99988423466,-12.49988423466));
#12290 = DIRECTION('',(-0.999999999732,-2.31525300912E-05));
#12291 = ( GEOMETRIC_REPRESENTATION_CONTEXT(2) 
PARAMETRIC_REPRESENTATION_CONTEXT() REPRESENTATION_CONTEXT('2D SPACE',''
  ) );
#12292 = PCURVE('',#12293,#12298);
#12293 = CYLINDRICAL_SURFACE('',#12294,2.350115766671);
#12294 = AXIS2_PLACEMENT_3D('',#12295,#12296,#12297);
#12295 = CARTESIAN_POINT('',(100.00011576533,-104.9998842346,10.));
#12296 = DIRECTION('',(-0.,-0.,-1.));
#12297 = DIRECTION('',(-0.999999999732,-2.31525300912E-05,0.));
#12298 = DEFINITIONAL_REPRESENTATION('',(#12299),#12303);
#12299 = LINE('',#12300,#12301);
#12300 = CARTESIAN_POINT('',(-0.,0.));
#12301 = VECTOR('',#12302,1.);
#12302 = DIRECTION('',(-1.,0.));
#12303 = ( GEOMETRIC_REPRESENTATION_CONTEXT(2) 
PARAMETRIC_REPRESENTATION_CONTEXT() REPRESENTATION_CONTEXT('2D SPACE',''
  ) );
#12304 = ORIENTED_EDGE('',*,*,#12305,.F.);
#12305 = EDGE_CURVE('',#12106,#12277,#12306,.T.);
#12306 = SURFACE_CURVE('',#12307,(#12311,#12318),.PCURVE_S1.);
#12307 = LINE('',#12308,#12309);
#12308 = CARTESIAN_POINT('',(97.65,-80.,10.));
#12309 = VECTOR('',#12310,1.);
#12310 = DIRECTION('',(0.,-1.,-0.));
#12311 = PCURVE('',#10579,#12312);
#12312 = DEFINITIONAL_REPRESENTATION('',(#12313),#12317);
#12313 = LINE('',#12314,#12315);
#12314 = CARTESIAN_POINT('',(-22.35,12.5));
#12315 = VECTOR('',#12316,1.);
#12316 = DIRECTION('',(0.,-1.));
#12317 = ( GEOMETRIC_REPRESENTATION_CONTEXT(2) 
PARAMETRIC_REPRESENTATION_CONTEXT() REPRESENTATION_CONTEXT('2D SPACE',''
  ) );
#12318 = PCURVE('',#12319,#12324);
#12319 = PLANE('',#12320);
#12320 = AXIS2_PLACEMENT_3D('',#12321,#12322,#12323);
#12321 = CARTESIAN_POINT('',(97.65,-80.00011576533,10.));
#12322 = DIRECTION('',(1.,0.,-0.));
#12323 = DIRECTION('',(0.,-1.,0.));
#12324 = DEFINITIONAL_REPRESENTATION('',(#12325),#12329);
#12325 = LINE('',#12326,#12327);
#12326 = CARTESIAN_POINT('',(-1.157653307473E-04,0.));
#12327 = VECTOR('',#12328,1.);
#12328 = DIRECTION('',(1.,0.));
#12329 = ( GEOMETRIC_REPRESENTATION_CONTEXT(2) 
PARAMETRIC_REPRESENTATION_CONTEXT() REPRESENTATION_CONTEXT('2D SPACE',''
  ) );
#12330 = ADVANCED_FACE('',(#12331),#10932,.F.);
#12331 = FACE_BOUND('',#12332,.F.);
#12332 = EDGE_LOOP('',(#12333,#12334,#12356));
#12333 = ORIENTED_EDGE('',*,*,#10918,.F.);
#12334 = ORIENTED_EDGE('',*,*,#12335,.T.);
#12335 = EDGE_CURVE('',#9476,#11458,#12336,.T.);
#12336 = SURFACE_CURVE('',#12337,(#12342,#12349),.PCURVE_S1.);
#12337 = CIRCLE('',#12338,1.25);
#12338 = AXIS2_PLACEMENT_3D('',#12339,#12340,#12341);
#12339 = CARTESIAN_POINT('',(95.,-80.,13.));
#12340 = DIRECTION('',(0.,0.,1.));
#12341 = DIRECTION('',(1.,0.,-0.));
#12342 = PCURVE('',#10932,#12343);
#12343 = DEFINITIONAL_REPRESENTATION('',(#12344),#12348);
#12344 = CIRCLE('',#12345,1.25);
#12345 = AXIS2_PLACEMENT_2D('',#12346,#12347);
#12346 = CARTESIAN_POINT('',(-1.42108547152E-14,0.));
#12347 = DIRECTION('',(1.,0.));
#12348 = ( GEOMETRIC_REPRESENTATION_CONTEXT(2) 
PARAMETRIC_REPRESENTATION_CONTEXT() REPRESENTATION_CONTEXT('2D SPACE',''
  ) );
#12349 = PCURVE('',#11015,#12350);
#12350 = DEFINITIONAL_REPRESENTATION('',(#12351),#12355);
#12351 = LINE('',#12352,#12353);
#12352 = CARTESIAN_POINT('',(-0.,0.));
#12353 = VECTOR('',#12354,1.);
#12354 = DIRECTION('',(-1.,0.));
#12355 = ( GEOMETRIC_REPRESENTATION_CONTEXT(2) 
PARAMETRIC_REPRESENTATION_CONTEXT() REPRESENTATION_CONTEXT('2D SPACE',''
  ) );
#12356 = ORIENTED_EDGE('',*,*,#12357,.F.);
#12357 = EDGE_CURVE('',#9422,#11458,#12358,.T.);
#12358 = SURFACE_CURVE('',#12359,(#12363,#12370),.PCURVE_S1.);
#12359 = LINE('',#12360,#12361);
#12360 = CARTESIAN_POINT('',(96.25,-80.,13.));
#12361 = VECTOR('',#12362,1.);
#12362 = DIRECTION('',(-1.,0.,0.));
#12363 = PCURVE('',#10932,#12364);
#12364 = DEFINITIONAL_REPRESENTATION('',(#12365),#12369);
#12365 = LINE('',#12366,#12367);
#12366 = CARTESIAN_POINT('',(1.25,0.));
#12367 = VECTOR('',#12368,1.);
#12368 = DIRECTION('',(-1.,0.));
#12369 = ( GEOMETRIC_REPRESENTATION_CONTEXT(2) 
PARAMETRIC_REPRESENTATION_CONTEXT() REPRESENTATION_CONTEXT('2D SPACE',''
  ) );
#12370 = PCURVE('',#11354,#12371);
#12371 = DEFINITIONAL_REPRESENTATION('',(#12372),#12376);
#12372 = LINE('',#12373,#12374);
#12373 = CARTESIAN_POINT('',(1.25,0.));
#12374 = VECTOR('',#12375,1.);
#12375 = DIRECTION('',(-1.,0.));
#12376 = ( GEOMETRIC_REPRESENTATION_CONTEXT(2) 
PARAMETRIC_REPRESENTATION_CONTEXT() REPRESENTATION_CONTEXT('2D SPACE',''
  ) );
#12377 = ADVANCED_FACE('',(#12378),#11015,.T.);
#12378 = FACE_BOUND('',#12379,.F.);
#12379 = EDGE_LOOP('',(#12380,#12381,#12382,#12411));
#12380 = ORIENTED_EDGE('',*,*,#12335,.F.);
#12381 = ORIENTED_EDGE('',*,*,#11001,.T.);
#12382 = ORIENTED_EDGE('',*,*,#12383,.T.);
#12383 = EDGE_CURVE('',#10973,#12384,#12386,.T.);
#12384 = VERTEX_POINT('',#12385);
#12385 = CARTESIAN_POINT('',(93.75,-80.,15.));
#12386 = SURFACE_CURVE('',#12387,(#12392,#12399),.PCURVE_S1.);
#12387 = CIRCLE('',#12388,1.25);
#12388 = AXIS2_PLACEMENT_3D('',#12389,#12390,#12391);
#12389 = CARTESIAN_POINT('',(95.,-80.,15.));
#12390 = DIRECTION('',(0.,0.,1.));
#12391 = DIRECTION('',(1.,0.,-0.));
#12392 = PCURVE('',#11015,#12393);
#12393 = DEFINITIONAL_REPRESENTATION('',(#12394),#12398);
#12394 = LINE('',#12395,#12396);
#12395 = CARTESIAN_POINT('',(-0.,-2.));
#12396 = VECTOR('',#12397,1.);
#12397 = DIRECTION('',(-1.,0.));
#12398 = ( GEOMETRIC_REPRESENTATION_CONTEXT(2) 
PARAMETRIC_REPRESENTATION_CONTEXT() REPRESENTATION_CONTEXT('2D SPACE',''
  ) );
#12399 = PCURVE('',#12400,#12405);
#12400 = PLANE('',#12401);
#12401 = AXIS2_PLACEMENT_3D('',#12402,#12403,#12404);
#12402 = CARTESIAN_POINT('',(95.,-80.,15.));
#12403 = DIRECTION('',(0.,0.,1.));
#12404 = DIRECTION('',(1.,0.,-0.));
#12405 = DEFINITIONAL_REPRESENTATION('',(#12406),#12410);
#12406 = CIRCLE('',#12407,1.25);
#12407 = AXIS2_PLACEMENT_2D('',#12408,#12409);
#12408 = CARTESIAN_POINT('',(-1.42108547152E-14,0.));
#12409 = DIRECTION('',(1.,0.));
#12410 = ( GEOMETRIC_REPRESENTATION_CONTEXT(2) 
PARAMETRIC_REPRESENTATION_CONTEXT() REPRESENTATION_CONTEXT('2D SPACE',''
  ) );
#12411 = ORIENTED_EDGE('',*,*,#12412,.F.);
#12412 = EDGE_CURVE('',#11458,#12384,#12413,.T.);
#12413 = SURFACE_CURVE('',#12414,(#12418,#12425),.PCURVE_S1.);
#12414 = LINE('',#12415,#12416);
#12415 = CARTESIAN_POINT('',(93.75,-80.,13.));
#12416 = VECTOR('',#12417,1.);
#12417 = DIRECTION('',(0.,0.,1.));
#12418 = PCURVE('',#11015,#12419);
#12419 = DEFINITIONAL_REPRESENTATION('',(#12420),#12424);
#12420 = LINE('',#12421,#12422);
#12421 = CARTESIAN_POINT('',(-3.14159265359,0.));
#12422 = VECTOR('',#12423,1.);
#12423 = DIRECTION('',(-0.,-1.));
#12424 = ( GEOMETRIC_REPRESENTATION_CONTEXT(2) 
PARAMETRIC_REPRESENTATION_CONTEXT() REPRESENTATION_CONTEXT('2D SPACE',''
  ) );
#12425 = PCURVE('',#11495,#12426);
#12426 = DEFINITIONAL_REPRESENTATION('',(#12427),#12431);
#12427 = LINE('',#12428,#12429);
#12428 = CARTESIAN_POINT('',(0.,0.));
#12429 = VECTOR('',#12430,1.);
#12430 = DIRECTION('',(0.,-1.));
#12431 = ( GEOMETRIC_REPRESENTATION_CONTEXT(2) 
PARAMETRIC_REPRESENTATION_CONTEXT() REPRESENTATION_CONTEXT('2D SPACE',''
  ) );
#12432 = ADVANCED_FACE('',(#12433),#10989,.T.);
#12433 = FACE_BOUND('',#12434,.T.);
#12434 = EDGE_LOOP('',(#12435,#12464,#12465,#12494,#12523));
#12435 = ORIENTED_EDGE('',*,*,#12436,.F.);
#12436 = EDGE_CURVE('',#10950,#12437,#12439,.T.);
#12437 = VERTEX_POINT('',#12438);
#12438 = CARTESIAN_POINT('',(98.75,-75.,15.));
#12439 = SURFACE_CURVE('',#12440,(#12445,#12452),.PCURVE_S1.);
#12440 = CIRCLE('',#12441,1.25);
#12441 = AXIS2_PLACEMENT_3D('',#12442,#12443,#12444);
#12442 = CARTESIAN_POINT('',(100.,-75.,15.));
#12443 = DIRECTION('',(0.,0.,1.));
#12444 = DIRECTION('',(1.,0.,-0.));
#12445 = PCURVE('',#10989,#12446);
#12446 = DEFINITIONAL_REPRESENTATION('',(#12447),#12451);
#12447 = CIRCLE('',#12448,1.25);
#12448 = AXIS2_PLACEMENT_2D('',#12449,#12450);
#12449 = CARTESIAN_POINT('',(3.108480459677,1.891519540323));
#12450 = DIRECTION('',(1.,0.));
#12451 = ( GEOMETRIC_REPRESENTATION_CONTEXT(2) 
PARAMETRIC_REPRESENTATION_CONTEXT() REPRESENTATION_CONTEXT('2D SPACE',''
  ) );
#12452 = PCURVE('',#12453,#12458);
#12453 = PLANE('',#12454);
#12454 = AXIS2_PLACEMENT_3D('',#12455,#12456,#12457);
#12455 = CARTESIAN_POINT('',(100.,-75.,15.));
#12456 = DIRECTION('',(0.,0.,1.));
#12457 = DIRECTION('',(1.,0.,-0.));
#12458 = DEFINITIONAL_REPRESENTATION('',(#12459),#12463);
#12459 = CIRCLE('',#12460,1.25);
#12460 = AXIS2_PLACEMENT_2D('',#12461,#12462);
#12461 = CARTESIAN_POINT('',(-2.84217094304E-14,0.));
#12462 = DIRECTION('',(1.,0.));
#12463 = ( GEOMETRIC_REPRESENTATION_CONTEXT(2) 
PARAMETRIC_REPRESENTATION_CONTEXT() REPRESENTATION_CONTEXT('2D SPACE',''
  ) );
#12464 = ORIENTED_EDGE('',*,*,#10972,.T.);
#12465 = ORIENTED_EDGE('',*,*,#12466,.F.);
#12466 = EDGE_CURVE('',#12467,#10973,#12469,.T.);
#12467 = VERTEX_POINT('',#12468);
#12468 = CARTESIAN_POINT('',(95.156275096017,-78.75980723499,15.));
#12469 = SURFACE_CURVE('',#12470,(#12475,#12482),.PCURVE_S1.);
#12470 = CIRCLE('',#12471,1.25);
#12471 = AXIS2_PLACEMENT_3D('',#12472,#12473,#12474);
#12472 = CARTESIAN_POINT('',(95.,-80.,15.));
#12473 = DIRECTION('',(0.,0.,1.));
#12474 = DIRECTION('',(1.,0.,-0.));
#12475 = PCURVE('',#10989,#12476);
#12476 = DEFINITIONAL_REPRESENTATION('',(#12477),#12481);
#12477 = CIRCLE('',#12478,1.25);
#12478 = AXIS2_PLACEMENT_2D('',#12479,#12480);
#12479 = CARTESIAN_POINT('',(-1.891519540323,-3.108480459677));
#12480 = DIRECTION('',(1.,0.));
#12481 = ( GEOMETRIC_REPRESENTATION_CONTEXT(2) 
PARAMETRIC_REPRESENTATION_CONTEXT() REPRESENTATION_CONTEXT('2D SPACE',''
  ) );
#12482 = PCURVE('',#12483,#12488);
#12483 = PLANE('',#12484);
#12484 = AXIS2_PLACEMENT_3D('',#12485,#12486,#12487);
#12485 = CARTESIAN_POINT('',(95.,-80.,15.));
#12486 = DIRECTION('',(0.,0.,1.));
#12487 = DIRECTION('',(1.,0.,-0.));
#12488 = DEFINITIONAL_REPRESENTATION('',(#12489),#12493);
#12489 = CIRCLE('',#12490,1.25);
#12490 = AXIS2_PLACEMENT_2D('',#12491,#12492);
#12491 = CARTESIAN_POINT('',(-1.42108547152E-14,0.));
#12492 = DIRECTION('',(1.,0.));
#12493 = ( GEOMETRIC_REPRESENTATION_CONTEXT(2) 
PARAMETRIC_REPRESENTATION_CONTEXT() REPRESENTATION_CONTEXT('2D SPACE',''
  ) );
#12494 = ORIENTED_EDGE('',*,*,#12495,.F.);
#12495 = EDGE_CURVE('',#12496,#12467,#12498,.T.);
#12496 = VERTEX_POINT('',#12497);
#12497 = CARTESIAN_POINT('',(98.759807234997,-75.15627509601,15.));
#12498 = SURFACE_CURVE('',#12499,(#12504,#12511),.PCURVE_S1.);
#12499 = CIRCLE('',#12500,5.000115766671);
#12500 = AXIS2_PLACEMENT_3D('',#12501,#12502,#12503);
#12501 = CARTESIAN_POINT('',(100.00011576533,-80.00011576533,15.));
#12502 = DIRECTION('',(0.,0.,1.));
#12503 = DIRECTION('',(-2.31525300912E-05,0.999999999732,0.));
#12504 = PCURVE('',#10989,#12505);
#12505 = DEFINITIONAL_REPRESENTATION('',(#12506),#12510);
#12506 = CIRCLE('',#12507,5.000115766671);
#12507 = AXIS2_PLACEMENT_2D('',#12508,#12509);
#12508 = CARTESIAN_POINT('',(3.108596225007,-3.108596225007));
#12509 = DIRECTION('',(-2.31525300912E-05,0.999999999732));
#12510 = ( GEOMETRIC_REPRESENTATION_CONTEXT(2) 
PARAMETRIC_REPRESENTATION_CONTEXT() REPRESENTATION_CONTEXT('2D SPACE',''
  ) );
#12511 = PCURVE('',#12512,#12517);
#12512 = PLANE('',#12513);
#12513 = AXIS2_PLACEMENT_3D('',#12514,#12515,#12516);
#12514 = CARTESIAN_POINT('',(120.,-92.5,15.));
#12515 = DIRECTION('',(0.,0.,1.));
#12516 = DIRECTION('',(1.,0.,-0.));
#12517 = DEFINITIONAL_REPRESENTATION('',(#12518),#12522);
#12518 = CIRCLE('',#12519,5.000115766671);
#12519 = AXIS2_PLACEMENT_2D('',#12520,#12521);
#12520 = CARTESIAN_POINT('',(-19.99988423466,12.499884234669));
#12521 = DIRECTION('',(-2.31525300912E-05,0.999999999732));
#12522 = ( GEOMETRIC_REPRESENTATION_CONTEXT(2) 
PARAMETRIC_REPRESENTATION_CONTEXT() REPRESENTATION_CONTEXT('2D SPACE',''
  ) );
#12523 = ORIENTED_EDGE('',*,*,#12524,.F.);
#12524 = EDGE_CURVE('',#12437,#12496,#12525,.T.);
#12525 = SURFACE_CURVE('',#12526,(#12531,#12538),.PCURVE_S1.);
#12526 = CIRCLE('',#12527,1.25);
#12527 = AXIS2_PLACEMENT_3D('',#12528,#12529,#12530);
#12528 = CARTESIAN_POINT('',(100.,-75.,15.));
#12529 = DIRECTION('',(0.,0.,1.));
#12530 = DIRECTION('',(-1.,0.,-0.));
#12531 = PCURVE('',#10989,#12532);
#12532 = DEFINITIONAL_REPRESENTATION('',(#12533),#12537);
#12533 = CIRCLE('',#12534,1.25);
#12534 = AXIS2_PLACEMENT_2D('',#12535,#12536);
#12535 = CARTESIAN_POINT('',(3.108480459677,1.891519540323));
#12536 = DIRECTION('',(-1.,0.));
#12537 = ( GEOMETRIC_REPRESENTATION_CONTEXT(2) 
PARAMETRIC_REPRESENTATION_CONTEXT() REPRESENTATION_CONTEXT('2D SPACE',''
  ) );
#12538 = PCURVE('',#12453,#12539);
#12539 = DEFINITIONAL_REPRESENTATION('',(#12540),#12544);
#12540 = CIRCLE('',#12541,1.25);
#12541 = AXIS2_PLACEMENT_2D('',#12542,#12543);
#12542 = CARTESIAN_POINT('',(-2.84217094304E-14,0.));
#12543 = DIRECTION('',(-1.,0.));
#12544 = ( GEOMETRIC_REPRESENTATION_CONTEXT(2) 
PARAMETRIC_REPRESENTATION_CONTEXT() REPRESENTATION_CONTEXT('2D SPACE',''
  ) );
#12545 = ADVANCED_FACE('',(#12546),#11075,.T.);
#12546 = FACE_BOUND('',#12547,.T.);
#12547 = EDGE_LOOP('',(#12548,#12571,#12597));
#12548 = ORIENTED_EDGE('',*,*,#12549,.F.);
#12549 = EDGE_CURVE('',#12550,#10950,#12552,.T.);
#12550 = VERTEX_POINT('',#12551);
#12551 = CARTESIAN_POINT('',(100.00000000001,-75.00000125991,15.));
#12552 = SURFACE_CURVE('',#12553,(#12557,#12564),.PCURVE_S1.);
#12553 = LINE('',#12554,#12555);
#12554 = CARTESIAN_POINT('',(100.00002894066,-76.24999999966,15.));
#12555 = VECTOR('',#12556,1.);
#12556 = DIRECTION('',(-2.315253009328E-05,0.999999999732,0.));
#12557 = PCURVE('',#11075,#12558);
#12558 = DEFINITIONAL_REPRESENTATION('',(#12559),#12563);
#12559 = LINE('',#12560,#12561);
#12560 = CARTESIAN_POINT('',(2.894066258818E-05,-1.249999999665));
#12561 = VECTOR('',#12562,1.);
#12562 = DIRECTION('',(-2.315253009328E-05,0.999999999732));
#12563 = ( GEOMETRIC_REPRESENTATION_CONTEXT(2) 
PARAMETRIC_REPRESENTATION_CONTEXT() REPRESENTATION_CONTEXT('2D SPACE',''
  ) );
#12564 = PCURVE('',#12453,#12565);
#12565 = DEFINITIONAL_REPRESENTATION('',(#12566),#12570);
#12566 = LINE('',#12567,#12568);
#12567 = CARTESIAN_POINT('',(2.894066258818E-05,-1.249999999665));
#12568 = VECTOR('',#12569,1.);
#12569 = DIRECTION('',(-2.315253009328E-05,0.999999999732));
#12570 = ( GEOMETRIC_REPRESENTATION_CONTEXT(2) 
PARAMETRIC_REPRESENTATION_CONTEXT() REPRESENTATION_CONTEXT('2D SPACE',''
  ) );
#12571 = ORIENTED_EDGE('',*,*,#12572,.F.);
#12572 = EDGE_CURVE('',#11033,#12550,#12573,.T.);
#12573 = SURFACE_CURVE('',#12574,(#12578,#12585),.PCURVE_S1.);
#12574 = LINE('',#12575,#12576);
#12575 = CARTESIAN_POINT('',(100.,-73.75,15.));
#12576 = VECTOR('',#12577,1.);
#12577 = DIRECTION('',(0.,-1.,0.));
#12578 = PCURVE('',#11075,#12579);
#12579 = DEFINITIONAL_REPRESENTATION('',(#12580),#12584);
#12580 = LINE('',#12581,#12582);
#12581 = CARTESIAN_POINT('',(-2.84217094304E-14,1.25));
#12582 = VECTOR('',#12583,1.);
#12583 = DIRECTION('',(0.,-1.));
#12584 = ( GEOMETRIC_REPRESENTATION_CONTEXT(2) 
PARAMETRIC_REPRESENTATION_CONTEXT() REPRESENTATION_CONTEXT('2D SPACE',''
  ) );
#12585 = PCURVE('',#12586,#12591);
#12586 = PLANE('',#12587);
#12587 = AXIS2_PLACEMENT_3D('',#12588,#12589,#12590);
#12588 = CARTESIAN_POINT('',(100.,-75.,15.));
#12589 = DIRECTION('',(0.,0.,1.));
#12590 = DIRECTION('',(1.,0.,-0.));
#12591 = DEFINITIONAL_REPRESENTATION('',(#12592),#12596);
#12592 = LINE('',#12593,#12594);
#12593 = CARTESIAN_POINT('',(-2.84217094304E-14,1.25));
#12594 = VECTOR('',#12595,1.);
#12595 = DIRECTION('',(0.,-1.));
#12596 = ( GEOMETRIC_REPRESENTATION_CONTEXT(2) 
PARAMETRIC_REPRESENTATION_CONTEXT() REPRESENTATION_CONTEXT('2D SPACE',''
  ) );
#12597 = ORIENTED_EDGE('',*,*,#11060,.T.);
#12598 = ADVANCED_FACE('',(#12599),#11048,.F.);
#12599 = FACE_BOUND('',#12600,.F.);
#12600 = EDGE_LOOP('',(#12601,#12629,#12655,#12656));
#12601 = ORIENTED_EDGE('',*,*,#12602,.T.);
#12602 = EDGE_CURVE('',#11094,#12603,#12605,.T.);
#12603 = VERTEX_POINT('',#12604);
#12604 = CARTESIAN_POINT('',(140.,-73.75,15.));
#12605 = SURFACE_CURVE('',#12606,(#12610,#12617),.PCURVE_S1.);
#12606 = LINE('',#12607,#12608);
#12607 = CARTESIAN_POINT('',(140.,-73.75,13.));
#12608 = VECTOR('',#12609,1.);
#12609 = DIRECTION('',(0.,0.,1.));
#12610 = PCURVE('',#11048,#12611);
#12611 = DEFINITIONAL_REPRESENTATION('',(#12612),#12616);
#12612 = LINE('',#12613,#12614);
#12613 = CARTESIAN_POINT('',(0.,-0.));
#12614 = VECTOR('',#12615,1.);
#12615 = DIRECTION('',(0.,-1.));
#12616 = ( GEOMETRIC_REPRESENTATION_CONTEXT(2) 
PARAMETRIC_REPRESENTATION_CONTEXT() REPRESENTATION_CONTEXT('2D SPACE',''
  ) );
#12617 = PCURVE('',#12618,#12623);
#12618 = CYLINDRICAL_SURFACE('',#12619,1.25);
#12619 = AXIS2_PLACEMENT_3D('',#12620,#12621,#12622);
#12620 = CARTESIAN_POINT('',(140.,-75.,13.));
#12621 = DIRECTION('',(-0.,-0.,-1.));
#12622 = DIRECTION('',(1.,0.,-0.));
#12623 = DEFINITIONAL_REPRESENTATION('',(#12624),#12628);
#12624 = LINE('',#12625,#12626);
#12625 = CARTESIAN_POINT('',(-1.570796326795,0.));
#12626 = VECTOR('',#12627,1.);
#12627 = DIRECTION('',(-0.,-1.));
#12628 = ( GEOMETRIC_REPRESENTATION_CONTEXT(2) 
PARAMETRIC_REPRESENTATION_CONTEXT() REPRESENTATION_CONTEXT('2D SPACE',''
  ) );
#12629 = ORIENTED_EDGE('',*,*,#12630,.T.);
#12630 = EDGE_CURVE('',#12603,#11033,#12631,.T.);
#12631 = SURFACE_CURVE('',#12632,(#12636,#12643),.PCURVE_S1.);
#12632 = LINE('',#12633,#12634);
#12633 = CARTESIAN_POINT('',(140.,-73.75,15.));
#12634 = VECTOR('',#12635,1.);
#12635 = DIRECTION('',(-1.,0.,0.));
#12636 = PCURVE('',#11048,#12637);
#12637 = DEFINITIONAL_REPRESENTATION('',(#12638),#12642);
#12638 = LINE('',#12639,#12640);
#12639 = CARTESIAN_POINT('',(0.,-2.));
#12640 = VECTOR('',#12641,1.);
#12641 = DIRECTION('',(1.,0.));
#12642 = ( GEOMETRIC_REPRESENTATION_CONTEXT(2) 
PARAMETRIC_REPRESENTATION_CONTEXT() REPRESENTATION_CONTEXT('2D SPACE',''
  ) );
#12643 = PCURVE('',#12644,#12649);
#12644 = PLANE('',#12645);
#12645 = AXIS2_PLACEMENT_3D('',#12646,#12647,#12648);
#12646 = CARTESIAN_POINT('',(120.,-75.,15.));
#12647 = DIRECTION('',(0.,0.,1.));
#12648 = DIRECTION('',(1.,0.,-0.));
#12649 = DEFINITIONAL_REPRESENTATION('',(#12650),#12654);
#12650 = LINE('',#12651,#12652);
#12651 = CARTESIAN_POINT('',(20.,1.25));
#12652 = VECTOR('',#12653,1.);
#12653 = DIRECTION('',(-1.,0.));
#12654 = ( GEOMETRIC_REPRESENTATION_CONTEXT(2) 
PARAMETRIC_REPRESENTATION_CONTEXT() REPRESENTATION_CONTEXT('2D SPACE',''
  ) );
#12655 = ORIENTED_EDGE('',*,*,#11032,.F.);
#12656 = ORIENTED_EDGE('',*,*,#11122,.F.);
#12657 = ADVANCED_FACE('',(#12658),#11110,.F.);
#12658 = FACE_BOUND('',#12659,.F.);
#12659 = EDGE_LOOP('',(#12660,#12661,#12687));
#12660 = ORIENTED_EDGE('',*,*,#11146,.F.);
#12661 = ORIENTED_EDGE('',*,*,#12662,.T.);
#12662 = EDGE_CURVE('',#9673,#11094,#12663,.T.);
#12663 = SURFACE_CURVE('',#12664,(#12668,#12675),.PCURVE_S1.);
#12664 = LINE('',#12665,#12666);
#12665 = CARTESIAN_POINT('',(140.,-76.25,13.));
#12666 = VECTOR('',#12667,1.);
#12667 = DIRECTION('',(0.,1.,0.));
#12668 = PCURVE('',#11110,#12669);
#12669 = DEFINITIONAL_REPRESENTATION('',(#12670),#12674);
#12670 = LINE('',#12671,#12672);
#12671 = CARTESIAN_POINT('',(0.,-1.25));
#12672 = VECTOR('',#12673,1.);
#12673 = DIRECTION('',(0.,1.));
#12674 = ( GEOMETRIC_REPRESENTATION_CONTEXT(2) 
PARAMETRIC_REPRESENTATION_CONTEXT() REPRESENTATION_CONTEXT('2D SPACE',''
  ) );
#12675 = PCURVE('',#12676,#12681);
#12676 = PLANE('',#12677);
#12677 = AXIS2_PLACEMENT_3D('',#12678,#12679,#12680);
#12678 = CARTESIAN_POINT('',(140.,-75.,13.));
#12679 = DIRECTION('',(0.,0.,1.));
#12680 = DIRECTION('',(1.,0.,-0.));
#12681 = DEFINITIONAL_REPRESENTATION('',(#12682),#12686);
#12682 = LINE('',#12683,#12684);
#12683 = CARTESIAN_POINT('',(0.,-1.25));
#12684 = VECTOR('',#12685,1.);
#12685 = DIRECTION('',(0.,1.));
#12686 = ( GEOMETRIC_REPRESENTATION_CONTEXT(2) 
PARAMETRIC_REPRESENTATION_CONTEXT() REPRESENTATION_CONTEXT('2D SPACE',''
  ) );
#12687 = ORIENTED_EDGE('',*,*,#11093,.T.);
#12688 = ADVANCED_FACE('',(#12689),#11187,.F.);
#12689 = FACE_BOUND('',#12690,.F.);
#12690 = EDGE_LOOP('',(#12691,#12712,#12713,#12714));
#12691 = ORIENTED_EDGE('',*,*,#12692,.T.);
#12692 = EDGE_CURVE('',#11234,#9673,#12693,.T.);
#12693 = SURFACE_CURVE('',#12694,(#12698,#12705),.PCURVE_S1.);
#12694 = LINE('',#12695,#12696);
#12695 = CARTESIAN_POINT('',(140.00002894066,-73.75000000033,13.));
#12696 = VECTOR('',#12697,1.);
#12697 = DIRECTION('',(-2.315253013876E-05,-0.999999999732,0.));
#12698 = PCURVE('',#11187,#12699);
#12699 = DEFINITIONAL_REPRESENTATION('',(#12700),#12704);
#12700 = LINE('',#12701,#12702);
#12701 = CARTESIAN_POINT('',(2.894066267345E-05,1.249999999664));
#12702 = VECTOR('',#12703,1.);
#12703 = DIRECTION('',(-2.315253013876E-05,-0.999999999732));
#12704 = ( GEOMETRIC_REPRESENTATION_CONTEXT(2) 
PARAMETRIC_REPRESENTATION_CONTEXT() REPRESENTATION_CONTEXT('2D SPACE',''
  ) );
#12705 = PCURVE('',#12676,#12706);
#12706 = DEFINITIONAL_REPRESENTATION('',(#12707),#12711);
#12707 = LINE('',#12708,#12709);
#12708 = CARTESIAN_POINT('',(2.894066267345E-05,1.249999999664));
#12709 = VECTOR('',#12710,1.);
#12710 = DIRECTION('',(-2.315253013876E-05,-0.999999999732));
#12711 = ( GEOMETRIC_REPRESENTATION_CONTEXT(2) 
PARAMETRIC_REPRESENTATION_CONTEXT() REPRESENTATION_CONTEXT('2D SPACE',''
  ) );
#12712 = ORIENTED_EDGE('',*,*,#11172,.F.);
#12713 = ORIENTED_EDGE('',*,*,#11286,.T.);
#12714 = ORIENTED_EDGE('',*,*,#11262,.T.);
#12715 = ADVANCED_FACE('',(#12716),#11221,.F.);
#12716 = FACE_BOUND('',#12717,.F.);
#12717 = EDGE_LOOP('',(#12718,#12719,#12745));
#12718 = ORIENTED_EDGE('',*,*,#11314,.F.);
#12719 = ORIENTED_EDGE('',*,*,#12720,.T.);
#12720 = EDGE_CURVE('',#9841,#11205,#12721,.T.);
#12721 = SURFACE_CURVE('',#12722,(#12726,#12733),.PCURVE_S1.);
#12722 = LINE('',#12723,#12724);
#12723 = CARTESIAN_POINT('',(143.75000000033,-80.00002894066,13.));
#12724 = VECTOR('',#12725,1.);
#12725 = DIRECTION('',(0.999999999732,2.315253024108E-05,0.));
#12726 = PCURVE('',#11221,#12727);
#12727 = DEFINITIONAL_REPRESENTATION('',(#12728),#12732);
#12728 = LINE('',#12729,#12730);
#12729 = CARTESIAN_POINT('',(-1.249999999665,-2.894066280135E-05));
#12730 = VECTOR('',#12731,1.);
#12731 = DIRECTION('',(0.999999999732,2.315253024108E-05));
#12732 = ( GEOMETRIC_REPRESENTATION_CONTEXT(2) 
PARAMETRIC_REPRESENTATION_CONTEXT() REPRESENTATION_CONTEXT('2D SPACE',''
  ) );
#12733 = PCURVE('',#12734,#12739);
#12734 = PLANE('',#12735);
#12735 = AXIS2_PLACEMENT_3D('',#12736,#12737,#12738);
#12736 = CARTESIAN_POINT('',(145.,-80.,13.));
#12737 = DIRECTION('',(0.,0.,1.));
#12738 = DIRECTION('',(1.,0.,-0.));
#12739 = DEFINITIONAL_REPRESENTATION('',(#12740),#12744);
#12740 = LINE('',#12741,#12742);
#12741 = CARTESIAN_POINT('',(-1.249999999665,-2.894066280135E-05));
#12742 = VECTOR('',#12743,1.);
#12743 = DIRECTION('',(0.999999999732,2.315253024108E-05));
#12744 = ( GEOMETRIC_REPRESENTATION_CONTEXT(2) 
PARAMETRIC_REPRESENTATION_CONTEXT() REPRESENTATION_CONTEXT('2D SPACE',''
  ) );
#12745 = ORIENTED_EDGE('',*,*,#11204,.T.);
#12746 = ADVANCED_FACE('',(#12747),#11250,.T.);
#12747 = FACE_BOUND('',#12748,.F.);
#12748 = EDGE_LOOP('',(#12749,#12777,#12806,#12827));
#12749 = ORIENTED_EDGE('',*,*,#12750,.T.);
#12750 = EDGE_CURVE('',#11205,#12751,#12753,.T.);
#12751 = VERTEX_POINT('',#12752);
#12752 = CARTESIAN_POINT('',(146.24999999966,-79.99997105933,15.));
#12753 = SURFACE_CURVE('',#12754,(#12758,#12765),.PCURVE_S1.);
#12754 = LINE('',#12755,#12756);
#12755 = CARTESIAN_POINT('',(146.24999999966,-79.99997105933,13.));
#12756 = VECTOR('',#12757,1.);
#12757 = DIRECTION('',(0.,0.,1.));
#12758 = PCURVE('',#11250,#12759);
#12759 = DEFINITIONAL_REPRESENTATION('',(#12760),#12764);
#12760 = LINE('',#12761,#12762);
#12761 = CARTESIAN_POINT('',(-0.,0.));
#12762 = VECTOR('',#12763,1.);
#12763 = DIRECTION('',(-0.,-1.));
#12764 = ( GEOMETRIC_REPRESENTATION_CONTEXT(2) 
PARAMETRIC_REPRESENTATION_CONTEXT() REPRESENTATION_CONTEXT('2D SPACE',''
  ) );
#12765 = PCURVE('',#12766,#12771);
#12766 = CYLINDRICAL_SURFACE('',#12767,1.25);
#12767 = AXIS2_PLACEMENT_3D('',#12768,#12769,#12770);
#12768 = CARTESIAN_POINT('',(145.,-80.,13.));
#12769 = DIRECTION('',(-0.,-0.,-1.));
#12770 = DIRECTION('',(1.,0.,-0.));
#12771 = DEFINITIONAL_REPRESENTATION('',(#12772),#12776);
#12772 = LINE('',#12773,#12774);
#12773 = CARTESIAN_POINT('',(-2.315253024315E-05,0.));
#12774 = VECTOR('',#12775,1.);
#12775 = DIRECTION('',(-0.,-1.));
#12776 = ( GEOMETRIC_REPRESENTATION_CONTEXT(2) 
PARAMETRIC_REPRESENTATION_CONTEXT() REPRESENTATION_CONTEXT('2D SPACE',''
  ) );
#12777 = ORIENTED_EDGE('',*,*,#12778,.T.);
#12778 = EDGE_CURVE('',#12751,#12779,#12781,.T.);
#12779 = VERTEX_POINT('',#12780);
#12780 = CARTESIAN_POINT('',(140.00002894066,-73.75000000033,15.));
#12781 = SURFACE_CURVE('',#12782,(#12787,#12794),.PCURVE_S1.);
#12782 = CIRCLE('',#12783,6.250115766671);
#12783 = AXIS2_PLACEMENT_3D('',#12784,#12785,#12786);
#12784 = CARTESIAN_POINT('',(139.99988423466,-80.00011576533,15.));
#12785 = DIRECTION('',(0.,0.,1.));
#12786 = DIRECTION('',(0.999999999732,2.315253023486E-05,-0.));
#12787 = PCURVE('',#11250,#12788);
#12788 = DEFINITIONAL_REPRESENTATION('',(#12789),#12793);
#12789 = LINE('',#12790,#12791);
#12790 = CARTESIAN_POINT('',(-0.,-2.));
#12791 = VECTOR('',#12792,1.);
#12792 = DIRECTION('',(-1.,0.));
#12793 = ( GEOMETRIC_REPRESENTATION_CONTEXT(2) 
PARAMETRIC_REPRESENTATION_CONTEXT() REPRESENTATION_CONTEXT('2D SPACE',''
  ) );
#12794 = PCURVE('',#12795,#12800);
#12795 = PLANE('',#12796);
#12796 = AXIS2_PLACEMENT_3D('',#12797,#12798,#12799);
#12797 = CARTESIAN_POINT('',(143.10848045967,-76.89151954032,15.));
#12798 = DIRECTION('',(0.,0.,1.));
#12799 = DIRECTION('',(1.,0.,-0.));
#12800 = DEFINITIONAL_REPRESENTATION('',(#12801),#12805);
#12801 = CIRCLE('',#12802,6.250115766671);
#12802 = AXIS2_PLACEMENT_2D('',#12803,#12804);
#12803 = CARTESIAN_POINT('',(-3.108596225007,-3.108596225008));
#12804 = DIRECTION('',(0.999999999732,2.315253023486E-05));
#12805 = ( GEOMETRIC_REPRESENTATION_CONTEXT(2) 
PARAMETRIC_REPRESENTATION_CONTEXT() REPRESENTATION_CONTEXT('2D SPACE',''
  ) );
#12806 = ORIENTED_EDGE('',*,*,#12807,.F.);
#12807 = EDGE_CURVE('',#11234,#12779,#12808,.T.);
#12808 = SURFACE_CURVE('',#12809,(#12813,#12820),.PCURVE_S1.);
#12809 = LINE('',#12810,#12811);
#12810 = CARTESIAN_POINT('',(140.00002894066,-73.75000000033,13.));
#12811 = VECTOR('',#12812,1.);
#12812 = DIRECTION('',(0.,0.,1.));
#12813 = PCURVE('',#11250,#12814);
#12814 = DEFINITIONAL_REPRESENTATION('',(#12815),#12819);
#12815 = LINE('',#12816,#12817);
#12816 = CARTESIAN_POINT('',(-1.570750021735,0.));
#12817 = VECTOR('',#12818,1.);
#12818 = DIRECTION('',(-0.,-1.));
#12819 = ( GEOMETRIC_REPRESENTATION_CONTEXT(2) 
PARAMETRIC_REPRESENTATION_CONTEXT() REPRESENTATION_CONTEXT('2D SPACE',''
  ) );
#12820 = PCURVE('',#12618,#12821);
#12821 = DEFINITIONAL_REPRESENTATION('',(#12822),#12826);
#12822 = LINE('',#12823,#12824);
#12823 = CARTESIAN_POINT('',(-1.570773174265,0.));
#12824 = VECTOR('',#12825,1.);
#12825 = DIRECTION('',(-0.,-1.));
#12826 = ( GEOMETRIC_REPRESENTATION_CONTEXT(2) 
PARAMETRIC_REPRESENTATION_CONTEXT() REPRESENTATION_CONTEXT('2D SPACE',''
  ) );
#12827 = ORIENTED_EDGE('',*,*,#11233,.F.);
#12828 = ADVANCED_FACE('',(#12829),#11354,.F.);
#12829 = FACE_BOUND('',#12830,.F.);
#12830 = EDGE_LOOP('',(#12831,#12832,#12833));
#12831 = ORIENTED_EDGE('',*,*,#11340,.F.);
#12832 = ORIENTED_EDGE('',*,*,#12357,.T.);
#12833 = ORIENTED_EDGE('',*,*,#11457,.T.);
#12834 = ADVANCED_FACE('',(#12835),#11384,.F.);
#12835 = FACE_BOUND('',#12836,.F.);
#12836 = EDGE_LOOP('',(#12837,#12858,#12859));
#12837 = ORIENTED_EDGE('',*,*,#12838,.T.);
#12838 = EDGE_CURVE('',#11511,#9841,#12839,.T.);
#12839 = SURFACE_CURVE('',#12840,(#12844,#12851),.PCURVE_S1.);
#12840 = LINE('',#12841,#12842);
#12841 = CARTESIAN_POINT('',(146.25,-80.,13.));
#12842 = VECTOR('',#12843,1.);
#12843 = DIRECTION('',(-1.,0.,0.));
#12844 = PCURVE('',#11384,#12845);
#12845 = DEFINITIONAL_REPRESENTATION('',(#12846),#12850);
#12846 = LINE('',#12847,#12848);
#12847 = CARTESIAN_POINT('',(1.25,0.));
#12848 = VECTOR('',#12849,1.);
#12849 = DIRECTION('',(-1.,0.));
#12850 = ( GEOMETRIC_REPRESENTATION_CONTEXT(2) 
PARAMETRIC_REPRESENTATION_CONTEXT() REPRESENTATION_CONTEXT('2D SPACE',''
  ) );
#12851 = PCURVE('',#12734,#12852);
#12852 = DEFINITIONAL_REPRESENTATION('',(#12853),#12857);
#12853 = LINE('',#12854,#12855);
#12854 = CARTESIAN_POINT('',(1.25,0.));
#12855 = VECTOR('',#12856,1.);
#12856 = DIRECTION('',(-1.,0.));
#12857 = ( GEOMETRIC_REPRESENTATION_CONTEXT(2) 
PARAMETRIC_REPRESENTATION_CONTEXT() REPRESENTATION_CONTEXT('2D SPACE',''
  ) );
#12858 = ORIENTED_EDGE('',*,*,#11370,.F.);
#12859 = ORIENTED_EDGE('',*,*,#11510,.T.);
#12860 = ADVANCED_FACE('',(#12861),#11417,.F.);
#12861 = FACE_BOUND('',#12862,.F.);
#12862 = EDGE_LOOP('',(#12863,#12864,#12865));
#12863 = ORIENTED_EDGE('',*,*,#11403,.F.);
#12864 = ORIENTED_EDGE('',*,*,#11432,.T.);
#12865 = ORIENTED_EDGE('',*,*,#12866,.T.);
#12866 = EDGE_CURVE('',#11433,#10061,#12867,.T.);
#12867 = SURFACE_CURVE('',#12868,(#12872,#12879),.PCURVE_S1.);
#12868 = LINE('',#12869,#12870);
#12869 = CARTESIAN_POINT('',(93.75,-105.,13.));
#12870 = VECTOR('',#12871,1.);
#12871 = DIRECTION('',(1.,0.,0.));
#12872 = PCURVE('',#11417,#12873);
#12873 = DEFINITIONAL_REPRESENTATION('',(#12874),#12878);
#12874 = LINE('',#12875,#12876);
#12875 = CARTESIAN_POINT('',(-1.25,1.42108547152E-14));
#12876 = VECTOR('',#12877,1.);
#12877 = DIRECTION('',(1.,0.));
#12878 = ( GEOMETRIC_REPRESENTATION_CONTEXT(2) 
PARAMETRIC_REPRESENTATION_CONTEXT() REPRESENTATION_CONTEXT('2D SPACE',''
  ) );
#12879 = PCURVE('',#12880,#12885);
#12880 = PLANE('',#12881);
#12881 = AXIS2_PLACEMENT_3D('',#12882,#12883,#12884);
#12882 = CARTESIAN_POINT('',(95.,-105.,13.));
#12883 = DIRECTION('',(0.,0.,1.));
#12884 = DIRECTION('',(1.,0.,-0.));
#12885 = DEFINITIONAL_REPRESENTATION('',(#12886),#12890);
#12886 = LINE('',#12887,#12888);
#12887 = CARTESIAN_POINT('',(-1.25,1.42108547152E-14));
#12888 = VECTOR('',#12889,1.);
#12889 = DIRECTION('',(1.,0.));
#12890 = ( GEOMETRIC_REPRESENTATION_CONTEXT(2) 
PARAMETRIC_REPRESENTATION_CONTEXT() REPRESENTATION_CONTEXT('2D SPACE',''
  ) );
#12891 = ADVANCED_FACE('',(#12892),#11495,.F.);
#12892 = FACE_BOUND('',#12893,.F.);
#12893 = EDGE_LOOP('',(#12894,#12895,#12923,#12949));
#12894 = ORIENTED_EDGE('',*,*,#12412,.T.);
#12895 = ORIENTED_EDGE('',*,*,#12896,.T.);
#12896 = EDGE_CURVE('',#12384,#12897,#12899,.T.);
#12897 = VERTEX_POINT('',#12898);
#12898 = CARTESIAN_POINT('',(93.75,-105.,15.));
#12899 = SURFACE_CURVE('',#12900,(#12904,#12911),.PCURVE_S1.);
#12900 = LINE('',#12901,#12902);
#12901 = CARTESIAN_POINT('',(93.75,-80.,15.));
#12902 = VECTOR('',#12903,1.);
#12903 = DIRECTION('',(0.,-1.,0.));
#12904 = PCURVE('',#11495,#12905);
#12905 = DEFINITIONAL_REPRESENTATION('',(#12906),#12910);
#12906 = LINE('',#12907,#12908);
#12907 = CARTESIAN_POINT('',(0.,-2.));
#12908 = VECTOR('',#12909,1.);
#12909 = DIRECTION('',(1.,0.));
#12910 = ( GEOMETRIC_REPRESENTATION_CONTEXT(2) 
PARAMETRIC_REPRESENTATION_CONTEXT() REPRESENTATION_CONTEXT('2D SPACE',''
  ) );
#12911 = PCURVE('',#12912,#12917);
#12912 = PLANE('',#12913);
#12913 = AXIS2_PLACEMENT_3D('',#12914,#12915,#12916);
#12914 = CARTESIAN_POINT('',(95.,-92.5,15.));
#12915 = DIRECTION('',(0.,0.,1.));
#12916 = DIRECTION('',(1.,0.,-0.));
#12917 = DEFINITIONAL_REPRESENTATION('',(#12918),#12922);
#12918 = LINE('',#12919,#12920);
#12919 = CARTESIAN_POINT('',(-1.25,12.5));
#12920 = VECTOR('',#12921,1.);
#12921 = DIRECTION('',(0.,-1.));
#12922 = ( GEOMETRIC_REPRESENTATION_CONTEXT(2) 
PARAMETRIC_REPRESENTATION_CONTEXT() REPRESENTATION_CONTEXT('2D SPACE',''
  ) );
#12923 = ORIENTED_EDGE('',*,*,#12924,.F.);
#12924 = EDGE_CURVE('',#11433,#12897,#12925,.T.);
#12925 = SURFACE_CURVE('',#12926,(#12930,#12937),.PCURVE_S1.);
#12926 = LINE('',#12927,#12928);
#12927 = CARTESIAN_POINT('',(93.75,-105.,13.));
#12928 = VECTOR('',#12929,1.);
#12929 = DIRECTION('',(0.,0.,1.));
#12930 = PCURVE('',#11495,#12931);
#12931 = DEFINITIONAL_REPRESENTATION('',(#12932),#12936);
#12932 = LINE('',#12933,#12934);
#12933 = CARTESIAN_POINT('',(25.,0.));
#12934 = VECTOR('',#12935,1.);
#12935 = DIRECTION('',(0.,-1.));
#12936 = ( GEOMETRIC_REPRESENTATION_CONTEXT(2) 
PARAMETRIC_REPRESENTATION_CONTEXT() REPRESENTATION_CONTEXT('2D SPACE',''
  ) );
#12937 = PCURVE('',#12938,#12943);
#12938 = CYLINDRICAL_SURFACE('',#12939,1.25);
#12939 = AXIS2_PLACEMENT_3D('',#12940,#12941,#12942);
#12940 = CARTESIAN_POINT('',(95.,-105.,13.));
#12941 = DIRECTION('',(-0.,-0.,-1.));
#12942 = DIRECTION('',(-1.,0.,-0.));
#12943 = DEFINITIONAL_REPRESENTATION('',(#12944),#12948);
#12944 = LINE('',#12945,#12946);
#12945 = CARTESIAN_POINT('',(-0.,0.));
#12946 = VECTOR('',#12947,1.);
#12947 = DIRECTION('',(-0.,-1.));
#12948 = ( GEOMETRIC_REPRESENTATION_CONTEXT(2) 
PARAMETRIC_REPRESENTATION_CONTEXT() REPRESENTATION_CONTEXT('2D SPACE',''
  ) );
#12949 = ORIENTED_EDGE('',*,*,#11481,.F.);
#12950 = ADVANCED_FACE('',(#12951),#11578,.F.);
#12951 = FACE_BOUND('',#12952,.F.);
#12952 = EDGE_LOOP('',(#12953,#12981,#13009,#13030));
#12953 = ORIENTED_EDGE('',*,*,#12954,.T.);
#12954 = EDGE_CURVE('',#11536,#12955,#12957,.T.);
#12955 = VERTEX_POINT('',#12956);
#12956 = CARTESIAN_POINT('',(146.25,-105.,15.));
#12957 = SURFACE_CURVE('',#12958,(#12962,#12969),.PCURVE_S1.);
#12958 = LINE('',#12959,#12960);
#12959 = CARTESIAN_POINT('',(146.25,-105.,13.));
#12960 = VECTOR('',#12961,1.);
#12961 = DIRECTION('',(0.,0.,1.));
#12962 = PCURVE('',#11578,#12963);
#12963 = DEFINITIONAL_REPRESENTATION('',(#12964),#12968);
#12964 = LINE('',#12965,#12966);
#12965 = CARTESIAN_POINT('',(0.,0.));
#12966 = VECTOR('',#12967,1.);
#12967 = DIRECTION('',(0.,-1.));
#12968 = ( GEOMETRIC_REPRESENTATION_CONTEXT(2) 
PARAMETRIC_REPRESENTATION_CONTEXT() REPRESENTATION_CONTEXT('2D SPACE',''
  ) );
#12969 = PCURVE('',#12970,#12975);
#12970 = CYLINDRICAL_SURFACE('',#12971,1.25);
#12971 = AXIS2_PLACEMENT_3D('',#12972,#12973,#12974);
#12972 = CARTESIAN_POINT('',(145.,-105.,13.));
#12973 = DIRECTION('',(-0.,-0.,-1.));
#12974 = DIRECTION('',(-1.,0.,-0.));
#12975 = DEFINITIONAL_REPRESENTATION('',(#12976),#12980);
#12976 = LINE('',#12977,#12978);
#12977 = CARTESIAN_POINT('',(-3.14159265359,0.));
#12978 = VECTOR('',#12979,1.);
#12979 = DIRECTION('',(-0.,-1.));
#12980 = ( GEOMETRIC_REPRESENTATION_CONTEXT(2) 
PARAMETRIC_REPRESENTATION_CONTEXT() REPRESENTATION_CONTEXT('2D SPACE',''
  ) );
#12981 = ORIENTED_EDGE('',*,*,#12982,.T.);
#12982 = EDGE_CURVE('',#12955,#12983,#12985,.T.);
#12983 = VERTEX_POINT('',#12984);
#12984 = CARTESIAN_POINT('',(146.25,-80.,15.));
#12985 = SURFACE_CURVE('',#12986,(#12990,#12997),.PCURVE_S1.);
#12986 = LINE('',#12987,#12988);
#12987 = CARTESIAN_POINT('',(146.25,-105.,15.));
#12988 = VECTOR('',#12989,1.);
#12989 = DIRECTION('',(0.,1.,0.));
#12990 = PCURVE('',#11578,#12991);
#12991 = DEFINITIONAL_REPRESENTATION('',(#12992),#12996);
#12992 = LINE('',#12993,#12994);
#12993 = CARTESIAN_POINT('',(0.,-2.));
#12994 = VECTOR('',#12995,1.);
#12995 = DIRECTION('',(1.,0.));
#12996 = ( GEOMETRIC_REPRESENTATION_CONTEXT(2) 
PARAMETRIC_REPRESENTATION_CONTEXT() REPRESENTATION_CONTEXT('2D SPACE',''
  ) );
#12997 = PCURVE('',#12998,#13003);
#12998 = PLANE('',#12999);
#12999 = AXIS2_PLACEMENT_3D('',#13000,#13001,#13002);
#13000 = CARTESIAN_POINT('',(145.,-92.5,15.));
#13001 = DIRECTION('',(0.,0.,1.));
#13002 = DIRECTION('',(1.,0.,-0.));
#13003 = DEFINITIONAL_REPRESENTATION('',(#13004),#13008);
#13004 = LINE('',#13005,#13006);
#13005 = CARTESIAN_POINT('',(1.25,-12.5));
#13006 = VECTOR('',#13007,1.);
#13007 = DIRECTION('',(0.,1.));
#13008 = ( GEOMETRIC_REPRESENTATION_CONTEXT(2) 
PARAMETRIC_REPRESENTATION_CONTEXT() REPRESENTATION_CONTEXT('2D SPACE',''
  ) );
#13009 = ORIENTED_EDGE('',*,*,#13010,.F.);
#13010 = EDGE_CURVE('',#11511,#12983,#13011,.T.);
#13011 = SURFACE_CURVE('',#13012,(#13016,#13023),.PCURVE_S1.);
#13012 = LINE('',#13013,#13014);
#13013 = CARTESIAN_POINT('',(146.25,-80.,13.));
#13014 = VECTOR('',#13015,1.);
#13015 = DIRECTION('',(0.,0.,1.));
#13016 = PCURVE('',#11578,#13017);
#13017 = DEFINITIONAL_REPRESENTATION('',(#13018),#13022);
#13018 = LINE('',#13019,#13020);
#13019 = CARTESIAN_POINT('',(25.,0.));
#13020 = VECTOR('',#13021,1.);
#13021 = DIRECTION('',(0.,-1.));
#13022 = ( GEOMETRIC_REPRESENTATION_CONTEXT(2) 
PARAMETRIC_REPRESENTATION_CONTEXT() REPRESENTATION_CONTEXT('2D SPACE',''
  ) );
#13023 = PCURVE('',#12766,#13024);
#13024 = DEFINITIONAL_REPRESENTATION('',(#13025),#13029);
#13025 = LINE('',#13026,#13027);
#13026 = CARTESIAN_POINT('',(-0.,0.));
#13027 = VECTOR('',#13028,1.);
#13028 = DIRECTION('',(-0.,-1.));
#13029 = ( GEOMETRIC_REPRESENTATION_CONTEXT(2) 
PARAMETRIC_REPRESENTATION_CONTEXT() REPRESENTATION_CONTEXT('2D SPACE',''
  ) );
#13030 = ORIENTED_EDGE('',*,*,#11564,.F.);
#13031 = ADVANCED_FACE('',(#13032),#11552,.F.);
#13032 = FACE_BOUND('',#13033,.F.);
#13033 = EDGE_LOOP('',(#13034,#13035,#13061));
#13034 = ORIENTED_EDGE('',*,*,#11595,.F.);
#13035 = ORIENTED_EDGE('',*,*,#13036,.T.);
#13036 = EDGE_CURVE('',#10113,#11536,#13037,.T.);
#13037 = SURFACE_CURVE('',#13038,(#13042,#13049),.PCURVE_S1.);
#13038 = LINE('',#13039,#13040);
#13039 = CARTESIAN_POINT('',(143.75,-105.,13.));
#13040 = VECTOR('',#13041,1.);
#13041 = DIRECTION('',(1.,0.,0.));
#13042 = PCURVE('',#11552,#13043);
#13043 = DEFINITIONAL_REPRESENTATION('',(#13044),#13048);
#13044 = LINE('',#13045,#13046);
#13045 = CARTESIAN_POINT('',(-1.25,1.42108547152E-14));
#13046 = VECTOR('',#13047,1.);
#13047 = DIRECTION('',(1.,0.));
#13048 = ( GEOMETRIC_REPRESENTATION_CONTEXT(2) 
PARAMETRIC_REPRESENTATION_CONTEXT() REPRESENTATION_CONTEXT('2D SPACE',''
  ) );
#13049 = PCURVE('',#13050,#13055);
#13050 = PLANE('',#13051);
#13051 = AXIS2_PLACEMENT_3D('',#13052,#13053,#13054);
#13052 = CARTESIAN_POINT('',(145.,-105.,13.));
#13053 = DIRECTION('',(0.,0.,1.));
#13054 = DIRECTION('',(1.,0.,-0.));
#13055 = DEFINITIONAL_REPRESENTATION('',(#13056),#13060);
#13056 = LINE('',#13057,#13058);
#13057 = CARTESIAN_POINT('',(-1.25,1.42108547152E-14));
#13058 = VECTOR('',#13059,1.);
#13059 = DIRECTION('',(1.,0.));
#13060 = ( GEOMETRIC_REPRESENTATION_CONTEXT(2) 
PARAMETRIC_REPRESENTATION_CONTEXT() REPRESENTATION_CONTEXT('2D SPACE',''
  ) );
#13061 = ORIENTED_EDGE('',*,*,#11535,.T.);
#13062 = ADVANCED_FACE('',(#13063),#11636,.F.);
#13063 = FACE_BOUND('',#13064,.F.);
#13064 = EDGE_LOOP('',(#13065,#13066,#13087));
#13065 = ORIENTED_EDGE('',*,*,#11621,.F.);
#13066 = ORIENTED_EDGE('',*,*,#13067,.T.);
#13067 = EDGE_CURVE('',#10061,#11716,#13068,.T.);
#13068 = SURFACE_CURVE('',#13069,(#13073,#13080),.PCURVE_S1.);
#13069 = LINE('',#13070,#13071);
#13070 = CARTESIAN_POINT('',(96.249999999665,-104.9999710593,13.));
#13071 = VECTOR('',#13072,1.);
#13072 = DIRECTION('',(-0.999999999732,-2.315253013876E-05,0.));
#13073 = PCURVE('',#11636,#13074);
#13074 = DEFINITIONAL_REPRESENTATION('',(#13075),#13079);
#13075 = LINE('',#13076,#13077);
#13076 = CARTESIAN_POINT('',(1.249999999665,2.894066268766E-05));
#13077 = VECTOR('',#13078,1.);
#13078 = DIRECTION('',(-0.999999999732,-2.315253013876E-05));
#13079 = ( GEOMETRIC_REPRESENTATION_CONTEXT(2) 
PARAMETRIC_REPRESENTATION_CONTEXT() REPRESENTATION_CONTEXT('2D SPACE',''
  ) );
#13080 = PCURVE('',#12880,#13081);
#13081 = DEFINITIONAL_REPRESENTATION('',(#13082),#13086);
#13082 = LINE('',#13083,#13084);
#13083 = CARTESIAN_POINT('',(1.249999999665,2.894066268766E-05));
#13084 = VECTOR('',#13085,1.);
#13085 = DIRECTION('',(-0.999999999732,-2.315253013876E-05));
#13086 = ( GEOMETRIC_REPRESENTATION_CONTEXT(2) 
PARAMETRIC_REPRESENTATION_CONTEXT() REPRESENTATION_CONTEXT('2D SPACE',''
  ) );
#13087 = ORIENTED_EDGE('',*,*,#11715,.T.);
#13088 = ADVANCED_FACE('',(#13089),#11668,.F.);
#13089 = FACE_BOUND('',#13090,.F.);
#13090 = EDGE_LOOP('',(#13091,#13092,#13093));
#13091 = ORIENTED_EDGE('',*,*,#11653,.F.);
#13092 = ORIENTED_EDGE('',*,*,#11878,.T.);
#13093 = ORIENTED_EDGE('',*,*,#13094,.T.);
#13094 = EDGE_CURVE('',#11850,#10113,#13095,.T.);
#13095 = SURFACE_CURVE('',#13096,(#13100,#13107),.PCURVE_S1.);
#13096 = LINE('',#13097,#13098);
#13097 = CARTESIAN_POINT('',(146.24999999966,-105.0000289406,13.));
#13098 = VECTOR('',#13099,1.);
#13099 = DIRECTION('',(-0.999999999732,2.315252990002E-05,0.));
#13100 = PCURVE('',#11668,#13101);
#13101 = DEFINITIONAL_REPRESENTATION('',(#13102),#13106);
#13102 = LINE('',#13103,#13104);
#13103 = CARTESIAN_POINT('',(1.249999999665,-2.894066236081E-05));
#13104 = VECTOR('',#13105,1.);
#13105 = DIRECTION('',(-0.999999999732,2.315252990002E-05));
#13106 = ( GEOMETRIC_REPRESENTATION_CONTEXT(2) 
PARAMETRIC_REPRESENTATION_CONTEXT() REPRESENTATION_CONTEXT('2D SPACE',''
  ) );
#13107 = PCURVE('',#13050,#13108);
#13108 = DEFINITIONAL_REPRESENTATION('',(#13109),#13113);
#13109 = LINE('',#13110,#13111);
#13110 = CARTESIAN_POINT('',(1.249999999665,-2.894066236081E-05));
#13111 = VECTOR('',#13112,1.);
#13112 = DIRECTION('',(-0.999999999732,2.315252990002E-05));
#13113 = ( GEOMETRIC_REPRESENTATION_CONTEXT(2) 
PARAMETRIC_REPRESENTATION_CONTEXT() REPRESENTATION_CONTEXT('2D SPACE',''
  ) );
#13114 = ADVANCED_FACE('',(#13115),#11700,.F.);
#13115 = FACE_BOUND('',#13116,.F.);
#13116 = EDGE_LOOP('',(#13117,#13118,#13119,#13145));
#13117 = ORIENTED_EDGE('',*,*,#11792,.T.);
#13118 = ORIENTED_EDGE('',*,*,#11768,.T.);
#13119 = ORIENTED_EDGE('',*,*,#13120,.T.);
#13120 = EDGE_CURVE('',#11740,#10335,#13121,.T.);
#13121 = SURFACE_CURVE('',#13122,(#13126,#13133),.PCURVE_S1.);
#13122 = LINE('',#13123,#13124);
#13123 = CARTESIAN_POINT('',(99.999971059338,-111.2499999996,13.));
#13124 = VECTOR('',#13125,1.);
#13125 = DIRECTION('',(2.315252999097E-05,0.999999999732,0.));
#13126 = PCURVE('',#11700,#13127);
#13127 = DEFINITIONAL_REPRESENTATION('',(#13128),#13132);
#13128 = LINE('',#13129,#13130);
#13129 = CARTESIAN_POINT('',(-2.894066251713E-05,-1.249999999664));
#13130 = VECTOR('',#13131,1.);
#13131 = DIRECTION('',(2.315252999097E-05,0.999999999732));
#13132 = ( GEOMETRIC_REPRESENTATION_CONTEXT(2) 
PARAMETRIC_REPRESENTATION_CONTEXT() REPRESENTATION_CONTEXT('2D SPACE',''
  ) );
#13133 = PCURVE('',#13134,#13139);
#13134 = PLANE('',#13135);
#13135 = AXIS2_PLACEMENT_3D('',#13136,#13137,#13138);
#13136 = CARTESIAN_POINT('',(100.,-110.,13.));
#13137 = DIRECTION('',(0.,0.,1.));
#13138 = DIRECTION('',(1.,0.,-0.));
#13139 = DEFINITIONAL_REPRESENTATION('',(#13140),#13144);
#13140 = LINE('',#13141,#13142);
#13141 = CARTESIAN_POINT('',(-2.894066251713E-05,-1.249999999664));
#13142 = VECTOR('',#13143,1.);
#13143 = DIRECTION('',(2.315252999097E-05,0.999999999732));
#13144 = ( GEOMETRIC_REPRESENTATION_CONTEXT(2) 
PARAMETRIC_REPRESENTATION_CONTEXT() REPRESENTATION_CONTEXT('2D SPACE',''
  ) );
#13145 = ORIENTED_EDGE('',*,*,#11685,.F.);
#13146 = ADVANCED_FACE('',(#13147),#11756,.T.);
#13147 = FACE_BOUND('',#13148,.F.);
#13148 = EDGE_LOOP('',(#13149,#13172,#13201,#13227));
#13149 = ORIENTED_EDGE('',*,*,#13150,.T.);
#13150 = EDGE_CURVE('',#11716,#13151,#13153,.T.);
#13151 = VERTEX_POINT('',#13152);
#13152 = CARTESIAN_POINT('',(93.750000000335,-105.0000289406,15.));
#13153 = SURFACE_CURVE('',#13154,(#13158,#13165),.PCURVE_S1.);
#13154 = LINE('',#13155,#13156);
#13155 = CARTESIAN_POINT('',(93.750000000335,-105.0000289406,13.));
#13156 = VECTOR('',#13157,1.);
#13157 = DIRECTION('',(0.,0.,1.));
#13158 = PCURVE('',#11756,#13159);
#13159 = DEFINITIONAL_REPRESENTATION('',(#13160),#13164);
#13160 = LINE('',#13161,#13162);
#13161 = CARTESIAN_POINT('',(-0.,0.));
#13162 = VECTOR('',#13163,1.);
#13163 = DIRECTION('',(-0.,-1.));
#13164 = ( GEOMETRIC_REPRESENTATION_CONTEXT(2) 
PARAMETRIC_REPRESENTATION_CONTEXT() REPRESENTATION_CONTEXT('2D SPACE',''
  ) );
#13165 = PCURVE('',#12938,#13166);
#13166 = DEFINITIONAL_REPRESENTATION('',(#13167),#13171);
#13167 = LINE('',#13168,#13169);
#13168 = CARTESIAN_POINT('',(-2.315253014083E-05,0.));
#13169 = VECTOR('',#13170,1.);
#13170 = DIRECTION('',(-0.,-1.));
#13171 = ( GEOMETRIC_REPRESENTATION_CONTEXT(2) 
PARAMETRIC_REPRESENTATION_CONTEXT() REPRESENTATION_CONTEXT('2D SPACE',''
  ) );
#13172 = ORIENTED_EDGE('',*,*,#13173,.T.);
#13173 = EDGE_CURVE('',#13151,#13174,#13176,.T.);
#13174 = VERTEX_POINT('',#13175);
#13175 = CARTESIAN_POINT('',(99.999971059338,-111.2499999996,15.));
#13176 = SURFACE_CURVE('',#13177,(#13182,#13189),.PCURVE_S1.);
#13177 = CIRCLE('',#13178,6.25011576667);
#13178 = AXIS2_PLACEMENT_3D('',#13179,#13180,#13181);
#13179 = CARTESIAN_POINT('',(100.00011576533,-104.9998842346,15.));
#13180 = DIRECTION('',(0.,0.,1.));
#13181 = DIRECTION('',(-0.999999999732,-2.315253013709E-05,0.));
#13182 = PCURVE('',#11756,#13183);
#13183 = DEFINITIONAL_REPRESENTATION('',(#13184),#13188);
#13184 = LINE('',#13185,#13186);
#13185 = CARTESIAN_POINT('',(-0.,-2.));
#13186 = VECTOR('',#13187,1.);
#13187 = DIRECTION('',(-1.,0.));
#13188 = ( GEOMETRIC_REPRESENTATION_CONTEXT(2) 
PARAMETRIC_REPRESENTATION_CONTEXT() REPRESENTATION_CONTEXT('2D SPACE',''
  ) );
#13189 = PCURVE('',#13190,#13195);
#13190 = PLANE('',#13191);
#13191 = AXIS2_PLACEMENT_3D('',#13192,#13193,#13194);
#13192 = CARTESIAN_POINT('',(96.891519540323,-108.1084804596,15.));
#13193 = DIRECTION('',(0.,0.,1.));
#13194 = DIRECTION('',(1.,0.,-0.));
#13195 = DEFINITIONAL_REPRESENTATION('',(#13196),#13200);
#13196 = CIRCLE('',#13197,6.25011576667);
#13197 = AXIS2_PLACEMENT_2D('',#13198,#13199);
#13198 = CARTESIAN_POINT('',(3.108596225007,3.108596225007));
#13199 = DIRECTION('',(-0.999999999732,-2.315253013709E-05));
#13200 = ( GEOMETRIC_REPRESENTATION_CONTEXT(2) 
PARAMETRIC_REPRESENTATION_CONTEXT() REPRESENTATION_CONTEXT('2D SPACE',''
  ) );
#13201 = ORIENTED_EDGE('',*,*,#13202,.F.);
#13202 = EDGE_CURVE('',#11740,#13174,#13203,.T.);
#13203 = SURFACE_CURVE('',#13204,(#13208,#13215),.PCURVE_S1.);
#13204 = LINE('',#13205,#13206);
#13205 = CARTESIAN_POINT('',(99.999971059338,-111.2499999996,13.));
#13206 = VECTOR('',#13207,1.);
#13207 = DIRECTION('',(0.,0.,1.));
#13208 = PCURVE('',#11756,#13209);
#13209 = DEFINITIONAL_REPRESENTATION('',(#13210),#13214);
#13210 = LINE('',#13211,#13212);
#13211 = CARTESIAN_POINT('',(-1.570750021735,0.));
#13212 = VECTOR('',#13213,1.);
#13213 = DIRECTION('',(-0.,-1.));
#13214 = ( GEOMETRIC_REPRESENTATION_CONTEXT(2) 
PARAMETRIC_REPRESENTATION_CONTEXT() REPRESENTATION_CONTEXT('2D SPACE',''
  ) );
#13215 = PCURVE('',#13216,#13221);
#13216 = CYLINDRICAL_SURFACE('',#13217,1.25);
#13217 = AXIS2_PLACEMENT_3D('',#13218,#13219,#13220);
#13218 = CARTESIAN_POINT('',(100.,-110.,13.));
#13219 = DIRECTION('',(-0.,-0.,-1.));
#13220 = DIRECTION('',(-1.,0.,-0.));
#13221 = DEFINITIONAL_REPRESENTATION('',(#13222),#13226);
#13222 = LINE('',#13223,#13224);
#13223 = CARTESIAN_POINT('',(-1.570773174265,0.));
#13224 = VECTOR('',#13225,1.);
#13225 = DIRECTION('',(-0.,-1.));
#13226 = ( GEOMETRIC_REPRESENTATION_CONTEXT(2) 
PARAMETRIC_REPRESENTATION_CONTEXT() REPRESENTATION_CONTEXT('2D SPACE',''
  ) );
#13227 = ORIENTED_EDGE('',*,*,#11739,.F.);
#13228 = ADVANCED_FACE('',(#13229),#11837,.F.);
#13229 = FACE_BOUND('',#13230,.F.);
#13230 = EDGE_LOOP('',(#13231,#13232,#13258,#13259));
#13231 = ORIENTED_EDGE('',*,*,#11928,.F.);
#13232 = ORIENTED_EDGE('',*,*,#13233,.T.);
#13233 = EDGE_CURVE('',#10387,#11819,#13234,.T.);
#13234 = SURFACE_CURVE('',#13235,(#13239,#13246),.PCURVE_S1.);
#13235 = LINE('',#13236,#13237);
#13236 = CARTESIAN_POINT('',(139.99997105933,-108.7500000003,13.));
#13237 = VECTOR('',#13238,1.);
#13238 = DIRECTION('',(2.315252984317E-05,-0.999999999732,0.));
#13239 = PCURVE('',#11837,#13240);
#13240 = DEFINITIONAL_REPRESENTATION('',(#13241),#13245);
#13241 = LINE('',#13242,#13243);
#13242 = CARTESIAN_POINT('',(-2.894066230397E-05,1.249999999665));
#13243 = VECTOR('',#13244,1.);
#13244 = DIRECTION('',(2.315252984317E-05,-0.999999999732));
#13245 = ( GEOMETRIC_REPRESENTATION_CONTEXT(2) 
PARAMETRIC_REPRESENTATION_CONTEXT() REPRESENTATION_CONTEXT('2D SPACE',''
  ) );
#13246 = PCURVE('',#13247,#13252);
#13247 = PLANE('',#13248);
#13248 = AXIS2_PLACEMENT_3D('',#13249,#13250,#13251);
#13249 = CARTESIAN_POINT('',(140.,-110.,13.));
#13250 = DIRECTION('',(0.,0.,1.));
#13251 = DIRECTION('',(1.,0.,-0.));
#13252 = DEFINITIONAL_REPRESENTATION('',(#13253),#13257);
#13253 = LINE('',#13254,#13255);
#13254 = CARTESIAN_POINT('',(-2.894066230397E-05,1.249999999665));
#13255 = VECTOR('',#13256,1.);
#13256 = DIRECTION('',(2.315252984317E-05,-0.999999999732));
#13257 = ( GEOMETRIC_REPRESENTATION_CONTEXT(2) 
PARAMETRIC_REPRESENTATION_CONTEXT() REPRESENTATION_CONTEXT('2D SPACE',''
  ) );
#13258 = ORIENTED_EDGE('',*,*,#11818,.T.);
#13259 = ORIENTED_EDGE('',*,*,#11901,.T.);
#13260 = ADVANCED_FACE('',(#13261),#11866,.T.);
#13261 = FACE_BOUND('',#13262,.F.);
#13262 = EDGE_LOOP('',(#13263,#13291,#13320,#13341));
#13263 = ORIENTED_EDGE('',*,*,#13264,.T.);
#13264 = EDGE_CURVE('',#11819,#13265,#13267,.T.);
#13265 = VERTEX_POINT('',#13266);
#13266 = CARTESIAN_POINT('',(140.00002894066,-111.2499999996,15.));
#13267 = SURFACE_CURVE('',#13268,(#13272,#13279),.PCURVE_S1.);
#13268 = LINE('',#13269,#13270);
#13269 = CARTESIAN_POINT('',(140.00002894066,-111.2499999996,13.));
#13270 = VECTOR('',#13271,1.);
#13271 = DIRECTION('',(0.,0.,1.));
#13272 = PCURVE('',#11866,#13273);
#13273 = DEFINITIONAL_REPRESENTATION('',(#13274),#13278);
#13274 = LINE('',#13275,#13276);
#13275 = CARTESIAN_POINT('',(-0.,0.));
#13276 = VECTOR('',#13277,1.);
#13277 = DIRECTION('',(-0.,-1.));
#13278 = ( GEOMETRIC_REPRESENTATION_CONTEXT(2) 
PARAMETRIC_REPRESENTATION_CONTEXT() REPRESENTATION_CONTEXT('2D SPACE',''
  ) );
#13279 = PCURVE('',#13280,#13285);
#13280 = CYLINDRICAL_SURFACE('',#13281,1.25);
#13281 = AXIS2_PLACEMENT_3D('',#13282,#13283,#13284);
#13282 = CARTESIAN_POINT('',(140.,-110.,13.));
#13283 = DIRECTION('',(-0.,-0.,-1.));
#13284 = DIRECTION('',(-1.,0.,-0.));
#13285 = DEFINITIONAL_REPRESENTATION('',(#13286),#13290);
#13286 = LINE('',#13287,#13288);
#13287 = CARTESIAN_POINT('',(-1.570819479325,0.));
#13288 = VECTOR('',#13289,1.);
#13289 = DIRECTION('',(-0.,-1.));
#13290 = ( GEOMETRIC_REPRESENTATION_CONTEXT(2) 
PARAMETRIC_REPRESENTATION_CONTEXT() REPRESENTATION_CONTEXT('2D SPACE',''
  ) );
#13291 = ORIENTED_EDGE('',*,*,#13292,.T.);
#13292 = EDGE_CURVE('',#13265,#13293,#13295,.T.);
#13293 = VERTEX_POINT('',#13294);
#13294 = CARTESIAN_POINT('',(146.24999999966,-105.0000289406,15.));
#13295 = SURFACE_CURVE('',#13296,(#13301,#13308),.PCURVE_S1.);
#13296 = CIRCLE('',#13297,6.25011576667);
#13297 = AXIS2_PLACEMENT_3D('',#13298,#13299,#13300);
#13298 = CARTESIAN_POINT('',(139.99988423467,-104.9998842346,15.));
#13299 = DIRECTION('',(0.,0.,1.));
#13300 = DIRECTION('',(2.315252985061E-05,-0.999999999732,0.));
#13301 = PCURVE('',#11866,#13302);
#13302 = DEFINITIONAL_REPRESENTATION('',(#13303),#13307);
#13303 = LINE('',#13304,#13305);
#13304 = CARTESIAN_POINT('',(-0.,-2.));
#13305 = VECTOR('',#13306,1.);
#13306 = DIRECTION('',(-1.,0.));
#13307 = ( GEOMETRIC_REPRESENTATION_CONTEXT(2) 
PARAMETRIC_REPRESENTATION_CONTEXT() REPRESENTATION_CONTEXT('2D SPACE',''
  ) );
#13308 = PCURVE('',#13309,#13314);
#13309 = PLANE('',#13310);
#13310 = AXIS2_PLACEMENT_3D('',#13311,#13312,#13313);
#13311 = CARTESIAN_POINT('',(143.10848045967,-108.1084804596,15.));
#13312 = DIRECTION('',(0.,0.,1.));
#13313 = DIRECTION('',(1.,0.,-0.));
#13314 = DEFINITIONAL_REPRESENTATION('',(#13315),#13319);
#13315 = CIRCLE('',#13316,6.25011576667);
#13316 = AXIS2_PLACEMENT_2D('',#13317,#13318);
#13317 = CARTESIAN_POINT('',(-3.108596225006,3.108596225007));
#13318 = DIRECTION('',(2.315252985061E-05,-0.999999999732));
#13319 = ( GEOMETRIC_REPRESENTATION_CONTEXT(2) 
PARAMETRIC_REPRESENTATION_CONTEXT() REPRESENTATION_CONTEXT('2D SPACE',''
  ) );
#13320 = ORIENTED_EDGE('',*,*,#13321,.F.);
#13321 = EDGE_CURVE('',#11850,#13293,#13322,.T.);
#13322 = SURFACE_CURVE('',#13323,(#13327,#13334),.PCURVE_S1.);
#13323 = LINE('',#13324,#13325);
#13324 = CARTESIAN_POINT('',(146.24999999966,-105.0000289406,13.));
#13325 = VECTOR('',#13326,1.);
#13326 = DIRECTION('',(0.,0.,1.));
#13327 = PCURVE('',#11866,#13328);
#13328 = DEFINITIONAL_REPRESENTATION('',(#13329),#13333);
#13329 = LINE('',#13330,#13331);
#13330 = CARTESIAN_POINT('',(-1.570750021735,0.));
#13331 = VECTOR('',#13332,1.);
#13332 = DIRECTION('',(-0.,-1.));
#13333 = ( GEOMETRIC_REPRESENTATION_CONTEXT(2) 
PARAMETRIC_REPRESENTATION_CONTEXT() REPRESENTATION_CONTEXT('2D SPACE',''
  ) );
#13334 = PCURVE('',#12970,#13335);
#13335 = DEFINITIONAL_REPRESENTATION('',(#13336),#13340);
#13336 = LINE('',#13337,#13338);
#13337 = CARTESIAN_POINT('',(-3.14156950106,0.));
#13338 = VECTOR('',#13339,1.);
#13339 = DIRECTION('',(-0.,-1.));
#13340 = ( GEOMETRIC_REPRESENTATION_CONTEXT(2) 
PARAMETRIC_REPRESENTATION_CONTEXT() REPRESENTATION_CONTEXT('2D SPACE',''
  ) );
#13341 = ORIENTED_EDGE('',*,*,#11849,.F.);
#13342 = ADVANCED_FACE('',(#13343),#11969,.F.);
#13343 = FACE_BOUND('',#13344,.F.);
#13344 = EDGE_LOOP('',(#13345,#13346,#13367));
#13345 = ORIENTED_EDGE('',*,*,#11955,.F.);
#13346 = ORIENTED_EDGE('',*,*,#13347,.T.);
#13347 = EDGE_CURVE('',#10335,#12041,#13348,.T.);
#13348 = SURFACE_CURVE('',#13349,(#13353,#13360),.PCURVE_S1.);
#13349 = LINE('',#13350,#13351);
#13350 = CARTESIAN_POINT('',(100.,-108.75,13.));
#13351 = VECTOR('',#13352,1.);
#13352 = DIRECTION('',(0.,-1.,0.));
#13353 = PCURVE('',#11969,#13354);
#13354 = DEFINITIONAL_REPRESENTATION('',(#13355),#13359);
#13355 = LINE('',#13356,#13357);
#13356 = CARTESIAN_POINT('',(-2.84217094304E-14,1.25));
#13357 = VECTOR('',#13358,1.);
#13358 = DIRECTION('',(0.,-1.));
#13359 = ( GEOMETRIC_REPRESENTATION_CONTEXT(2) 
PARAMETRIC_REPRESENTATION_CONTEXT() REPRESENTATION_CONTEXT('2D SPACE',''
  ) );
#13360 = PCURVE('',#13134,#13361);
#13361 = DEFINITIONAL_REPRESENTATION('',(#13362),#13366);
#13362 = LINE('',#13363,#13364);
#13363 = CARTESIAN_POINT('',(-2.84217094304E-14,1.25));
#13364 = VECTOR('',#13365,1.);
#13365 = DIRECTION('',(0.,-1.));
#13366 = ( GEOMETRIC_REPRESENTATION_CONTEXT(2) 
PARAMETRIC_REPRESENTATION_CONTEXT() REPRESENTATION_CONTEXT('2D SPACE',''
  ) );
#13367 = ORIENTED_EDGE('',*,*,#12040,.T.);
#13368 = ADVANCED_FACE('',(#13369),#12000,.F.);
#13369 = FACE_BOUND('',#13370,.F.);
#13370 = EDGE_LOOP('',(#13371,#13372,#13373));
#13371 = ORIENTED_EDGE('',*,*,#11986,.F.);
#13372 = ORIENTED_EDGE('',*,*,#12015,.T.);
#13373 = ORIENTED_EDGE('',*,*,#13374,.T.);
#13374 = EDGE_CURVE('',#12016,#10387,#13375,.T.);
#13375 = SURFACE_CURVE('',#13376,(#13380,#13387),.PCURVE_S1.);
#13376 = LINE('',#13377,#13378);
#13377 = CARTESIAN_POINT('',(140.,-111.25,13.));
#13378 = VECTOR('',#13379,1.);
#13379 = DIRECTION('',(0.,1.,0.));
#13380 = PCURVE('',#12000,#13381);
#13381 = DEFINITIONAL_REPRESENTATION('',(#13382),#13386);
#13382 = LINE('',#13383,#13384);
#13383 = CARTESIAN_POINT('',(0.,-1.25));
#13384 = VECTOR('',#13385,1.);
#13385 = DIRECTION('',(0.,1.));
#13386 = ( GEOMETRIC_REPRESENTATION_CONTEXT(2) 
PARAMETRIC_REPRESENTATION_CONTEXT() REPRESENTATION_CONTEXT('2D SPACE',''
  ) );
#13387 = PCURVE('',#13247,#13388);
#13388 = DEFINITIONAL_REPRESENTATION('',(#13389),#13393);
#13389 = LINE('',#13390,#13391);
#13390 = CARTESIAN_POINT('',(0.,-1.25));
#13391 = VECTOR('',#13392,1.);
#13392 = DIRECTION('',(0.,1.));
#13393 = ( GEOMETRIC_REPRESENTATION_CONTEXT(2) 
PARAMETRIC_REPRESENTATION_CONTEXT() REPRESENTATION_CONTEXT('2D SPACE',''
  ) );
#13394 = ADVANCED_FACE('',(#13395),#12078,.F.);
#13395 = FACE_BOUND('',#13396,.F.);
#13396 = EDGE_LOOP('',(#13397,#13420,#13448,#13469));
#13397 = ORIENTED_EDGE('',*,*,#13398,.T.);
#13398 = EDGE_CURVE('',#12041,#13399,#13401,.T.);
#13399 = VERTEX_POINT('',#13400);
#13400 = CARTESIAN_POINT('',(100.,-111.25,15.));
#13401 = SURFACE_CURVE('',#13402,(#13406,#13413),.PCURVE_S1.);
#13402 = LINE('',#13403,#13404);
#13403 = CARTESIAN_POINT('',(100.,-111.25,13.));
#13404 = VECTOR('',#13405,1.);
#13405 = DIRECTION('',(0.,0.,1.));
#13406 = PCURVE('',#12078,#13407);
#13407 = DEFINITIONAL_REPRESENTATION('',(#13408),#13412);
#13408 = LINE('',#13409,#13410);
#13409 = CARTESIAN_POINT('',(0.,0.));
#13410 = VECTOR('',#13411,1.);
#13411 = DIRECTION('',(0.,-1.));
#13412 = ( GEOMETRIC_REPRESENTATION_CONTEXT(2) 
PARAMETRIC_REPRESENTATION_CONTEXT() REPRESENTATION_CONTEXT('2D SPACE',''
  ) );
#13413 = PCURVE('',#13216,#13414);
#13414 = DEFINITIONAL_REPRESENTATION('',(#13415),#13419);
#13415 = LINE('',#13416,#13417);
#13416 = CARTESIAN_POINT('',(-1.570796326795,0.));
#13417 = VECTOR('',#13418,1.);
#13418 = DIRECTION('',(-0.,-1.));
#13419 = ( GEOMETRIC_REPRESENTATION_CONTEXT(2) 
PARAMETRIC_REPRESENTATION_CONTEXT() REPRESENTATION_CONTEXT('2D SPACE',''
  ) );
#13420 = ORIENTED_EDGE('',*,*,#13421,.T.);
#13421 = EDGE_CURVE('',#13399,#13422,#13424,.T.);
#13422 = VERTEX_POINT('',#13423);
#13423 = CARTESIAN_POINT('',(140.,-111.25,15.));
#13424 = SURFACE_CURVE('',#13425,(#13429,#13436),.PCURVE_S1.);
#13425 = LINE('',#13426,#13427);
#13426 = CARTESIAN_POINT('',(100.,-111.25,15.));
#13427 = VECTOR('',#13428,1.);
#13428 = DIRECTION('',(1.,0.,0.));
#13429 = PCURVE('',#12078,#13430);
#13430 = DEFINITIONAL_REPRESENTATION('',(#13431),#13435);
#13431 = LINE('',#13432,#13433);
#13432 = CARTESIAN_POINT('',(0.,-2.));
#13433 = VECTOR('',#13434,1.);
#13434 = DIRECTION('',(1.,0.));
#13435 = ( GEOMETRIC_REPRESENTATION_CONTEXT(2) 
PARAMETRIC_REPRESENTATION_CONTEXT() REPRESENTATION_CONTEXT('2D SPACE',''
  ) );
#13436 = PCURVE('',#13437,#13442);
#13437 = PLANE('',#13438);
#13438 = AXIS2_PLACEMENT_3D('',#13439,#13440,#13441);
#13439 = CARTESIAN_POINT('',(120.,-110.,15.));
#13440 = DIRECTION('',(0.,0.,1.));
#13441 = DIRECTION('',(1.,0.,-0.));
#13442 = DEFINITIONAL_REPRESENTATION('',(#13443),#13447);
#13443 = LINE('',#13444,#13445);
#13444 = CARTESIAN_POINT('',(-20.,-1.25));
#13445 = VECTOR('',#13446,1.);
#13446 = DIRECTION('',(1.,0.));
#13447 = ( GEOMETRIC_REPRESENTATION_CONTEXT(2) 
PARAMETRIC_REPRESENTATION_CONTEXT() REPRESENTATION_CONTEXT('2D SPACE',''
  ) );
#13448 = ORIENTED_EDGE('',*,*,#13449,.F.);
#13449 = EDGE_CURVE('',#12016,#13422,#13450,.T.);
#13450 = SURFACE_CURVE('',#13451,(#13455,#13462),.PCURVE_S1.);
#13451 = LINE('',#13452,#13453);
#13452 = CARTESIAN_POINT('',(140.,-111.25,13.));
#13453 = VECTOR('',#13454,1.);
#13454 = DIRECTION('',(0.,0.,1.));
#13455 = PCURVE('',#12078,#13456);
#13456 = DEFINITIONAL_REPRESENTATION('',(#13457),#13461);
#13457 = LINE('',#13458,#13459);
#13458 = CARTESIAN_POINT('',(40.,0.));
#13459 = VECTOR('',#13460,1.);
#13460 = DIRECTION('',(0.,-1.));
#13461 = ( GEOMETRIC_REPRESENTATION_CONTEXT(2) 
PARAMETRIC_REPRESENTATION_CONTEXT() REPRESENTATION_CONTEXT('2D SPACE',''
  ) );
#13462 = PCURVE('',#13280,#13463);
#13463 = DEFINITIONAL_REPRESENTATION('',(#13464),#13468);
#13464 = LINE('',#13465,#13466);
#13465 = CARTESIAN_POINT('',(-1.570796326795,0.));
#13466 = VECTOR('',#13467,1.);
#13467 = DIRECTION('',(-0.,-1.));
#13468 = ( GEOMETRIC_REPRESENTATION_CONTEXT(2) 
PARAMETRIC_REPRESENTATION_CONTEXT() REPRESENTATION_CONTEXT('2D SPACE',''
  ) );
#13469 = ORIENTED_EDGE('',*,*,#12064,.F.);
#13470 = ADVANCED_FACE('',(#13471),#12122,.F.);
#13471 = FACE_BOUND('',#13472,.T.);
#13472 = EDGE_LOOP('',(#13473,#13474,#13497,#13530));
#13473 = ORIENTED_EDGE('',*,*,#12103,.F.);
#13474 = ORIENTED_EDGE('',*,*,#13475,.T.);
#13475 = EDGE_CURVE('',#12104,#13476,#13478,.T.);
#13476 = VERTEX_POINT('',#13477);
#13477 = CARTESIAN_POINT('',(100.00011576533,-77.64999999866,13.));
#13478 = SURFACE_CURVE('',#13479,(#13483,#13490),.PCURVE_S1.);
#13479 = LINE('',#13480,#13481);
#13480 = CARTESIAN_POINT('',(100.00011576533,-77.64999999866,10.));
#13481 = VECTOR('',#13482,1.);
#13482 = DIRECTION('',(0.,0.,1.));
#13483 = PCURVE('',#12122,#13484);
#13484 = DEFINITIONAL_REPRESENTATION('',(#13485),#13489);
#13485 = LINE('',#13486,#13487);
#13486 = CARTESIAN_POINT('',(-6.283162154649,0.));
#13487 = VECTOR('',#13488,1.);
#13488 = DIRECTION('',(-0.,-1.));
#13489 = ( GEOMETRIC_REPRESENTATION_CONTEXT(2) 
PARAMETRIC_REPRESENTATION_CONTEXT() REPRESENTATION_CONTEXT('2D SPACE',''
  ) );
#13490 = PCURVE('',#12150,#13491);
#13491 = DEFINITIONAL_REPRESENTATION('',(#13492),#13496);
#13492 = LINE('',#13493,#13494);
#13493 = CARTESIAN_POINT('',(39.999768469339,0.));
#13494 = VECTOR('',#13495,1.);
#13495 = DIRECTION('',(0.,-1.));
#13496 = ( GEOMETRIC_REPRESENTATION_CONTEXT(2) 
PARAMETRIC_REPRESENTATION_CONTEXT() REPRESENTATION_CONTEXT('2D SPACE',''
  ) );
#13497 = ORIENTED_EDGE('',*,*,#13498,.F.);
#13498 = EDGE_CURVE('',#13499,#13476,#13501,.T.);
#13499 = VERTEX_POINT('',#13500);
#13500 = CARTESIAN_POINT('',(97.64999999866,-80.00011576533,13.));
#13501 = SURFACE_CURVE('',#13502,(#13507,#13514),.PCURVE_S1.);
#13502 = CIRCLE('',#13503,2.350115766671);
#13503 = AXIS2_PLACEMENT_3D('',#13504,#13505,#13506);
#13504 = CARTESIAN_POINT('',(100.00011576533,-80.00011576533,13.));
#13505 = DIRECTION('',(-0.,0.,-1.));
#13506 = DIRECTION('',(-2.31525300912E-05,0.999999999732,0.));
#13507 = PCURVE('',#12122,#13508);
#13508 = DEFINITIONAL_REPRESENTATION('',(#13509),#13513);
#13509 = LINE('',#13510,#13511);
#13510 = CARTESIAN_POINT('',(-12.56637061435,-3.));
#13511 = VECTOR('',#13512,1.);
#13512 = DIRECTION('',(1.,-0.));
#13513 = ( GEOMETRIC_REPRESENTATION_CONTEXT(2) 
PARAMETRIC_REPRESENTATION_CONTEXT() REPRESENTATION_CONTEXT('2D SPACE',''
  ) );
#13514 = PCURVE('',#13515,#13520);
#13515 = PLANE('',#13516);
#13516 = AXIS2_PLACEMENT_3D('',#13517,#13518,#13519);
#13517 = CARTESIAN_POINT('',(120.,-92.5,13.));
#13518 = DIRECTION('',(0.,0.,1.));
#13519 = DIRECTION('',(1.,0.,-0.));
#13520 = DEFINITIONAL_REPRESENTATION('',(#13521),#13529);
#13521 = ( BOUNDED_CURVE() B_SPLINE_CURVE(2,(#13522,#13523,#13524,#13525
    ,#13526,#13527,#13528),.UNSPECIFIED.,.T.,.F.) 
B_SPLINE_CURVE_WITH_KNOTS((1,2,2,2,2,1),(-2.094395102393,0.,
    2.094395102393,4.188790204786,6.28318530718,8.377580409573),
.UNSPECIFIED.) CURVE() GEOMETRIC_REPRESENTATION_ITEM() 
RATIONAL_B_SPLINE_CURVE((1.,0.5,1.,0.5,1.,0.5,1.)) REPRESENTATION_ITEM(
  '') );
#13522 = CARTESIAN_POINT('',(-19.99993864579,14.85000000071));
#13523 = CARTESIAN_POINT('',(-15.92941873534,14.850094243545));
#13524 = CARTESIAN_POINT('',(-17.96459707388,11.324873473066));
#13525 = CARTESIAN_POINT('',(-19.99977541241,7.799652702587));
#13526 = CARTESIAN_POINT('',(-22.03511698433,11.324779230231));
#13527 = CARTESIAN_POINT('',(-24.07045855624,14.849905757876));
#13528 = CARTESIAN_POINT('',(-19.99993864579,14.85000000071));
#13529 = ( GEOMETRIC_REPRESENTATION_CONTEXT(2) 
PARAMETRIC_REPRESENTATION_CONTEXT() REPRESENTATION_CONTEXT('2D SPACE',''
  ) );
#13530 = ORIENTED_EDGE('',*,*,#13531,.F.);
#13531 = EDGE_CURVE('',#12106,#13499,#13532,.T.);
#13532 = SURFACE_CURVE('',#13533,(#13537,#13544),.PCURVE_S1.);
#13533 = LINE('',#13534,#13535);
#13534 = CARTESIAN_POINT('',(97.64999999866,-80.00011576533,10.));
#13535 = VECTOR('',#13536,1.);
#13536 = DIRECTION('',(0.,0.,1.));
#13537 = PCURVE('',#12122,#13538);
#13538 = DEFINITIONAL_REPRESENTATION('',(#13539),#13543);
#13539 = LINE('',#13540,#13541);
#13540 = CARTESIAN_POINT('',(-7.853958481444,0.));
#13541 = VECTOR('',#13542,1.);
#13542 = DIRECTION('',(-0.,-1.));
#13543 = ( GEOMETRIC_REPRESENTATION_CONTEXT(2) 
PARAMETRIC_REPRESENTATION_CONTEXT() REPRESENTATION_CONTEXT('2D SPACE',''
  ) );
#13544 = PCURVE('',#12319,#13545);
#13545 = DEFINITIONAL_REPRESENTATION('',(#13546),#13550);
#13546 = LINE('',#13547,#13548);
#13547 = CARTESIAN_POINT('',(0.,0.));
#13548 = VECTOR('',#13549,1.);
#13549 = DIRECTION('',(0.,-1.));
#13550 = ( GEOMETRIC_REPRESENTATION_CONTEXT(2) 
PARAMETRIC_REPRESENTATION_CONTEXT() REPRESENTATION_CONTEXT('2D SPACE',''
  ) );
#13551 = ADVANCED_FACE('',(#13552),#12319,.T.);
#13552 = FACE_BOUND('',#13553,.T.);
#13553 = EDGE_LOOP('',(#13554,#13555,#13556,#13579));
#13554 = ORIENTED_EDGE('',*,*,#12305,.F.);
#13555 = ORIENTED_EDGE('',*,*,#13531,.T.);
#13556 = ORIENTED_EDGE('',*,*,#13557,.F.);
#13557 = EDGE_CURVE('',#13558,#13499,#13560,.T.);
#13558 = VERTEX_POINT('',#13559);
#13559 = CARTESIAN_POINT('',(97.65,-104.9998842346,13.));
#13560 = SURFACE_CURVE('',#13561,(#13565,#13572),.PCURVE_S1.);
#13561 = LINE('',#13562,#13563);
#13562 = CARTESIAN_POINT('',(97.65,-86.25005788266,13.));
#13563 = VECTOR('',#13564,1.);
#13564 = DIRECTION('',(-0.,1.,0.));
#13565 = PCURVE('',#12319,#13566);
#13566 = DEFINITIONAL_REPRESENTATION('',(#13567),#13571);
#13567 = LINE('',#13568,#13569);
#13568 = CARTESIAN_POINT('',(6.249942117335,-3.));
#13569 = VECTOR('',#13570,1.);
#13570 = DIRECTION('',(-1.,-0.));
#13571 = ( GEOMETRIC_REPRESENTATION_CONTEXT(2) 
PARAMETRIC_REPRESENTATION_CONTEXT() REPRESENTATION_CONTEXT('2D SPACE',''
  ) );
#13572 = PCURVE('',#13515,#13573);
#13573 = DEFINITIONAL_REPRESENTATION('',(#13574),#13578);
#13574 = LINE('',#13575,#13576);
#13575 = CARTESIAN_POINT('',(-22.35,6.249942117335));
#13576 = VECTOR('',#13577,1.);
#13577 = DIRECTION('',(0.,1.));
#13578 = ( GEOMETRIC_REPRESENTATION_CONTEXT(2) 
PARAMETRIC_REPRESENTATION_CONTEXT() REPRESENTATION_CONTEXT('2D SPACE',''
  ) );
#13579 = ORIENTED_EDGE('',*,*,#13580,.F.);
#13580 = EDGE_CURVE('',#12277,#13558,#13581,.T.);
#13581 = SURFACE_CURVE('',#13582,(#13586,#13593),.PCURVE_S1.);
#13582 = LINE('',#13583,#13584);
#13583 = CARTESIAN_POINT('',(97.65,-104.9998842346,10.));
#13584 = VECTOR('',#13585,1.);
#13585 = DIRECTION('',(0.,0.,1.));
#13586 = PCURVE('',#12319,#13587);
#13587 = DEFINITIONAL_REPRESENTATION('',(#13588),#13592);
#13588 = LINE('',#13589,#13590);
#13589 = CARTESIAN_POINT('',(24.999768469339,0.));
#13590 = VECTOR('',#13591,1.);
#13591 = DIRECTION('',(0.,-1.));
#13592 = ( GEOMETRIC_REPRESENTATION_CONTEXT(2) 
PARAMETRIC_REPRESENTATION_CONTEXT() REPRESENTATION_CONTEXT('2D SPACE',''
  ) );
#13593 = PCURVE('',#12293,#13594);
#13594 = DEFINITIONAL_REPRESENTATION('',(#13595),#13599);
#13595 = LINE('',#13596,#13597);
#13596 = CARTESIAN_POINT('',(-6.283162154649,0.));
#13597 = VECTOR('',#13598,1.);
#13598 = DIRECTION('',(-0.,-1.));
#13599 = ( GEOMETRIC_REPRESENTATION_CONTEXT(2) 
PARAMETRIC_REPRESENTATION_CONTEXT() REPRESENTATION_CONTEXT('2D SPACE',''
  ) );
#13600 = ADVANCED_FACE('',(#13601),#12293,.F.);
#13601 = FACE_BOUND('',#13602,.T.);
#13602 = EDGE_LOOP('',(#13603,#13604,#13605,#13633));
#13603 = ORIENTED_EDGE('',*,*,#12276,.F.);
#13604 = ORIENTED_EDGE('',*,*,#13580,.T.);
#13605 = ORIENTED_EDGE('',*,*,#13606,.F.);
#13606 = EDGE_CURVE('',#13607,#13558,#13609,.T.);
#13607 = VERTEX_POINT('',#13608);
#13608 = CARTESIAN_POINT('',(100.00011576533,-107.3500000013,13.));
#13609 = SURFACE_CURVE('',#13610,(#13615,#13622),.PCURVE_S1.);
#13610 = CIRCLE('',#13611,2.350115766671);
#13611 = AXIS2_PLACEMENT_3D('',#13612,#13613,#13614);
#13612 = CARTESIAN_POINT('',(100.00011576533,-104.9998842346,13.));
#13613 = DIRECTION('',(-0.,0.,-1.));
#13614 = DIRECTION('',(-0.999999999732,-2.31525300912E-05,0.));
#13615 = PCURVE('',#12293,#13616);
#13616 = DEFINITIONAL_REPRESENTATION('',(#13617),#13621);
#13617 = LINE('',#13618,#13619);
#13618 = CARTESIAN_POINT('',(-12.56637061435,-3.));
#13619 = VECTOR('',#13620,1.);
#13620 = DIRECTION('',(1.,-0.));
#13621 = ( GEOMETRIC_REPRESENTATION_CONTEXT(2) 
PARAMETRIC_REPRESENTATION_CONTEXT() REPRESENTATION_CONTEXT('2D SPACE',''
  ) );
#13622 = PCURVE('',#13515,#13623);
#13623 = DEFINITIONAL_REPRESENTATION('',(#13624),#13632);
#13624 = ( BOUNDED_CURVE() B_SPLINE_CURVE(2,(#13625,#13626,#13627,#13628
    ,#13629,#13630,#13631),.UNSPECIFIED.,.T.,.F.) 
B_SPLINE_CURVE_WITH_KNOTS((1,2,2,2,2,1),(-2.094395102393,0.,
    2.094395102393,4.188790204786,6.28318530718,8.377580409573),
.UNSPECIFIED.) CURVE() GEOMETRIC_REPRESENTATION_ITEM() 
RATIONAL_B_SPLINE_CURVE((1.,0.5,1.,0.5,1.,0.5,1.)) REPRESENTATION_ITEM(
  '') );
#13625 = CARTESIAN_POINT('',(-22.35000000071,-12.49993864579));
#13626 = CARTESIAN_POINT('',(-22.35009424354,-8.429418735344));
#13627 = CARTESIAN_POINT('',(-18.82487347306,-10.46459707388));
#13628 = CARTESIAN_POINT('',(-15.29965270258,-12.49977541241));
#13629 = CARTESIAN_POINT('',(-18.82477923023,-14.53511698433));
#13630 = CARTESIAN_POINT('',(-22.34990575787,-16.57045855624));
#13631 = CARTESIAN_POINT('',(-22.35000000071,-12.49993864579));
#13632 = ( GEOMETRIC_REPRESENTATION_CONTEXT(2) 
PARAMETRIC_REPRESENTATION_CONTEXT() REPRESENTATION_CONTEXT('2D SPACE',''
  ) );
#13633 = ORIENTED_EDGE('',*,*,#13634,.F.);
#13634 = EDGE_CURVE('',#12249,#13607,#13635,.T.);
#13635 = SURFACE_CURVE('',#13636,(#13640,#13647),.PCURVE_S1.);
#13636 = LINE('',#13637,#13638);
#13637 = CARTESIAN_POINT('',(100.00011576533,-107.3500000013,10.));
#13638 = VECTOR('',#13639,1.);
#13639 = DIRECTION('',(0.,0.,1.));
#13640 = PCURVE('',#12293,#13641);
#13641 = DEFINITIONAL_REPRESENTATION('',(#13642),#13646);
#13642 = LINE('',#13643,#13644);
#13643 = CARTESIAN_POINT('',(-7.853958481444,0.));
#13644 = VECTOR('',#13645,1.);
#13645 = DIRECTION('',(-0.,-1.));
#13646 = ( GEOMETRIC_REPRESENTATION_CONTEXT(2) 
PARAMETRIC_REPRESENTATION_CONTEXT() REPRESENTATION_CONTEXT('2D SPACE',''
  ) );
#13647 = PCURVE('',#12264,#13648);
#13648 = DEFINITIONAL_REPRESENTATION('',(#13649),#13653);
#13649 = LINE('',#13650,#13651);
#13650 = CARTESIAN_POINT('',(0.,0.));
#13651 = VECTOR('',#13652,1.);
#13652 = DIRECTION('',(0.,-1.));
#13653 = ( GEOMETRIC_REPRESENTATION_CONTEXT(2) 
PARAMETRIC_REPRESENTATION_CONTEXT() REPRESENTATION_CONTEXT('2D SPACE',''
  ) );
#13654 = ADVANCED_FACE('',(#13655),#12264,.T.);
#13655 = FACE_BOUND('',#13656,.T.);
#13656 = EDGE_LOOP('',(#13657,#13658,#13659,#13682));
#13657 = ORIENTED_EDGE('',*,*,#12248,.F.);
#13658 = ORIENTED_EDGE('',*,*,#13634,.T.);
#13659 = ORIENTED_EDGE('',*,*,#13660,.F.);
#13660 = EDGE_CURVE('',#13661,#13607,#13663,.T.);
#13661 = VERTEX_POINT('',#13662);
#13662 = CARTESIAN_POINT('',(139.99988423466,-107.35,13.));
#13663 = SURFACE_CURVE('',#13664,(#13668,#13675),.PCURVE_S1.);
#13664 = LINE('',#13665,#13666);
#13665 = CARTESIAN_POINT('',(110.00005788266,-107.35,13.));
#13666 = VECTOR('',#13667,1.);
#13667 = DIRECTION('',(-1.,0.,0.));
#13668 = PCURVE('',#12264,#13669);
#13669 = DEFINITIONAL_REPRESENTATION('',(#13670),#13674);
#13670 = LINE('',#13671,#13672);
#13671 = CARTESIAN_POINT('',(9.999942117335,-3.));
#13672 = VECTOR('',#13673,1.);
#13673 = DIRECTION('',(-1.,0.));
#13674 = ( GEOMETRIC_REPRESENTATION_CONTEXT(2) 
PARAMETRIC_REPRESENTATION_CONTEXT() REPRESENTATION_CONTEXT('2D SPACE',''
  ) );
#13675 = PCURVE('',#13515,#13676);
#13676 = DEFINITIONAL_REPRESENTATION('',(#13677),#13681);
#13677 = LINE('',#13678,#13679);
#13678 = CARTESIAN_POINT('',(-9.999942117335,-14.85));
#13679 = VECTOR('',#13680,1.);
#13680 = DIRECTION('',(-1.,0.));
#13681 = ( GEOMETRIC_REPRESENTATION_CONTEXT(2) 
PARAMETRIC_REPRESENTATION_CONTEXT() REPRESENTATION_CONTEXT('2D SPACE',''
  ) );
#13682 = ORIENTED_EDGE('',*,*,#13683,.F.);
#13683 = EDGE_CURVE('',#12220,#13661,#13684,.T.);
#13684 = SURFACE_CURVE('',#13685,(#13689,#13696),.PCURVE_S1.);
#13685 = LINE('',#13686,#13687);
#13686 = CARTESIAN_POINT('',(139.99988423466,-107.35,10.));
#13687 = VECTOR('',#13688,1.);
#13688 = DIRECTION('',(0.,0.,1.));
#13689 = PCURVE('',#12264,#13690);
#13690 = DEFINITIONAL_REPRESENTATION('',(#13691),#13695);
#13691 = LINE('',#13692,#13693);
#13692 = CARTESIAN_POINT('',(39.999768469339,0.));
#13693 = VECTOR('',#13694,1.);
#13694 = DIRECTION('',(0.,-1.));
#13695 = ( GEOMETRIC_REPRESENTATION_CONTEXT(2) 
PARAMETRIC_REPRESENTATION_CONTEXT() REPRESENTATION_CONTEXT('2D SPACE',''
  ) );
#13696 = PCURVE('',#12236,#13697);
#13697 = DEFINITIONAL_REPRESENTATION('',(#13698),#13702);
#13698 = LINE('',#13699,#13700);
#13699 = CARTESIAN_POINT('',(-6.283162154649,0.));
#13700 = VECTOR('',#13701,1.);
#13701 = DIRECTION('',(-0.,-1.));
#13702 = ( GEOMETRIC_REPRESENTATION_CONTEXT(2) 
PARAMETRIC_REPRESENTATION_CONTEXT() REPRESENTATION_CONTEXT('2D SPACE',''
  ) );
#13703 = ADVANCED_FACE('',(#13704),#12236,.F.);
#13704 = FACE_BOUND('',#13705,.T.);
#13705 = EDGE_LOOP('',(#13706,#13707,#13708,#13736));
#13706 = ORIENTED_EDGE('',*,*,#12219,.F.);
#13707 = ORIENTED_EDGE('',*,*,#13683,.T.);
#13708 = ORIENTED_EDGE('',*,*,#13709,.F.);
#13709 = EDGE_CURVE('',#13710,#13661,#13712,.T.);
#13710 = VERTEX_POINT('',#13711);
#13711 = CARTESIAN_POINT('',(142.35000000134,-104.9998842346,13.));
#13712 = SURFACE_CURVE('',#13713,(#13718,#13725),.PCURVE_S1.);
#13713 = CIRCLE('',#13714,2.350115766671);
#13714 = AXIS2_PLACEMENT_3D('',#13715,#13716,#13717);
#13715 = CARTESIAN_POINT('',(139.99988423466,-104.9998842346,13.));
#13716 = DIRECTION('',(-0.,0.,-1.));
#13717 = DIRECTION('',(2.31525300912E-05,-0.999999999732,-0.));
#13718 = PCURVE('',#12236,#13719);
#13719 = DEFINITIONAL_REPRESENTATION('',(#13720),#13724);
#13720 = LINE('',#13721,#13722);
#13721 = CARTESIAN_POINT('',(-12.56637061435,-3.));
#13722 = VECTOR('',#13723,1.);
#13723 = DIRECTION('',(1.,-0.));
#13724 = ( GEOMETRIC_REPRESENTATION_CONTEXT(2) 
PARAMETRIC_REPRESENTATION_CONTEXT() REPRESENTATION_CONTEXT('2D SPACE',''
  ) );
#13725 = PCURVE('',#13515,#13726);
#13726 = DEFINITIONAL_REPRESENTATION('',(#13727),#13735);
#13727 = ( BOUNDED_CURVE() B_SPLINE_CURVE(2,(#13728,#13729,#13730,#13731
    ,#13732,#13733,#13734),.UNSPECIFIED.,.T.,.F.) 
B_SPLINE_CURVE_WITH_KNOTS((1,2,2,2,2,1),(-2.094395102393,0.,
    2.094395102393,4.188790204786,6.28318530718,8.377580409573),
.UNSPECIFIED.) CURVE() GEOMETRIC_REPRESENTATION_ITEM() 
RATIONAL_B_SPLINE_CURVE((1.,0.5,1.,0.5,1.,0.5,1.)) REPRESENTATION_ITEM(
  '') );
#13728 = CARTESIAN_POINT('',(19.999938645795,-14.85000000071));
#13729 = CARTESIAN_POINT('',(15.929418735344,-14.85009424354));
#13730 = CARTESIAN_POINT('',(17.96459707388,-11.32487347306));
#13731 = CARTESIAN_POINT('',(19.999775412417,-7.799652702587));
#13732 = CARTESIAN_POINT('',(22.035116984332,-11.32477923023));
#13733 = CARTESIAN_POINT('',(24.070458556247,-14.84990575787));
#13734 = CARTESIAN_POINT('',(19.999938645795,-14.85000000071));
#13735 = ( GEOMETRIC_REPRESENTATION_CONTEXT(2) 
PARAMETRIC_REPRESENTATION_CONTEXT() REPRESENTATION_CONTEXT('2D SPACE',''
  ) );
#13736 = ORIENTED_EDGE('',*,*,#13737,.F.);
#13737 = EDGE_CURVE('',#12192,#13710,#13738,.T.);
#13738 = SURFACE_CURVE('',#13739,(#13743,#13750),.PCURVE_S1.);
#13739 = LINE('',#13740,#13741);
#13740 = CARTESIAN_POINT('',(142.35000000134,-104.9998842346,10.));
#13741 = VECTOR('',#13742,1.);
#13742 = DIRECTION('',(0.,0.,1.));
#13743 = PCURVE('',#12236,#13744);
#13744 = DEFINITIONAL_REPRESENTATION('',(#13745),#13749);
#13745 = LINE('',#13746,#13747);
#13746 = CARTESIAN_POINT('',(-7.853958481444,0.));
#13747 = VECTOR('',#13748,1.);
#13748 = DIRECTION('',(-0.,-1.));
#13749 = ( GEOMETRIC_REPRESENTATION_CONTEXT(2) 
PARAMETRIC_REPRESENTATION_CONTEXT() REPRESENTATION_CONTEXT('2D SPACE',''
  ) );
#13750 = PCURVE('',#12207,#13751);
#13751 = DEFINITIONAL_REPRESENTATION('',(#13752),#13756);
#13752 = LINE('',#13753,#13754);
#13753 = CARTESIAN_POINT('',(0.,0.));
#13754 = VECTOR('',#13755,1.);
#13755 = DIRECTION('',(0.,-1.));
#13756 = ( GEOMETRIC_REPRESENTATION_CONTEXT(2) 
PARAMETRIC_REPRESENTATION_CONTEXT() REPRESENTATION_CONTEXT('2D SPACE',''
  ) );
#13757 = ADVANCED_FACE('',(#13758),#12207,.T.);
#13758 = FACE_BOUND('',#13759,.T.);
#13759 = EDGE_LOOP('',(#13760,#13761,#13762,#13785));
#13760 = ORIENTED_EDGE('',*,*,#12191,.F.);
#13761 = ORIENTED_EDGE('',*,*,#13737,.T.);
#13762 = ORIENTED_EDGE('',*,*,#13763,.F.);
#13763 = EDGE_CURVE('',#13764,#13710,#13766,.T.);
#13764 = VERTEX_POINT('',#13765);
#13765 = CARTESIAN_POINT('',(142.35,-80.00011576533,13.));
#13766 = SURFACE_CURVE('',#13767,(#13771,#13778),.PCURVE_S1.);
#13767 = LINE('',#13768,#13769);
#13768 = CARTESIAN_POINT('',(142.35,-98.74994211733,13.));
#13769 = VECTOR('',#13770,1.);
#13770 = DIRECTION('',(0.,-1.,0.));
#13771 = PCURVE('',#12207,#13772);
#13772 = DEFINITIONAL_REPRESENTATION('',(#13773),#13777);
#13773 = LINE('',#13774,#13775);
#13774 = CARTESIAN_POINT('',(6.249942117335,-3.));
#13775 = VECTOR('',#13776,1.);
#13776 = DIRECTION('',(-1.,0.));
#13777 = ( GEOMETRIC_REPRESENTATION_CONTEXT(2) 
PARAMETRIC_REPRESENTATION_CONTEXT() REPRESENTATION_CONTEXT('2D SPACE',''
  ) );
#13778 = PCURVE('',#13515,#13779);
#13779 = DEFINITIONAL_REPRESENTATION('',(#13780),#13784);
#13780 = LINE('',#13781,#13782);
#13781 = CARTESIAN_POINT('',(22.35,-6.249942117335));
#13782 = VECTOR('',#13783,1.);
#13783 = DIRECTION('',(0.,-1.));
#13784 = ( GEOMETRIC_REPRESENTATION_CONTEXT(2) 
PARAMETRIC_REPRESENTATION_CONTEXT() REPRESENTATION_CONTEXT('2D SPACE',''
  ) );
#13785 = ORIENTED_EDGE('',*,*,#13786,.F.);
#13786 = EDGE_CURVE('',#12163,#13764,#13787,.T.);
#13787 = SURFACE_CURVE('',#13788,(#13792,#13799),.PCURVE_S1.);
#13788 = LINE('',#13789,#13790);
#13789 = CARTESIAN_POINT('',(142.35,-80.00011576533,10.));
#13790 = VECTOR('',#13791,1.);
#13791 = DIRECTION('',(0.,0.,1.));
#13792 = PCURVE('',#12207,#13793);
#13793 = DEFINITIONAL_REPRESENTATION('',(#13794),#13798);
#13794 = LINE('',#13795,#13796);
#13795 = CARTESIAN_POINT('',(24.999768469339,0.));
#13796 = VECTOR('',#13797,1.);
#13797 = DIRECTION('',(0.,-1.));
#13798 = ( GEOMETRIC_REPRESENTATION_CONTEXT(2) 
PARAMETRIC_REPRESENTATION_CONTEXT() REPRESENTATION_CONTEXT('2D SPACE',''
  ) );
#13799 = PCURVE('',#12179,#13800);
#13800 = DEFINITIONAL_REPRESENTATION('',(#13801),#13805);
#13801 = LINE('',#13802,#13803);
#13802 = CARTESIAN_POINT('',(-6.283162154649,0.));
#13803 = VECTOR('',#13804,1.);
#13804 = DIRECTION('',(-0.,-1.));
#13805 = ( GEOMETRIC_REPRESENTATION_CONTEXT(2) 
PARAMETRIC_REPRESENTATION_CONTEXT() REPRESENTATION_CONTEXT('2D SPACE',''
  ) );
#13806 = ADVANCED_FACE('',(#13807),#12179,.F.);
#13807 = FACE_BOUND('',#13808,.T.);
#13808 = EDGE_LOOP('',(#13809,#13810,#13811,#13839));
#13809 = ORIENTED_EDGE('',*,*,#12162,.F.);
#13810 = ORIENTED_EDGE('',*,*,#13786,.T.);
#13811 = ORIENTED_EDGE('',*,*,#13812,.F.);
#13812 = EDGE_CURVE('',#13813,#13764,#13815,.T.);
#13813 = VERTEX_POINT('',#13814);
#13814 = CARTESIAN_POINT('',(139.99988423466,-77.64999999866,13.));
#13815 = SURFACE_CURVE('',#13816,(#13821,#13828),.PCURVE_S1.);
#13816 = CIRCLE('',#13817,2.350115766671);
#13817 = AXIS2_PLACEMENT_3D('',#13818,#13819,#13820);
#13818 = CARTESIAN_POINT('',(139.99988423466,-80.00011576533,13.));
#13819 = DIRECTION('',(0.,0.,-1.));
#13820 = DIRECTION('',(0.999999999732,2.315253008835E-05,0.));
#13821 = PCURVE('',#12179,#13822);
#13822 = DEFINITIONAL_REPRESENTATION('',(#13823),#13827);
#13823 = LINE('',#13824,#13825);
#13824 = CARTESIAN_POINT('',(-12.56637061435,-3.));
#13825 = VECTOR('',#13826,1.);
#13826 = DIRECTION('',(1.,-0.));
#13827 = ( GEOMETRIC_REPRESENTATION_CONTEXT(2) 
PARAMETRIC_REPRESENTATION_CONTEXT() REPRESENTATION_CONTEXT('2D SPACE',''
  ) );
#13828 = PCURVE('',#13515,#13829);
#13829 = DEFINITIONAL_REPRESENTATION('',(#13830),#13838);
#13830 = ( BOUNDED_CURVE() B_SPLINE_CURVE(2,(#13831,#13832,#13833,#13834
    ,#13835,#13836,#13837),.UNSPECIFIED.,.T.,.F.) 
B_SPLINE_CURVE_WITH_KNOTS((1,2,2,2,2,1),(-2.094395102393,0.,
    2.094395102393,4.188790204786,6.28318530718,8.377580409573),
.UNSPECIFIED.) CURVE() GEOMETRIC_REPRESENTATION_ITEM() 
RATIONAL_B_SPLINE_CURVE((1.,0.5,1.,0.5,1.,0.5,1.)) REPRESENTATION_ITEM(
  '') );
#13831 = CARTESIAN_POINT('',(22.35000000071,12.499938645795));
#13832 = CARTESIAN_POINT('',(22.350094243545,8.429418735344));
#13833 = CARTESIAN_POINT('',(18.824873473066,10.46459707388));
#13834 = CARTESIAN_POINT('',(15.299652702587,12.499775412417));
#13835 = CARTESIAN_POINT('',(18.824779230231,14.535116984332));
#13836 = CARTESIAN_POINT('',(22.349905757876,16.570458556247));
#13837 = CARTESIAN_POINT('',(22.35000000071,12.499938645795));
#13838 = ( GEOMETRIC_REPRESENTATION_CONTEXT(2) 
PARAMETRIC_REPRESENTATION_CONTEXT() REPRESENTATION_CONTEXT('2D SPACE',''
  ) );
#13839 = ORIENTED_EDGE('',*,*,#13840,.F.);
#13840 = EDGE_CURVE('',#12135,#13813,#13841,.T.);
#13841 = SURFACE_CURVE('',#13842,(#13846,#13853),.PCURVE_S1.);
#13842 = LINE('',#13843,#13844);
#13843 = CARTESIAN_POINT('',(139.99988423466,-77.64999999866,10.));
#13844 = VECTOR('',#13845,1.);
#13845 = DIRECTION('',(0.,0.,1.));
#13846 = PCURVE('',#12179,#13847);
#13847 = DEFINITIONAL_REPRESENTATION('',(#13848),#13852);
#13848 = LINE('',#13849,#13850);
#13849 = CARTESIAN_POINT('',(-7.853958481444,0.));
#13850 = VECTOR('',#13851,1.);
#13851 = DIRECTION('',(-0.,-1.));
#13852 = ( GEOMETRIC_REPRESENTATION_CONTEXT(2) 
PARAMETRIC_REPRESENTATION_CONTEXT() REPRESENTATION_CONTEXT('2D SPACE',''
  ) );
#13853 = PCURVE('',#12150,#13854);
#13854 = DEFINITIONAL_REPRESENTATION('',(#13855),#13859);
#13855 = LINE('',#13856,#13857);
#13856 = CARTESIAN_POINT('',(0.,-0.));
#13857 = VECTOR('',#13858,1.);
#13858 = DIRECTION('',(0.,-1.));
#13859 = ( GEOMETRIC_REPRESENTATION_CONTEXT(2) 
PARAMETRIC_REPRESENTATION_CONTEXT() REPRESENTATION_CONTEXT('2D SPACE',''
  ) );
#13860 = ADVANCED_FACE('',(#13861),#12150,.T.);
#13861 = FACE_BOUND('',#13862,.T.);
#13862 = EDGE_LOOP('',(#13863,#13864,#13865,#13886));
#13863 = ORIENTED_EDGE('',*,*,#12134,.F.);
#13864 = ORIENTED_EDGE('',*,*,#13840,.T.);
#13865 = ORIENTED_EDGE('',*,*,#13866,.F.);
#13866 = EDGE_CURVE('',#13476,#13813,#13867,.T.);
#13867 = SURFACE_CURVE('',#13868,(#13872,#13879),.PCURVE_S1.);
#13868 = LINE('',#13869,#13870);
#13869 = CARTESIAN_POINT('',(129.99994211733,-77.65,13.));
#13870 = VECTOR('',#13871,1.);
#13871 = DIRECTION('',(1.,0.,-0.));
#13872 = PCURVE('',#12150,#13873);
#13873 = DEFINITIONAL_REPRESENTATION('',(#13874),#13878);
#13874 = LINE('',#13875,#13876);
#13875 = CARTESIAN_POINT('',(9.999942117335,-3.));
#13876 = VECTOR('',#13877,1.);
#13877 = DIRECTION('',(-1.,0.));
#13878 = ( GEOMETRIC_REPRESENTATION_CONTEXT(2) 
PARAMETRIC_REPRESENTATION_CONTEXT() REPRESENTATION_CONTEXT('2D SPACE',''
  ) );
#13879 = PCURVE('',#13515,#13880);
#13880 = DEFINITIONAL_REPRESENTATION('',(#13881),#13885);
#13881 = LINE('',#13882,#13883);
#13882 = CARTESIAN_POINT('',(9.999942117335,14.85));
#13883 = VECTOR('',#13884,1.);
#13884 = DIRECTION('',(1.,0.));
#13885 = ( GEOMETRIC_REPRESENTATION_CONTEXT(2) 
PARAMETRIC_REPRESENTATION_CONTEXT() REPRESENTATION_CONTEXT('2D SPACE',''
  ) );
#13886 = ORIENTED_EDGE('',*,*,#13475,.F.);
#13887 = ADVANCED_FACE('',(#13888),#12400,.T.);
#13888 = FACE_BOUND('',#13889,.T.);
#13889 = EDGE_LOOP('',(#13890,#13913,#13914));
#13890 = ORIENTED_EDGE('',*,*,#13891,.F.);
#13891 = EDGE_CURVE('',#10973,#13892,#13894,.T.);
#13892 = VERTEX_POINT('',#13893);
#13893 = CARTESIAN_POINT('',(94.999998740082,-79.99999999998,15.));
#13894 = SURFACE_CURVE('',#13895,(#13899,#13906),.PCURVE_S1.);
#13895 = LINE('',#13896,#13897);
#13896 = CARTESIAN_POINT('',(93.750000000335,-79.99997105933,15.));
#13897 = VECTOR('',#13898,1.);
#13898 = DIRECTION('',(0.999999999732,-2.315253009328E-05,0.));
#13899 = PCURVE('',#12400,#13900);
#13900 = DEFINITIONAL_REPRESENTATION('',(#13901),#13905);
#13901 = LINE('',#13902,#13903);
#13902 = CARTESIAN_POINT('',(-1.249999999665,2.894066261661E-05));
#13903 = VECTOR('',#13904,1.);
#13904 = DIRECTION('',(0.999999999732,-2.315253009328E-05));
#13905 = ( GEOMETRIC_REPRESENTATION_CONTEXT(2) 
PARAMETRIC_REPRESENTATION_CONTEXT() REPRESENTATION_CONTEXT('2D SPACE',''
  ) );
#13906 = PCURVE('',#12483,#13907);
#13907 = DEFINITIONAL_REPRESENTATION('',(#13908),#13912);
#13908 = LINE('',#13909,#13910);
#13909 = CARTESIAN_POINT('',(-1.249999999665,2.894066261661E-05));
#13910 = VECTOR('',#13911,1.);
#13911 = DIRECTION('',(0.999999999732,-2.315253009328E-05));
#13912 = ( GEOMETRIC_REPRESENTATION_CONTEXT(2) 
PARAMETRIC_REPRESENTATION_CONTEXT() REPRESENTATION_CONTEXT('2D SPACE',''
  ) );
#13913 = ORIENTED_EDGE('',*,*,#12383,.T.);
#13914 = ORIENTED_EDGE('',*,*,#13915,.F.);
#13915 = EDGE_CURVE('',#13892,#12384,#13916,.T.);
#13916 = SURFACE_CURVE('',#13917,(#13921,#13928),.PCURVE_S1.);
#13917 = LINE('',#13918,#13919);
#13918 = CARTESIAN_POINT('',(96.25,-80.,15.));
#13919 = VECTOR('',#13920,1.);
#13920 = DIRECTION('',(-1.,0.,0.));
#13921 = PCURVE('',#12400,#13922);
#13922 = DEFINITIONAL_REPRESENTATION('',(#13923),#13927);
#13923 = LINE('',#13924,#13925);
#13924 = CARTESIAN_POINT('',(1.25,0.));
#13925 = VECTOR('',#13926,1.);
#13926 = DIRECTION('',(-1.,0.));
#13927 = ( GEOMETRIC_REPRESENTATION_CONTEXT(2) 
PARAMETRIC_REPRESENTATION_CONTEXT() REPRESENTATION_CONTEXT('2D SPACE',''
  ) );
#13928 = PCURVE('',#13929,#13934);
#13929 = PLANE('',#13930);
#13930 = AXIS2_PLACEMENT_3D('',#13931,#13932,#13933);
#13931 = CARTESIAN_POINT('',(95.,-80.,15.));
#13932 = DIRECTION('',(0.,0.,1.));
#13933 = DIRECTION('',(1.,0.,-0.));
#13934 = DEFINITIONAL_REPRESENTATION('',(#13935),#13939);
#13935 = LINE('',#13936,#13937);
#13936 = CARTESIAN_POINT('',(1.25,0.));
#13937 = VECTOR('',#13938,1.);
#13938 = DIRECTION('',(-1.,0.));
#13939 = ( GEOMETRIC_REPRESENTATION_CONTEXT(2) 
PARAMETRIC_REPRESENTATION_CONTEXT() REPRESENTATION_CONTEXT('2D SPACE',''
  ) );
#13940 = ADVANCED_FACE('',(#13941),#12453,.T.);
#13941 = FACE_BOUND('',#13942,.T.);
#13942 = EDGE_LOOP('',(#13943,#13970,#13971,#13972));
#13943 = ORIENTED_EDGE('',*,*,#13944,.F.);
#13944 = EDGE_CURVE('',#12550,#12496,#13945,.T.);
#13945 = SURFACE_CURVE('',#13946,(#13951,#13958),.PCURVE_S1.);
#13946 = CIRCLE('',#13947,5.000115766671);
#13947 = AXIS2_PLACEMENT_3D('',#13948,#13949,#13950);
#13948 = CARTESIAN_POINT('',(100.00011576533,-80.00011576533,15.));
#13949 = DIRECTION('',(0.,0.,1.));
#13950 = DIRECTION('',(-2.31525300912E-05,0.999999999732,0.));
#13951 = PCURVE('',#12453,#13952);
#13952 = DEFINITIONAL_REPRESENTATION('',(#13953),#13957);
#13953 = CIRCLE('',#13954,5.000115766671);
#13954 = AXIS2_PLACEMENT_2D('',#13955,#13956);
#13955 = CARTESIAN_POINT('',(1.157653307189E-04,-5.000115765331));
#13956 = DIRECTION('',(-2.31525300912E-05,0.999999999732));
#13957 = ( GEOMETRIC_REPRESENTATION_CONTEXT(2) 
PARAMETRIC_REPRESENTATION_CONTEXT() REPRESENTATION_CONTEXT('2D SPACE',''
  ) );
#13958 = PCURVE('',#13959,#13964);
#13959 = PLANE('',#13960);
#13960 = AXIS2_PLACEMENT_3D('',#13961,#13962,#13963);
#13961 = CARTESIAN_POINT('',(120.,-92.5,15.));
#13962 = DIRECTION('',(0.,0.,1.));
#13963 = DIRECTION('',(1.,0.,-0.));
#13964 = DEFINITIONAL_REPRESENTATION('',(#13965),#13969);
#13965 = CIRCLE('',#13966,5.000115766671);
#13966 = AXIS2_PLACEMENT_2D('',#13967,#13968);
#13967 = CARTESIAN_POINT('',(-19.99988423466,12.499884234669));
#13968 = DIRECTION('',(-2.31525300912E-05,0.999999999732));
#13969 = ( GEOMETRIC_REPRESENTATION_CONTEXT(2) 
PARAMETRIC_REPRESENTATION_CONTEXT() REPRESENTATION_CONTEXT('2D SPACE',''
  ) );
#13970 = ORIENTED_EDGE('',*,*,#12549,.T.);
#13971 = ORIENTED_EDGE('',*,*,#12436,.T.);
#13972 = ORIENTED_EDGE('',*,*,#12524,.T.);
#13973 = ADVANCED_FACE('',(#13974),#12512,.T.);
#13974 = FACE_BOUND('',#13975,.T.);
#13975 = EDGE_LOOP('',(#13976,#14000,#14001,#14030));
#13976 = ORIENTED_EDGE('',*,*,#13977,.F.);
#13977 = EDGE_CURVE('',#12496,#13978,#13980,.T.);
#13978 = VERTEX_POINT('',#13979);
#13979 = CARTESIAN_POINT('',(100.,-76.25,15.));
#13980 = SURFACE_CURVE('',#13981,(#13986,#13993),.PCURVE_S1.);
#13981 = CIRCLE('',#13982,1.25);
#13982 = AXIS2_PLACEMENT_3D('',#13983,#13984,#13985);
#13983 = CARTESIAN_POINT('',(100.,-75.,15.));
#13984 = DIRECTION('',(0.,0.,1.));
#13985 = DIRECTION('',(-1.,0.,-0.));
#13986 = PCURVE('',#12512,#13987);
#13987 = DEFINITIONAL_REPRESENTATION('',(#13988),#13992);
#13988 = CIRCLE('',#13989,1.25);
#13989 = AXIS2_PLACEMENT_2D('',#13990,#13991);
#13990 = CARTESIAN_POINT('',(-20.,17.5));
#13991 = DIRECTION('',(-1.,0.));
#13992 = ( GEOMETRIC_REPRESENTATION_CONTEXT(2) 
PARAMETRIC_REPRESENTATION_CONTEXT() REPRESENTATION_CONTEXT('2D SPACE',''
  ) );
#13993 = PCURVE('',#13959,#13994);
#13994 = DEFINITIONAL_REPRESENTATION('',(#13995),#13999);
#13995 = CIRCLE('',#13996,1.25);
#13996 = AXIS2_PLACEMENT_2D('',#13997,#13998);
#13997 = CARTESIAN_POINT('',(-20.,17.5));
#13998 = DIRECTION('',(-1.,0.));
#13999 = ( GEOMETRIC_REPRESENTATION_CONTEXT(2) 
PARAMETRIC_REPRESENTATION_CONTEXT() REPRESENTATION_CONTEXT('2D SPACE',''
  ) );
#14000 = ORIENTED_EDGE('',*,*,#12495,.T.);
#14001 = ORIENTED_EDGE('',*,*,#14002,.F.);
#14002 = EDGE_CURVE('',#14003,#12467,#14005,.T.);
#14003 = VERTEX_POINT('',#14004);
#14004 = CARTESIAN_POINT('',(96.25,-80.,15.));
#14005 = SURFACE_CURVE('',#14006,(#14011,#14018),.PCURVE_S1.);
#14006 = CIRCLE('',#14007,1.25);
#14007 = AXIS2_PLACEMENT_3D('',#14008,#14009,#14010);
#14008 = CARTESIAN_POINT('',(95.,-80.,15.));
#14009 = DIRECTION('',(0.,0.,1.));
#14010 = DIRECTION('',(1.,0.,-0.));
#14011 = PCURVE('',#12512,#14012);
#14012 = DEFINITIONAL_REPRESENTATION('',(#14013),#14017);
#14013 = CIRCLE('',#14014,1.25);
#14014 = AXIS2_PLACEMENT_2D('',#14015,#14016);
#14015 = CARTESIAN_POINT('',(-25.,12.5));
#14016 = DIRECTION('',(1.,0.));
#14017 = ( GEOMETRIC_REPRESENTATION_CONTEXT(2) 
PARAMETRIC_REPRESENTATION_CONTEXT() REPRESENTATION_CONTEXT('2D SPACE',''
  ) );
#14018 = PCURVE('',#14019,#14024);
#14019 = PLANE('',#14020);
#14020 = AXIS2_PLACEMENT_3D('',#14021,#14022,#14023);
#14021 = CARTESIAN_POINT('',(120.,-92.5,15.));
#14022 = DIRECTION('',(0.,0.,1.));
#14023 = DIRECTION('',(1.,0.,-0.));
#14024 = DEFINITIONAL_REPRESENTATION('',(#14025),#14029);
#14025 = CIRCLE('',#14026,1.25);
#14026 = AXIS2_PLACEMENT_2D('',#14027,#14028);
#14027 = CARTESIAN_POINT('',(-25.,12.5));
#14028 = DIRECTION('',(1.,0.));
#14029 = ( GEOMETRIC_REPRESENTATION_CONTEXT(2) 
PARAMETRIC_REPRESENTATION_CONTEXT() REPRESENTATION_CONTEXT('2D SPACE',''
  ) );
#14030 = ORIENTED_EDGE('',*,*,#14031,.T.);
#14031 = EDGE_CURVE('',#14003,#13978,#14032,.T.);
#14032 = SURFACE_CURVE('',#14033,(#14038,#14049),.PCURVE_S1.);
#14033 = CIRCLE('',#14034,3.750115766671);
#14034 = AXIS2_PLACEMENT_3D('',#14035,#14036,#14037);
#14035 = CARTESIAN_POINT('',(100.00011576533,-80.00011576533,15.));
#14036 = DIRECTION('',(0.,0.,-1.));
#14037 = DIRECTION('',(-0.999999999732,2.315253010187E-05,0.));
#14038 = PCURVE('',#12512,#14039);
#14039 = DEFINITIONAL_REPRESENTATION('',(#14040),#14048);
#14040 = ( BOUNDED_CURVE() B_SPLINE_CURVE(2,(#14041,#14042,#14043,#14044
    ,#14045,#14046,#14047),.UNSPECIFIED.,.T.,.F.) 
B_SPLINE_CURVE_WITH_KNOTS((1,2,2,2,2,1),(-2.094395102393,0.,
    2.094395102393,4.188790204786,6.28318530718,8.377580409573),
.UNSPECIFIED.) CURVE() GEOMETRIC_REPRESENTATION_ITEM() 
RATIONAL_B_SPLINE_CURVE((1.,0.5,1.,0.5,1.,0.5,1.)) REPRESENTATION_ITEM(
  '') );
#14041 = CARTESIAN_POINT('',(-23.75000000033,12.499971059337));
#14042 = CARTESIAN_POINT('',(-23.74984961559,18.995362099736));
#14043 = CARTESIAN_POINT('',(-18.12475115946,15.747536342534));
#14044 = CARTESIAN_POINT('',(-12.49965270333,12.499710585333));
#14045 = CARTESIAN_POINT('',(-18.1249015442,9.252145302136));
#14046 = CARTESIAN_POINT('',(-23.75015038507,6.004580018939));
#14047 = CARTESIAN_POINT('',(-23.75000000033,12.499971059337));
#14048 = ( GEOMETRIC_REPRESENTATION_CONTEXT(2) 
PARAMETRIC_REPRESENTATION_CONTEXT() REPRESENTATION_CONTEXT('2D SPACE',''
  ) );
#14049 = PCURVE('',#14050,#14055);
#14050 = PLANE('',#14051);
#14051 = AXIS2_PLACEMENT_3D('',#14052,#14053,#14054);
#14052 = CARTESIAN_POINT('',(120.,-92.5,15.));
#14053 = DIRECTION('',(0.,0.,1.));
#14054 = DIRECTION('',(1.,0.,-0.));
#14055 = DEFINITIONAL_REPRESENTATION('',(#14056),#14064);
#14056 = ( BOUNDED_CURVE() B_SPLINE_CURVE(2,(#14057,#14058,#14059,#14060
    ,#14061,#14062,#14063),.UNSPECIFIED.,.T.,.F.) 
B_SPLINE_CURVE_WITH_KNOTS((1,2,2,2,2,1),(-2.094395102393,0.,
    2.094395102393,4.188790204786,6.28318530718,8.377580409573),
.UNSPECIFIED.) CURVE() GEOMETRIC_REPRESENTATION_ITEM() 
RATIONAL_B_SPLINE_CURVE((1.,0.5,1.,0.5,1.,0.5,1.)) REPRESENTATION_ITEM(
  '') );
#14057 = CARTESIAN_POINT('',(-23.75000000033,12.499971059337));
#14058 = CARTESIAN_POINT('',(-23.74984961559,18.995362099736));
#14059 = CARTESIAN_POINT('',(-18.12475115946,15.747536342534));
#14060 = CARTESIAN_POINT('',(-12.49965270333,12.499710585333));
#14061 = CARTESIAN_POINT('',(-18.1249015442,9.252145302136));
#14062 = CARTESIAN_POINT('',(-23.75015038507,6.004580018939));
#14063 = CARTESIAN_POINT('',(-23.75000000033,12.499971059337));
#14064 = ( GEOMETRIC_REPRESENTATION_CONTEXT(2) 
PARAMETRIC_REPRESENTATION_CONTEXT() REPRESENTATION_CONTEXT('2D SPACE',''
  ) );
#14065 = ADVANCED_FACE('',(#14066),#12483,.T.);
#14066 = FACE_BOUND('',#14067,.T.);
#14067 = EDGE_LOOP('',(#14068,#14069,#14091));
#14068 = ORIENTED_EDGE('',*,*,#13891,.T.);
#14069 = ORIENTED_EDGE('',*,*,#14070,.F.);
#14070 = EDGE_CURVE('',#12467,#13892,#14071,.T.);
#14071 = SURFACE_CURVE('',#14072,(#14077,#14084),.PCURVE_S1.);
#14072 = CIRCLE('',#14073,5.000115766671);
#14073 = AXIS2_PLACEMENT_3D('',#14074,#14075,#14076);
#14074 = CARTESIAN_POINT('',(100.00011576533,-80.00011576533,15.));
#14075 = DIRECTION('',(0.,0.,1.));
#14076 = DIRECTION('',(-2.31525300912E-05,0.999999999732,0.));
#14077 = PCURVE('',#12483,#14078);
#14078 = DEFINITIONAL_REPRESENTATION('',(#14079),#14083);
#14079 = CIRCLE('',#14080,5.000115766671);
#14080 = AXIS2_PLACEMENT_2D('',#14081,#14082);
#14081 = CARTESIAN_POINT('',(5.000115765331,-1.157653307473E-04));
#14082 = DIRECTION('',(-2.31525300912E-05,0.999999999732));
#14083 = ( GEOMETRIC_REPRESENTATION_CONTEXT(2) 
PARAMETRIC_REPRESENTATION_CONTEXT() REPRESENTATION_CONTEXT('2D SPACE',''
  ) );
#14084 = PCURVE('',#14019,#14085);
#14085 = DEFINITIONAL_REPRESENTATION('',(#14086),#14090);
#14086 = CIRCLE('',#14087,5.000115766671);
#14087 = AXIS2_PLACEMENT_2D('',#14088,#14089);
#14088 = CARTESIAN_POINT('',(-19.99988423466,12.499884234669));
#14089 = DIRECTION('',(-2.31525300912E-05,0.999999999732));
#14090 = ( GEOMETRIC_REPRESENTATION_CONTEXT(2) 
PARAMETRIC_REPRESENTATION_CONTEXT() REPRESENTATION_CONTEXT('2D SPACE',''
  ) );
#14091 = ORIENTED_EDGE('',*,*,#12466,.T.);
#14092 = ADVANCED_FACE('',(#14093),#12586,.T.);
#14093 = FACE_BOUND('',#14094,.T.);
#14094 = EDGE_LOOP('',(#14095,#14096,#14124));
#14095 = ORIENTED_EDGE('',*,*,#12572,.T.);
#14096 = ORIENTED_EDGE('',*,*,#14097,.F.);
#14097 = EDGE_CURVE('',#14098,#12550,#14100,.T.);
#14098 = VERTEX_POINT('',#14099);
#14099 = CARTESIAN_POINT('',(101.25,-75.,15.));
#14100 = SURFACE_CURVE('',#14101,(#14105,#14112),.PCURVE_S1.);
#14101 = LINE('',#14102,#14103);
#14102 = CARTESIAN_POINT('',(140.,-75.,15.));
#14103 = VECTOR('',#14104,1.);
#14104 = DIRECTION('',(-1.,0.,0.));
#14105 = PCURVE('',#12586,#14106);
#14106 = DEFINITIONAL_REPRESENTATION('',(#14107),#14111);
#14107 = LINE('',#14108,#14109);
#14108 = CARTESIAN_POINT('',(40.,0.));
#14109 = VECTOR('',#14110,1.);
#14110 = DIRECTION('',(-1.,0.));
#14111 = ( GEOMETRIC_REPRESENTATION_CONTEXT(2) 
PARAMETRIC_REPRESENTATION_CONTEXT() REPRESENTATION_CONTEXT('2D SPACE',''
  ) );
#14112 = PCURVE('',#14113,#14118);
#14113 = PLANE('',#14114);
#14114 = AXIS2_PLACEMENT_3D('',#14115,#14116,#14117);
#14115 = CARTESIAN_POINT('',(120.,-92.5,15.));
#14116 = DIRECTION('',(0.,0.,1.));
#14117 = DIRECTION('',(1.,0.,-0.));
#14118 = DEFINITIONAL_REPRESENTATION('',(#14119),#14123);
#14119 = LINE('',#14120,#14121);
#14120 = CARTESIAN_POINT('',(20.,17.5));
#14121 = VECTOR('',#14122,1.);
#14122 = DIRECTION('',(-1.,0.));
#14123 = ( GEOMETRIC_REPRESENTATION_CONTEXT(2) 
PARAMETRIC_REPRESENTATION_CONTEXT() REPRESENTATION_CONTEXT('2D SPACE',''
  ) );
#14124 = ORIENTED_EDGE('',*,*,#14125,.T.);
#14125 = EDGE_CURVE('',#14098,#11033,#14126,.T.);
#14126 = SURFACE_CURVE('',#14127,(#14132,#14139),.PCURVE_S1.);
#14127 = CIRCLE('',#14128,1.25);
#14128 = AXIS2_PLACEMENT_3D('',#14129,#14130,#14131);
#14129 = CARTESIAN_POINT('',(100.,-75.,15.));
#14130 = DIRECTION('',(0.,0.,1.));
#14131 = DIRECTION('',(1.,0.,-0.));
#14132 = PCURVE('',#12586,#14133);
#14133 = DEFINITIONAL_REPRESENTATION('',(#14134),#14138);
#14134 = CIRCLE('',#14135,1.25);
#14135 = AXIS2_PLACEMENT_2D('',#14136,#14137);
#14136 = CARTESIAN_POINT('',(-2.84217094304E-14,0.));
#14137 = DIRECTION('',(1.,0.));
#14138 = ( GEOMETRIC_REPRESENTATION_CONTEXT(2) 
PARAMETRIC_REPRESENTATION_CONTEXT() REPRESENTATION_CONTEXT('2D SPACE',''
  ) );
#14139 = PCURVE('',#12644,#14140);
#14140 = DEFINITIONAL_REPRESENTATION('',(#14141),#14145);
#14141 = CIRCLE('',#14142,1.25);
#14142 = AXIS2_PLACEMENT_2D('',#14143,#14144);
#14143 = CARTESIAN_POINT('',(-20.,0.));
#14144 = DIRECTION('',(1.,0.));
#14145 = ( GEOMETRIC_REPRESENTATION_CONTEXT(2) 
PARAMETRIC_REPRESENTATION_CONTEXT() REPRESENTATION_CONTEXT('2D SPACE',''
  ) );
#14146 = ADVANCED_FACE('',(#14147),#12618,.T.);
#14147 = FACE_BOUND('',#14148,.F.);
#14148 = EDGE_LOOP('',(#14149,#14171,#14172,#14199));
#14149 = ORIENTED_EDGE('',*,*,#14150,.F.);
#14150 = EDGE_CURVE('',#11234,#11094,#14151,.T.);
#14151 = SURFACE_CURVE('',#14152,(#14157,#14164),.PCURVE_S1.);
#14152 = CIRCLE('',#14153,1.25);
#14153 = AXIS2_PLACEMENT_3D('',#14154,#14155,#14156);
#14154 = CARTESIAN_POINT('',(140.,-75.,13.));
#14155 = DIRECTION('',(0.,0.,1.));
#14156 = DIRECTION('',(1.,0.,-0.));
#14157 = PCURVE('',#12618,#14158);
#14158 = DEFINITIONAL_REPRESENTATION('',(#14159),#14163);
#14159 = LINE('',#14160,#14161);
#14160 = CARTESIAN_POINT('',(-0.,0.));
#14161 = VECTOR('',#14162,1.);
#14162 = DIRECTION('',(-1.,0.));
#14163 = ( GEOMETRIC_REPRESENTATION_CONTEXT(2) 
PARAMETRIC_REPRESENTATION_CONTEXT() REPRESENTATION_CONTEXT('2D SPACE',''
  ) );
#14164 = PCURVE('',#12676,#14165);
#14165 = DEFINITIONAL_REPRESENTATION('',(#14166),#14170);
#14166 = CIRCLE('',#14167,1.25);
#14167 = AXIS2_PLACEMENT_2D('',#14168,#14169);
#14168 = CARTESIAN_POINT('',(0.,0.));
#14169 = DIRECTION('',(1.,0.));
#14170 = ( GEOMETRIC_REPRESENTATION_CONTEXT(2) 
PARAMETRIC_REPRESENTATION_CONTEXT() REPRESENTATION_CONTEXT('2D SPACE',''
  ) );
#14171 = ORIENTED_EDGE('',*,*,#12807,.T.);
#14172 = ORIENTED_EDGE('',*,*,#14173,.T.);
#14173 = EDGE_CURVE('',#12779,#12603,#14174,.T.);
#14174 = SURFACE_CURVE('',#14175,(#14180,#14187),.PCURVE_S1.);
#14175 = CIRCLE('',#14176,1.25);
#14176 = AXIS2_PLACEMENT_3D('',#14177,#14178,#14179);
#14177 = CARTESIAN_POINT('',(140.,-75.,15.));
#14178 = DIRECTION('',(0.,0.,1.));
#14179 = DIRECTION('',(1.,0.,-0.));
#14180 = PCURVE('',#12618,#14181);
#14181 = DEFINITIONAL_REPRESENTATION('',(#14182),#14186);
#14182 = LINE('',#14183,#14184);
#14183 = CARTESIAN_POINT('',(-0.,-2.));
#14184 = VECTOR('',#14185,1.);
#14185 = DIRECTION('',(-1.,0.));
#14186 = ( GEOMETRIC_REPRESENTATION_CONTEXT(2) 
PARAMETRIC_REPRESENTATION_CONTEXT() REPRESENTATION_CONTEXT('2D SPACE',''
  ) );
#14187 = PCURVE('',#14188,#14193);
#14188 = PLANE('',#14189);
#14189 = AXIS2_PLACEMENT_3D('',#14190,#14191,#14192);
#14190 = CARTESIAN_POINT('',(140.,-75.,15.));
#14191 = DIRECTION('',(0.,0.,1.));
#14192 = DIRECTION('',(1.,0.,-0.));
#14193 = DEFINITIONAL_REPRESENTATION('',(#14194),#14198);
#14194 = CIRCLE('',#14195,1.25);
#14195 = AXIS2_PLACEMENT_2D('',#14196,#14197);
#14196 = CARTESIAN_POINT('',(0.,0.));
#14197 = DIRECTION('',(1.,0.));
#14198 = ( GEOMETRIC_REPRESENTATION_CONTEXT(2) 
PARAMETRIC_REPRESENTATION_CONTEXT() REPRESENTATION_CONTEXT('2D SPACE',''
  ) );
#14199 = ORIENTED_EDGE('',*,*,#12602,.F.);
#14200 = ADVANCED_FACE('',(#14201),#12644,.T.);
#14201 = FACE_BOUND('',#14202,.T.);
#14202 = EDGE_LOOP('',(#14203,#14204,#14232,#14259));
#14203 = ORIENTED_EDGE('',*,*,#14125,.F.);
#14204 = ORIENTED_EDGE('',*,*,#14205,.F.);
#14205 = EDGE_CURVE('',#14206,#14098,#14208,.T.);
#14206 = VERTEX_POINT('',#14207);
#14207 = CARTESIAN_POINT('',(138.75,-75.,15.));
#14208 = SURFACE_CURVE('',#14209,(#14213,#14220),.PCURVE_S1.);
#14209 = LINE('',#14210,#14211);
#14210 = CARTESIAN_POINT('',(140.,-75.,15.));
#14211 = VECTOR('',#14212,1.);
#14212 = DIRECTION('',(-1.,0.,0.));
#14213 = PCURVE('',#12644,#14214);
#14214 = DEFINITIONAL_REPRESENTATION('',(#14215),#14219);
#14215 = LINE('',#14216,#14217);
#14216 = CARTESIAN_POINT('',(20.,0.));
#14217 = VECTOR('',#14218,1.);
#14218 = DIRECTION('',(-1.,0.));
#14219 = ( GEOMETRIC_REPRESENTATION_CONTEXT(2) 
PARAMETRIC_REPRESENTATION_CONTEXT() REPRESENTATION_CONTEXT('2D SPACE',''
  ) );
#14220 = PCURVE('',#14221,#14226);
#14221 = PLANE('',#14222);
#14222 = AXIS2_PLACEMENT_3D('',#14223,#14224,#14225);
#14223 = CARTESIAN_POINT('',(120.,-92.5,15.));
#14224 = DIRECTION('',(0.,0.,1.));
#14225 = DIRECTION('',(1.,0.,-0.));
#14226 = DEFINITIONAL_REPRESENTATION('',(#14227),#14231);
#14227 = LINE('',#14228,#14229);
#14228 = CARTESIAN_POINT('',(20.,17.5));
#14229 = VECTOR('',#14230,1.);
#14230 = DIRECTION('',(-1.,0.));
#14231 = ( GEOMETRIC_REPRESENTATION_CONTEXT(2) 
PARAMETRIC_REPRESENTATION_CONTEXT() REPRESENTATION_CONTEXT('2D SPACE',''
  ) );
#14232 = ORIENTED_EDGE('',*,*,#14233,.F.);
#14233 = EDGE_CURVE('',#12603,#14206,#14234,.T.);
#14234 = SURFACE_CURVE('',#14235,(#14240,#14247),.PCURVE_S1.);
#14235 = CIRCLE('',#14236,1.25);
#14236 = AXIS2_PLACEMENT_3D('',#14237,#14238,#14239);
#14237 = CARTESIAN_POINT('',(140.,-75.,15.));
#14238 = DIRECTION('',(0.,0.,1.));
#14239 = DIRECTION('',(1.,0.,-0.));
#14240 = PCURVE('',#12644,#14241);
#14241 = DEFINITIONAL_REPRESENTATION('',(#14242),#14246);
#14242 = CIRCLE('',#14243,1.25);
#14243 = AXIS2_PLACEMENT_2D('',#14244,#14245);
#14244 = CARTESIAN_POINT('',(20.,0.));
#14245 = DIRECTION('',(1.,0.));
#14246 = ( GEOMETRIC_REPRESENTATION_CONTEXT(2) 
PARAMETRIC_REPRESENTATION_CONTEXT() REPRESENTATION_CONTEXT('2D SPACE',''
  ) );
#14247 = PCURVE('',#14248,#14253);
#14248 = PLANE('',#14249);
#14249 = AXIS2_PLACEMENT_3D('',#14250,#14251,#14252);
#14250 = CARTESIAN_POINT('',(140.,-75.,15.));
#14251 = DIRECTION('',(0.,0.,1.));
#14252 = DIRECTION('',(1.,0.,-0.));
#14253 = DEFINITIONAL_REPRESENTATION('',(#14254),#14258);
#14254 = CIRCLE('',#14255,1.25);
#14255 = AXIS2_PLACEMENT_2D('',#14256,#14257);
#14256 = CARTESIAN_POINT('',(0.,0.));
#14257 = DIRECTION('',(1.,0.));
#14258 = ( GEOMETRIC_REPRESENTATION_CONTEXT(2) 
PARAMETRIC_REPRESENTATION_CONTEXT() REPRESENTATION_CONTEXT('2D SPACE',''
  ) );
#14259 = ORIENTED_EDGE('',*,*,#12630,.T.);
#14260 = ADVANCED_FACE('',(#14261),#12676,.F.);
#14261 = FACE_BOUND('',#14262,.F.);
#14262 = EDGE_LOOP('',(#14263,#14264,#14265));
#14263 = ORIENTED_EDGE('',*,*,#12692,.F.);
#14264 = ORIENTED_EDGE('',*,*,#14150,.T.);
#14265 = ORIENTED_EDGE('',*,*,#12662,.F.);
#14266 = ADVANCED_FACE('',(#14267),#12734,.F.);
#14267 = FACE_BOUND('',#14268,.F.);
#14268 = EDGE_LOOP('',(#14269,#14270,#14292));
#14269 = ORIENTED_EDGE('',*,*,#12838,.F.);
#14270 = ORIENTED_EDGE('',*,*,#14271,.T.);
#14271 = EDGE_CURVE('',#11511,#11205,#14272,.T.);
#14272 = SURFACE_CURVE('',#14273,(#14278,#14285),.PCURVE_S1.);
#14273 = CIRCLE('',#14274,1.25);
#14274 = AXIS2_PLACEMENT_3D('',#14275,#14276,#14277);
#14275 = CARTESIAN_POINT('',(145.,-80.,13.));
#14276 = DIRECTION('',(0.,0.,1.));
#14277 = DIRECTION('',(1.,0.,-0.));
#14278 = PCURVE('',#12734,#14279);
#14279 = DEFINITIONAL_REPRESENTATION('',(#14280),#14284);
#14280 = CIRCLE('',#14281,1.25);
#14281 = AXIS2_PLACEMENT_2D('',#14282,#14283);
#14282 = CARTESIAN_POINT('',(2.84217094304E-14,0.));
#14283 = DIRECTION('',(1.,0.));
#14284 = ( GEOMETRIC_REPRESENTATION_CONTEXT(2) 
PARAMETRIC_REPRESENTATION_CONTEXT() REPRESENTATION_CONTEXT('2D SPACE',''
  ) );
#14285 = PCURVE('',#12766,#14286);
#14286 = DEFINITIONAL_REPRESENTATION('',(#14287),#14291);
#14287 = LINE('',#14288,#14289);
#14288 = CARTESIAN_POINT('',(-0.,0.));
#14289 = VECTOR('',#14290,1.);
#14290 = DIRECTION('',(-1.,0.));
#14291 = ( GEOMETRIC_REPRESENTATION_CONTEXT(2) 
PARAMETRIC_REPRESENTATION_CONTEXT() REPRESENTATION_CONTEXT('2D SPACE',''
  ) );
#14292 = ORIENTED_EDGE('',*,*,#12720,.F.);
#14293 = ADVANCED_FACE('',(#14294),#12766,.T.);
#14294 = FACE_BOUND('',#14295,.F.);
#14295 = EDGE_LOOP('',(#14296,#14297,#14298,#14325));
#14296 = ORIENTED_EDGE('',*,*,#14271,.F.);
#14297 = ORIENTED_EDGE('',*,*,#13010,.T.);
#14298 = ORIENTED_EDGE('',*,*,#14299,.T.);
#14299 = EDGE_CURVE('',#12983,#12751,#14300,.T.);
#14300 = SURFACE_CURVE('',#14301,(#14306,#14313),.PCURVE_S1.);
#14301 = CIRCLE('',#14302,1.25);
#14302 = AXIS2_PLACEMENT_3D('',#14303,#14304,#14305);
#14303 = CARTESIAN_POINT('',(145.,-80.,15.));
#14304 = DIRECTION('',(0.,0.,1.));
#14305 = DIRECTION('',(1.,0.,-0.));
#14306 = PCURVE('',#12766,#14307);
#14307 = DEFINITIONAL_REPRESENTATION('',(#14308),#14312);
#14308 = LINE('',#14309,#14310);
#14309 = CARTESIAN_POINT('',(-0.,-2.));
#14310 = VECTOR('',#14311,1.);
#14311 = DIRECTION('',(-1.,0.));
#14312 = ( GEOMETRIC_REPRESENTATION_CONTEXT(2) 
PARAMETRIC_REPRESENTATION_CONTEXT() REPRESENTATION_CONTEXT('2D SPACE',''
  ) );
#14313 = PCURVE('',#14314,#14319);
#14314 = PLANE('',#14315);
#14315 = AXIS2_PLACEMENT_3D('',#14316,#14317,#14318);
#14316 = CARTESIAN_POINT('',(145.,-80.,15.));
#14317 = DIRECTION('',(0.,0.,1.));
#14318 = DIRECTION('',(1.,0.,-0.));
#14319 = DEFINITIONAL_REPRESENTATION('',(#14320),#14324);
#14320 = CIRCLE('',#14321,1.25);
#14321 = AXIS2_PLACEMENT_2D('',#14322,#14323);
#14322 = CARTESIAN_POINT('',(2.84217094304E-14,0.));
#14323 = DIRECTION('',(1.,0.));
#14324 = ( GEOMETRIC_REPRESENTATION_CONTEXT(2) 
PARAMETRIC_REPRESENTATION_CONTEXT() REPRESENTATION_CONTEXT('2D SPACE',''
  ) );
#14325 = ORIENTED_EDGE('',*,*,#12750,.F.);
#14326 = ADVANCED_FACE('',(#14327),#12795,.T.);
#14327 = FACE_BOUND('',#14328,.T.);
#14328 = EDGE_LOOP('',(#14329,#14358,#14359,#14388,#14412));
#14329 = ORIENTED_EDGE('',*,*,#14330,.F.);
#14330 = EDGE_CURVE('',#12751,#14331,#14333,.T.);
#14331 = VERTEX_POINT('',#14332);
#14332 = CARTESIAN_POINT('',(144.84372490398,-78.75980723499,15.));
#14333 = SURFACE_CURVE('',#14334,(#14339,#14346),.PCURVE_S1.);
#14334 = CIRCLE('',#14335,1.25);
#14335 = AXIS2_PLACEMENT_3D('',#14336,#14337,#14338);
#14336 = CARTESIAN_POINT('',(145.,-80.,15.));
#14337 = DIRECTION('',(0.,0.,1.));
#14338 = DIRECTION('',(1.,0.,-0.));
#14339 = PCURVE('',#12795,#14340);
#14340 = DEFINITIONAL_REPRESENTATION('',(#14341),#14345);
#14341 = CIRCLE('',#14342,1.25);
#14342 = AXIS2_PLACEMENT_2D('',#14343,#14344);
#14343 = CARTESIAN_POINT('',(1.891519540324,-3.108480459676));
#14344 = DIRECTION('',(1.,0.));
#14345 = ( GEOMETRIC_REPRESENTATION_CONTEXT(2) 
PARAMETRIC_REPRESENTATION_CONTEXT() REPRESENTATION_CONTEXT('2D SPACE',''
  ) );
#14346 = PCURVE('',#14347,#14352);
#14347 = PLANE('',#14348);
#14348 = AXIS2_PLACEMENT_3D('',#14349,#14350,#14351);
#14349 = CARTESIAN_POINT('',(145.,-80.,15.));
#14350 = DIRECTION('',(0.,0.,1.));
#14351 = DIRECTION('',(1.,0.,-0.));
#14352 = DEFINITIONAL_REPRESENTATION('',(#14353),#14357);
#14353 = CIRCLE('',#14354,1.25);
#14354 = AXIS2_PLACEMENT_2D('',#14355,#14356);
#14355 = CARTESIAN_POINT('',(2.84217094304E-14,0.));
#14356 = DIRECTION('',(1.,0.));
#14357 = ( GEOMETRIC_REPRESENTATION_CONTEXT(2) 
PARAMETRIC_REPRESENTATION_CONTEXT() REPRESENTATION_CONTEXT('2D SPACE',''
  ) );
#14358 = ORIENTED_EDGE('',*,*,#12778,.T.);
#14359 = ORIENTED_EDGE('',*,*,#14360,.F.);
#14360 = EDGE_CURVE('',#14361,#12779,#14363,.T.);
#14361 = VERTEX_POINT('',#14362);
#14362 = CARTESIAN_POINT('',(141.25,-75.,15.));
#14363 = SURFACE_CURVE('',#14364,(#14369,#14376),.PCURVE_S1.);
#14364 = CIRCLE('',#14365,1.25);
#14365 = AXIS2_PLACEMENT_3D('',#14366,#14367,#14368);
#14366 = CARTESIAN_POINT('',(140.,-75.,15.));
#14367 = DIRECTION('',(0.,0.,1.));
#14368 = DIRECTION('',(1.,0.,-0.));
#14369 = PCURVE('',#12795,#14370);
#14370 = DEFINITIONAL_REPRESENTATION('',(#14371),#14375);
#14371 = CIRCLE('',#14372,1.25);
#14372 = AXIS2_PLACEMENT_2D('',#14373,#14374);
#14373 = CARTESIAN_POINT('',(-3.108480459676,1.891519540324));
#14374 = DIRECTION('',(1.,0.));
#14375 = ( GEOMETRIC_REPRESENTATION_CONTEXT(2) 
PARAMETRIC_REPRESENTATION_CONTEXT() REPRESENTATION_CONTEXT('2D SPACE',''
  ) );
#14376 = PCURVE('',#14377,#14382);
#14377 = PLANE('',#14378);
#14378 = AXIS2_PLACEMENT_3D('',#14379,#14380,#14381);
#14379 = CARTESIAN_POINT('',(140.,-75.,15.));
#14380 = DIRECTION('',(0.,0.,1.));
#14381 = DIRECTION('',(1.,0.,-0.));
#14382 = DEFINITIONAL_REPRESENTATION('',(#14383),#14387);
#14383 = CIRCLE('',#14384,1.25);
#14384 = AXIS2_PLACEMENT_2D('',#14385,#14386);
#14385 = CARTESIAN_POINT('',(0.,0.));
#14386 = DIRECTION('',(1.,0.));
#14387 = ( GEOMETRIC_REPRESENTATION_CONTEXT(2) 
PARAMETRIC_REPRESENTATION_CONTEXT() REPRESENTATION_CONTEXT('2D SPACE',''
  ) );
#14388 = ORIENTED_EDGE('',*,*,#14389,.F.);
#14389 = EDGE_CURVE('',#14390,#14361,#14392,.T.);
#14390 = VERTEX_POINT('',#14391);
#14391 = CARTESIAN_POINT('',(141.240192765,-75.15627509601,15.));
#14392 = SURFACE_CURVE('',#14393,(#14398,#14405),.PCURVE_S1.);
#14393 = CIRCLE('',#14394,1.25);
#14394 = AXIS2_PLACEMENT_3D('',#14395,#14396,#14397);
#14395 = CARTESIAN_POINT('',(140.,-75.,15.));
#14396 = DIRECTION('',(0.,0.,1.));
#14397 = DIRECTION('',(-1.,0.,-0.));
#14398 = PCURVE('',#12795,#14399);
#14399 = DEFINITIONAL_REPRESENTATION('',(#14400),#14404);
#14400 = CIRCLE('',#14401,1.25);
#14401 = AXIS2_PLACEMENT_2D('',#14402,#14403);
#14402 = CARTESIAN_POINT('',(-3.108480459676,1.891519540324));
#14403 = DIRECTION('',(-1.,0.));
#14404 = ( GEOMETRIC_REPRESENTATION_CONTEXT(2) 
PARAMETRIC_REPRESENTATION_CONTEXT() REPRESENTATION_CONTEXT('2D SPACE',''
  ) );
#14405 = PCURVE('',#14377,#14406);
#14406 = DEFINITIONAL_REPRESENTATION('',(#14407),#14411);
#14407 = CIRCLE('',#14408,1.25);
#14408 = AXIS2_PLACEMENT_2D('',#14409,#14410);
#14409 = CARTESIAN_POINT('',(0.,0.));
#14410 = DIRECTION('',(-1.,0.));
#14411 = ( GEOMETRIC_REPRESENTATION_CONTEXT(2) 
PARAMETRIC_REPRESENTATION_CONTEXT() REPRESENTATION_CONTEXT('2D SPACE',''
  ) );
#14412 = ORIENTED_EDGE('',*,*,#14413,.F.);
#14413 = EDGE_CURVE('',#14331,#14390,#14414,.T.);
#14414 = SURFACE_CURVE('',#14415,(#14420,#14427),.PCURVE_S1.);
#14415 = CIRCLE('',#14416,5.000115766671);
#14416 = AXIS2_PLACEMENT_3D('',#14417,#14418,#14419);
#14417 = CARTESIAN_POINT('',(139.99988423466,-80.00011576533,15.));
#14418 = DIRECTION('',(0.,0.,1.));
#14419 = DIRECTION('',(0.999999999732,2.315253008835E-05,-0.));
#14420 = PCURVE('',#12795,#14421);
#14421 = DEFINITIONAL_REPRESENTATION('',(#14422),#14426);
#14422 = CIRCLE('',#14423,5.000115766671);
#14423 = AXIS2_PLACEMENT_2D('',#14424,#14425);
#14424 = CARTESIAN_POINT('',(-3.108596225007,-3.108596225007));
#14425 = DIRECTION('',(0.999999999732,2.315253008835E-05));
#14426 = ( GEOMETRIC_REPRESENTATION_CONTEXT(2) 
PARAMETRIC_REPRESENTATION_CONTEXT() REPRESENTATION_CONTEXT('2D SPACE',''
  ) );
#14427 = PCURVE('',#14428,#14433);
#14428 = PLANE('',#14429);
#14429 = AXIS2_PLACEMENT_3D('',#14430,#14431,#14432);
#14430 = CARTESIAN_POINT('',(120.,-92.5,15.));
#14431 = DIRECTION('',(0.,0.,1.));
#14432 = DIRECTION('',(1.,0.,-0.));
#14433 = DEFINITIONAL_REPRESENTATION('',(#14434),#14438);
#14434 = CIRCLE('',#14435,5.000115766671);
#14435 = AXIS2_PLACEMENT_2D('',#14436,#14437);
#14436 = CARTESIAN_POINT('',(19.999884234669,12.499884234669));
#14437 = DIRECTION('',(0.999999999732,2.315253008835E-05));
#14438 = ( GEOMETRIC_REPRESENTATION_CONTEXT(2) 
PARAMETRIC_REPRESENTATION_CONTEXT() REPRESENTATION_CONTEXT('2D SPACE',''
  ) );
#14439 = ADVANCED_FACE('',(#14440),#12880,.F.);
#14440 = FACE_BOUND('',#14441,.F.);
#14441 = EDGE_LOOP('',(#14442,#14443,#14465));
#14442 = ORIENTED_EDGE('',*,*,#12866,.F.);
#14443 = ORIENTED_EDGE('',*,*,#14444,.T.);
#14444 = EDGE_CURVE('',#11433,#11716,#14445,.T.);
#14445 = SURFACE_CURVE('',#14446,(#14451,#14458),.PCURVE_S1.);
#14446 = CIRCLE('',#14447,1.25);
#14447 = AXIS2_PLACEMENT_3D('',#14448,#14449,#14450);
#14448 = CARTESIAN_POINT('',(95.,-105.,13.));
#14449 = DIRECTION('',(0.,0.,1.));
#14450 = DIRECTION('',(-1.,0.,-0.));
#14451 = PCURVE('',#12880,#14452);
#14452 = DEFINITIONAL_REPRESENTATION('',(#14453),#14457);
#14453 = CIRCLE('',#14454,1.25);
#14454 = AXIS2_PLACEMENT_2D('',#14455,#14456);
#14455 = CARTESIAN_POINT('',(-1.42108547152E-14,1.42108547152E-14));
#14456 = DIRECTION('',(-1.,0.));
#14457 = ( GEOMETRIC_REPRESENTATION_CONTEXT(2) 
PARAMETRIC_REPRESENTATION_CONTEXT() REPRESENTATION_CONTEXT('2D SPACE',''
  ) );
#14458 = PCURVE('',#12938,#14459);
#14459 = DEFINITIONAL_REPRESENTATION('',(#14460),#14464);
#14460 = LINE('',#14461,#14462);
#14461 = CARTESIAN_POINT('',(-0.,0.));
#14462 = VECTOR('',#14463,1.);
#14463 = DIRECTION('',(-1.,0.));
#14464 = ( GEOMETRIC_REPRESENTATION_CONTEXT(2) 
PARAMETRIC_REPRESENTATION_CONTEXT() REPRESENTATION_CONTEXT('2D SPACE',''
  ) );
#14465 = ORIENTED_EDGE('',*,*,#13067,.F.);
#14466 = ADVANCED_FACE('',(#14467),#12938,.T.);
#14467 = FACE_BOUND('',#14468,.F.);
#14468 = EDGE_LOOP('',(#14469,#14470,#14471,#14498));
#14469 = ORIENTED_EDGE('',*,*,#14444,.F.);
#14470 = ORIENTED_EDGE('',*,*,#12924,.T.);
#14471 = ORIENTED_EDGE('',*,*,#14472,.T.);
#14472 = EDGE_CURVE('',#12897,#13151,#14473,.T.);
#14473 = SURFACE_CURVE('',#14474,(#14479,#14486),.PCURVE_S1.);
#14474 = CIRCLE('',#14475,1.25);
#14475 = AXIS2_PLACEMENT_3D('',#14476,#14477,#14478);
#14476 = CARTESIAN_POINT('',(95.,-105.,15.));
#14477 = DIRECTION('',(0.,0.,1.));
#14478 = DIRECTION('',(-1.,0.,-0.));
#14479 = PCURVE('',#12938,#14480);
#14480 = DEFINITIONAL_REPRESENTATION('',(#14481),#14485);
#14481 = LINE('',#14482,#14483);
#14482 = CARTESIAN_POINT('',(-0.,-2.));
#14483 = VECTOR('',#14484,1.);
#14484 = DIRECTION('',(-1.,0.));
#14485 = ( GEOMETRIC_REPRESENTATION_CONTEXT(2) 
PARAMETRIC_REPRESENTATION_CONTEXT() REPRESENTATION_CONTEXT('2D SPACE',''
  ) );
#14486 = PCURVE('',#14487,#14492);
#14487 = PLANE('',#14488);
#14488 = AXIS2_PLACEMENT_3D('',#14489,#14490,#14491);
#14489 = CARTESIAN_POINT('',(95.,-105.,15.));
#14490 = DIRECTION('',(0.,0.,1.));
#14491 = DIRECTION('',(1.,0.,-0.));
#14492 = DEFINITIONAL_REPRESENTATION('',(#14493),#14497);
#14493 = CIRCLE('',#14494,1.25);
#14494 = AXIS2_PLACEMENT_2D('',#14495,#14496);
#14495 = CARTESIAN_POINT('',(-1.42108547152E-14,1.42108547152E-14));
#14496 = DIRECTION('',(-1.,0.));
#14497 = ( GEOMETRIC_REPRESENTATION_CONTEXT(2) 
PARAMETRIC_REPRESENTATION_CONTEXT() REPRESENTATION_CONTEXT('2D SPACE',''
  ) );
#14498 = ORIENTED_EDGE('',*,*,#13150,.F.);
#14499 = ADVANCED_FACE('',(#14500),#12912,.T.);
#14500 = FACE_BOUND('',#14501,.T.);
#14501 = EDGE_LOOP('',(#14502,#14531,#14559,#14581));
#14502 = ORIENTED_EDGE('',*,*,#14503,.F.);
#14503 = EDGE_CURVE('',#14504,#12897,#14506,.T.);
#14504 = VERTEX_POINT('',#14505);
#14505 = CARTESIAN_POINT('',(95.,-103.75,15.));
#14506 = SURFACE_CURVE('',#14507,(#14512,#14519),.PCURVE_S1.);
#14507 = CIRCLE('',#14508,1.25);
#14508 = AXIS2_PLACEMENT_3D('',#14509,#14510,#14511);
#14509 = CARTESIAN_POINT('',(95.,-105.,15.));
#14510 = DIRECTION('',(0.,0.,1.));
#14511 = DIRECTION('',(1.,0.,-0.));
#14512 = PCURVE('',#12912,#14513);
#14513 = DEFINITIONAL_REPRESENTATION('',(#14514),#14518);
#14514 = CIRCLE('',#14515,1.25);
#14515 = AXIS2_PLACEMENT_2D('',#14516,#14517);
#14516 = CARTESIAN_POINT('',(0.,-12.5));
#14517 = DIRECTION('',(1.,0.));
#14518 = ( GEOMETRIC_REPRESENTATION_CONTEXT(2) 
PARAMETRIC_REPRESENTATION_CONTEXT() REPRESENTATION_CONTEXT('2D SPACE',''
  ) );
#14519 = PCURVE('',#14520,#14525);
#14520 = PLANE('',#14521);
#14521 = AXIS2_PLACEMENT_3D('',#14522,#14523,#14524);
#14522 = CARTESIAN_POINT('',(95.,-105.,15.));
#14523 = DIRECTION('',(0.,0.,1.));
#14524 = DIRECTION('',(1.,0.,-0.));
#14525 = DEFINITIONAL_REPRESENTATION('',(#14526),#14530);
#14526 = CIRCLE('',#14527,1.25);
#14527 = AXIS2_PLACEMENT_2D('',#14528,#14529);
#14528 = CARTESIAN_POINT('',(-1.42108547152E-14,1.42108547152E-14));
#14529 = DIRECTION('',(1.,0.));
#14530 = ( GEOMETRIC_REPRESENTATION_CONTEXT(2) 
PARAMETRIC_REPRESENTATION_CONTEXT() REPRESENTATION_CONTEXT('2D SPACE',''
  ) );
#14531 = ORIENTED_EDGE('',*,*,#14532,.F.);
#14532 = EDGE_CURVE('',#14533,#14504,#14535,.T.);
#14533 = VERTEX_POINT('',#14534);
#14534 = CARTESIAN_POINT('',(95.,-81.25,15.));
#14535 = SURFACE_CURVE('',#14536,(#14540,#14547),.PCURVE_S1.);
#14536 = LINE('',#14537,#14538);
#14537 = CARTESIAN_POINT('',(95.,-80.,15.));
#14538 = VECTOR('',#14539,1.);
#14539 = DIRECTION('',(0.,-1.,0.));
#14540 = PCURVE('',#12912,#14541);
#14541 = DEFINITIONAL_REPRESENTATION('',(#14542),#14546);
#14542 = LINE('',#14543,#14544);
#14543 = CARTESIAN_POINT('',(0.,12.5));
#14544 = VECTOR('',#14545,1.);
#14545 = DIRECTION('',(0.,-1.));
#14546 = ( GEOMETRIC_REPRESENTATION_CONTEXT(2) 
PARAMETRIC_REPRESENTATION_CONTEXT() REPRESENTATION_CONTEXT('2D SPACE',''
  ) );
#14547 = PCURVE('',#14548,#14553);
#14548 = PLANE('',#14549);
#14549 = AXIS2_PLACEMENT_3D('',#14550,#14551,#14552);
#14550 = CARTESIAN_POINT('',(120.,-92.5,15.));
#14551 = DIRECTION('',(0.,0.,1.));
#14552 = DIRECTION('',(1.,0.,-0.));
#14553 = DEFINITIONAL_REPRESENTATION('',(#14554),#14558);
#14554 = LINE('',#14555,#14556);
#14555 = CARTESIAN_POINT('',(-25.,12.5));
#14556 = VECTOR('',#14557,1.);
#14557 = DIRECTION('',(0.,-1.));
#14558 = ( GEOMETRIC_REPRESENTATION_CONTEXT(2) 
PARAMETRIC_REPRESENTATION_CONTEXT() REPRESENTATION_CONTEXT('2D SPACE',''
  ) );
#14559 = ORIENTED_EDGE('',*,*,#14560,.F.);
#14560 = EDGE_CURVE('',#12384,#14533,#14561,.T.);
#14561 = SURFACE_CURVE('',#14562,(#14567,#14574),.PCURVE_S1.);
#14562 = CIRCLE('',#14563,1.25);
#14563 = AXIS2_PLACEMENT_3D('',#14564,#14565,#14566);
#14564 = CARTESIAN_POINT('',(95.,-80.,15.));
#14565 = DIRECTION('',(0.,0.,1.));
#14566 = DIRECTION('',(-1.,0.,-0.));
#14567 = PCURVE('',#12912,#14568);
#14568 = DEFINITIONAL_REPRESENTATION('',(#14569),#14573);
#14569 = CIRCLE('',#14570,1.25);
#14570 = AXIS2_PLACEMENT_2D('',#14571,#14572);
#14571 = CARTESIAN_POINT('',(0.,12.5));
#14572 = DIRECTION('',(-1.,0.));
#14573 = ( GEOMETRIC_REPRESENTATION_CONTEXT(2) 
PARAMETRIC_REPRESENTATION_CONTEXT() REPRESENTATION_CONTEXT('2D SPACE',''
  ) );
#14574 = PCURVE('',#13929,#14575);
#14575 = DEFINITIONAL_REPRESENTATION('',(#14576),#14580);
#14576 = CIRCLE('',#14577,1.25);
#14577 = AXIS2_PLACEMENT_2D('',#14578,#14579);
#14578 = CARTESIAN_POINT('',(-1.42108547152E-14,0.));
#14579 = DIRECTION('',(-1.,0.));
#14580 = ( GEOMETRIC_REPRESENTATION_CONTEXT(2) 
PARAMETRIC_REPRESENTATION_CONTEXT() REPRESENTATION_CONTEXT('2D SPACE',''
  ) );
#14581 = ORIENTED_EDGE('',*,*,#12896,.T.);
#14582 = ADVANCED_FACE('',(#14583),#12970,.T.);
#14583 = FACE_BOUND('',#14584,.F.);
#14584 = EDGE_LOOP('',(#14585,#14607,#14608,#14635));
#14585 = ORIENTED_EDGE('',*,*,#14586,.F.);
#14586 = EDGE_CURVE('',#11850,#11536,#14587,.T.);
#14587 = SURFACE_CURVE('',#14588,(#14593,#14600),.PCURVE_S1.);
#14588 = CIRCLE('',#14589,1.25);
#14589 = AXIS2_PLACEMENT_3D('',#14590,#14591,#14592);
#14590 = CARTESIAN_POINT('',(145.,-105.,13.));
#14591 = DIRECTION('',(0.,0.,1.));
#14592 = DIRECTION('',(-1.,0.,-0.));
#14593 = PCURVE('',#12970,#14594);
#14594 = DEFINITIONAL_REPRESENTATION('',(#14595),#14599);
#14595 = LINE('',#14596,#14597);
#14596 = CARTESIAN_POINT('',(-0.,0.));
#14597 = VECTOR('',#14598,1.);
#14598 = DIRECTION('',(-1.,0.));
#14599 = ( GEOMETRIC_REPRESENTATION_CONTEXT(2) 
PARAMETRIC_REPRESENTATION_CONTEXT() REPRESENTATION_CONTEXT('2D SPACE',''
  ) );
#14600 = PCURVE('',#13050,#14601);
#14601 = DEFINITIONAL_REPRESENTATION('',(#14602),#14606);
#14602 = CIRCLE('',#14603,1.25);
#14603 = AXIS2_PLACEMENT_2D('',#14604,#14605);
#14604 = CARTESIAN_POINT('',(2.84217094304E-14,1.42108547152E-14));
#14605 = DIRECTION('',(-1.,0.));
#14606 = ( GEOMETRIC_REPRESENTATION_CONTEXT(2) 
PARAMETRIC_REPRESENTATION_CONTEXT() REPRESENTATION_CONTEXT('2D SPACE',''
  ) );
#14607 = ORIENTED_EDGE('',*,*,#13321,.T.);
#14608 = ORIENTED_EDGE('',*,*,#14609,.T.);
#14609 = EDGE_CURVE('',#13293,#12955,#14610,.T.);
#14610 = SURFACE_CURVE('',#14611,(#14616,#14623),.PCURVE_S1.);
#14611 = CIRCLE('',#14612,1.25);
#14612 = AXIS2_PLACEMENT_3D('',#14613,#14614,#14615);
#14613 = CARTESIAN_POINT('',(145.,-105.,15.));
#14614 = DIRECTION('',(0.,0.,1.));
#14615 = DIRECTION('',(-1.,0.,-0.));
#14616 = PCURVE('',#12970,#14617);
#14617 = DEFINITIONAL_REPRESENTATION('',(#14618),#14622);
#14618 = LINE('',#14619,#14620);
#14619 = CARTESIAN_POINT('',(-0.,-2.));
#14620 = VECTOR('',#14621,1.);
#14621 = DIRECTION('',(-1.,0.));
#14622 = ( GEOMETRIC_REPRESENTATION_CONTEXT(2) 
PARAMETRIC_REPRESENTATION_CONTEXT() REPRESENTATION_CONTEXT('2D SPACE',''
  ) );
#14623 = PCURVE('',#14624,#14629);
#14624 = PLANE('',#14625);
#14625 = AXIS2_PLACEMENT_3D('',#14626,#14627,#14628);
#14626 = CARTESIAN_POINT('',(145.,-105.,15.));
#14627 = DIRECTION('',(0.,0.,1.));
#14628 = DIRECTION('',(1.,0.,-0.));
#14629 = DEFINITIONAL_REPRESENTATION('',(#14630),#14634);
#14630 = CIRCLE('',#14631,1.25);
#14631 = AXIS2_PLACEMENT_2D('',#14632,#14633);
#14632 = CARTESIAN_POINT('',(2.84217094304E-14,1.42108547152E-14));
#14633 = DIRECTION('',(-1.,0.));
#14634 = ( GEOMETRIC_REPRESENTATION_CONTEXT(2) 
PARAMETRIC_REPRESENTATION_CONTEXT() REPRESENTATION_CONTEXT('2D SPACE',''
  ) );
#14635 = ORIENTED_EDGE('',*,*,#12954,.F.);
#14636 = ADVANCED_FACE('',(#14637),#12998,.T.);
#14637 = FACE_BOUND('',#14638,.T.);
#14638 = EDGE_LOOP('',(#14639,#14668,#14696,#14723));
#14639 = ORIENTED_EDGE('',*,*,#14640,.F.);
#14640 = EDGE_CURVE('',#14641,#12983,#14643,.T.);
#14641 = VERTEX_POINT('',#14642);
#14642 = CARTESIAN_POINT('',(145.,-81.25,15.));
#14643 = SURFACE_CURVE('',#14644,(#14649,#14656),.PCURVE_S1.);
#14644 = CIRCLE('',#14645,1.25);
#14645 = AXIS2_PLACEMENT_3D('',#14646,#14647,#14648);
#14646 = CARTESIAN_POINT('',(145.,-80.,15.));
#14647 = DIRECTION('',(0.,0.,1.));
#14648 = DIRECTION('',(-1.,0.,-0.));
#14649 = PCURVE('',#12998,#14650);
#14650 = DEFINITIONAL_REPRESENTATION('',(#14651),#14655);
#14651 = CIRCLE('',#14652,1.25);
#14652 = AXIS2_PLACEMENT_2D('',#14653,#14654);
#14653 = CARTESIAN_POINT('',(0.,12.5));
#14654 = DIRECTION('',(-1.,0.));
#14655 = ( GEOMETRIC_REPRESENTATION_CONTEXT(2) 
PARAMETRIC_REPRESENTATION_CONTEXT() REPRESENTATION_CONTEXT('2D SPACE',''
  ) );
#14656 = PCURVE('',#14657,#14662);
#14657 = PLANE('',#14658);
#14658 = AXIS2_PLACEMENT_3D('',#14659,#14660,#14661);
#14659 = CARTESIAN_POINT('',(145.,-80.,15.));
#14660 = DIRECTION('',(0.,0.,1.));
#14661 = DIRECTION('',(1.,0.,-0.));
#14662 = DEFINITIONAL_REPRESENTATION('',(#14663),#14667);
#14663 = CIRCLE('',#14664,1.25);
#14664 = AXIS2_PLACEMENT_2D('',#14665,#14666);
#14665 = CARTESIAN_POINT('',(2.84217094304E-14,0.));
#14666 = DIRECTION('',(-1.,0.));
#14667 = ( GEOMETRIC_REPRESENTATION_CONTEXT(2) 
PARAMETRIC_REPRESENTATION_CONTEXT() REPRESENTATION_CONTEXT('2D SPACE',''
  ) );
#14668 = ORIENTED_EDGE('',*,*,#14669,.F.);
#14669 = EDGE_CURVE('',#14670,#14641,#14672,.T.);
#14670 = VERTEX_POINT('',#14671);
#14671 = CARTESIAN_POINT('',(145.,-103.75,15.));
#14672 = SURFACE_CURVE('',#14673,(#14677,#14684),.PCURVE_S1.);
#14673 = LINE('',#14674,#14675);
#14674 = CARTESIAN_POINT('',(145.,-105.,15.));
#14675 = VECTOR('',#14676,1.);
#14676 = DIRECTION('',(0.,1.,0.));
#14677 = PCURVE('',#12998,#14678);
#14678 = DEFINITIONAL_REPRESENTATION('',(#14679),#14683);
#14679 = LINE('',#14680,#14681);
#14680 = CARTESIAN_POINT('',(0.,-12.5));
#14681 = VECTOR('',#14682,1.);
#14682 = DIRECTION('',(0.,1.));
#14683 = ( GEOMETRIC_REPRESENTATION_CONTEXT(2) 
PARAMETRIC_REPRESENTATION_CONTEXT() REPRESENTATION_CONTEXT('2D SPACE',''
  ) );
#14684 = PCURVE('',#14685,#14690);
#14685 = PLANE('',#14686);
#14686 = AXIS2_PLACEMENT_3D('',#14687,#14688,#14689);
#14687 = CARTESIAN_POINT('',(120.,-92.5,15.));
#14688 = DIRECTION('',(0.,0.,1.));
#14689 = DIRECTION('',(1.,0.,-0.));
#14690 = DEFINITIONAL_REPRESENTATION('',(#14691),#14695);
#14691 = LINE('',#14692,#14693);
#14692 = CARTESIAN_POINT('',(25.,-12.5));
#14693 = VECTOR('',#14694,1.);
#14694 = DIRECTION('',(0.,1.));
#14695 = ( GEOMETRIC_REPRESENTATION_CONTEXT(2) 
PARAMETRIC_REPRESENTATION_CONTEXT() REPRESENTATION_CONTEXT('2D SPACE',''
  ) );
#14696 = ORIENTED_EDGE('',*,*,#14697,.F.);
#14697 = EDGE_CURVE('',#12955,#14670,#14698,.T.);
#14698 = SURFACE_CURVE('',#14699,(#14704,#14711),.PCURVE_S1.);
#14699 = CIRCLE('',#14700,1.25);
#14700 = AXIS2_PLACEMENT_3D('',#14701,#14702,#14703);
#14701 = CARTESIAN_POINT('',(145.,-105.,15.));
#14702 = DIRECTION('',(0.,0.,1.));
#14703 = DIRECTION('',(1.,0.,-0.));
#14704 = PCURVE('',#12998,#14705);
#14705 = DEFINITIONAL_REPRESENTATION('',(#14706),#14710);
#14706 = CIRCLE('',#14707,1.25);
#14707 = AXIS2_PLACEMENT_2D('',#14708,#14709);
#14708 = CARTESIAN_POINT('',(0.,-12.5));
#14709 = DIRECTION('',(1.,0.));
#14710 = ( GEOMETRIC_REPRESENTATION_CONTEXT(2) 
PARAMETRIC_REPRESENTATION_CONTEXT() REPRESENTATION_CONTEXT('2D SPACE',''
  ) );
#14711 = PCURVE('',#14712,#14717);
#14712 = PLANE('',#14713);
#14713 = AXIS2_PLACEMENT_3D('',#14714,#14715,#14716);
#14714 = CARTESIAN_POINT('',(145.,-105.,15.));
#14715 = DIRECTION('',(0.,0.,1.));
#14716 = DIRECTION('',(1.,0.,-0.));
#14717 = DEFINITIONAL_REPRESENTATION('',(#14718),#14722);
#14718 = CIRCLE('',#14719,1.25);
#14719 = AXIS2_PLACEMENT_2D('',#14720,#14721);
#14720 = CARTESIAN_POINT('',(2.84217094304E-14,1.42108547152E-14));
#14721 = DIRECTION('',(1.,0.));
#14722 = ( GEOMETRIC_REPRESENTATION_CONTEXT(2) 
PARAMETRIC_REPRESENTATION_CONTEXT() REPRESENTATION_CONTEXT('2D SPACE',''
  ) );
#14723 = ORIENTED_EDGE('',*,*,#12982,.T.);
#14724 = ADVANCED_FACE('',(#14725),#13050,.F.);
#14725 = FACE_BOUND('',#14726,.F.);
#14726 = EDGE_LOOP('',(#14727,#14728,#14729));
#14727 = ORIENTED_EDGE('',*,*,#13094,.F.);
#14728 = ORIENTED_EDGE('',*,*,#14586,.T.);
#14729 = ORIENTED_EDGE('',*,*,#13036,.F.);
#14730 = ADVANCED_FACE('',(#14731),#13134,.F.);
#14731 = FACE_BOUND('',#14732,.F.);
#14732 = EDGE_LOOP('',(#14733,#14734,#14756));
#14733 = ORIENTED_EDGE('',*,*,#13120,.F.);
#14734 = ORIENTED_EDGE('',*,*,#14735,.T.);
#14735 = EDGE_CURVE('',#11740,#12041,#14736,.T.);
#14736 = SURFACE_CURVE('',#14737,(#14742,#14749),.PCURVE_S1.);
#14737 = CIRCLE('',#14738,1.25);
#14738 = AXIS2_PLACEMENT_3D('',#14739,#14740,#14741);
#14739 = CARTESIAN_POINT('',(100.,-110.,13.));
#14740 = DIRECTION('',(0.,0.,1.));
#14741 = DIRECTION('',(-1.,0.,-0.));
#14742 = PCURVE('',#13134,#14743);
#14743 = DEFINITIONAL_REPRESENTATION('',(#14744),#14748);
#14744 = CIRCLE('',#14745,1.25);
#14745 = AXIS2_PLACEMENT_2D('',#14746,#14747);
#14746 = CARTESIAN_POINT('',(-2.84217094304E-14,1.42108547152E-14));
#14747 = DIRECTION('',(-1.,0.));
#14748 = ( GEOMETRIC_REPRESENTATION_CONTEXT(2) 
PARAMETRIC_REPRESENTATION_CONTEXT() REPRESENTATION_CONTEXT('2D SPACE',''
  ) );
#14749 = PCURVE('',#13216,#14750);
#14750 = DEFINITIONAL_REPRESENTATION('',(#14751),#14755);
#14751 = LINE('',#14752,#14753);
#14752 = CARTESIAN_POINT('',(-0.,0.));
#14753 = VECTOR('',#14754,1.);
#14754 = DIRECTION('',(-1.,0.));
#14755 = ( GEOMETRIC_REPRESENTATION_CONTEXT(2) 
PARAMETRIC_REPRESENTATION_CONTEXT() REPRESENTATION_CONTEXT('2D SPACE',''
  ) );
#14756 = ORIENTED_EDGE('',*,*,#13347,.F.);
#14757 = ADVANCED_FACE('',(#14758),#13216,.T.);
#14758 = FACE_BOUND('',#14759,.F.);
#14759 = EDGE_LOOP('',(#14760,#14761,#14762,#14789));
#14760 = ORIENTED_EDGE('',*,*,#14735,.F.);
#14761 = ORIENTED_EDGE('',*,*,#13202,.T.);
#14762 = ORIENTED_EDGE('',*,*,#14763,.T.);
#14763 = EDGE_CURVE('',#13174,#13399,#14764,.T.);
#14764 = SURFACE_CURVE('',#14765,(#14770,#14777),.PCURVE_S1.);
#14765 = CIRCLE('',#14766,1.25);
#14766 = AXIS2_PLACEMENT_3D('',#14767,#14768,#14769);
#14767 = CARTESIAN_POINT('',(100.,-110.,15.));
#14768 = DIRECTION('',(0.,0.,1.));
#14769 = DIRECTION('',(-1.,0.,-0.));
#14770 = PCURVE('',#13216,#14771);
#14771 = DEFINITIONAL_REPRESENTATION('',(#14772),#14776);
#14772 = LINE('',#14773,#14774);
#14773 = CARTESIAN_POINT('',(-0.,-2.));
#14774 = VECTOR('',#14775,1.);
#14775 = DIRECTION('',(-1.,0.));
#14776 = ( GEOMETRIC_REPRESENTATION_CONTEXT(2) 
PARAMETRIC_REPRESENTATION_CONTEXT() REPRESENTATION_CONTEXT('2D SPACE',''
  ) );
#14777 = PCURVE('',#14778,#14783);
#14778 = PLANE('',#14779);
#14779 = AXIS2_PLACEMENT_3D('',#14780,#14781,#14782);
#14780 = CARTESIAN_POINT('',(100.,-110.,15.));
#14781 = DIRECTION('',(0.,0.,1.));
#14782 = DIRECTION('',(1.,0.,-0.));
#14783 = DEFINITIONAL_REPRESENTATION('',(#14784),#14788);
#14784 = CIRCLE('',#14785,1.25);
#14785 = AXIS2_PLACEMENT_2D('',#14786,#14787);
#14786 = CARTESIAN_POINT('',(-2.84217094304E-14,1.42108547152E-14));
#14787 = DIRECTION('',(-1.,0.));
#14788 = ( GEOMETRIC_REPRESENTATION_CONTEXT(2) 
PARAMETRIC_REPRESENTATION_CONTEXT() REPRESENTATION_CONTEXT('2D SPACE',''
  ) );
#14789 = ORIENTED_EDGE('',*,*,#13398,.F.);
#14790 = ADVANCED_FACE('',(#14791),#13190,.T.);
#14791 = FACE_BOUND('',#14792,.T.);
#14792 = EDGE_LOOP('',(#14793,#14822,#14823,#14852,#14876));
#14793 = ORIENTED_EDGE('',*,*,#14794,.F.);
#14794 = EDGE_CURVE('',#13151,#14795,#14797,.T.);
#14795 = VERTEX_POINT('',#14796);
#14796 = CARTESIAN_POINT('',(95.156275096017,-106.240192765,15.));
#14797 = SURFACE_CURVE('',#14798,(#14803,#14810),.PCURVE_S1.);
#14798 = CIRCLE('',#14799,1.25);
#14799 = AXIS2_PLACEMENT_3D('',#14800,#14801,#14802);
#14800 = CARTESIAN_POINT('',(95.,-105.,15.));
#14801 = DIRECTION('',(0.,0.,1.));
#14802 = DIRECTION('',(-1.,0.,-0.));
#14803 = PCURVE('',#13190,#14804);
#14804 = DEFINITIONAL_REPRESENTATION('',(#14805),#14809);
#14805 = CIRCLE('',#14806,1.25);
#14806 = AXIS2_PLACEMENT_2D('',#14807,#14808);
#14807 = CARTESIAN_POINT('',(-1.891519540323,3.108480459676));
#14808 = DIRECTION('',(-1.,0.));
#14809 = ( GEOMETRIC_REPRESENTATION_CONTEXT(2) 
PARAMETRIC_REPRESENTATION_CONTEXT() REPRESENTATION_CONTEXT('2D SPACE',''
  ) );
#14810 = PCURVE('',#14811,#14816);
#14811 = PLANE('',#14812);
#14812 = AXIS2_PLACEMENT_3D('',#14813,#14814,#14815);
#14813 = CARTESIAN_POINT('',(95.,-105.,15.));
#14814 = DIRECTION('',(0.,0.,1.));
#14815 = DIRECTION('',(1.,0.,-0.));
#14816 = DEFINITIONAL_REPRESENTATION('',(#14817),#14821);
#14817 = CIRCLE('',#14818,1.25);
#14818 = AXIS2_PLACEMENT_2D('',#14819,#14820);
#14819 = CARTESIAN_POINT('',(-1.42108547152E-14,1.42108547152E-14));
#14820 = DIRECTION('',(-1.,0.));
#14821 = ( GEOMETRIC_REPRESENTATION_CONTEXT(2) 
PARAMETRIC_REPRESENTATION_CONTEXT() REPRESENTATION_CONTEXT('2D SPACE',''
  ) );
#14822 = ORIENTED_EDGE('',*,*,#13173,.T.);
#14823 = ORIENTED_EDGE('',*,*,#14824,.F.);
#14824 = EDGE_CURVE('',#14825,#13174,#14827,.T.);
#14825 = VERTEX_POINT('',#14826);
#14826 = CARTESIAN_POINT('',(98.75,-110.,15.));
#14827 = SURFACE_CURVE('',#14828,(#14833,#14840),.PCURVE_S1.);
#14828 = CIRCLE('',#14829,1.25);
#14829 = AXIS2_PLACEMENT_3D('',#14830,#14831,#14832);
#14830 = CARTESIAN_POINT('',(100.,-110.,15.));
#14831 = DIRECTION('',(0.,0.,1.));
#14832 = DIRECTION('',(-1.,0.,-0.));
#14833 = PCURVE('',#13190,#14834);
#14834 = DEFINITIONAL_REPRESENTATION('',(#14835),#14839);
#14835 = CIRCLE('',#14836,1.25);
#14836 = AXIS2_PLACEMENT_2D('',#14837,#14838);
#14837 = CARTESIAN_POINT('',(3.108480459677,-1.891519540324));
#14838 = DIRECTION('',(-1.,0.));
#14839 = ( GEOMETRIC_REPRESENTATION_CONTEXT(2) 
PARAMETRIC_REPRESENTATION_CONTEXT() REPRESENTATION_CONTEXT('2D SPACE',''
  ) );
#14840 = PCURVE('',#14841,#14846);
#14841 = PLANE('',#14842);
#14842 = AXIS2_PLACEMENT_3D('',#14843,#14844,#14845);
#14843 = CARTESIAN_POINT('',(100.,-110.,15.));
#14844 = DIRECTION('',(0.,0.,1.));
#14845 = DIRECTION('',(1.,0.,-0.));
#14846 = DEFINITIONAL_REPRESENTATION('',(#14847),#14851);
#14847 = CIRCLE('',#14848,1.25);
#14848 = AXIS2_PLACEMENT_2D('',#14849,#14850);
#14849 = CARTESIAN_POINT('',(-2.84217094304E-14,1.42108547152E-14));
#14850 = DIRECTION('',(-1.,0.));
#14851 = ( GEOMETRIC_REPRESENTATION_CONTEXT(2) 
PARAMETRIC_REPRESENTATION_CONTEXT() REPRESENTATION_CONTEXT('2D SPACE',''
  ) );
#14852 = ORIENTED_EDGE('',*,*,#14853,.F.);
#14853 = EDGE_CURVE('',#14854,#14825,#14856,.T.);
#14854 = VERTEX_POINT('',#14855);
#14855 = CARTESIAN_POINT('',(98.759807234997,-109.8437249039,15.));
#14856 = SURFACE_CURVE('',#14857,(#14862,#14869),.PCURVE_S1.);
#14857 = CIRCLE('',#14858,1.25);
#14858 = AXIS2_PLACEMENT_3D('',#14859,#14860,#14861);
#14859 = CARTESIAN_POINT('',(100.,-110.,15.));
#14860 = DIRECTION('',(0.,0.,1.));
#14861 = DIRECTION('',(1.,0.,-0.));
#14862 = PCURVE('',#13190,#14863);
#14863 = DEFINITIONAL_REPRESENTATION('',(#14864),#14868);
#14864 = CIRCLE('',#14865,1.25);
#14865 = AXIS2_PLACEMENT_2D('',#14866,#14867);
#14866 = CARTESIAN_POINT('',(3.108480459677,-1.891519540324));
#14867 = DIRECTION('',(1.,0.));
#14868 = ( GEOMETRIC_REPRESENTATION_CONTEXT(2) 
PARAMETRIC_REPRESENTATION_CONTEXT() REPRESENTATION_CONTEXT('2D SPACE',''
  ) );
#14869 = PCURVE('',#14841,#14870);
#14870 = DEFINITIONAL_REPRESENTATION('',(#14871),#14875);
#14871 = CIRCLE('',#14872,1.25);
#14872 = AXIS2_PLACEMENT_2D('',#14873,#14874);
#14873 = CARTESIAN_POINT('',(-2.84217094304E-14,1.42108547152E-14));
#14874 = DIRECTION('',(1.,0.));
#14875 = ( GEOMETRIC_REPRESENTATION_CONTEXT(2) 
PARAMETRIC_REPRESENTATION_CONTEXT() REPRESENTATION_CONTEXT('2D SPACE',''
  ) );
#14876 = ORIENTED_EDGE('',*,*,#14877,.F.);
#14877 = EDGE_CURVE('',#14795,#14854,#14878,.T.);
#14878 = SURFACE_CURVE('',#14879,(#14884,#14891),.PCURVE_S1.);
#14879 = CIRCLE('',#14880,5.000115766671);
#14880 = AXIS2_PLACEMENT_3D('',#14881,#14882,#14883);
#14881 = CARTESIAN_POINT('',(100.00011576533,-104.9998842346,15.));
#14882 = DIRECTION('',(0.,0.,1.));
#14883 = DIRECTION('',(-0.999999999732,-2.31525300912E-05,0.));
#14884 = PCURVE('',#13190,#14885);
#14885 = DEFINITIONAL_REPRESENTATION('',(#14886),#14890);
#14886 = CIRCLE('',#14887,5.000115766671);
#14887 = AXIS2_PLACEMENT_2D('',#14888,#14889);
#14888 = CARTESIAN_POINT('',(3.108596225007,3.108596225007));
#14889 = DIRECTION('',(-0.999999999732,-2.31525300912E-05));
#14890 = ( GEOMETRIC_REPRESENTATION_CONTEXT(2) 
PARAMETRIC_REPRESENTATION_CONTEXT() REPRESENTATION_CONTEXT('2D SPACE',''
  ) );
#14891 = PCURVE('',#14892,#14897);
#14892 = PLANE('',#14893);
#14893 = AXIS2_PLACEMENT_3D('',#14894,#14895,#14896);
#14894 = CARTESIAN_POINT('',(120.,-92.5,15.));
#14895 = DIRECTION('',(0.,0.,1.));
#14896 = DIRECTION('',(1.,0.,-0.));
#14897 = DEFINITIONAL_REPRESENTATION('',(#14898),#14902);
#14898 = CIRCLE('',#14899,5.000115766671);
#14899 = AXIS2_PLACEMENT_2D('',#14900,#14901);
#14900 = CARTESIAN_POINT('',(-19.99988423466,-12.49988423466));
#14901 = DIRECTION('',(-0.999999999732,-2.31525300912E-05));
#14902 = ( GEOMETRIC_REPRESENTATION_CONTEXT(2) 
PARAMETRIC_REPRESENTATION_CONTEXT() REPRESENTATION_CONTEXT('2D SPACE',''
  ) );
#14903 = ADVANCED_FACE('',(#14904),#13247,.F.);
#14904 = FACE_BOUND('',#14905,.F.);
#14905 = EDGE_LOOP('',(#14906,#14907,#14929));
#14906 = ORIENTED_EDGE('',*,*,#13374,.F.);
#14907 = ORIENTED_EDGE('',*,*,#14908,.T.);
#14908 = EDGE_CURVE('',#12016,#11819,#14909,.T.);
#14909 = SURFACE_CURVE('',#14910,(#14915,#14922),.PCURVE_S1.);
#14910 = CIRCLE('',#14911,1.25);
#14911 = AXIS2_PLACEMENT_3D('',#14912,#14913,#14914);
#14912 = CARTESIAN_POINT('',(140.,-110.,13.));
#14913 = DIRECTION('',(0.,0.,1.));
#14914 = DIRECTION('',(-1.,0.,-0.));
#14915 = PCURVE('',#13247,#14916);
#14916 = DEFINITIONAL_REPRESENTATION('',(#14917),#14921);
#14917 = CIRCLE('',#14918,1.25);
#14918 = AXIS2_PLACEMENT_2D('',#14919,#14920);
#14919 = CARTESIAN_POINT('',(0.,1.42108547152E-14));
#14920 = DIRECTION('',(-1.,0.));
#14921 = ( GEOMETRIC_REPRESENTATION_CONTEXT(2) 
PARAMETRIC_REPRESENTATION_CONTEXT() REPRESENTATION_CONTEXT('2D SPACE',''
  ) );
#14922 = PCURVE('',#13280,#14923);
#14923 = DEFINITIONAL_REPRESENTATION('',(#14924),#14928);
#14924 = LINE('',#14925,#14926);
#14925 = CARTESIAN_POINT('',(-0.,0.));
#14926 = VECTOR('',#14927,1.);
#14927 = DIRECTION('',(-1.,0.));
#14928 = ( GEOMETRIC_REPRESENTATION_CONTEXT(2) 
PARAMETRIC_REPRESENTATION_CONTEXT() REPRESENTATION_CONTEXT('2D SPACE',''
  ) );
#14929 = ORIENTED_EDGE('',*,*,#13233,.F.);
#14930 = ADVANCED_FACE('',(#14931),#13280,.T.);
#14931 = FACE_BOUND('',#14932,.F.);
#14932 = EDGE_LOOP('',(#14933,#14934,#14935,#14962));
#14933 = ORIENTED_EDGE('',*,*,#14908,.F.);
#14934 = ORIENTED_EDGE('',*,*,#13449,.T.);
#14935 = ORIENTED_EDGE('',*,*,#14936,.T.);
#14936 = EDGE_CURVE('',#13422,#13265,#14937,.T.);
#14937 = SURFACE_CURVE('',#14938,(#14943,#14950),.PCURVE_S1.);
#14938 = CIRCLE('',#14939,1.25);
#14939 = AXIS2_PLACEMENT_3D('',#14940,#14941,#14942);
#14940 = CARTESIAN_POINT('',(140.,-110.,15.));
#14941 = DIRECTION('',(0.,0.,1.));
#14942 = DIRECTION('',(-1.,0.,-0.));
#14943 = PCURVE('',#13280,#14944);
#14944 = DEFINITIONAL_REPRESENTATION('',(#14945),#14949);
#14945 = LINE('',#14946,#14947);
#14946 = CARTESIAN_POINT('',(-0.,-2.));
#14947 = VECTOR('',#14948,1.);
#14948 = DIRECTION('',(-1.,0.));
#14949 = ( GEOMETRIC_REPRESENTATION_CONTEXT(2) 
PARAMETRIC_REPRESENTATION_CONTEXT() REPRESENTATION_CONTEXT('2D SPACE',''
  ) );
#14950 = PCURVE('',#14951,#14956);
#14951 = PLANE('',#14952);
#14952 = AXIS2_PLACEMENT_3D('',#14953,#14954,#14955);
#14953 = CARTESIAN_POINT('',(140.,-110.,15.));
#14954 = DIRECTION('',(0.,0.,1.));
#14955 = DIRECTION('',(1.,0.,-0.));
#14956 = DEFINITIONAL_REPRESENTATION('',(#14957),#14961);
#14957 = CIRCLE('',#14958,1.25);
#14958 = AXIS2_PLACEMENT_2D('',#14959,#14960);
#14959 = CARTESIAN_POINT('',(0.,1.42108547152E-14));
#14960 = DIRECTION('',(-1.,0.));
#14961 = ( GEOMETRIC_REPRESENTATION_CONTEXT(2) 
PARAMETRIC_REPRESENTATION_CONTEXT() REPRESENTATION_CONTEXT('2D SPACE',''
  ) );
#14962 = ORIENTED_EDGE('',*,*,#13264,.F.);
#14963 = ADVANCED_FACE('',(#14964),#13309,.T.);
#14964 = FACE_BOUND('',#14965,.T.);
#14965 = EDGE_LOOP('',(#14966,#14995,#14996,#15025,#15054));
#14966 = ORIENTED_EDGE('',*,*,#14967,.F.);
#14967 = EDGE_CURVE('',#13265,#14968,#14970,.T.);
#14968 = VERTEX_POINT('',#14969);
#14969 = CARTESIAN_POINT('',(141.25,-110.,15.));
#14970 = SURFACE_CURVE('',#14971,(#14976,#14983),.PCURVE_S1.);
#14971 = CIRCLE('',#14972,1.25);
#14972 = AXIS2_PLACEMENT_3D('',#14973,#14974,#14975);
#14973 = CARTESIAN_POINT('',(140.,-110.,15.));
#14974 = DIRECTION('',(0.,0.,1.));
#14975 = DIRECTION('',(-1.,0.,-0.));
#14976 = PCURVE('',#13309,#14977);
#14977 = DEFINITIONAL_REPRESENTATION('',(#14978),#14982);
#14978 = CIRCLE('',#14979,1.25);
#14979 = AXIS2_PLACEMENT_2D('',#14980,#14981);
#14980 = CARTESIAN_POINT('',(-3.108480459677,-1.891519540323));
#14981 = DIRECTION('',(-1.,0.));
#14982 = ( GEOMETRIC_REPRESENTATION_CONTEXT(2) 
PARAMETRIC_REPRESENTATION_CONTEXT() REPRESENTATION_CONTEXT('2D SPACE',''
  ) );
#14983 = PCURVE('',#14984,#14989);
#14984 = PLANE('',#14985);
#14985 = AXIS2_PLACEMENT_3D('',#14986,#14987,#14988);
#14986 = CARTESIAN_POINT('',(140.,-110.,15.));
#14987 = DIRECTION('',(0.,0.,1.));
#14988 = DIRECTION('',(1.,0.,-0.));
#14989 = DEFINITIONAL_REPRESENTATION('',(#14990),#14994);
#14990 = CIRCLE('',#14991,1.25);
#14991 = AXIS2_PLACEMENT_2D('',#14992,#14993);
#14992 = CARTESIAN_POINT('',(0.,1.42108547152E-14));
#14993 = DIRECTION('',(-1.,0.));
#14994 = ( GEOMETRIC_REPRESENTATION_CONTEXT(2) 
PARAMETRIC_REPRESENTATION_CONTEXT() REPRESENTATION_CONTEXT('2D SPACE',''
  ) );
#14995 = ORIENTED_EDGE('',*,*,#13292,.T.);
#14996 = ORIENTED_EDGE('',*,*,#14997,.F.);
#14997 = EDGE_CURVE('',#14998,#13293,#15000,.T.);
#14998 = VERTEX_POINT('',#14999);
#14999 = CARTESIAN_POINT('',(144.84372490398,-106.240192765,15.));
#15000 = SURFACE_CURVE('',#15001,(#15006,#15013),.PCURVE_S1.);
#15001 = CIRCLE('',#15002,1.25);
#15002 = AXIS2_PLACEMENT_3D('',#15003,#15004,#15005);
#15003 = CARTESIAN_POINT('',(145.,-105.,15.));
#15004 = DIRECTION('',(0.,0.,1.));
#15005 = DIRECTION('',(-1.,0.,-0.));
#15006 = PCURVE('',#13309,#15007);
#15007 = DEFINITIONAL_REPRESENTATION('',(#15008),#15012);
#15008 = CIRCLE('',#15009,1.25);
#15009 = AXIS2_PLACEMENT_2D('',#15010,#15011);
#15010 = CARTESIAN_POINT('',(1.891519540323,3.108480459677));
#15011 = DIRECTION('',(-1.,0.));
#15012 = ( GEOMETRIC_REPRESENTATION_CONTEXT(2) 
PARAMETRIC_REPRESENTATION_CONTEXT() REPRESENTATION_CONTEXT('2D SPACE',''
  ) );
#15013 = PCURVE('',#15014,#15019);
#15014 = PLANE('',#15015);
#15015 = AXIS2_PLACEMENT_3D('',#15016,#15017,#15018);
#15016 = CARTESIAN_POINT('',(145.,-105.,15.));
#15017 = DIRECTION('',(0.,0.,1.));
#15018 = DIRECTION('',(1.,0.,-0.));
#15019 = DEFINITIONAL_REPRESENTATION('',(#15020),#15024);
#15020 = CIRCLE('',#15021,1.25);
#15021 = AXIS2_PLACEMENT_2D('',#15022,#15023);
#15022 = CARTESIAN_POINT('',(2.84217094304E-14,1.42108547152E-14));
#15023 = DIRECTION('',(-1.,0.));
#15024 = ( GEOMETRIC_REPRESENTATION_CONTEXT(2) 
PARAMETRIC_REPRESENTATION_CONTEXT() REPRESENTATION_CONTEXT('2D SPACE',''
  ) );
#15025 = ORIENTED_EDGE('',*,*,#15026,.F.);
#15026 = EDGE_CURVE('',#15027,#14998,#15029,.T.);
#15027 = VERTEX_POINT('',#15028);
#15028 = CARTESIAN_POINT('',(141.240192765,-109.8437249039,15.));
#15029 = SURFACE_CURVE('',#15030,(#15035,#15042),.PCURVE_S1.);
#15030 = CIRCLE('',#15031,5.000115766671);
#15031 = AXIS2_PLACEMENT_3D('',#15032,#15033,#15034);
#15032 = CARTESIAN_POINT('',(139.99988423466,-104.9998842346,15.));
#15033 = DIRECTION('',(0.,0.,1.));
#15034 = DIRECTION('',(2.31525300912E-05,-0.999999999732,0.));
#15035 = PCURVE('',#13309,#15036);
#15036 = DEFINITIONAL_REPRESENTATION('',(#15037),#15041);
#15037 = CIRCLE('',#15038,5.000115766671);
#15038 = AXIS2_PLACEMENT_2D('',#15039,#15040);
#15039 = CARTESIAN_POINT('',(-3.108596225008,3.108596225008));
#15040 = DIRECTION('',(2.31525300912E-05,-0.999999999732));
#15041 = ( GEOMETRIC_REPRESENTATION_CONTEXT(2) 
PARAMETRIC_REPRESENTATION_CONTEXT() REPRESENTATION_CONTEXT('2D SPACE',''
  ) );
#15042 = PCURVE('',#15043,#15048);
#15043 = PLANE('',#15044);
#15044 = AXIS2_PLACEMENT_3D('',#15045,#15046,#15047);
#15045 = CARTESIAN_POINT('',(120.,-92.5,15.));
#15046 = DIRECTION('',(0.,0.,1.));
#15047 = DIRECTION('',(1.,0.,-0.));
#15048 = DEFINITIONAL_REPRESENTATION('',(#15049),#15053);
#15049 = CIRCLE('',#15050,5.000115766671);
#15050 = AXIS2_PLACEMENT_2D('',#15051,#15052);
#15051 = CARTESIAN_POINT('',(19.999884234669,-12.49988423466));
#15052 = DIRECTION('',(2.31525300912E-05,-0.999999999732));
#15053 = ( GEOMETRIC_REPRESENTATION_CONTEXT(2) 
PARAMETRIC_REPRESENTATION_CONTEXT() REPRESENTATION_CONTEXT('2D SPACE',''
  ) );
#15054 = ORIENTED_EDGE('',*,*,#15055,.F.);
#15055 = EDGE_CURVE('',#14968,#15027,#15056,.T.);
#15056 = SURFACE_CURVE('',#15057,(#15062,#15069),.PCURVE_S1.);
#15057 = CIRCLE('',#15058,1.25);
#15058 = AXIS2_PLACEMENT_3D('',#15059,#15060,#15061);
#15059 = CARTESIAN_POINT('',(140.,-110.,15.));
#15060 = DIRECTION('',(0.,0.,1.));
#15061 = DIRECTION('',(1.,0.,-0.));
#15062 = PCURVE('',#13309,#15063);
#15063 = DEFINITIONAL_REPRESENTATION('',(#15064),#15068);
#15064 = CIRCLE('',#15065,1.25);
#15065 = AXIS2_PLACEMENT_2D('',#15066,#15067);
#15066 = CARTESIAN_POINT('',(-3.108480459677,-1.891519540323));
#15067 = DIRECTION('',(1.,0.));
#15068 = ( GEOMETRIC_REPRESENTATION_CONTEXT(2) 
PARAMETRIC_REPRESENTATION_CONTEXT() REPRESENTATION_CONTEXT('2D SPACE',''
  ) );
#15069 = PCURVE('',#14984,#15070);
#15070 = DEFINITIONAL_REPRESENTATION('',(#15071),#15075);
#15071 = CIRCLE('',#15072,1.25);
#15072 = AXIS2_PLACEMENT_2D('',#15073,#15074);
#15073 = CARTESIAN_POINT('',(0.,1.42108547152E-14));
#15074 = DIRECTION('',(1.,0.));
#15075 = ( GEOMETRIC_REPRESENTATION_CONTEXT(2) 
PARAMETRIC_REPRESENTATION_CONTEXT() REPRESENTATION_CONTEXT('2D SPACE',''
  ) );
#15076 = ADVANCED_FACE('',(#15077),#13437,.T.);
#15077 = FACE_BOUND('',#15078,.T.);
#15078 = EDGE_LOOP('',(#15079,#15108,#15136,#15163));
#15079 = ORIENTED_EDGE('',*,*,#15080,.F.);
#15080 = EDGE_CURVE('',#15081,#13422,#15083,.T.);
#15081 = VERTEX_POINT('',#15082);
#15082 = CARTESIAN_POINT('',(138.75,-110.,15.));
#15083 = SURFACE_CURVE('',#15084,(#15089,#15096),.PCURVE_S1.);
#15084 = CIRCLE('',#15085,1.25);
#15085 = AXIS2_PLACEMENT_3D('',#15086,#15087,#15088);
#15086 = CARTESIAN_POINT('',(140.,-110.,15.));
#15087 = DIRECTION('',(0.,0.,1.));
#15088 = DIRECTION('',(-1.,0.,-0.));
#15089 = PCURVE('',#13437,#15090);
#15090 = DEFINITIONAL_REPRESENTATION('',(#15091),#15095);
#15091 = CIRCLE('',#15092,1.25);
#15092 = AXIS2_PLACEMENT_2D('',#15093,#15094);
#15093 = CARTESIAN_POINT('',(20.,0.));
#15094 = DIRECTION('',(-1.,0.));
#15095 = ( GEOMETRIC_REPRESENTATION_CONTEXT(2) 
PARAMETRIC_REPRESENTATION_CONTEXT() REPRESENTATION_CONTEXT('2D SPACE',''
  ) );
#15096 = PCURVE('',#15097,#15102);
#15097 = PLANE('',#15098);
#15098 = AXIS2_PLACEMENT_3D('',#15099,#15100,#15101);
#15099 = CARTESIAN_POINT('',(140.,-110.,15.));
#15100 = DIRECTION('',(0.,0.,1.));
#15101 = DIRECTION('',(1.,0.,-0.));
#15102 = DEFINITIONAL_REPRESENTATION('',(#15103),#15107);
#15103 = CIRCLE('',#15104,1.25);
#15104 = AXIS2_PLACEMENT_2D('',#15105,#15106);
#15105 = CARTESIAN_POINT('',(0.,1.42108547152E-14));
#15106 = DIRECTION('',(-1.,0.));
#15107 = ( GEOMETRIC_REPRESENTATION_CONTEXT(2) 
PARAMETRIC_REPRESENTATION_CONTEXT() REPRESENTATION_CONTEXT('2D SPACE',''
  ) );
#15108 = ORIENTED_EDGE('',*,*,#15109,.F.);
#15109 = EDGE_CURVE('',#15110,#15081,#15112,.T.);
#15110 = VERTEX_POINT('',#15111);
#15111 = CARTESIAN_POINT('',(101.25,-110.,15.));
#15112 = SURFACE_CURVE('',#15113,(#15117,#15124),.PCURVE_S1.);
#15113 = LINE('',#15114,#15115);
#15114 = CARTESIAN_POINT('',(100.,-110.,15.));
#15115 = VECTOR('',#15116,1.);
#15116 = DIRECTION('',(1.,0.,0.));
#15117 = PCURVE('',#13437,#15118);
#15118 = DEFINITIONAL_REPRESENTATION('',(#15119),#15123);
#15119 = LINE('',#15120,#15121);
#15120 = CARTESIAN_POINT('',(-20.,0.));
#15121 = VECTOR('',#15122,1.);
#15122 = DIRECTION('',(1.,0.));
#15123 = ( GEOMETRIC_REPRESENTATION_CONTEXT(2) 
PARAMETRIC_REPRESENTATION_CONTEXT() REPRESENTATION_CONTEXT('2D SPACE',''
  ) );
#15124 = PCURVE('',#15125,#15130);
#15125 = PLANE('',#15126);
#15126 = AXIS2_PLACEMENT_3D('',#15127,#15128,#15129);
#15127 = CARTESIAN_POINT('',(120.,-92.5,15.));
#15128 = DIRECTION('',(0.,0.,1.));
#15129 = DIRECTION('',(1.,0.,-0.));
#15130 = DEFINITIONAL_REPRESENTATION('',(#15131),#15135);
#15131 = LINE('',#15132,#15133);
#15132 = CARTESIAN_POINT('',(-20.,-17.5));
#15133 = VECTOR('',#15134,1.);
#15134 = DIRECTION('',(1.,0.));
#15135 = ( GEOMETRIC_REPRESENTATION_CONTEXT(2) 
PARAMETRIC_REPRESENTATION_CONTEXT() REPRESENTATION_CONTEXT('2D SPACE',''
  ) );
#15136 = ORIENTED_EDGE('',*,*,#15137,.F.);
#15137 = EDGE_CURVE('',#13399,#15110,#15138,.T.);
#15138 = SURFACE_CURVE('',#15139,(#15144,#15151),.PCURVE_S1.);
#15139 = CIRCLE('',#15140,1.25);
#15140 = AXIS2_PLACEMENT_3D('',#15141,#15142,#15143);
#15141 = CARTESIAN_POINT('',(100.,-110.,15.));
#15142 = DIRECTION('',(0.,0.,1.));
#15143 = DIRECTION('',(-1.,0.,-0.));
#15144 = PCURVE('',#13437,#15145);
#15145 = DEFINITIONAL_REPRESENTATION('',(#15146),#15150);
#15146 = CIRCLE('',#15147,1.25);
#15147 = AXIS2_PLACEMENT_2D('',#15148,#15149);
#15148 = CARTESIAN_POINT('',(-20.,0.));
#15149 = DIRECTION('',(-1.,0.));
#15150 = ( GEOMETRIC_REPRESENTATION_CONTEXT(2) 
PARAMETRIC_REPRESENTATION_CONTEXT() REPRESENTATION_CONTEXT('2D SPACE',''
  ) );
#15151 = PCURVE('',#15152,#15157);
#15152 = PLANE('',#15153);
#15153 = AXIS2_PLACEMENT_3D('',#15154,#15155,#15156);
#15154 = CARTESIAN_POINT('',(100.,-110.,15.));
#15155 = DIRECTION('',(0.,0.,1.));
#15156 = DIRECTION('',(1.,0.,-0.));
#15157 = DEFINITIONAL_REPRESENTATION('',(#15158),#15162);
#15158 = CIRCLE('',#15159,1.25);
#15159 = AXIS2_PLACEMENT_2D('',#15160,#15161);
#15160 = CARTESIAN_POINT('',(-2.84217094304E-14,1.42108547152E-14));
#15161 = DIRECTION('',(-1.,0.));
#15162 = ( GEOMETRIC_REPRESENTATION_CONTEXT(2) 
PARAMETRIC_REPRESENTATION_CONTEXT() REPRESENTATION_CONTEXT('2D SPACE',''
  ) );
#15163 = ORIENTED_EDGE('',*,*,#13421,.T.);
#15164 = ADVANCED_FACE('',(#15165),#13515,.F.);
#15165 = FACE_BOUND('',#15166,.F.);
#15166 = EDGE_LOOP('',(#15167,#15168,#15169,#15170,#15171,#15172,#15173,
    #15174));
#15167 = ORIENTED_EDGE('',*,*,#13557,.F.);
#15168 = ORIENTED_EDGE('',*,*,#13606,.F.);
#15169 = ORIENTED_EDGE('',*,*,#13660,.F.);
#15170 = ORIENTED_EDGE('',*,*,#13709,.F.);
#15171 = ORIENTED_EDGE('',*,*,#13763,.F.);
#15172 = ORIENTED_EDGE('',*,*,#13812,.F.);
#15173 = ORIENTED_EDGE('',*,*,#13866,.F.);
#15174 = ORIENTED_EDGE('',*,*,#13498,.F.);
#15175 = ADVANCED_FACE('',(#15176),#13929,.T.);
#15176 = FACE_BOUND('',#15177,.T.);
#15177 = EDGE_LOOP('',(#15178,#15204,#15205));
#15178 = ORIENTED_EDGE('',*,*,#15179,.F.);
#15179 = EDGE_CURVE('',#13892,#14533,#15180,.T.);
#15180 = SURFACE_CURVE('',#15181,(#15185,#15192),.PCURVE_S1.);
#15181 = LINE('',#15182,#15183);
#15182 = CARTESIAN_POINT('',(95.,-80.,15.));
#15183 = VECTOR('',#15184,1.);
#15184 = DIRECTION('',(0.,-1.,0.));
#15185 = PCURVE('',#13929,#15186);
#15186 = DEFINITIONAL_REPRESENTATION('',(#15187),#15191);
#15187 = LINE('',#15188,#15189);
#15188 = CARTESIAN_POINT('',(-1.42108547152E-14,0.));
#15189 = VECTOR('',#15190,1.);
#15190 = DIRECTION('',(0.,-1.));
#15191 = ( GEOMETRIC_REPRESENTATION_CONTEXT(2) 
PARAMETRIC_REPRESENTATION_CONTEXT() REPRESENTATION_CONTEXT('2D SPACE',''
  ) );
#15192 = PCURVE('',#15193,#15198);
#15193 = PLANE('',#15194);
#15194 = AXIS2_PLACEMENT_3D('',#15195,#15196,#15197);
#15195 = CARTESIAN_POINT('',(120.,-92.5,15.));
#15196 = DIRECTION('',(0.,0.,1.));
#15197 = DIRECTION('',(1.,0.,-0.));
#15198 = DEFINITIONAL_REPRESENTATION('',(#15199),#15203);
#15199 = LINE('',#15200,#15201);
#15200 = CARTESIAN_POINT('',(-25.,12.5));
#15201 = VECTOR('',#15202,1.);
#15202 = DIRECTION('',(0.,-1.));
#15203 = ( GEOMETRIC_REPRESENTATION_CONTEXT(2) 
PARAMETRIC_REPRESENTATION_CONTEXT() REPRESENTATION_CONTEXT('2D SPACE',''
  ) );
#15204 = ORIENTED_EDGE('',*,*,#13915,.T.);
#15205 = ORIENTED_EDGE('',*,*,#14560,.T.);
#15206 = ADVANCED_FACE('',(#15207),#13959,.T.);
#15207 = FACE_BOUND('',#15208,.T.);
#15208 = EDGE_LOOP('',(#15209,#15235,#15236));
#15209 = ORIENTED_EDGE('',*,*,#15210,.F.);
#15210 = EDGE_CURVE('',#12550,#13978,#15211,.T.);
#15211 = SURFACE_CURVE('',#15212,(#15216,#15223),.PCURVE_S1.);
#15212 = LINE('',#15213,#15214);
#15213 = CARTESIAN_POINT('',(100.,-73.75,15.));
#15214 = VECTOR('',#15215,1.);
#15215 = DIRECTION('',(0.,-1.,0.));
#15216 = PCURVE('',#13959,#15217);
#15217 = DEFINITIONAL_REPRESENTATION('',(#15218),#15222);
#15218 = LINE('',#15219,#15220);
#15219 = CARTESIAN_POINT('',(-20.,18.75));
#15220 = VECTOR('',#15221,1.);
#15221 = DIRECTION('',(0.,-1.));
#15222 = ( GEOMETRIC_REPRESENTATION_CONTEXT(2) 
PARAMETRIC_REPRESENTATION_CONTEXT() REPRESENTATION_CONTEXT('2D SPACE',''
  ) );
#15223 = PCURVE('',#15224,#15229);
#15224 = PLANE('',#15225);
#15225 = AXIS2_PLACEMENT_3D('',#15226,#15227,#15228);
#15226 = CARTESIAN_POINT('',(120.,-92.5,15.));
#15227 = DIRECTION('',(0.,0.,1.));
#15228 = DIRECTION('',(1.,0.,-0.));
#15229 = DEFINITIONAL_REPRESENTATION('',(#15230),#15234);
#15230 = LINE('',#15231,#15232);
#15231 = CARTESIAN_POINT('',(-20.,18.75));
#15232 = VECTOR('',#15233,1.);
#15233 = DIRECTION('',(0.,-1.));
#15234 = ( GEOMETRIC_REPRESENTATION_CONTEXT(2) 
PARAMETRIC_REPRESENTATION_CONTEXT() REPRESENTATION_CONTEXT('2D SPACE',''
  ) );
#15235 = ORIENTED_EDGE('',*,*,#13944,.T.);
#15236 = ORIENTED_EDGE('',*,*,#13977,.T.);
#15237 = ADVANCED_FACE('',(#15238),#14050,.T.);
#15238 = FACE_BOUND('',#15239,.T.);
#15239 = EDGE_LOOP('',(#15240,#15265,#15287,#15288,#15317,#15340,#15368,
    #15400,#15437,#15460,#15488,#15520,#15549,#15572,#15600,#15632));
#15240 = ORIENTED_EDGE('',*,*,#15241,.F.);
#15241 = EDGE_CURVE('',#15242,#15244,#15246,.T.);
#15242 = VERTEX_POINT('',#15243);
#15243 = CARTESIAN_POINT('',(100.00002894066,-76.24999999966,15.));
#15244 = VERTEX_POINT('',#15245);
#15245 = CARTESIAN_POINT('',(139.99997105933,-76.24999999966,15.));
#15246 = SURFACE_CURVE('',#15247,(#15251,#15258),.PCURVE_S1.);
#15247 = LINE('',#15248,#15249);
#15248 = CARTESIAN_POINT('',(100.,-76.25,15.));
#15249 = VECTOR('',#15250,1.);
#15250 = DIRECTION('',(1.,0.,0.));
#15251 = PCURVE('',#14050,#15252);
#15252 = DEFINITIONAL_REPRESENTATION('',(#15253),#15257);
#15253 = LINE('',#15254,#15255);
#15254 = CARTESIAN_POINT('',(-20.,16.25));
#15255 = VECTOR('',#15256,1.);
#15256 = DIRECTION('',(1.,0.));
#15257 = ( GEOMETRIC_REPRESENTATION_CONTEXT(2) 
PARAMETRIC_REPRESENTATION_CONTEXT() REPRESENTATION_CONTEXT('2D SPACE',''
  ) );
#15258 = PCURVE('',#14221,#15259);
#15259 = DEFINITIONAL_REPRESENTATION('',(#15260),#15264);
#15260 = LINE('',#15261,#15262);
#15261 = CARTESIAN_POINT('',(-20.,16.25));
#15262 = VECTOR('',#15263,1.);
#15263 = DIRECTION('',(1.,0.));
#15264 = ( GEOMETRIC_REPRESENTATION_CONTEXT(2) 
PARAMETRIC_REPRESENTATION_CONTEXT() REPRESENTATION_CONTEXT('2D SPACE',''
  ) );
#15265 = ORIENTED_EDGE('',*,*,#15266,.F.);
#15266 = EDGE_CURVE('',#13978,#15242,#15267,.T.);
#15267 = SURFACE_CURVE('',#15268,(#15273,#15280),.PCURVE_S1.);
#15268 = CIRCLE('',#15269,1.25);
#15269 = AXIS2_PLACEMENT_3D('',#15270,#15271,#15272);
#15270 = CARTESIAN_POINT('',(100.,-75.,15.));
#15271 = DIRECTION('',(0.,0.,1.));
#15272 = DIRECTION('',(-1.,0.,-0.));
#15273 = PCURVE('',#14050,#15274);
#15274 = DEFINITIONAL_REPRESENTATION('',(#15275),#15279);
#15275 = CIRCLE('',#15276,1.25);
#15276 = AXIS2_PLACEMENT_2D('',#15277,#15278);
#15277 = CARTESIAN_POINT('',(-20.,17.5));
#15278 = DIRECTION('',(-1.,0.));
#15279 = ( GEOMETRIC_REPRESENTATION_CONTEXT(2) 
PARAMETRIC_REPRESENTATION_CONTEXT() REPRESENTATION_CONTEXT('2D SPACE',''
  ) );
#15280 = PCURVE('',#15224,#15281);
#15281 = DEFINITIONAL_REPRESENTATION('',(#15282),#15286);
#15282 = CIRCLE('',#15283,1.25);
#15283 = AXIS2_PLACEMENT_2D('',#15284,#15285);
#15284 = CARTESIAN_POINT('',(-20.,17.5));
#15285 = DIRECTION('',(-1.,0.));
#15286 = ( GEOMETRIC_REPRESENTATION_CONTEXT(2) 
PARAMETRIC_REPRESENTATION_CONTEXT() REPRESENTATION_CONTEXT('2D SPACE',''
  ) );
#15287 = ORIENTED_EDGE('',*,*,#14031,.F.);
#15288 = ORIENTED_EDGE('',*,*,#15289,.F.);
#15289 = EDGE_CURVE('',#15290,#14003,#15292,.T.);
#15290 = VERTEX_POINT('',#15291);
#15291 = CARTESIAN_POINT('',(96.249999999665,-80.00002894066,15.));
#15292 = SURFACE_CURVE('',#15293,(#15298,#15305),.PCURVE_S1.);
#15293 = CIRCLE('',#15294,1.25);
#15294 = AXIS2_PLACEMENT_3D('',#15295,#15296,#15297);
#15295 = CARTESIAN_POINT('',(95.,-80.,15.));
#15296 = DIRECTION('',(0.,0.,1.));
#15297 = DIRECTION('',(-1.,0.,-0.));
#15298 = PCURVE('',#14050,#15299);
#15299 = DEFINITIONAL_REPRESENTATION('',(#15300),#15304);
#15300 = CIRCLE('',#15301,1.25);
#15301 = AXIS2_PLACEMENT_2D('',#15302,#15303);
#15302 = CARTESIAN_POINT('',(-25.,12.5));
#15303 = DIRECTION('',(-1.,0.));
#15304 = ( GEOMETRIC_REPRESENTATION_CONTEXT(2) 
PARAMETRIC_REPRESENTATION_CONTEXT() REPRESENTATION_CONTEXT('2D SPACE',''
  ) );
#15305 = PCURVE('',#15306,#15311);
#15306 = PLANE('',#15307);
#15307 = AXIS2_PLACEMENT_3D('',#15308,#15309,#15310);
#15308 = CARTESIAN_POINT('',(120.,-92.5,15.));
#15309 = DIRECTION('',(0.,0.,1.));
#15310 = DIRECTION('',(1.,0.,-0.));
#15311 = DEFINITIONAL_REPRESENTATION('',(#15312),#15316);
#15312 = CIRCLE('',#15313,1.25);
#15313 = AXIS2_PLACEMENT_2D('',#15314,#15315);
#15314 = CARTESIAN_POINT('',(-25.,12.5));
#15315 = DIRECTION('',(-1.,0.));
#15316 = ( GEOMETRIC_REPRESENTATION_CONTEXT(2) 
PARAMETRIC_REPRESENTATION_CONTEXT() REPRESENTATION_CONTEXT('2D SPACE',''
  ) );
#15317 = ORIENTED_EDGE('',*,*,#15318,.F.);
#15318 = EDGE_CURVE('',#15319,#15290,#15321,.T.);
#15319 = VERTEX_POINT('',#15320);
#15320 = CARTESIAN_POINT('',(96.249999999665,-104.9999710593,15.));
#15321 = SURFACE_CURVE('',#15322,(#15326,#15333),.PCURVE_S1.);
#15322 = LINE('',#15323,#15324);
#15323 = CARTESIAN_POINT('',(96.25,-105.,15.));
#15324 = VECTOR('',#15325,1.);
#15325 = DIRECTION('',(0.,1.,0.));
#15326 = PCURVE('',#14050,#15327);
#15327 = DEFINITIONAL_REPRESENTATION('',(#15328),#15332);
#15328 = LINE('',#15329,#15330);
#15329 = CARTESIAN_POINT('',(-23.75,-12.5));
#15330 = VECTOR('',#15331,1.);
#15331 = DIRECTION('',(0.,1.));
#15332 = ( GEOMETRIC_REPRESENTATION_CONTEXT(2) 
PARAMETRIC_REPRESENTATION_CONTEXT() REPRESENTATION_CONTEXT('2D SPACE',''
  ) );
#15333 = PCURVE('',#14548,#15334);
#15334 = DEFINITIONAL_REPRESENTATION('',(#15335),#15339);
#15335 = LINE('',#15336,#15337);
#15336 = CARTESIAN_POINT('',(-23.75,-12.5));
#15337 = VECTOR('',#15338,1.);
#15338 = DIRECTION('',(0.,1.));
#15339 = ( GEOMETRIC_REPRESENTATION_CONTEXT(2) 
PARAMETRIC_REPRESENTATION_CONTEXT() REPRESENTATION_CONTEXT('2D SPACE',''
  ) );
#15340 = ORIENTED_EDGE('',*,*,#15341,.F.);
#15341 = EDGE_CURVE('',#15342,#15319,#15344,.T.);
#15342 = VERTEX_POINT('',#15343);
#15343 = CARTESIAN_POINT('',(96.25,-105.,15.));
#15344 = SURFACE_CURVE('',#15345,(#15349,#15356),.PCURVE_S1.);
#15345 = LINE('',#15346,#15347);
#15346 = CARTESIAN_POINT('',(96.25,-105.,15.));
#15347 = VECTOR('',#15348,1.);
#15348 = DIRECTION('',(0.,1.,0.));
#15349 = PCURVE('',#14050,#15350);
#15350 = DEFINITIONAL_REPRESENTATION('',(#15351),#15355);
#15351 = LINE('',#15352,#15353);
#15352 = CARTESIAN_POINT('',(-23.75,-12.5));
#15353 = VECTOR('',#15354,1.);
#15354 = DIRECTION('',(0.,1.));
#15355 = ( GEOMETRIC_REPRESENTATION_CONTEXT(2) 
PARAMETRIC_REPRESENTATION_CONTEXT() REPRESENTATION_CONTEXT('2D SPACE',''
  ) );
#15356 = PCURVE('',#15357,#15362);
#15357 = PLANE('',#15358);
#15358 = AXIS2_PLACEMENT_3D('',#15359,#15360,#15361);
#15359 = CARTESIAN_POINT('',(120.,-92.5,15.));
#15360 = DIRECTION('',(0.,0.,1.));
#15361 = DIRECTION('',(1.,0.,-0.));
#15362 = DEFINITIONAL_REPRESENTATION('',(#15363),#15367);
#15363 = LINE('',#15364,#15365);
#15364 = CARTESIAN_POINT('',(-23.75,-12.5));
#15365 = VECTOR('',#15366,1.);
#15366 = DIRECTION('',(0.,1.));
#15367 = ( GEOMETRIC_REPRESENTATION_CONTEXT(2) 
PARAMETRIC_REPRESENTATION_CONTEXT() REPRESENTATION_CONTEXT('2D SPACE',''
  ) );
#15368 = ORIENTED_EDGE('',*,*,#15369,.F.);
#15369 = EDGE_CURVE('',#15370,#15342,#15372,.T.);
#15370 = VERTEX_POINT('',#15371);
#15371 = CARTESIAN_POINT('',(100.,-108.75,15.));
#15372 = SURFACE_CURVE('',#15373,(#15378,#15389),.PCURVE_S1.);
#15373 = CIRCLE('',#15374,3.75011576667);
#15374 = AXIS2_PLACEMENT_3D('',#15375,#15376,#15377);
#15375 = CARTESIAN_POINT('',(100.00011576533,-104.9998842346,15.));
#15376 = DIRECTION('',(0.,0.,-1.));
#15377 = DIRECTION('',(-2.31525299844E-05,-0.999999999732,-0.));
#15378 = PCURVE('',#14050,#15379);
#15379 = DEFINITIONAL_REPRESENTATION('',(#15380),#15388);
#15380 = ( BOUNDED_CURVE() B_SPLINE_CURVE(2,(#15381,#15382,#15383,#15384
    ,#15385,#15386,#15387),.UNSPECIFIED.,.T.,.F.) 
B_SPLINE_CURVE_WITH_KNOTS((1,2,2,2,2,1),(-2.094395102393,0.,
    2.094395102393,4.188790204786,6.28318530718,8.377580409573),
.UNSPECIFIED.) CURVE() GEOMETRIC_REPRESENTATION_ITEM() 
RATIONAL_B_SPLINE_CURVE((1.,0.5,1.,0.5,1.,0.5,1.)) REPRESENTATION_ITEM(
  '') );
#15381 = CARTESIAN_POINT('',(-19.99997105933,-16.25000000033));
#15382 = CARTESIAN_POINT('',(-26.49536209973,-16.24984961559));
#15383 = CARTESIAN_POINT('',(-23.24753634253,-10.62475115946));
#15384 = CARTESIAN_POINT('',(-19.99971058533,-4.999652703339));
#15385 = CARTESIAN_POINT('',(-16.75214530213,-10.6249015442));
#15386 = CARTESIAN_POINT('',(-13.50458001894,-16.25015038507));
#15387 = CARTESIAN_POINT('',(-19.99997105933,-16.25000000033));
#15388 = ( GEOMETRIC_REPRESENTATION_CONTEXT(2) 
PARAMETRIC_REPRESENTATION_CONTEXT() REPRESENTATION_CONTEXT('2D SPACE',''
  ) );
#15389 = PCURVE('',#14892,#15390);
#15390 = DEFINITIONAL_REPRESENTATION('',(#15391),#15399);
#15391 = ( BOUNDED_CURVE() B_SPLINE_CURVE(2,(#15392,#15393,#15394,#15395
    ,#15396,#15397,#15398),.UNSPECIFIED.,.T.,.F.) 
B_SPLINE_CURVE_WITH_KNOTS((1,2,2,2,2,1),(-2.094395102393,0.,
    2.094395102393,4.188790204786,6.28318530718,8.377580409573),
.UNSPECIFIED.) CURVE() GEOMETRIC_REPRESENTATION_ITEM() 
RATIONAL_B_SPLINE_CURVE((1.,0.5,1.,0.5,1.,0.5,1.)) REPRESENTATION_ITEM(
  '') );
#15392 = CARTESIAN_POINT('',(-19.99997105933,-16.25000000033));
#15393 = CARTESIAN_POINT('',(-26.49536209973,-16.24984961559));
#15394 = CARTESIAN_POINT('',(-23.24753634253,-10.62475115946));
#15395 = CARTESIAN_POINT('',(-19.99971058533,-4.999652703339));
#15396 = CARTESIAN_POINT('',(-16.75214530213,-10.6249015442));
#15397 = CARTESIAN_POINT('',(-13.50458001894,-16.25015038507));
#15398 = CARTESIAN_POINT('',(-19.99997105933,-16.25000000033));
#15399 = ( GEOMETRIC_REPRESENTATION_CONTEXT(2) 
PARAMETRIC_REPRESENTATION_CONTEXT() REPRESENTATION_CONTEXT('2D SPACE',''
  ) );
#15400 = ORIENTED_EDGE('',*,*,#15401,.F.);
#15401 = EDGE_CURVE('',#15402,#15370,#15404,.T.);
#15402 = VERTEX_POINT('',#15403);
#15403 = CARTESIAN_POINT('',(100.00002894066,-108.7500000003,15.));
#15404 = SURFACE_CURVE('',#15405,(#15410,#15421),.PCURVE_S1.);
#15405 = CIRCLE('',#15406,3.75011576667);
#15406 = AXIS2_PLACEMENT_3D('',#15407,#15408,#15409);
#15407 = CARTESIAN_POINT('',(100.00011576533,-104.9998842346,15.));
#15408 = DIRECTION('',(0.,0.,-1.));
#15409 = DIRECTION('',(-2.31525299844E-05,-0.999999999732,-0.));
#15410 = PCURVE('',#14050,#15411);
#15411 = DEFINITIONAL_REPRESENTATION('',(#15412),#15420);
#15412 = ( BOUNDED_CURVE() B_SPLINE_CURVE(2,(#15413,#15414,#15415,#15416
    ,#15417,#15418,#15419),.UNSPECIFIED.,.T.,.F.) 
B_SPLINE_CURVE_WITH_KNOTS((1,2,2,2,2,1),(-2.094395102393,0.,
    2.094395102393,4.188790204786,6.28318530718,8.377580409573),
.UNSPECIFIED.) CURVE() GEOMETRIC_REPRESENTATION_ITEM() 
RATIONAL_B_SPLINE_CURVE((1.,0.5,1.,0.5,1.,0.5,1.)) REPRESENTATION_ITEM(
  '') );
#15413 = CARTESIAN_POINT('',(-19.99997105933,-16.25000000033));
#15414 = CARTESIAN_POINT('',(-26.49536209973,-16.24984961559));
#15415 = CARTESIAN_POINT('',(-23.24753634253,-10.62475115946));
#15416 = CARTESIAN_POINT('',(-19.99971058533,-4.999652703339));
#15417 = CARTESIAN_POINT('',(-16.75214530213,-10.6249015442));
#15418 = CARTESIAN_POINT('',(-13.50458001894,-16.25015038507));
#15419 = CARTESIAN_POINT('',(-19.99997105933,-16.25000000033));
#15420 = ( GEOMETRIC_REPRESENTATION_CONTEXT(2) 
PARAMETRIC_REPRESENTATION_CONTEXT() REPRESENTATION_CONTEXT('2D SPACE',''
  ) );
#15421 = PCURVE('',#15422,#15427);
#15422 = PLANE('',#15423);
#15423 = AXIS2_PLACEMENT_3D('',#15424,#15425,#15426);
#15424 = CARTESIAN_POINT('',(120.,-92.5,15.));
#15425 = DIRECTION('',(0.,0.,1.));
#15426 = DIRECTION('',(1.,0.,-0.));
#15427 = DEFINITIONAL_REPRESENTATION('',(#15428),#15436);
#15428 = ( BOUNDED_CURVE() B_SPLINE_CURVE(2,(#15429,#15430,#15431,#15432
    ,#15433,#15434,#15435),.UNSPECIFIED.,.T.,.F.) 
B_SPLINE_CURVE_WITH_KNOTS((1,2,2,2,2,1),(-2.094395102393,0.,
    2.094395102393,4.188790204786,6.28318530718,8.377580409573),
.UNSPECIFIED.) CURVE() GEOMETRIC_REPRESENTATION_ITEM() 
RATIONAL_B_SPLINE_CURVE((1.,0.5,1.,0.5,1.,0.5,1.)) REPRESENTATION_ITEM(
  '') );
#15429 = CARTESIAN_POINT('',(-19.99997105933,-16.25000000033));
#15430 = CARTESIAN_POINT('',(-26.49536209973,-16.24984961559));
#15431 = CARTESIAN_POINT('',(-23.24753634253,-10.62475115946));
#15432 = CARTESIAN_POINT('',(-19.99971058533,-4.999652703339));
#15433 = CARTESIAN_POINT('',(-16.75214530213,-10.6249015442));
#15434 = CARTESIAN_POINT('',(-13.50458001894,-16.25015038507));
#15435 = CARTESIAN_POINT('',(-19.99997105933,-16.25000000033));
#15436 = ( GEOMETRIC_REPRESENTATION_CONTEXT(2) 
PARAMETRIC_REPRESENTATION_CONTEXT() REPRESENTATION_CONTEXT('2D SPACE',''
  ) );
#15437 = ORIENTED_EDGE('',*,*,#15438,.F.);
#15438 = EDGE_CURVE('',#15439,#15402,#15441,.T.);
#15439 = VERTEX_POINT('',#15440);
#15440 = CARTESIAN_POINT('',(139.99997105933,-108.7500000003,15.));
#15441 = SURFACE_CURVE('',#15442,(#15446,#15453),.PCURVE_S1.);
#15442 = LINE('',#15443,#15444);
#15443 = CARTESIAN_POINT('',(140.,-108.75,15.));
#15444 = VECTOR('',#15445,1.);
#15445 = DIRECTION('',(-1.,0.,0.));
#15446 = PCURVE('',#14050,#15447);
#15447 = DEFINITIONAL_REPRESENTATION('',(#15448),#15452);
#15448 = LINE('',#15449,#15450);
#15449 = CARTESIAN_POINT('',(20.,-16.25));
#15450 = VECTOR('',#15451,1.);
#15451 = DIRECTION('',(-1.,0.));
#15452 = ( GEOMETRIC_REPRESENTATION_CONTEXT(2) 
PARAMETRIC_REPRESENTATION_CONTEXT() REPRESENTATION_CONTEXT('2D SPACE',''
  ) );
#15453 = PCURVE('',#15125,#15454);
#15454 = DEFINITIONAL_REPRESENTATION('',(#15455),#15459);
#15455 = LINE('',#15456,#15457);
#15456 = CARTESIAN_POINT('',(20.,-16.25));
#15457 = VECTOR('',#15458,1.);
#15458 = DIRECTION('',(-1.,0.));
#15459 = ( GEOMETRIC_REPRESENTATION_CONTEXT(2) 
PARAMETRIC_REPRESENTATION_CONTEXT() REPRESENTATION_CONTEXT('2D SPACE',''
  ) );
#15460 = ORIENTED_EDGE('',*,*,#15461,.F.);
#15461 = EDGE_CURVE('',#15462,#15439,#15464,.T.);
#15462 = VERTEX_POINT('',#15463);
#15463 = CARTESIAN_POINT('',(140.,-108.75,15.));
#15464 = SURFACE_CURVE('',#15465,(#15469,#15476),.PCURVE_S1.);
#15465 = LINE('',#15466,#15467);
#15466 = CARTESIAN_POINT('',(140.,-108.75,15.));
#15467 = VECTOR('',#15468,1.);
#15468 = DIRECTION('',(-1.,0.,0.));
#15469 = PCURVE('',#14050,#15470);
#15470 = DEFINITIONAL_REPRESENTATION('',(#15471),#15475);
#15471 = LINE('',#15472,#15473);
#15472 = CARTESIAN_POINT('',(20.,-16.25));
#15473 = VECTOR('',#15474,1.);
#15474 = DIRECTION('',(-1.,0.));
#15475 = ( GEOMETRIC_REPRESENTATION_CONTEXT(2) 
PARAMETRIC_REPRESENTATION_CONTEXT() REPRESENTATION_CONTEXT('2D SPACE',''
  ) );
#15476 = PCURVE('',#15477,#15482);
#15477 = PLANE('',#15478);
#15478 = AXIS2_PLACEMENT_3D('',#15479,#15480,#15481);
#15479 = CARTESIAN_POINT('',(120.,-92.5,15.));
#15480 = DIRECTION('',(0.,0.,1.));
#15481 = DIRECTION('',(1.,0.,-0.));
#15482 = DEFINITIONAL_REPRESENTATION('',(#15483),#15487);
#15483 = LINE('',#15484,#15485);
#15484 = CARTESIAN_POINT('',(20.,-16.25));
#15485 = VECTOR('',#15486,1.);
#15486 = DIRECTION('',(-1.,0.));
#15487 = ( GEOMETRIC_REPRESENTATION_CONTEXT(2) 
PARAMETRIC_REPRESENTATION_CONTEXT() REPRESENTATION_CONTEXT('2D SPACE',''
  ) );
#15488 = ORIENTED_EDGE('',*,*,#15489,.F.);
#15489 = EDGE_CURVE('',#15490,#15462,#15492,.T.);
#15490 = VERTEX_POINT('',#15491);
#15491 = CARTESIAN_POINT('',(143.75,-105.,15.));
#15492 = SURFACE_CURVE('',#15493,(#15498,#15509),.PCURVE_S1.);
#15493 = CIRCLE('',#15494,3.75011576667);
#15494 = AXIS2_PLACEMENT_3D('',#15495,#15496,#15497);
#15495 = CARTESIAN_POINT('',(139.99988423467,-104.9998842346,15.));
#15496 = DIRECTION('',(0.,0.,-1.));
#15497 = DIRECTION('',(0.999999999732,-2.315252988588E-05,0.));
#15498 = PCURVE('',#14050,#15499);
#15499 = DEFINITIONAL_REPRESENTATION('',(#15500),#15508);
#15500 = ( BOUNDED_CURVE() B_SPLINE_CURVE(2,(#15501,#15502,#15503,#15504
    ,#15505,#15506,#15507),.UNSPECIFIED.,.T.,.F.) 
B_SPLINE_CURVE_WITH_KNOTS((1,2,2,2,2,1),(-2.094395102393,0.,
    2.094395102393,4.188790204786,6.28318530718,8.377580409573),
.UNSPECIFIED.) CURVE() GEOMETRIC_REPRESENTATION_ITEM() 
RATIONAL_B_SPLINE_CURVE((1.,0.5,1.,0.5,1.,0.5,1.)) REPRESENTATION_ITEM(
  '') );
#15501 = CARTESIAN_POINT('',(23.750000000335,-12.49997105933));
#15502 = CARTESIAN_POINT('',(23.7498496156,-18.99536209973));
#15503 = CARTESIAN_POINT('',(18.12475115947,-15.74753634253));
#15504 = CARTESIAN_POINT('',(12.499652703341,-12.49971058533));
#15505 = CARTESIAN_POINT('',(18.124901544206,-9.252145302138));
#15506 = CARTESIAN_POINT('',(23.75015038507,-6.004580018941));
#15507 = CARTESIAN_POINT('',(23.750000000335,-12.49997105933));
#15508 = ( GEOMETRIC_REPRESENTATION_CONTEXT(2) 
PARAMETRIC_REPRESENTATION_CONTEXT() REPRESENTATION_CONTEXT('2D SPACE',''
  ) );
#15509 = PCURVE('',#15043,#15510);
#15510 = DEFINITIONAL_REPRESENTATION('',(#15511),#15519);
#15511 = ( BOUNDED_CURVE() B_SPLINE_CURVE(2,(#15512,#15513,#15514,#15515
    ,#15516,#15517,#15518),.UNSPECIFIED.,.T.,.F.) 
B_SPLINE_CURVE_WITH_KNOTS((1,2,2,2,2,1),(-2.094395102393,0.,
    2.094395102393,4.188790204786,6.28318530718,8.377580409573),
.UNSPECIFIED.) CURVE() GEOMETRIC_REPRESENTATION_ITEM() 
RATIONAL_B_SPLINE_CURVE((1.,0.5,1.,0.5,1.,0.5,1.)) REPRESENTATION_ITEM(
  '') );
#15512 = CARTESIAN_POINT('',(23.750000000335,-12.49997105933));
#15513 = CARTESIAN_POINT('',(23.7498496156,-18.99536209973));
#15514 = CARTESIAN_POINT('',(18.12475115947,-15.74753634253));
#15515 = CARTESIAN_POINT('',(12.499652703341,-12.49971058533));
#15516 = CARTESIAN_POINT('',(18.124901544206,-9.252145302138));
#15517 = CARTESIAN_POINT('',(23.75015038507,-6.004580018941));
#15518 = CARTESIAN_POINT('',(23.750000000335,-12.49997105933));
#15519 = ( GEOMETRIC_REPRESENTATION_CONTEXT(2) 
PARAMETRIC_REPRESENTATION_CONTEXT() REPRESENTATION_CONTEXT('2D SPACE',''
  ) );
#15520 = ORIENTED_EDGE('',*,*,#15521,.F.);
#15521 = EDGE_CURVE('',#15522,#15490,#15524,.T.);
#15522 = VERTEX_POINT('',#15523);
#15523 = CARTESIAN_POINT('',(143.75000000033,-104.9999710593,15.));
#15524 = SURFACE_CURVE('',#15525,(#15530,#15537),.PCURVE_S1.);
#15525 = CIRCLE('',#15526,1.25);
#15526 = AXIS2_PLACEMENT_3D('',#15527,#15528,#15529);
#15527 = CARTESIAN_POINT('',(145.,-105.,15.));
#15528 = DIRECTION('',(0.,0.,1.));
#15529 = DIRECTION('',(1.,0.,-0.));
#15530 = PCURVE('',#14050,#15531);
#15531 = DEFINITIONAL_REPRESENTATION('',(#15532),#15536);
#15532 = CIRCLE('',#15533,1.25);
#15533 = AXIS2_PLACEMENT_2D('',#15534,#15535);
#15534 = CARTESIAN_POINT('',(25.,-12.5));
#15535 = DIRECTION('',(1.,0.));
#15536 = ( GEOMETRIC_REPRESENTATION_CONTEXT(2) 
PARAMETRIC_REPRESENTATION_CONTEXT() REPRESENTATION_CONTEXT('2D SPACE',''
  ) );
#15537 = PCURVE('',#15538,#15543);
#15538 = PLANE('',#15539);
#15539 = AXIS2_PLACEMENT_3D('',#15540,#15541,#15542);
#15540 = CARTESIAN_POINT('',(120.,-92.5,15.));
#15541 = DIRECTION('',(0.,0.,1.));
#15542 = DIRECTION('',(1.,0.,-0.));
#15543 = DEFINITIONAL_REPRESENTATION('',(#15544),#15548);
#15544 = CIRCLE('',#15545,1.25);
#15545 = AXIS2_PLACEMENT_2D('',#15546,#15547);
#15546 = CARTESIAN_POINT('',(25.,-12.5));
#15547 = DIRECTION('',(1.,0.));
#15548 = ( GEOMETRIC_REPRESENTATION_CONTEXT(2) 
PARAMETRIC_REPRESENTATION_CONTEXT() REPRESENTATION_CONTEXT('2D SPACE',''
  ) );
#15549 = ORIENTED_EDGE('',*,*,#15550,.F.);
#15550 = EDGE_CURVE('',#15551,#15522,#15553,.T.);
#15551 = VERTEX_POINT('',#15552);
#15552 = CARTESIAN_POINT('',(143.75000000033,-80.00002894066,15.));
#15553 = SURFACE_CURVE('',#15554,(#15558,#15565),.PCURVE_S1.);
#15554 = LINE('',#15555,#15556);
#15555 = CARTESIAN_POINT('',(143.75,-80.,15.));
#15556 = VECTOR('',#15557,1.);
#15557 = DIRECTION('',(0.,-1.,0.));
#15558 = PCURVE('',#14050,#15559);
#15559 = DEFINITIONAL_REPRESENTATION('',(#15560),#15564);
#15560 = LINE('',#15561,#15562);
#15561 = CARTESIAN_POINT('',(23.75,12.5));
#15562 = VECTOR('',#15563,1.);
#15563 = DIRECTION('',(0.,-1.));
#15564 = ( GEOMETRIC_REPRESENTATION_CONTEXT(2) 
PARAMETRIC_REPRESENTATION_CONTEXT() REPRESENTATION_CONTEXT('2D SPACE',''
  ) );
#15565 = PCURVE('',#14685,#15566);
#15566 = DEFINITIONAL_REPRESENTATION('',(#15567),#15571);
#15567 = LINE('',#15568,#15569);
#15568 = CARTESIAN_POINT('',(23.75,12.5));
#15569 = VECTOR('',#15570,1.);
#15570 = DIRECTION('',(0.,-1.));
#15571 = ( GEOMETRIC_REPRESENTATION_CONTEXT(2) 
PARAMETRIC_REPRESENTATION_CONTEXT() REPRESENTATION_CONTEXT('2D SPACE',''
  ) );
#15572 = ORIENTED_EDGE('',*,*,#15573,.F.);
#15573 = EDGE_CURVE('',#15574,#15551,#15576,.T.);
#15574 = VERTEX_POINT('',#15575);
#15575 = CARTESIAN_POINT('',(143.75,-80.,15.));
#15576 = SURFACE_CURVE('',#15577,(#15581,#15588),.PCURVE_S1.);
#15577 = LINE('',#15578,#15579);
#15578 = CARTESIAN_POINT('',(143.75,-80.,15.));
#15579 = VECTOR('',#15580,1.);
#15580 = DIRECTION('',(0.,-1.,0.));
#15581 = PCURVE('',#14050,#15582);
#15582 = DEFINITIONAL_REPRESENTATION('',(#15583),#15587);
#15583 = LINE('',#15584,#15585);
#15584 = CARTESIAN_POINT('',(23.75,12.5));
#15585 = VECTOR('',#15586,1.);
#15586 = DIRECTION('',(0.,-1.));
#15587 = ( GEOMETRIC_REPRESENTATION_CONTEXT(2) 
PARAMETRIC_REPRESENTATION_CONTEXT() REPRESENTATION_CONTEXT('2D SPACE',''
  ) );
#15588 = PCURVE('',#15589,#15594);
#15589 = PLANE('',#15590);
#15590 = AXIS2_PLACEMENT_3D('',#15591,#15592,#15593);
#15591 = CARTESIAN_POINT('',(120.,-92.5,15.));
#15592 = DIRECTION('',(0.,0.,1.));
#15593 = DIRECTION('',(1.,0.,-0.));
#15594 = DEFINITIONAL_REPRESENTATION('',(#15595),#15599);
#15595 = LINE('',#15596,#15597);
#15596 = CARTESIAN_POINT('',(23.75,12.5));
#15597 = VECTOR('',#15598,1.);
#15598 = DIRECTION('',(0.,-1.));
#15599 = ( GEOMETRIC_REPRESENTATION_CONTEXT(2) 
PARAMETRIC_REPRESENTATION_CONTEXT() REPRESENTATION_CONTEXT('2D SPACE',''
  ) );
#15600 = ORIENTED_EDGE('',*,*,#15601,.F.);
#15601 = EDGE_CURVE('',#15602,#15574,#15604,.T.);
#15602 = VERTEX_POINT('',#15603);
#15603 = CARTESIAN_POINT('',(140.,-76.25,15.));
#15604 = SURFACE_CURVE('',#15605,(#15610,#15621),.PCURVE_S1.);
#15605 = CIRCLE('',#15606,3.750115766671);
#15606 = AXIS2_PLACEMENT_3D('',#15607,#15608,#15609);
#15607 = CARTESIAN_POINT('',(139.99988423466,-80.00011576533,15.));
#15608 = DIRECTION('',(0.,0.,-1.));
#15609 = DIRECTION('',(2.315253013597E-05,0.999999999732,0.));
#15610 = PCURVE('',#14050,#15611);
#15611 = DEFINITIONAL_REPRESENTATION('',(#15612),#15620);
#15612 = ( BOUNDED_CURVE() B_SPLINE_CURVE(2,(#15613,#15614,#15615,#15616
    ,#15617,#15618,#15619),.UNSPECIFIED.,.T.,.F.) 
B_SPLINE_CURVE_WITH_KNOTS((1,2,2,2,2,1),(-2.094395102393,0.,
    2.094395102393,4.188790204786,6.28318530718,8.377580409573),
.UNSPECIFIED.) CURVE() GEOMETRIC_REPRESENTATION_ITEM() 
RATIONAL_B_SPLINE_CURVE((1.,0.5,1.,0.5,1.,0.5,1.)) REPRESENTATION_ITEM(
  '') );
#15613 = CARTESIAN_POINT('',(19.999971059337,16.250000000335));
#15614 = CARTESIAN_POINT('',(26.495362099736,16.249849615598));
#15615 = CARTESIAN_POINT('',(23.247536342534,10.624751159467));
#15616 = CARTESIAN_POINT('',(19.999710585332,4.999652703336));
#15617 = CARTESIAN_POINT('',(16.752145302136,10.624901544204));
#15618 = CARTESIAN_POINT('',(13.504580018939,16.250150385071));
#15619 = CARTESIAN_POINT('',(19.999971059337,16.250000000335));
#15620 = ( GEOMETRIC_REPRESENTATION_CONTEXT(2) 
PARAMETRIC_REPRESENTATION_CONTEXT() REPRESENTATION_CONTEXT('2D SPACE',''
  ) );
#15621 = PCURVE('',#14428,#15622);
#15622 = DEFINITIONAL_REPRESENTATION('',(#15623),#15631);
#15623 = ( BOUNDED_CURVE() B_SPLINE_CURVE(2,(#15624,#15625,#15626,#15627
    ,#15628,#15629,#15630),.UNSPECIFIED.,.T.,.F.) 
B_SPLINE_CURVE_WITH_KNOTS((1,2,2,2,2,1),(-2.094395102393,0.,
    2.094395102393,4.188790204786,6.28318530718,8.377580409573),
.UNSPECIFIED.) CURVE() GEOMETRIC_REPRESENTATION_ITEM() 
RATIONAL_B_SPLINE_CURVE((1.,0.5,1.,0.5,1.,0.5,1.)) REPRESENTATION_ITEM(
  '') );
#15624 = CARTESIAN_POINT('',(19.999971059337,16.250000000335));
#15625 = CARTESIAN_POINT('',(26.495362099736,16.249849615598));
#15626 = CARTESIAN_POINT('',(23.247536342534,10.624751159467));
#15627 = CARTESIAN_POINT('',(19.999710585332,4.999652703336));
#15628 = CARTESIAN_POINT('',(16.752145302136,10.624901544204));
#15629 = CARTESIAN_POINT('',(13.504580018939,16.250150385071));
#15630 = CARTESIAN_POINT('',(19.999971059337,16.250000000335));
#15631 = ( GEOMETRIC_REPRESENTATION_CONTEXT(2) 
PARAMETRIC_REPRESENTATION_CONTEXT() REPRESENTATION_CONTEXT('2D SPACE',''
  ) );
#15632 = ORIENTED_EDGE('',*,*,#15633,.F.);
#15633 = EDGE_CURVE('',#15244,#15602,#15634,.T.);
#15634 = SURFACE_CURVE('',#15635,(#15640,#15651),.PCURVE_S1.);
#15635 = CIRCLE('',#15636,3.750115766671);
#15636 = AXIS2_PLACEMENT_3D('',#15637,#15638,#15639);
#15637 = CARTESIAN_POINT('',(139.99988423466,-80.00011576533,15.));
#15638 = DIRECTION('',(0.,0.,-1.));
#15639 = DIRECTION('',(2.315253013597E-05,0.999999999732,0.));
#15640 = PCURVE('',#14050,#15641);
#15641 = DEFINITIONAL_REPRESENTATION('',(#15642),#15650);
#15642 = ( BOUNDED_CURVE() B_SPLINE_CURVE(2,(#15643,#15644,#15645,#15646
    ,#15647,#15648,#15649),.UNSPECIFIED.,.T.,.F.) 
B_SPLINE_CURVE_WITH_KNOTS((1,2,2,2,2,1),(-2.094395102393,0.,
    2.094395102393,4.188790204786,6.28318530718,8.377580409573),
.UNSPECIFIED.) CURVE() GEOMETRIC_REPRESENTATION_ITEM() 
RATIONAL_B_SPLINE_CURVE((1.,0.5,1.,0.5,1.,0.5,1.)) REPRESENTATION_ITEM(
  '') );
#15643 = CARTESIAN_POINT('',(19.999971059337,16.250000000335));
#15644 = CARTESIAN_POINT('',(26.495362099736,16.249849615598));
#15645 = CARTESIAN_POINT('',(23.247536342534,10.624751159467));
#15646 = CARTESIAN_POINT('',(19.999710585332,4.999652703336));
#15647 = CARTESIAN_POINT('',(16.752145302136,10.624901544204));
#15648 = CARTESIAN_POINT('',(13.504580018939,16.250150385071));
#15649 = CARTESIAN_POINT('',(19.999971059337,16.250000000335));
#15650 = ( GEOMETRIC_REPRESENTATION_CONTEXT(2) 
PARAMETRIC_REPRESENTATION_CONTEXT() REPRESENTATION_CONTEXT('2D SPACE',''
  ) );
#15651 = PCURVE('',#15652,#15657);
#15652 = PLANE('',#15653);
#15653 = AXIS2_PLACEMENT_3D('',#15654,#15655,#15656);
#15654 = CARTESIAN_POINT('',(120.,-92.5,15.));
#15655 = DIRECTION('',(0.,0.,1.));
#15656 = DIRECTION('',(1.,0.,-0.));
#15657 = DEFINITIONAL_REPRESENTATION('',(#15658),#15666);
#15658 = ( BOUNDED_CURVE() B_SPLINE_CURVE(2,(#15659,#15660,#15661,#15662
    ,#15663,#15664,#15665),.UNSPECIFIED.,.T.,.F.) 
B_SPLINE_CURVE_WITH_KNOTS((1,2,2,2,2,1),(-2.094395102393,0.,
    2.094395102393,4.188790204786,6.28318530718,8.377580409573),
.UNSPECIFIED.) CURVE() GEOMETRIC_REPRESENTATION_ITEM() 
RATIONAL_B_SPLINE_CURVE((1.,0.5,1.,0.5,1.,0.5,1.)) REPRESENTATION_ITEM(
  '') );
#15659 = CARTESIAN_POINT('',(19.999971059337,16.250000000335));
#15660 = CARTESIAN_POINT('',(26.495362099736,16.249849615598));
#15661 = CARTESIAN_POINT('',(23.247536342534,10.624751159467));
#15662 = CARTESIAN_POINT('',(19.999710585332,4.999652703336));
#15663 = CARTESIAN_POINT('',(16.752145302136,10.624901544204));
#15664 = CARTESIAN_POINT('',(13.504580018939,16.250150385071));
#15665 = CARTESIAN_POINT('',(19.999971059337,16.250000000335));
#15666 = ( GEOMETRIC_REPRESENTATION_CONTEXT(2) 
PARAMETRIC_REPRESENTATION_CONTEXT() REPRESENTATION_CONTEXT('2D SPACE',''
  ) );
#15667 = ADVANCED_FACE('',(#15668),#14019,.T.);
#15668 = FACE_BOUND('',#15669,.T.);
#15669 = EDGE_LOOP('',(#15670,#15671,#15672));
#15670 = ORIENTED_EDGE('',*,*,#14002,.T.);
#15671 = ORIENTED_EDGE('',*,*,#14070,.T.);
#15672 = ORIENTED_EDGE('',*,*,#15673,.F.);
#15673 = EDGE_CURVE('',#14003,#13892,#15674,.T.);
#15674 = SURFACE_CURVE('',#15675,(#15679,#15686),.PCURVE_S1.);
#15675 = LINE('',#15676,#15677);
#15676 = CARTESIAN_POINT('',(96.25,-80.,15.));
#15677 = VECTOR('',#15678,1.);
#15678 = DIRECTION('',(-1.,0.,0.));
#15679 = PCURVE('',#14019,#15680);
#15680 = DEFINITIONAL_REPRESENTATION('',(#15681),#15685);
#15681 = LINE('',#15682,#15683);
#15682 = CARTESIAN_POINT('',(-23.75,12.5));
#15683 = VECTOR('',#15684,1.);
#15684 = DIRECTION('',(-1.,0.));
#15685 = ( GEOMETRIC_REPRESENTATION_CONTEXT(2) 
PARAMETRIC_REPRESENTATION_CONTEXT() REPRESENTATION_CONTEXT('2D SPACE',''
  ) );
#15686 = PCURVE('',#15306,#15687);
#15687 = DEFINITIONAL_REPRESENTATION('',(#15688),#15692);
#15688 = LINE('',#15689,#15690);
#15689 = CARTESIAN_POINT('',(-23.75,12.5));
#15690 = VECTOR('',#15691,1.);
#15691 = DIRECTION('',(-1.,0.));
#15692 = ( GEOMETRIC_REPRESENTATION_CONTEXT(2) 
PARAMETRIC_REPRESENTATION_CONTEXT() REPRESENTATION_CONTEXT('2D SPACE',''
  ) );
#15693 = ADVANCED_FACE('',(#15694),#14113,.T.);
#15694 = FACE_BOUND('',#15695,.T.);
#15695 = EDGE_LOOP('',(#15696,#15697,#15718));
#15696 = ORIENTED_EDGE('',*,*,#14097,.T.);
#15697 = ORIENTED_EDGE('',*,*,#15698,.F.);
#15698 = EDGE_CURVE('',#15242,#12550,#15699,.T.);
#15699 = SURFACE_CURVE('',#15700,(#15704,#15711),.PCURVE_S1.);
#15700 = LINE('',#15701,#15702);
#15701 = CARTESIAN_POINT('',(100.00002894066,-76.24999999966,15.));
#15702 = VECTOR('',#15703,1.);
#15703 = DIRECTION('',(-2.315253009328E-05,0.999999999732,0.));
#15704 = PCURVE('',#14113,#15705);
#15705 = DEFINITIONAL_REPRESENTATION('',(#15706),#15710);
#15706 = LINE('',#15707,#15708);
#15707 = CARTESIAN_POINT('',(-19.99997105933,16.250000000335));
#15708 = VECTOR('',#15709,1.);
#15709 = DIRECTION('',(-2.315253009328E-05,0.999999999732));
#15710 = ( GEOMETRIC_REPRESENTATION_CONTEXT(2) 
PARAMETRIC_REPRESENTATION_CONTEXT() REPRESENTATION_CONTEXT('2D SPACE',''
  ) );
#15711 = PCURVE('',#15224,#15712);
#15712 = DEFINITIONAL_REPRESENTATION('',(#15713),#15717);
#15713 = LINE('',#15714,#15715);
#15714 = CARTESIAN_POINT('',(-19.99997105933,16.250000000335));
#15715 = VECTOR('',#15716,1.);
#15716 = DIRECTION('',(-2.315253009328E-05,0.999999999732));
#15717 = ( GEOMETRIC_REPRESENTATION_CONTEXT(2) 
PARAMETRIC_REPRESENTATION_CONTEXT() REPRESENTATION_CONTEXT('2D SPACE',''
  ) );
#15718 = ORIENTED_EDGE('',*,*,#15719,.T.);
#15719 = EDGE_CURVE('',#15242,#14098,#15720,.T.);
#15720 = SURFACE_CURVE('',#15721,(#15726,#15733),.PCURVE_S1.);
#15721 = CIRCLE('',#15722,1.25);
#15722 = AXIS2_PLACEMENT_3D('',#15723,#15724,#15725);
#15723 = CARTESIAN_POINT('',(100.,-75.,15.));
#15724 = DIRECTION('',(0.,0.,1.));
#15725 = DIRECTION('',(-1.,0.,-0.));
#15726 = PCURVE('',#14113,#15727);
#15727 = DEFINITIONAL_REPRESENTATION('',(#15728),#15732);
#15728 = CIRCLE('',#15729,1.25);
#15729 = AXIS2_PLACEMENT_2D('',#15730,#15731);
#15730 = CARTESIAN_POINT('',(-20.,17.5));
#15731 = DIRECTION('',(-1.,0.));
#15732 = ( GEOMETRIC_REPRESENTATION_CONTEXT(2) 
PARAMETRIC_REPRESENTATION_CONTEXT() REPRESENTATION_CONTEXT('2D SPACE',''
  ) );
#15733 = PCURVE('',#14221,#15734);
#15734 = DEFINITIONAL_REPRESENTATION('',(#15735),#15739);
#15735 = CIRCLE('',#15736,1.25);
#15736 = AXIS2_PLACEMENT_2D('',#15737,#15738);
#15737 = CARTESIAN_POINT('',(-20.,17.5));
#15738 = DIRECTION('',(-1.,0.));
#15739 = ( GEOMETRIC_REPRESENTATION_CONTEXT(2) 
PARAMETRIC_REPRESENTATION_CONTEXT() REPRESENTATION_CONTEXT('2D SPACE',''
  ) );
#15740 = ADVANCED_FACE('',(#15741),#14188,.T.);
#15741 = FACE_BOUND('',#15742,.T.);
#15742 = EDGE_LOOP('',(#15743,#15766,#15767));
#15743 = ORIENTED_EDGE('',*,*,#15744,.F.);
#15744 = EDGE_CURVE('',#12779,#15745,#15747,.T.);
#15745 = VERTEX_POINT('',#15746);
#15746 = CARTESIAN_POINT('',(140.00000000001,-74.99999874499,15.));
#15747 = SURFACE_CURVE('',#15748,(#15752,#15759),.PCURVE_S1.);
#15748 = LINE('',#15749,#15750);
#15749 = CARTESIAN_POINT('',(140.00002894066,-73.75000000033,15.));
#15750 = VECTOR('',#15751,1.);
#15751 = DIRECTION('',(-2.315253013876E-05,-0.999999999732,0.));
#15752 = PCURVE('',#14188,#15753);
#15753 = DEFINITIONAL_REPRESENTATION('',(#15754),#15758);
#15754 = LINE('',#15755,#15756);
#15755 = CARTESIAN_POINT('',(2.894066267345E-05,1.249999999664));
#15756 = VECTOR('',#15757,1.);
#15757 = DIRECTION('',(-2.315253013876E-05,-0.999999999732));
#15758 = ( GEOMETRIC_REPRESENTATION_CONTEXT(2) 
PARAMETRIC_REPRESENTATION_CONTEXT() REPRESENTATION_CONTEXT('2D SPACE',''
  ) );
#15759 = PCURVE('',#14377,#15760);
#15760 = DEFINITIONAL_REPRESENTATION('',(#15761),#15765);
#15761 = LINE('',#15762,#15763);
#15762 = CARTESIAN_POINT('',(2.894066267345E-05,1.249999999664));
#15763 = VECTOR('',#15764,1.);
#15764 = DIRECTION('',(-2.315253013876E-05,-0.999999999732));
#15765 = ( GEOMETRIC_REPRESENTATION_CONTEXT(2) 
PARAMETRIC_REPRESENTATION_CONTEXT() REPRESENTATION_CONTEXT('2D SPACE',''
  ) );
#15766 = ORIENTED_EDGE('',*,*,#14173,.T.);
#15767 = ORIENTED_EDGE('',*,*,#15768,.F.);
#15768 = EDGE_CURVE('',#15745,#12603,#15769,.T.);
#15769 = SURFACE_CURVE('',#15770,(#15774,#15781),.PCURVE_S1.);
#15770 = LINE('',#15771,#15772);
#15771 = CARTESIAN_POINT('',(140.,-76.25,15.));
#15772 = VECTOR('',#15773,1.);
#15773 = DIRECTION('',(0.,1.,0.));
#15774 = PCURVE('',#14188,#15775);
#15775 = DEFINITIONAL_REPRESENTATION('',(#15776),#15780);
#15776 = LINE('',#15777,#15778);
#15777 = CARTESIAN_POINT('',(0.,-1.25));
#15778 = VECTOR('',#15779,1.);
#15779 = DIRECTION('',(0.,1.));
#15780 = ( GEOMETRIC_REPRESENTATION_CONTEXT(2) 
PARAMETRIC_REPRESENTATION_CONTEXT() REPRESENTATION_CONTEXT('2D SPACE',''
  ) );
#15781 = PCURVE('',#14248,#15782);
#15782 = DEFINITIONAL_REPRESENTATION('',(#15783),#15787);
#15783 = LINE('',#15784,#15785);
#15784 = CARTESIAN_POINT('',(0.,-1.25));
#15785 = VECTOR('',#15786,1.);
#15786 = DIRECTION('',(0.,1.));
#15787 = ( GEOMETRIC_REPRESENTATION_CONTEXT(2) 
PARAMETRIC_REPRESENTATION_CONTEXT() REPRESENTATION_CONTEXT('2D SPACE',''
  ) );
#15788 = ADVANCED_FACE('',(#15789),#14248,.T.);
#15789 = FACE_BOUND('',#15790,.T.);
#15790 = EDGE_LOOP('',(#15791,#15817,#15818));
#15791 = ORIENTED_EDGE('',*,*,#15792,.F.);
#15792 = EDGE_CURVE('',#15745,#14206,#15793,.T.);
#15793 = SURFACE_CURVE('',#15794,(#15798,#15805),.PCURVE_S1.);
#15794 = LINE('',#15795,#15796);
#15795 = CARTESIAN_POINT('',(140.,-75.,15.));
#15796 = VECTOR('',#15797,1.);
#15797 = DIRECTION('',(-1.,0.,0.));
#15798 = PCURVE('',#14248,#15799);
#15799 = DEFINITIONAL_REPRESENTATION('',(#15800),#15804);
#15800 = LINE('',#15801,#15802);
#15801 = CARTESIAN_POINT('',(0.,0.));
#15802 = VECTOR('',#15803,1.);
#15803 = DIRECTION('',(-1.,0.));
#15804 = ( GEOMETRIC_REPRESENTATION_CONTEXT(2) 
PARAMETRIC_REPRESENTATION_CONTEXT() REPRESENTATION_CONTEXT('2D SPACE',''
  ) );
#15805 = PCURVE('',#15806,#15811);
#15806 = PLANE('',#15807);
#15807 = AXIS2_PLACEMENT_3D('',#15808,#15809,#15810);
#15808 = CARTESIAN_POINT('',(120.,-92.5,15.));
#15809 = DIRECTION('',(0.,0.,1.));
#15810 = DIRECTION('',(1.,0.,-0.));
#15811 = DEFINITIONAL_REPRESENTATION('',(#15812),#15816);
#15812 = LINE('',#15813,#15814);
#15813 = CARTESIAN_POINT('',(20.,17.5));
#15814 = VECTOR('',#15815,1.);
#15815 = DIRECTION('',(-1.,0.));
#15816 = ( GEOMETRIC_REPRESENTATION_CONTEXT(2) 
PARAMETRIC_REPRESENTATION_CONTEXT() REPRESENTATION_CONTEXT('2D SPACE',''
  ) );
#15817 = ORIENTED_EDGE('',*,*,#15768,.T.);
#15818 = ORIENTED_EDGE('',*,*,#14233,.T.);
#15819 = ADVANCED_FACE('',(#15820),#14221,.T.);
#15820 = FACE_BOUND('',#15821,.T.);
#15821 = EDGE_LOOP('',(#15822,#15823,#15824,#15825));
#15822 = ORIENTED_EDGE('',*,*,#14205,.T.);
#15823 = ORIENTED_EDGE('',*,*,#15719,.F.);
#15824 = ORIENTED_EDGE('',*,*,#15241,.T.);
#15825 = ORIENTED_EDGE('',*,*,#15826,.F.);
#15826 = EDGE_CURVE('',#14206,#15244,#15827,.T.);
#15827 = SURFACE_CURVE('',#15828,(#15833,#15840),.PCURVE_S1.);
#15828 = CIRCLE('',#15829,1.25);
#15829 = AXIS2_PLACEMENT_3D('',#15830,#15831,#15832);
#15830 = CARTESIAN_POINT('',(140.,-75.,15.));
#15831 = DIRECTION('',(0.,0.,1.));
#15832 = DIRECTION('',(-1.,0.,-0.));
#15833 = PCURVE('',#14221,#15834);
#15834 = DEFINITIONAL_REPRESENTATION('',(#15835),#15839);
#15835 = CIRCLE('',#15836,1.25);
#15836 = AXIS2_PLACEMENT_2D('',#15837,#15838);
#15837 = CARTESIAN_POINT('',(20.,17.5));
#15838 = DIRECTION('',(-1.,0.));
#15839 = ( GEOMETRIC_REPRESENTATION_CONTEXT(2) 
PARAMETRIC_REPRESENTATION_CONTEXT() REPRESENTATION_CONTEXT('2D SPACE',''
  ) );
#15840 = PCURVE('',#15806,#15841);
#15841 = DEFINITIONAL_REPRESENTATION('',(#15842),#15846);
#15842 = CIRCLE('',#15843,1.25);
#15843 = AXIS2_PLACEMENT_2D('',#15844,#15845);
#15844 = CARTESIAN_POINT('',(20.,17.5));
#15845 = DIRECTION('',(-1.,0.));
#15846 = ( GEOMETRIC_REPRESENTATION_CONTEXT(2) 
PARAMETRIC_REPRESENTATION_CONTEXT() REPRESENTATION_CONTEXT('2D SPACE',''
  ) );
#15847 = ADVANCED_FACE('',(#15848),#14314,.T.);
#15848 = FACE_BOUND('',#15849,.T.);
#15849 = EDGE_LOOP('',(#15850,#15873,#15874));
#15850 = ORIENTED_EDGE('',*,*,#15851,.F.);
#15851 = EDGE_CURVE('',#12983,#15852,#15854,.T.);
#15852 = VERTEX_POINT('',#15853);
#15853 = CARTESIAN_POINT('',(145.,-80.,15.));
#15854 = SURFACE_CURVE('',#15855,(#15859,#15866),.PCURVE_S1.);
#15855 = LINE('',#15856,#15857);
#15856 = CARTESIAN_POINT('',(146.25,-80.,15.));
#15857 = VECTOR('',#15858,1.);
#15858 = DIRECTION('',(-1.,0.,0.));
#15859 = PCURVE('',#14314,#15860);
#15860 = DEFINITIONAL_REPRESENTATION('',(#15861),#15865);
#15861 = LINE('',#15862,#15863);
#15862 = CARTESIAN_POINT('',(1.25,0.));
#15863 = VECTOR('',#15864,1.);
#15864 = DIRECTION('',(-1.,0.));
#15865 = ( GEOMETRIC_REPRESENTATION_CONTEXT(2) 
PARAMETRIC_REPRESENTATION_CONTEXT() REPRESENTATION_CONTEXT('2D SPACE',''
  ) );
#15866 = PCURVE('',#14657,#15867);
#15867 = DEFINITIONAL_REPRESENTATION('',(#15868),#15872);
#15868 = LINE('',#15869,#15870);
#15869 = CARTESIAN_POINT('',(1.25,0.));
#15870 = VECTOR('',#15871,1.);
#15871 = DIRECTION('',(-1.,0.));
#15872 = ( GEOMETRIC_REPRESENTATION_CONTEXT(2) 
PARAMETRIC_REPRESENTATION_CONTEXT() REPRESENTATION_CONTEXT('2D SPACE',''
  ) );
#15873 = ORIENTED_EDGE('',*,*,#14299,.T.);
#15874 = ORIENTED_EDGE('',*,*,#15875,.F.);
#15875 = EDGE_CURVE('',#15852,#12751,#15876,.T.);
#15876 = SURFACE_CURVE('',#15877,(#15881,#15888),.PCURVE_S1.);
#15877 = LINE('',#15878,#15879);
#15878 = CARTESIAN_POINT('',(143.75000000033,-80.00002894066,15.));
#15879 = VECTOR('',#15880,1.);
#15880 = DIRECTION('',(0.999999999732,2.315253024108E-05,0.));
#15881 = PCURVE('',#14314,#15882);
#15882 = DEFINITIONAL_REPRESENTATION('',(#15883),#15887);
#15883 = LINE('',#15884,#15885);
#15884 = CARTESIAN_POINT('',(-1.249999999665,-2.894066280135E-05));
#15885 = VECTOR('',#15886,1.);
#15886 = DIRECTION('',(0.999999999732,2.315253024108E-05));
#15887 = ( GEOMETRIC_REPRESENTATION_CONTEXT(2) 
PARAMETRIC_REPRESENTATION_CONTEXT() REPRESENTATION_CONTEXT('2D SPACE',''
  ) );
#15888 = PCURVE('',#14347,#15889);
#15889 = DEFINITIONAL_REPRESENTATION('',(#15890),#15894);
#15890 = LINE('',#15891,#15892);
#15891 = CARTESIAN_POINT('',(-1.249999999665,-2.894066280135E-05));
#15892 = VECTOR('',#15893,1.);
#15893 = DIRECTION('',(0.999999999732,2.315253024108E-05));
#15894 = ( GEOMETRIC_REPRESENTATION_CONTEXT(2) 
PARAMETRIC_REPRESENTATION_CONTEXT() REPRESENTATION_CONTEXT('2D SPACE',''
  ) );
#15895 = ADVANCED_FACE('',(#15896),#14347,.T.);
#15896 = FACE_BOUND('',#15897,.T.);
#15897 = EDGE_LOOP('',(#15898,#15925,#15926));
#15898 = ORIENTED_EDGE('',*,*,#15899,.F.);
#15899 = EDGE_CURVE('',#15852,#14331,#15900,.T.);
#15900 = SURFACE_CURVE('',#15901,(#15906,#15913),.PCURVE_S1.);
#15901 = CIRCLE('',#15902,5.000115766671);
#15902 = AXIS2_PLACEMENT_3D('',#15903,#15904,#15905);
#15903 = CARTESIAN_POINT('',(139.99988423466,-80.00011576533,15.));
#15904 = DIRECTION('',(0.,0.,1.));
#15905 = DIRECTION('',(0.999999999732,2.315253008835E-05,-0.));
#15906 = PCURVE('',#14347,#15907);
#15907 = DEFINITIONAL_REPRESENTATION('',(#15908),#15912);
#15908 = CIRCLE('',#15909,5.000115766671);
#15909 = AXIS2_PLACEMENT_2D('',#15910,#15911);
#15910 = CARTESIAN_POINT('',(-5.000115765331,-1.157653307331E-04));
#15911 = DIRECTION('',(0.999999999732,2.315253008835E-05));
#15912 = ( GEOMETRIC_REPRESENTATION_CONTEXT(2) 
PARAMETRIC_REPRESENTATION_CONTEXT() REPRESENTATION_CONTEXT('2D SPACE',''
  ) );
#15913 = PCURVE('',#15914,#15919);
#15914 = PLANE('',#15915);
#15915 = AXIS2_PLACEMENT_3D('',#15916,#15917,#15918);
#15916 = CARTESIAN_POINT('',(120.,-92.5,15.));
#15917 = DIRECTION('',(0.,0.,1.));
#15918 = DIRECTION('',(1.,0.,-0.));
#15919 = DEFINITIONAL_REPRESENTATION('',(#15920),#15924);
#15920 = CIRCLE('',#15921,5.000115766671);
#15921 = AXIS2_PLACEMENT_2D('',#15922,#15923);
#15922 = CARTESIAN_POINT('',(19.999884234669,12.499884234669));
#15923 = DIRECTION('',(0.999999999732,2.315253008835E-05));
#15924 = ( GEOMETRIC_REPRESENTATION_CONTEXT(2) 
PARAMETRIC_REPRESENTATION_CONTEXT() REPRESENTATION_CONTEXT('2D SPACE',''
  ) );
#15925 = ORIENTED_EDGE('',*,*,#15875,.T.);
#15926 = ORIENTED_EDGE('',*,*,#14330,.T.);
#15927 = ADVANCED_FACE('',(#15928),#14428,.T.);
#15928 = FACE_BOUND('',#15929,.T.);
#15929 = EDGE_LOOP('',(#15930,#15957,#15958,#15980));
#15930 = ORIENTED_EDGE('',*,*,#15931,.F.);
#15931 = EDGE_CURVE('',#15602,#14390,#15932,.T.);
#15932 = SURFACE_CURVE('',#15933,(#15938,#15945),.PCURVE_S1.);
#15933 = CIRCLE('',#15934,1.25);
#15934 = AXIS2_PLACEMENT_3D('',#15935,#15936,#15937);
#15935 = CARTESIAN_POINT('',(140.,-75.,15.));
#15936 = DIRECTION('',(0.,0.,1.));
#15937 = DIRECTION('',(-1.,0.,-0.));
#15938 = PCURVE('',#14428,#15939);
#15939 = DEFINITIONAL_REPRESENTATION('',(#15940),#15944);
#15940 = CIRCLE('',#15941,1.25);
#15941 = AXIS2_PLACEMENT_2D('',#15942,#15943);
#15942 = CARTESIAN_POINT('',(20.,17.5));
#15943 = DIRECTION('',(-1.,0.));
#15944 = ( GEOMETRIC_REPRESENTATION_CONTEXT(2) 
PARAMETRIC_REPRESENTATION_CONTEXT() REPRESENTATION_CONTEXT('2D SPACE',''
  ) );
#15945 = PCURVE('',#15946,#15951);
#15946 = PLANE('',#15947);
#15947 = AXIS2_PLACEMENT_3D('',#15948,#15949,#15950);
#15948 = CARTESIAN_POINT('',(120.,-92.5,15.));
#15949 = DIRECTION('',(0.,0.,1.));
#15950 = DIRECTION('',(1.,0.,-0.));
#15951 = DEFINITIONAL_REPRESENTATION('',(#15952),#15956);
#15952 = CIRCLE('',#15953,1.25);
#15953 = AXIS2_PLACEMENT_2D('',#15954,#15955);
#15954 = CARTESIAN_POINT('',(20.,17.5));
#15955 = DIRECTION('',(-1.,0.));
#15956 = ( GEOMETRIC_REPRESENTATION_CONTEXT(2) 
PARAMETRIC_REPRESENTATION_CONTEXT() REPRESENTATION_CONTEXT('2D SPACE',''
  ) );
#15957 = ORIENTED_EDGE('',*,*,#15601,.T.);
#15958 = ORIENTED_EDGE('',*,*,#15959,.F.);
#15959 = EDGE_CURVE('',#14331,#15574,#15960,.T.);
#15960 = SURFACE_CURVE('',#15961,(#15966,#15973),.PCURVE_S1.);
#15961 = CIRCLE('',#15962,1.25);
#15962 = AXIS2_PLACEMENT_3D('',#15963,#15964,#15965);
#15963 = CARTESIAN_POINT('',(145.,-80.,15.));
#15964 = DIRECTION('',(0.,0.,1.));
#15965 = DIRECTION('',(1.,0.,-0.));
#15966 = PCURVE('',#14428,#15967);
#15967 = DEFINITIONAL_REPRESENTATION('',(#15968),#15972);
#15968 = CIRCLE('',#15969,1.25);
#15969 = AXIS2_PLACEMENT_2D('',#15970,#15971);
#15970 = CARTESIAN_POINT('',(25.,12.5));
#15971 = DIRECTION('',(1.,0.));
#15972 = ( GEOMETRIC_REPRESENTATION_CONTEXT(2) 
PARAMETRIC_REPRESENTATION_CONTEXT() REPRESENTATION_CONTEXT('2D SPACE',''
  ) );
#15973 = PCURVE('',#15914,#15974);
#15974 = DEFINITIONAL_REPRESENTATION('',(#15975),#15979);
#15975 = CIRCLE('',#15976,1.25);
#15976 = AXIS2_PLACEMENT_2D('',#15977,#15978);
#15977 = CARTESIAN_POINT('',(25.,12.5));
#15978 = DIRECTION('',(1.,0.));
#15979 = ( GEOMETRIC_REPRESENTATION_CONTEXT(2) 
PARAMETRIC_REPRESENTATION_CONTEXT() REPRESENTATION_CONTEXT('2D SPACE',''
  ) );
#15980 = ORIENTED_EDGE('',*,*,#14413,.T.);
#15981 = ADVANCED_FACE('',(#15982),#14377,.T.);
#15982 = FACE_BOUND('',#15983,.T.);
#15983 = EDGE_LOOP('',(#15984,#15985,#16007,#16008));
#15984 = ORIENTED_EDGE('',*,*,#15744,.T.);
#15985 = ORIENTED_EDGE('',*,*,#15986,.F.);
#15986 = EDGE_CURVE('',#14390,#15745,#15987,.T.);
#15987 = SURFACE_CURVE('',#15988,(#15993,#16000),.PCURVE_S1.);
#15988 = CIRCLE('',#15989,5.000115766671);
#15989 = AXIS2_PLACEMENT_3D('',#15990,#15991,#15992);
#15990 = CARTESIAN_POINT('',(139.99988423466,-80.00011576533,15.));
#15991 = DIRECTION('',(0.,0.,1.));
#15992 = DIRECTION('',(0.999999999732,2.315253008835E-05,-0.));
#15993 = PCURVE('',#14377,#15994);
#15994 = DEFINITIONAL_REPRESENTATION('',(#15995),#15999);
#15995 = CIRCLE('',#15996,5.000115766671);
#15996 = AXIS2_PLACEMENT_2D('',#15997,#15998);
#15997 = CARTESIAN_POINT('',(-1.157653307473E-04,-5.000115765331));
#15998 = DIRECTION('',(0.999999999732,2.315253008835E-05));
#15999 = ( GEOMETRIC_REPRESENTATION_CONTEXT(2) 
PARAMETRIC_REPRESENTATION_CONTEXT() REPRESENTATION_CONTEXT('2D SPACE',''
  ) );
#16000 = PCURVE('',#15946,#16001);
#16001 = DEFINITIONAL_REPRESENTATION('',(#16002),#16006);
#16002 = CIRCLE('',#16003,5.000115766671);
#16003 = AXIS2_PLACEMENT_2D('',#16004,#16005);
#16004 = CARTESIAN_POINT('',(19.999884234669,12.499884234669));
#16005 = DIRECTION('',(0.999999999732,2.315253008835E-05));
#16006 = ( GEOMETRIC_REPRESENTATION_CONTEXT(2) 
PARAMETRIC_REPRESENTATION_CONTEXT() REPRESENTATION_CONTEXT('2D SPACE',''
  ) );
#16007 = ORIENTED_EDGE('',*,*,#14389,.T.);
#16008 = ORIENTED_EDGE('',*,*,#14360,.T.);
#16009 = ADVANCED_FACE('',(#16010),#14487,.T.);
#16010 = FACE_BOUND('',#16011,.T.);
#16011 = EDGE_LOOP('',(#16012,#16035,#16036));
#16012 = ORIENTED_EDGE('',*,*,#16013,.F.);
#16013 = EDGE_CURVE('',#12897,#16014,#16016,.T.);
#16014 = VERTEX_POINT('',#16015);
#16015 = CARTESIAN_POINT('',(95.,-105.,15.));
#16016 = SURFACE_CURVE('',#16017,(#16021,#16028),.PCURVE_S1.);
#16017 = LINE('',#16018,#16019);
#16018 = CARTESIAN_POINT('',(93.75,-105.,15.));
#16019 = VECTOR('',#16020,1.);
#16020 = DIRECTION('',(1.,0.,0.));
#16021 = PCURVE('',#14487,#16022);
#16022 = DEFINITIONAL_REPRESENTATION('',(#16023),#16027);
#16023 = LINE('',#16024,#16025);
#16024 = CARTESIAN_POINT('',(-1.25,1.42108547152E-14));
#16025 = VECTOR('',#16026,1.);
#16026 = DIRECTION('',(1.,0.));
#16027 = ( GEOMETRIC_REPRESENTATION_CONTEXT(2) 
PARAMETRIC_REPRESENTATION_CONTEXT() REPRESENTATION_CONTEXT('2D SPACE',''
  ) );
#16028 = PCURVE('',#14520,#16029);
#16029 = DEFINITIONAL_REPRESENTATION('',(#16030),#16034);
#16030 = LINE('',#16031,#16032);
#16031 = CARTESIAN_POINT('',(-1.25,1.42108547152E-14));
#16032 = VECTOR('',#16033,1.);
#16033 = DIRECTION('',(1.,0.));
#16034 = ( GEOMETRIC_REPRESENTATION_CONTEXT(2) 
PARAMETRIC_REPRESENTATION_CONTEXT() REPRESENTATION_CONTEXT('2D SPACE',''
  ) );
#16035 = ORIENTED_EDGE('',*,*,#14472,.T.);
#16036 = ORIENTED_EDGE('',*,*,#16037,.F.);
#16037 = EDGE_CURVE('',#16014,#13151,#16038,.T.);
#16038 = SURFACE_CURVE('',#16039,(#16043,#16050),.PCURVE_S1.);
#16039 = LINE('',#16040,#16041);
#16040 = CARTESIAN_POINT('',(96.249999999665,-104.9999710593,15.));
#16041 = VECTOR('',#16042,1.);
#16042 = DIRECTION('',(-0.999999999732,-2.315253013876E-05,0.));
#16043 = PCURVE('',#14487,#16044);
#16044 = DEFINITIONAL_REPRESENTATION('',(#16045),#16049);
#16045 = LINE('',#16046,#16047);
#16046 = CARTESIAN_POINT('',(1.249999999665,2.894066268766E-05));
#16047 = VECTOR('',#16048,1.);
#16048 = DIRECTION('',(-0.999999999732,-2.315253013876E-05));
#16049 = ( GEOMETRIC_REPRESENTATION_CONTEXT(2) 
PARAMETRIC_REPRESENTATION_CONTEXT() REPRESENTATION_CONTEXT('2D SPACE',''
  ) );
#16050 = PCURVE('',#14811,#16051);
#16051 = DEFINITIONAL_REPRESENTATION('',(#16052),#16056);
#16052 = LINE('',#16053,#16054);
#16053 = CARTESIAN_POINT('',(1.249999999665,2.894066268766E-05));
#16054 = VECTOR('',#16055,1.);
#16055 = DIRECTION('',(-0.999999999732,-2.315253013876E-05));
#16056 = ( GEOMETRIC_REPRESENTATION_CONTEXT(2) 
PARAMETRIC_REPRESENTATION_CONTEXT() REPRESENTATION_CONTEXT('2D SPACE',''
  ) );
#16057 = ADVANCED_FACE('',(#16058),#14520,.T.);
#16058 = FACE_BOUND('',#16059,.T.);
#16059 = EDGE_LOOP('',(#16060,#16086,#16087));
#16060 = ORIENTED_EDGE('',*,*,#16061,.F.);
#16061 = EDGE_CURVE('',#14504,#16014,#16062,.T.);
#16062 = SURFACE_CURVE('',#16063,(#16067,#16074),.PCURVE_S1.);
#16063 = LINE('',#16064,#16065);
#16064 = CARTESIAN_POINT('',(95.,-80.,15.));
#16065 = VECTOR('',#16066,1.);
#16066 = DIRECTION('',(0.,-1.,0.));
#16067 = PCURVE('',#14520,#16068);
#16068 = DEFINITIONAL_REPRESENTATION('',(#16069),#16073);
#16069 = LINE('',#16070,#16071);
#16070 = CARTESIAN_POINT('',(-1.42108547152E-14,25.));
#16071 = VECTOR('',#16072,1.);
#16072 = DIRECTION('',(0.,-1.));
#16073 = ( GEOMETRIC_REPRESENTATION_CONTEXT(2) 
PARAMETRIC_REPRESENTATION_CONTEXT() REPRESENTATION_CONTEXT('2D SPACE',''
  ) );
#16074 = PCURVE('',#16075,#16080);
#16075 = PLANE('',#16076);
#16076 = AXIS2_PLACEMENT_3D('',#16077,#16078,#16079);
#16077 = CARTESIAN_POINT('',(120.,-92.5,15.));
#16078 = DIRECTION('',(0.,0.,1.));
#16079 = DIRECTION('',(1.,0.,-0.));
#16080 = DEFINITIONAL_REPRESENTATION('',(#16081),#16085);
#16081 = LINE('',#16082,#16083);
#16082 = CARTESIAN_POINT('',(-25.,12.5));
#16083 = VECTOR('',#16084,1.);
#16084 = DIRECTION('',(0.,-1.));
#16085 = ( GEOMETRIC_REPRESENTATION_CONTEXT(2) 
PARAMETRIC_REPRESENTATION_CONTEXT() REPRESENTATION_CONTEXT('2D SPACE',''
  ) );
#16086 = ORIENTED_EDGE('',*,*,#14503,.T.);
#16087 = ORIENTED_EDGE('',*,*,#16013,.T.);
#16088 = ADVANCED_FACE('',(#16089),#14548,.T.);
#16089 = FACE_BOUND('',#16090,.T.);
#16090 = EDGE_LOOP('',(#16091,#16092,#16114,#16115));
#16091 = ORIENTED_EDGE('',*,*,#15318,.T.);
#16092 = ORIENTED_EDGE('',*,*,#16093,.F.);
#16093 = EDGE_CURVE('',#14533,#15290,#16094,.T.);
#16094 = SURFACE_CURVE('',#16095,(#16100,#16107),.PCURVE_S1.);
#16095 = CIRCLE('',#16096,1.25);
#16096 = AXIS2_PLACEMENT_3D('',#16097,#16098,#16099);
#16097 = CARTESIAN_POINT('',(95.,-80.,15.));
#16098 = DIRECTION('',(0.,0.,1.));
#16099 = DIRECTION('',(-1.,0.,-0.));
#16100 = PCURVE('',#14548,#16101);
#16101 = DEFINITIONAL_REPRESENTATION('',(#16102),#16106);
#16102 = CIRCLE('',#16103,1.25);
#16103 = AXIS2_PLACEMENT_2D('',#16104,#16105);
#16104 = CARTESIAN_POINT('',(-25.,12.5));
#16105 = DIRECTION('',(-1.,0.));
#16106 = ( GEOMETRIC_REPRESENTATION_CONTEXT(2) 
PARAMETRIC_REPRESENTATION_CONTEXT() REPRESENTATION_CONTEXT('2D SPACE',''
  ) );
#16107 = PCURVE('',#15193,#16108);
#16108 = DEFINITIONAL_REPRESENTATION('',(#16109),#16113);
#16109 = CIRCLE('',#16110,1.25);
#16110 = AXIS2_PLACEMENT_2D('',#16111,#16112);
#16111 = CARTESIAN_POINT('',(-25.,12.5));
#16112 = DIRECTION('',(-1.,0.));
#16113 = ( GEOMETRIC_REPRESENTATION_CONTEXT(2) 
PARAMETRIC_REPRESENTATION_CONTEXT() REPRESENTATION_CONTEXT('2D SPACE',''
  ) );
#16114 = ORIENTED_EDGE('',*,*,#14532,.T.);
#16115 = ORIENTED_EDGE('',*,*,#16116,.F.);
#16116 = EDGE_CURVE('',#15319,#14504,#16117,.T.);
#16117 = SURFACE_CURVE('',#16118,(#16123,#16130),.PCURVE_S1.);
#16118 = CIRCLE('',#16119,1.25);
#16119 = AXIS2_PLACEMENT_3D('',#16120,#16121,#16122);
#16120 = CARTESIAN_POINT('',(95.,-105.,15.));
#16121 = DIRECTION('',(0.,0.,1.));
#16122 = DIRECTION('',(1.,0.,-0.));
#16123 = PCURVE('',#14548,#16124);
#16124 = DEFINITIONAL_REPRESENTATION('',(#16125),#16129);
#16125 = CIRCLE('',#16126,1.25);
#16126 = AXIS2_PLACEMENT_2D('',#16127,#16128);
#16127 = CARTESIAN_POINT('',(-25.,-12.5));
#16128 = DIRECTION('',(1.,0.));
#16129 = ( GEOMETRIC_REPRESENTATION_CONTEXT(2) 
PARAMETRIC_REPRESENTATION_CONTEXT() REPRESENTATION_CONTEXT('2D SPACE',''
  ) );
#16130 = PCURVE('',#16075,#16131);
#16131 = DEFINITIONAL_REPRESENTATION('',(#16132),#16136);
#16132 = CIRCLE('',#16133,1.25);
#16133 = AXIS2_PLACEMENT_2D('',#16134,#16135);
#16134 = CARTESIAN_POINT('',(-25.,-12.5));
#16135 = DIRECTION('',(1.,0.));
#16136 = ( GEOMETRIC_REPRESENTATION_CONTEXT(2) 
PARAMETRIC_REPRESENTATION_CONTEXT() REPRESENTATION_CONTEXT('2D SPACE',''
  ) );
#16137 = ADVANCED_FACE('',(#16138),#14624,.T.);
#16138 = FACE_BOUND('',#16139,.T.);
#16139 = EDGE_LOOP('',(#16140,#16163,#16164));
#16140 = ORIENTED_EDGE('',*,*,#16141,.F.);
#16141 = EDGE_CURVE('',#13293,#16142,#16144,.T.);
#16142 = VERTEX_POINT('',#16143);
#16143 = CARTESIAN_POINT('',(145.00000128078,-105.,15.));
#16144 = SURFACE_CURVE('',#16145,(#16149,#16156),.PCURVE_S1.);
#16145 = LINE('',#16146,#16147);
#16146 = CARTESIAN_POINT('',(146.24999999966,-105.0000289406,15.));
#16147 = VECTOR('',#16148,1.);
#16148 = DIRECTION('',(-0.999999999732,2.315252990002E-05,0.));
#16149 = PCURVE('',#14624,#16150);
#16150 = DEFINITIONAL_REPRESENTATION('',(#16151),#16155);
#16151 = LINE('',#16152,#16153);
#16152 = CARTESIAN_POINT('',(1.249999999665,-2.894066236081E-05));
#16153 = VECTOR('',#16154,1.);
#16154 = DIRECTION('',(-0.999999999732,2.315252990002E-05));
#16155 = ( GEOMETRIC_REPRESENTATION_CONTEXT(2) 
PARAMETRIC_REPRESENTATION_CONTEXT() REPRESENTATION_CONTEXT('2D SPACE',''
  ) );
#16156 = PCURVE('',#15014,#16157);
#16157 = DEFINITIONAL_REPRESENTATION('',(#16158),#16162);
#16158 = LINE('',#16159,#16160);
#16159 = CARTESIAN_POINT('',(1.249999999665,-2.894066236081E-05));
#16160 = VECTOR('',#16161,1.);
#16161 = DIRECTION('',(-0.999999999732,2.315252990002E-05));
#16162 = ( GEOMETRIC_REPRESENTATION_CONTEXT(2) 
PARAMETRIC_REPRESENTATION_CONTEXT() REPRESENTATION_CONTEXT('2D SPACE',''
  ) );
#16163 = ORIENTED_EDGE('',*,*,#14609,.T.);
#16164 = ORIENTED_EDGE('',*,*,#16165,.F.);
#16165 = EDGE_CURVE('',#16142,#12955,#16166,.T.);
#16166 = SURFACE_CURVE('',#16167,(#16171,#16178),.PCURVE_S1.);
#16167 = LINE('',#16168,#16169);
#16168 = CARTESIAN_POINT('',(143.75,-105.,15.));
#16169 = VECTOR('',#16170,1.);
#16170 = DIRECTION('',(1.,0.,0.));
#16171 = PCURVE('',#14624,#16172);
#16172 = DEFINITIONAL_REPRESENTATION('',(#16173),#16177);
#16173 = LINE('',#16174,#16175);
#16174 = CARTESIAN_POINT('',(-1.25,1.42108547152E-14));
#16175 = VECTOR('',#16176,1.);
#16176 = DIRECTION('',(1.,0.));
#16177 = ( GEOMETRIC_REPRESENTATION_CONTEXT(2) 
PARAMETRIC_REPRESENTATION_CONTEXT() REPRESENTATION_CONTEXT('2D SPACE',''
  ) );
#16178 = PCURVE('',#14712,#16179);
#16179 = DEFINITIONAL_REPRESENTATION('',(#16180),#16184);
#16180 = LINE('',#16181,#16182);
#16181 = CARTESIAN_POINT('',(-1.25,1.42108547152E-14));
#16182 = VECTOR('',#16183,1.);
#16183 = DIRECTION('',(1.,0.));
#16184 = ( GEOMETRIC_REPRESENTATION_CONTEXT(2) 
PARAMETRIC_REPRESENTATION_CONTEXT() REPRESENTATION_CONTEXT('2D SPACE',''
  ) );
#16185 = ADVANCED_FACE('',(#16186),#14657,.T.);
#16186 = FACE_BOUND('',#16187,.T.);
#16187 = EDGE_LOOP('',(#16188,#16189,#16215));
#16188 = ORIENTED_EDGE('',*,*,#15851,.T.);
#16189 = ORIENTED_EDGE('',*,*,#16190,.F.);
#16190 = EDGE_CURVE('',#14641,#15852,#16191,.T.);
#16191 = SURFACE_CURVE('',#16192,(#16196,#16203),.PCURVE_S1.);
#16192 = LINE('',#16193,#16194);
#16193 = CARTESIAN_POINT('',(145.,-105.,15.));
#16194 = VECTOR('',#16195,1.);
#16195 = DIRECTION('',(0.,1.,0.));
#16196 = PCURVE('',#14657,#16197);
#16197 = DEFINITIONAL_REPRESENTATION('',(#16198),#16202);
#16198 = LINE('',#16199,#16200);
#16199 = CARTESIAN_POINT('',(2.84217094304E-14,-25.));
#16200 = VECTOR('',#16201,1.);
#16201 = DIRECTION('',(0.,1.));
#16202 = ( GEOMETRIC_REPRESENTATION_CONTEXT(2) 
PARAMETRIC_REPRESENTATION_CONTEXT() REPRESENTATION_CONTEXT('2D SPACE',''
  ) );
#16203 = PCURVE('',#16204,#16209);
#16204 = PLANE('',#16205);
#16205 = AXIS2_PLACEMENT_3D('',#16206,#16207,#16208);
#16206 = CARTESIAN_POINT('',(120.,-92.5,15.));
#16207 = DIRECTION('',(0.,0.,1.));
#16208 = DIRECTION('',(1.,0.,-0.));
#16209 = DEFINITIONAL_REPRESENTATION('',(#16210),#16214);
#16210 = LINE('',#16211,#16212);
#16211 = CARTESIAN_POINT('',(25.,-12.5));
#16212 = VECTOR('',#16213,1.);
#16213 = DIRECTION('',(0.,1.));
#16214 = ( GEOMETRIC_REPRESENTATION_CONTEXT(2) 
PARAMETRIC_REPRESENTATION_CONTEXT() REPRESENTATION_CONTEXT('2D SPACE',''
  ) );
#16215 = ORIENTED_EDGE('',*,*,#14640,.T.);
#16216 = ADVANCED_FACE('',(#16217),#14712,.T.);
#16217 = FACE_BOUND('',#16218,.T.);
#16218 = EDGE_LOOP('',(#16219,#16245,#16246));
#16219 = ORIENTED_EDGE('',*,*,#16220,.F.);
#16220 = EDGE_CURVE('',#16142,#14670,#16221,.T.);
#16221 = SURFACE_CURVE('',#16222,(#16226,#16233),.PCURVE_S1.);
#16222 = LINE('',#16223,#16224);
#16223 = CARTESIAN_POINT('',(145.,-105.,15.));
#16224 = VECTOR('',#16225,1.);
#16225 = DIRECTION('',(0.,1.,0.));
#16226 = PCURVE('',#14712,#16227);
#16227 = DEFINITIONAL_REPRESENTATION('',(#16228),#16232);
#16228 = LINE('',#16229,#16230);
#16229 = CARTESIAN_POINT('',(2.84217094304E-14,1.42108547152E-14));
#16230 = VECTOR('',#16231,1.);
#16231 = DIRECTION('',(0.,1.));
#16232 = ( GEOMETRIC_REPRESENTATION_CONTEXT(2) 
PARAMETRIC_REPRESENTATION_CONTEXT() REPRESENTATION_CONTEXT('2D SPACE',''
  ) );
#16233 = PCURVE('',#16234,#16239);
#16234 = PLANE('',#16235);
#16235 = AXIS2_PLACEMENT_3D('',#16236,#16237,#16238);
#16236 = CARTESIAN_POINT('',(120.,-92.5,15.));
#16237 = DIRECTION('',(0.,0.,1.));
#16238 = DIRECTION('',(1.,0.,-0.));
#16239 = DEFINITIONAL_REPRESENTATION('',(#16240),#16244);
#16240 = LINE('',#16241,#16242);
#16241 = CARTESIAN_POINT('',(25.,-12.5));
#16242 = VECTOR('',#16243,1.);
#16243 = DIRECTION('',(0.,1.));
#16244 = ( GEOMETRIC_REPRESENTATION_CONTEXT(2) 
PARAMETRIC_REPRESENTATION_CONTEXT() REPRESENTATION_CONTEXT('2D SPACE',''
  ) );
#16245 = ORIENTED_EDGE('',*,*,#16165,.T.);
#16246 = ORIENTED_EDGE('',*,*,#14697,.T.);
#16247 = ADVANCED_FACE('',(#16248),#14685,.T.);
#16248 = FACE_BOUND('',#16249,.T.);
#16249 = EDGE_LOOP('',(#16250,#16272,#16273,#16295));
#16250 = ORIENTED_EDGE('',*,*,#16251,.F.);
#16251 = EDGE_CURVE('',#15551,#14641,#16252,.T.);
#16252 = SURFACE_CURVE('',#16253,(#16258,#16265),.PCURVE_S1.);
#16253 = CIRCLE('',#16254,1.25);
#16254 = AXIS2_PLACEMENT_3D('',#16255,#16256,#16257);
#16255 = CARTESIAN_POINT('',(145.,-80.,15.));
#16256 = DIRECTION('',(0.,0.,1.));
#16257 = DIRECTION('',(-1.,0.,-0.));
#16258 = PCURVE('',#14685,#16259);
#16259 = DEFINITIONAL_REPRESENTATION('',(#16260),#16264);
#16260 = CIRCLE('',#16261,1.25);
#16261 = AXIS2_PLACEMENT_2D('',#16262,#16263);
#16262 = CARTESIAN_POINT('',(25.,12.5));
#16263 = DIRECTION('',(-1.,0.));
#16264 = ( GEOMETRIC_REPRESENTATION_CONTEXT(2) 
PARAMETRIC_REPRESENTATION_CONTEXT() REPRESENTATION_CONTEXT('2D SPACE',''
  ) );
#16265 = PCURVE('',#16204,#16266);
#16266 = DEFINITIONAL_REPRESENTATION('',(#16267),#16271);
#16267 = CIRCLE('',#16268,1.25);
#16268 = AXIS2_PLACEMENT_2D('',#16269,#16270);
#16269 = CARTESIAN_POINT('',(25.,12.5));
#16270 = DIRECTION('',(-1.,0.));
#16271 = ( GEOMETRIC_REPRESENTATION_CONTEXT(2) 
PARAMETRIC_REPRESENTATION_CONTEXT() REPRESENTATION_CONTEXT('2D SPACE',''
  ) );
#16272 = ORIENTED_EDGE('',*,*,#15550,.T.);
#16273 = ORIENTED_EDGE('',*,*,#16274,.F.);
#16274 = EDGE_CURVE('',#14670,#15522,#16275,.T.);
#16275 = SURFACE_CURVE('',#16276,(#16281,#16288),.PCURVE_S1.);
#16276 = CIRCLE('',#16277,1.25);
#16277 = AXIS2_PLACEMENT_3D('',#16278,#16279,#16280);
#16278 = CARTESIAN_POINT('',(145.,-105.,15.));
#16279 = DIRECTION('',(0.,0.,1.));
#16280 = DIRECTION('',(1.,0.,-0.));
#16281 = PCURVE('',#14685,#16282);
#16282 = DEFINITIONAL_REPRESENTATION('',(#16283),#16287);
#16283 = CIRCLE('',#16284,1.25);
#16284 = AXIS2_PLACEMENT_2D('',#16285,#16286);
#16285 = CARTESIAN_POINT('',(25.,-12.5));
#16286 = DIRECTION('',(1.,0.));
#16287 = ( GEOMETRIC_REPRESENTATION_CONTEXT(2) 
PARAMETRIC_REPRESENTATION_CONTEXT() REPRESENTATION_CONTEXT('2D SPACE',''
  ) );
#16288 = PCURVE('',#16234,#16289);
#16289 = DEFINITIONAL_REPRESENTATION('',(#16290),#16294);
#16290 = CIRCLE('',#16291,1.25);
#16291 = AXIS2_PLACEMENT_2D('',#16292,#16293);
#16292 = CARTESIAN_POINT('',(25.,-12.5));
#16293 = DIRECTION('',(1.,0.));
#16294 = ( GEOMETRIC_REPRESENTATION_CONTEXT(2) 
PARAMETRIC_REPRESENTATION_CONTEXT() REPRESENTATION_CONTEXT('2D SPACE',''
  ) );
#16295 = ORIENTED_EDGE('',*,*,#14669,.T.);
#16296 = ADVANCED_FACE('',(#16297),#14778,.T.);
#16297 = FACE_BOUND('',#16298,.T.);
#16298 = EDGE_LOOP('',(#16299,#16322,#16323));
#16299 = ORIENTED_EDGE('',*,*,#16300,.F.);
#16300 = EDGE_CURVE('',#13174,#16301,#16303,.T.);
#16301 = VERTEX_POINT('',#16302);
#16302 = CARTESIAN_POINT('',(99.999999999985,-110.0000012709,15.));
#16303 = SURFACE_CURVE('',#16304,(#16308,#16315),.PCURVE_S1.);
#16304 = LINE('',#16305,#16306);
#16305 = CARTESIAN_POINT('',(99.999971059338,-111.2499999996,15.));
#16306 = VECTOR('',#16307,1.);
#16307 = DIRECTION('',(2.315252999097E-05,0.999999999732,0.));
#16308 = PCURVE('',#14778,#16309);
#16309 = DEFINITIONAL_REPRESENTATION('',(#16310),#16314);
#16310 = LINE('',#16311,#16312);
#16311 = CARTESIAN_POINT('',(-2.894066251713E-05,-1.249999999664));
#16312 = VECTOR('',#16313,1.);
#16313 = DIRECTION('',(2.315252999097E-05,0.999999999732));
#16314 = ( GEOMETRIC_REPRESENTATION_CONTEXT(2) 
PARAMETRIC_REPRESENTATION_CONTEXT() REPRESENTATION_CONTEXT('2D SPACE',''
  ) );
#16315 = PCURVE('',#14841,#16316);
#16316 = DEFINITIONAL_REPRESENTATION('',(#16317),#16321);
#16317 = LINE('',#16318,#16319);
#16318 = CARTESIAN_POINT('',(-2.894066251713E-05,-1.249999999664));
#16319 = VECTOR('',#16320,1.);
#16320 = DIRECTION('',(2.315252999097E-05,0.999999999732));
#16321 = ( GEOMETRIC_REPRESENTATION_CONTEXT(2) 
PARAMETRIC_REPRESENTATION_CONTEXT() REPRESENTATION_CONTEXT('2D SPACE',''
  ) );
#16322 = ORIENTED_EDGE('',*,*,#14763,.T.);
#16323 = ORIENTED_EDGE('',*,*,#16324,.F.);
#16324 = EDGE_CURVE('',#16301,#13399,#16325,.T.);
#16325 = SURFACE_CURVE('',#16326,(#16330,#16337),.PCURVE_S1.);
#16326 = LINE('',#16327,#16328);
#16327 = CARTESIAN_POINT('',(100.,-108.75,15.));
#16328 = VECTOR('',#16329,1.);
#16329 = DIRECTION('',(0.,-1.,0.));
#16330 = PCURVE('',#14778,#16331);
#16331 = DEFINITIONAL_REPRESENTATION('',(#16332),#16336);
#16332 = LINE('',#16333,#16334);
#16333 = CARTESIAN_POINT('',(-2.84217094304E-14,1.25));
#16334 = VECTOR('',#16335,1.);
#16335 = DIRECTION('',(0.,-1.));
#16336 = ( GEOMETRIC_REPRESENTATION_CONTEXT(2) 
PARAMETRIC_REPRESENTATION_CONTEXT() REPRESENTATION_CONTEXT('2D SPACE',''
  ) );
#16337 = PCURVE('',#15152,#16338);
#16338 = DEFINITIONAL_REPRESENTATION('',(#16339),#16343);
#16339 = LINE('',#16340,#16341);
#16340 = CARTESIAN_POINT('',(-2.84217094304E-14,1.25));
#16341 = VECTOR('',#16342,1.);
#16342 = DIRECTION('',(0.,-1.));
#16343 = ( GEOMETRIC_REPRESENTATION_CONTEXT(2) 
PARAMETRIC_REPRESENTATION_CONTEXT() REPRESENTATION_CONTEXT('2D SPACE',''
  ) );
#16344 = ADVANCED_FACE('',(#16345),#14811,.T.);
#16345 = FACE_BOUND('',#16346,.T.);
#16346 = EDGE_LOOP('',(#16347,#16374,#16375));
#16347 = ORIENTED_EDGE('',*,*,#16348,.F.);
#16348 = EDGE_CURVE('',#16014,#14795,#16349,.T.);
#16349 = SURFACE_CURVE('',#16350,(#16355,#16362),.PCURVE_S1.);
#16350 = CIRCLE('',#16351,5.000115766671);
#16351 = AXIS2_PLACEMENT_3D('',#16352,#16353,#16354);
#16352 = CARTESIAN_POINT('',(100.00011576533,-104.9998842346,15.));
#16353 = DIRECTION('',(0.,0.,1.));
#16354 = DIRECTION('',(-0.999999999732,-2.31525300912E-05,0.));
#16355 = PCURVE('',#14811,#16356);
#16356 = DEFINITIONAL_REPRESENTATION('',(#16357),#16361);
#16357 = CIRCLE('',#16358,5.000115766671);
#16358 = AXIS2_PLACEMENT_2D('',#16359,#16360);
#16359 = CARTESIAN_POINT('',(5.000115765331,1.157653307615E-04));
#16360 = DIRECTION('',(-0.999999999732,-2.31525300912E-05));
#16361 = ( GEOMETRIC_REPRESENTATION_CONTEXT(2) 
PARAMETRIC_REPRESENTATION_CONTEXT() REPRESENTATION_CONTEXT('2D SPACE',''
  ) );
#16362 = PCURVE('',#16363,#16368);
#16363 = PLANE('',#16364);
#16364 = AXIS2_PLACEMENT_3D('',#16365,#16366,#16367);
#16365 = CARTESIAN_POINT('',(120.,-92.5,15.));
#16366 = DIRECTION('',(0.,0.,1.));
#16367 = DIRECTION('',(1.,0.,-0.));
#16368 = DEFINITIONAL_REPRESENTATION('',(#16369),#16373);
#16369 = CIRCLE('',#16370,5.000115766671);
#16370 = AXIS2_PLACEMENT_2D('',#16371,#16372);
#16371 = CARTESIAN_POINT('',(-19.99988423466,-12.49988423466));
#16372 = DIRECTION('',(-0.999999999732,-2.31525300912E-05));
#16373 = ( GEOMETRIC_REPRESENTATION_CONTEXT(2) 
PARAMETRIC_REPRESENTATION_CONTEXT() REPRESENTATION_CONTEXT('2D SPACE',''
  ) );
#16374 = ORIENTED_EDGE('',*,*,#16037,.T.);
#16375 = ORIENTED_EDGE('',*,*,#14794,.T.);
#16376 = ADVANCED_FACE('',(#16377),#14892,.T.);
#16377 = FACE_BOUND('',#16378,.T.);
#16378 = EDGE_LOOP('',(#16379,#16380,#16402,#16403));
#16379 = ORIENTED_EDGE('',*,*,#15369,.T.);
#16380 = ORIENTED_EDGE('',*,*,#16381,.F.);
#16381 = EDGE_CURVE('',#14795,#15342,#16382,.T.);
#16382 = SURFACE_CURVE('',#16383,(#16388,#16395),.PCURVE_S1.);
#16383 = CIRCLE('',#16384,1.25);
#16384 = AXIS2_PLACEMENT_3D('',#16385,#16386,#16387);
#16385 = CARTESIAN_POINT('',(95.,-105.,15.));
#16386 = DIRECTION('',(0.,0.,1.));
#16387 = DIRECTION('',(-1.,0.,-0.));
#16388 = PCURVE('',#14892,#16389);
#16389 = DEFINITIONAL_REPRESENTATION('',(#16390),#16394);
#16390 = CIRCLE('',#16391,1.25);
#16391 = AXIS2_PLACEMENT_2D('',#16392,#16393);
#16392 = CARTESIAN_POINT('',(-25.,-12.5));
#16393 = DIRECTION('',(-1.,0.));
#16394 = ( GEOMETRIC_REPRESENTATION_CONTEXT(2) 
PARAMETRIC_REPRESENTATION_CONTEXT() REPRESENTATION_CONTEXT('2D SPACE',''
  ) );
#16395 = PCURVE('',#16363,#16396);
#16396 = DEFINITIONAL_REPRESENTATION('',(#16397),#16401);
#16397 = CIRCLE('',#16398,1.25);
#16398 = AXIS2_PLACEMENT_2D('',#16399,#16400);
#16399 = CARTESIAN_POINT('',(-25.,-12.5));
#16400 = DIRECTION('',(-1.,0.));
#16401 = ( GEOMETRIC_REPRESENTATION_CONTEXT(2) 
PARAMETRIC_REPRESENTATION_CONTEXT() REPRESENTATION_CONTEXT('2D SPACE',''
  ) );
#16402 = ORIENTED_EDGE('',*,*,#14877,.T.);
#16403 = ORIENTED_EDGE('',*,*,#16404,.F.);
#16404 = EDGE_CURVE('',#15370,#14854,#16405,.T.);
#16405 = SURFACE_CURVE('',#16406,(#16411,#16418),.PCURVE_S1.);
#16406 = CIRCLE('',#16407,1.25);
#16407 = AXIS2_PLACEMENT_3D('',#16408,#16409,#16410);
#16408 = CARTESIAN_POINT('',(100.,-110.,15.));
#16409 = DIRECTION('',(0.,0.,1.));
#16410 = DIRECTION('',(1.,0.,-0.));
#16411 = PCURVE('',#14892,#16412);
#16412 = DEFINITIONAL_REPRESENTATION('',(#16413),#16417);
#16413 = CIRCLE('',#16414,1.25);
#16414 = AXIS2_PLACEMENT_2D('',#16415,#16416);
#16415 = CARTESIAN_POINT('',(-20.,-17.5));
#16416 = DIRECTION('',(1.,0.));
#16417 = ( GEOMETRIC_REPRESENTATION_CONTEXT(2) 
PARAMETRIC_REPRESENTATION_CONTEXT() REPRESENTATION_CONTEXT('2D SPACE',''
  ) );
#16418 = PCURVE('',#16419,#16424);
#16419 = PLANE('',#16420);
#16420 = AXIS2_PLACEMENT_3D('',#16421,#16422,#16423);
#16421 = CARTESIAN_POINT('',(120.,-92.5,15.));
#16422 = DIRECTION('',(0.,0.,1.));
#16423 = DIRECTION('',(1.,0.,-0.));
#16424 = DEFINITIONAL_REPRESENTATION('',(#16425),#16429);
#16425 = CIRCLE('',#16426,1.25);
#16426 = AXIS2_PLACEMENT_2D('',#16427,#16428);
#16427 = CARTESIAN_POINT('',(-20.,-17.5));
#16428 = DIRECTION('',(1.,0.));
#16429 = ( GEOMETRIC_REPRESENTATION_CONTEXT(2) 
PARAMETRIC_REPRESENTATION_CONTEXT() REPRESENTATION_CONTEXT('2D SPACE',''
  ) );
#16430 = ADVANCED_FACE('',(#16431),#14841,.T.);
#16431 = FACE_BOUND('',#16432,.T.);
#16432 = EDGE_LOOP('',(#16433,#16434,#16435,#16436));
#16433 = ORIENTED_EDGE('',*,*,#14853,.T.);
#16434 = ORIENTED_EDGE('',*,*,#14824,.T.);
#16435 = ORIENTED_EDGE('',*,*,#16300,.T.);
#16436 = ORIENTED_EDGE('',*,*,#16437,.F.);
#16437 = EDGE_CURVE('',#14854,#16301,#16438,.T.);
#16438 = SURFACE_CURVE('',#16439,(#16444,#16451),.PCURVE_S1.);
#16439 = CIRCLE('',#16440,5.000115766671);
#16440 = AXIS2_PLACEMENT_3D('',#16441,#16442,#16443);
#16441 = CARTESIAN_POINT('',(100.00011576533,-104.9998842346,15.));
#16442 = DIRECTION('',(0.,0.,1.));
#16443 = DIRECTION('',(-0.999999999732,-2.31525300912E-05,0.));
#16444 = PCURVE('',#14841,#16445);
#16445 = DEFINITIONAL_REPRESENTATION('',(#16446),#16450);
#16446 = CIRCLE('',#16447,5.000115766671);
#16447 = AXIS2_PLACEMENT_2D('',#16448,#16449);
#16448 = CARTESIAN_POINT('',(1.157653307189E-04,5.000115765331));
#16449 = DIRECTION('',(-0.999999999732,-2.31525300912E-05));
#16450 = ( GEOMETRIC_REPRESENTATION_CONTEXT(2) 
PARAMETRIC_REPRESENTATION_CONTEXT() REPRESENTATION_CONTEXT('2D SPACE',''
  ) );
#16451 = PCURVE('',#16419,#16452);
#16452 = DEFINITIONAL_REPRESENTATION('',(#16453),#16457);
#16453 = CIRCLE('',#16454,5.000115766671);
#16454 = AXIS2_PLACEMENT_2D('',#16455,#16456);
#16455 = CARTESIAN_POINT('',(-19.99988423466,-12.49988423466));
#16456 = DIRECTION('',(-0.999999999732,-2.31525300912E-05));
#16457 = ( GEOMETRIC_REPRESENTATION_CONTEXT(2) 
PARAMETRIC_REPRESENTATION_CONTEXT() REPRESENTATION_CONTEXT('2D SPACE',''
  ) );
#16458 = ADVANCED_FACE('',(#16459),#14951,.T.);
#16459 = FACE_BOUND('',#16460,.T.);
#16460 = EDGE_LOOP('',(#16461,#16484,#16485));
#16461 = ORIENTED_EDGE('',*,*,#16462,.F.);
#16462 = EDGE_CURVE('',#13422,#16463,#16465,.T.);
#16463 = VERTEX_POINT('',#16464);
#16464 = CARTESIAN_POINT('',(140.,-110.,15.));
#16465 = SURFACE_CURVE('',#16466,(#16470,#16477),.PCURVE_S1.);
#16466 = LINE('',#16467,#16468);
#16467 = CARTESIAN_POINT('',(140.,-111.25,15.));
#16468 = VECTOR('',#16469,1.);
#16469 = DIRECTION('',(0.,1.,0.));
#16470 = PCURVE('',#14951,#16471);
#16471 = DEFINITIONAL_REPRESENTATION('',(#16472),#16476);
#16472 = LINE('',#16473,#16474);
#16473 = CARTESIAN_POINT('',(0.,-1.25));
#16474 = VECTOR('',#16475,1.);
#16475 = DIRECTION('',(0.,1.));
#16476 = ( GEOMETRIC_REPRESENTATION_CONTEXT(2) 
PARAMETRIC_REPRESENTATION_CONTEXT() REPRESENTATION_CONTEXT('2D SPACE',''
  ) );
#16477 = PCURVE('',#15097,#16478);
#16478 = DEFINITIONAL_REPRESENTATION('',(#16479),#16483);
#16479 = LINE('',#16480,#16481);
#16480 = CARTESIAN_POINT('',(0.,-1.25));
#16481 = VECTOR('',#16482,1.);
#16482 = DIRECTION('',(0.,1.));
#16483 = ( GEOMETRIC_REPRESENTATION_CONTEXT(2) 
PARAMETRIC_REPRESENTATION_CONTEXT() REPRESENTATION_CONTEXT('2D SPACE',''
  ) );
#16484 = ORIENTED_EDGE('',*,*,#14936,.T.);
#16485 = ORIENTED_EDGE('',*,*,#16486,.F.);
#16486 = EDGE_CURVE('',#16463,#13265,#16487,.T.);
#16487 = SURFACE_CURVE('',#16488,(#16492,#16499),.PCURVE_S1.);
#16488 = LINE('',#16489,#16490);
#16489 = CARTESIAN_POINT('',(139.99997105933,-108.7500000003,15.));
#16490 = VECTOR('',#16491,1.);
#16491 = DIRECTION('',(2.315252984317E-05,-0.999999999732,0.));
#16492 = PCURVE('',#14951,#16493);
#16493 = DEFINITIONAL_REPRESENTATION('',(#16494),#16498);
#16494 = LINE('',#16495,#16496);
#16495 = CARTESIAN_POINT('',(-2.894066230397E-05,1.249999999665));
#16496 = VECTOR('',#16497,1.);
#16497 = DIRECTION('',(2.315252984317E-05,-0.999999999732));
#16498 = ( GEOMETRIC_REPRESENTATION_CONTEXT(2) 
PARAMETRIC_REPRESENTATION_CONTEXT() REPRESENTATION_CONTEXT('2D SPACE',''
  ) );
#16499 = PCURVE('',#14984,#16500);
#16500 = DEFINITIONAL_REPRESENTATION('',(#16501),#16505);
#16501 = LINE('',#16502,#16503);
#16502 = CARTESIAN_POINT('',(-2.894066230397E-05,1.249999999665));
#16503 = VECTOR('',#16504,1.);
#16504 = DIRECTION('',(2.315252984317E-05,-0.999999999732));
#16505 = ( GEOMETRIC_REPRESENTATION_CONTEXT(2) 
PARAMETRIC_REPRESENTATION_CONTEXT() REPRESENTATION_CONTEXT('2D SPACE',''
  ) );
#16506 = ADVANCED_FACE('',(#16507),#14984,.T.);
#16507 = FACE_BOUND('',#16508,.T.);
#16508 = EDGE_LOOP('',(#16509,#16536,#16537,#16538));
#16509 = ORIENTED_EDGE('',*,*,#16510,.F.);
#16510 = EDGE_CURVE('',#16463,#15027,#16511,.T.);
#16511 = SURFACE_CURVE('',#16512,(#16517,#16524),.PCURVE_S1.);
#16512 = CIRCLE('',#16513,5.000115766671);
#16513 = AXIS2_PLACEMENT_3D('',#16514,#16515,#16516);
#16514 = CARTESIAN_POINT('',(139.99988423466,-104.9998842346,15.));
#16515 = DIRECTION('',(0.,0.,1.));
#16516 = DIRECTION('',(2.31525300912E-05,-0.999999999732,0.));
#16517 = PCURVE('',#14984,#16518);
#16518 = DEFINITIONAL_REPRESENTATION('',(#16519),#16523);
#16519 = CIRCLE('',#16520,5.000115766671);
#16520 = AXIS2_PLACEMENT_2D('',#16521,#16522);
#16521 = CARTESIAN_POINT('',(-1.157653307473E-04,5.000115765331));
#16522 = DIRECTION('',(2.31525300912E-05,-0.999999999732));
#16523 = ( GEOMETRIC_REPRESENTATION_CONTEXT(2) 
PARAMETRIC_REPRESENTATION_CONTEXT() REPRESENTATION_CONTEXT('2D SPACE',''
  ) );
#16524 = PCURVE('',#16525,#16530);
#16525 = PLANE('',#16526);
#16526 = AXIS2_PLACEMENT_3D('',#16527,#16528,#16529);
#16527 = CARTESIAN_POINT('',(120.,-92.5,15.));
#16528 = DIRECTION('',(0.,0.,1.));
#16529 = DIRECTION('',(1.,0.,-0.));
#16530 = DEFINITIONAL_REPRESENTATION('',(#16531),#16535);
#16531 = CIRCLE('',#16532,5.000115766671);
#16532 = AXIS2_PLACEMENT_2D('',#16533,#16534);
#16533 = CARTESIAN_POINT('',(19.999884234669,-12.49988423466));
#16534 = DIRECTION('',(2.31525300912E-05,-0.999999999732));
#16535 = ( GEOMETRIC_REPRESENTATION_CONTEXT(2) 
PARAMETRIC_REPRESENTATION_CONTEXT() REPRESENTATION_CONTEXT('2D SPACE',''
  ) );
#16536 = ORIENTED_EDGE('',*,*,#16486,.T.);
#16537 = ORIENTED_EDGE('',*,*,#14967,.T.);
#16538 = ORIENTED_EDGE('',*,*,#15055,.T.);
#16539 = ADVANCED_FACE('',(#16540),#15043,.T.);
#16540 = FACE_BOUND('',#16541,.T.);
#16541 = EDGE_LOOP('',(#16542,#16569,#16570,#16592));
#16542 = ORIENTED_EDGE('',*,*,#16543,.F.);
#16543 = EDGE_CURVE('',#15490,#14998,#16544,.T.);
#16544 = SURFACE_CURVE('',#16545,(#16550,#16557),.PCURVE_S1.);
#16545 = CIRCLE('',#16546,1.25);
#16546 = AXIS2_PLACEMENT_3D('',#16547,#16548,#16549);
#16547 = CARTESIAN_POINT('',(145.,-105.,15.));
#16548 = DIRECTION('',(0.,0.,1.));
#16549 = DIRECTION('',(-1.,0.,-0.));
#16550 = PCURVE('',#15043,#16551);
#16551 = DEFINITIONAL_REPRESENTATION('',(#16552),#16556);
#16552 = CIRCLE('',#16553,1.25);
#16553 = AXIS2_PLACEMENT_2D('',#16554,#16555);
#16554 = CARTESIAN_POINT('',(25.,-12.5));
#16555 = DIRECTION('',(-1.,0.));
#16556 = ( GEOMETRIC_REPRESENTATION_CONTEXT(2) 
PARAMETRIC_REPRESENTATION_CONTEXT() REPRESENTATION_CONTEXT('2D SPACE',''
  ) );
#16557 = PCURVE('',#16558,#16563);
#16558 = PLANE('',#16559);
#16559 = AXIS2_PLACEMENT_3D('',#16560,#16561,#16562);
#16560 = CARTESIAN_POINT('',(120.,-92.5,15.));
#16561 = DIRECTION('',(0.,0.,1.));
#16562 = DIRECTION('',(1.,0.,-0.));
#16563 = DEFINITIONAL_REPRESENTATION('',(#16564),#16568);
#16564 = CIRCLE('',#16565,1.25);
#16565 = AXIS2_PLACEMENT_2D('',#16566,#16567);
#16566 = CARTESIAN_POINT('',(25.,-12.5));
#16567 = DIRECTION('',(-1.,0.));
#16568 = ( GEOMETRIC_REPRESENTATION_CONTEXT(2) 
PARAMETRIC_REPRESENTATION_CONTEXT() REPRESENTATION_CONTEXT('2D SPACE',''
  ) );
#16569 = ORIENTED_EDGE('',*,*,#15489,.T.);
#16570 = ORIENTED_EDGE('',*,*,#16571,.F.);
#16571 = EDGE_CURVE('',#15027,#15462,#16572,.T.);
#16572 = SURFACE_CURVE('',#16573,(#16578,#16585),.PCURVE_S1.);
#16573 = CIRCLE('',#16574,1.25);
#16574 = AXIS2_PLACEMENT_3D('',#16575,#16576,#16577);
#16575 = CARTESIAN_POINT('',(140.,-110.,15.));
#16576 = DIRECTION('',(0.,0.,1.));
#16577 = DIRECTION('',(1.,0.,-0.));
#16578 = PCURVE('',#15043,#16579);
#16579 = DEFINITIONAL_REPRESENTATION('',(#16580),#16584);
#16580 = CIRCLE('',#16581,1.25);
#16581 = AXIS2_PLACEMENT_2D('',#16582,#16583);
#16582 = CARTESIAN_POINT('',(20.,-17.5));
#16583 = DIRECTION('',(1.,0.));
#16584 = ( GEOMETRIC_REPRESENTATION_CONTEXT(2) 
PARAMETRIC_REPRESENTATION_CONTEXT() REPRESENTATION_CONTEXT('2D SPACE',''
  ) );
#16585 = PCURVE('',#16525,#16586);
#16586 = DEFINITIONAL_REPRESENTATION('',(#16587),#16591);
#16587 = CIRCLE('',#16588,1.25);
#16588 = AXIS2_PLACEMENT_2D('',#16589,#16590);
#16589 = CARTESIAN_POINT('',(20.,-17.5));
#16590 = DIRECTION('',(1.,0.));
#16591 = ( GEOMETRIC_REPRESENTATION_CONTEXT(2) 
PARAMETRIC_REPRESENTATION_CONTEXT() REPRESENTATION_CONTEXT('2D SPACE',''
  ) );
#16592 = ORIENTED_EDGE('',*,*,#15026,.T.);
#16593 = ADVANCED_FACE('',(#16594),#15014,.T.);
#16594 = FACE_BOUND('',#16595,.T.);
#16595 = EDGE_LOOP('',(#16596,#16618,#16619));
#16596 = ORIENTED_EDGE('',*,*,#16597,.F.);
#16597 = EDGE_CURVE('',#14998,#16142,#16598,.T.);
#16598 = SURFACE_CURVE('',#16599,(#16604,#16611),.PCURVE_S1.);
#16599 = CIRCLE('',#16600,5.000115766671);
#16600 = AXIS2_PLACEMENT_3D('',#16601,#16602,#16603);
#16601 = CARTESIAN_POINT('',(139.99988423466,-104.9998842346,15.));
#16602 = DIRECTION('',(0.,0.,1.));
#16603 = DIRECTION('',(2.31525300912E-05,-0.999999999732,0.));
#16604 = PCURVE('',#15014,#16605);
#16605 = DEFINITIONAL_REPRESENTATION('',(#16606),#16610);
#16606 = CIRCLE('',#16607,5.000115766671);
#16607 = AXIS2_PLACEMENT_2D('',#16608,#16609);
#16608 = CARTESIAN_POINT('',(-5.000115765331,1.157653307473E-04));
#16609 = DIRECTION('',(2.31525300912E-05,-0.999999999732));
#16610 = ( GEOMETRIC_REPRESENTATION_CONTEXT(2) 
PARAMETRIC_REPRESENTATION_CONTEXT() REPRESENTATION_CONTEXT('2D SPACE',''
  ) );
#16611 = PCURVE('',#16558,#16612);
#16612 = DEFINITIONAL_REPRESENTATION('',(#16613),#16617);
#16613 = CIRCLE('',#16614,5.000115766671);
#16614 = AXIS2_PLACEMENT_2D('',#16615,#16616);
#16615 = CARTESIAN_POINT('',(19.999884234669,-12.49988423466));
#16616 = DIRECTION('',(2.31525300912E-05,-0.999999999732));
#16617 = ( GEOMETRIC_REPRESENTATION_CONTEXT(2) 
PARAMETRIC_REPRESENTATION_CONTEXT() REPRESENTATION_CONTEXT('2D SPACE',''
  ) );
#16618 = ORIENTED_EDGE('',*,*,#14997,.T.);
#16619 = ORIENTED_EDGE('',*,*,#16141,.T.);
#16620 = ADVANCED_FACE('',(#16621),#15097,.T.);
#16621 = FACE_BOUND('',#16622,.T.);
#16622 = EDGE_LOOP('',(#16623,#16649,#16650));
#16623 = ORIENTED_EDGE('',*,*,#16624,.F.);
#16624 = EDGE_CURVE('',#15081,#16463,#16625,.T.);
#16625 = SURFACE_CURVE('',#16626,(#16630,#16637),.PCURVE_S1.);
#16626 = LINE('',#16627,#16628);
#16627 = CARTESIAN_POINT('',(100.,-110.,15.));
#16628 = VECTOR('',#16629,1.);
#16629 = DIRECTION('',(1.,0.,0.));
#16630 = PCURVE('',#15097,#16631);
#16631 = DEFINITIONAL_REPRESENTATION('',(#16632),#16636);
#16632 = LINE('',#16633,#16634);
#16633 = CARTESIAN_POINT('',(-40.,1.42108547152E-14));
#16634 = VECTOR('',#16635,1.);
#16635 = DIRECTION('',(1.,0.));
#16636 = ( GEOMETRIC_REPRESENTATION_CONTEXT(2) 
PARAMETRIC_REPRESENTATION_CONTEXT() REPRESENTATION_CONTEXT('2D SPACE',''
  ) );
#16637 = PCURVE('',#16638,#16643);
#16638 = PLANE('',#16639);
#16639 = AXIS2_PLACEMENT_3D('',#16640,#16641,#16642);
#16640 = CARTESIAN_POINT('',(120.,-92.5,15.));
#16641 = DIRECTION('',(0.,0.,1.));
#16642 = DIRECTION('',(1.,0.,-0.));
#16643 = DEFINITIONAL_REPRESENTATION('',(#16644),#16648);
#16644 = LINE('',#16645,#16646);
#16645 = CARTESIAN_POINT('',(-20.,-17.5));
#16646 = VECTOR('',#16647,1.);
#16647 = DIRECTION('',(1.,0.));
#16648 = ( GEOMETRIC_REPRESENTATION_CONTEXT(2) 
PARAMETRIC_REPRESENTATION_CONTEXT() REPRESENTATION_CONTEXT('2D SPACE',''
  ) );
#16649 = ORIENTED_EDGE('',*,*,#15080,.T.);
#16650 = ORIENTED_EDGE('',*,*,#16462,.T.);
#16651 = ADVANCED_FACE('',(#16652),#15152,.T.);
#16652 = FACE_BOUND('',#16653,.T.);
#16653 = EDGE_LOOP('',(#16654,#16680,#16681));
#16654 = ORIENTED_EDGE('',*,*,#16655,.F.);
#16655 = EDGE_CURVE('',#16301,#15110,#16656,.T.);
#16656 = SURFACE_CURVE('',#16657,(#16661,#16668),.PCURVE_S1.);
#16657 = LINE('',#16658,#16659);
#16658 = CARTESIAN_POINT('',(100.,-110.,15.));
#16659 = VECTOR('',#16660,1.);
#16660 = DIRECTION('',(1.,0.,0.));
#16661 = PCURVE('',#15152,#16662);
#16662 = DEFINITIONAL_REPRESENTATION('',(#16663),#16667);
#16663 = LINE('',#16664,#16665);
#16664 = CARTESIAN_POINT('',(-2.84217094304E-14,1.42108547152E-14));
#16665 = VECTOR('',#16666,1.);
#16666 = DIRECTION('',(1.,0.));
#16667 = ( GEOMETRIC_REPRESENTATION_CONTEXT(2) 
PARAMETRIC_REPRESENTATION_CONTEXT() REPRESENTATION_CONTEXT('2D SPACE',''
  ) );
#16668 = PCURVE('',#16669,#16674);
#16669 = PLANE('',#16670);
#16670 = AXIS2_PLACEMENT_3D('',#16671,#16672,#16673);
#16671 = CARTESIAN_POINT('',(120.,-92.5,15.));
#16672 = DIRECTION('',(0.,0.,1.));
#16673 = DIRECTION('',(1.,0.,-0.));
#16674 = DEFINITIONAL_REPRESENTATION('',(#16675),#16679);
#16675 = LINE('',#16676,#16677);
#16676 = CARTESIAN_POINT('',(-20.,-17.5));
#16677 = VECTOR('',#16678,1.);
#16678 = DIRECTION('',(1.,0.));
#16679 = ( GEOMETRIC_REPRESENTATION_CONTEXT(2) 
PARAMETRIC_REPRESENTATION_CONTEXT() REPRESENTATION_CONTEXT('2D SPACE',''
  ) );
#16680 = ORIENTED_EDGE('',*,*,#16324,.T.);
#16681 = ORIENTED_EDGE('',*,*,#15137,.T.);
#16682 = ADVANCED_FACE('',(#16683),#15125,.T.);
#16683 = FACE_BOUND('',#16684,.T.);
#16684 = EDGE_LOOP('',(#16685,#16686,#16708,#16709));
#16685 = ORIENTED_EDGE('',*,*,#15438,.T.);
#16686 = ORIENTED_EDGE('',*,*,#16687,.F.);
#16687 = EDGE_CURVE('',#15110,#15402,#16688,.T.);
#16688 = SURFACE_CURVE('',#16689,(#16694,#16701),.PCURVE_S1.);
#16689 = CIRCLE('',#16690,1.25);
#16690 = AXIS2_PLACEMENT_3D('',#16691,#16692,#16693);
#16691 = CARTESIAN_POINT('',(100.,-110.,15.));
#16692 = DIRECTION('',(0.,0.,1.));
#16693 = DIRECTION('',(1.,0.,-0.));
#16694 = PCURVE('',#15125,#16695);
#16695 = DEFINITIONAL_REPRESENTATION('',(#16696),#16700);
#16696 = CIRCLE('',#16697,1.25);
#16697 = AXIS2_PLACEMENT_2D('',#16698,#16699);
#16698 = CARTESIAN_POINT('',(-20.,-17.5));
#16699 = DIRECTION('',(1.,0.));
#16700 = ( GEOMETRIC_REPRESENTATION_CONTEXT(2) 
PARAMETRIC_REPRESENTATION_CONTEXT() REPRESENTATION_CONTEXT('2D SPACE',''
  ) );
#16701 = PCURVE('',#16669,#16702);
#16702 = DEFINITIONAL_REPRESENTATION('',(#16703),#16707);
#16703 = CIRCLE('',#16704,1.25);
#16704 = AXIS2_PLACEMENT_2D('',#16705,#16706);
#16705 = CARTESIAN_POINT('',(-20.,-17.5));
#16706 = DIRECTION('',(1.,0.));
#16707 = ( GEOMETRIC_REPRESENTATION_CONTEXT(2) 
PARAMETRIC_REPRESENTATION_CONTEXT() REPRESENTATION_CONTEXT('2D SPACE',''
  ) );
#16708 = ORIENTED_EDGE('',*,*,#15109,.T.);
#16709 = ORIENTED_EDGE('',*,*,#16710,.F.);
#16710 = EDGE_CURVE('',#15439,#15081,#16711,.T.);
#16711 = SURFACE_CURVE('',#16712,(#16717,#16724),.PCURVE_S1.);
#16712 = CIRCLE('',#16713,1.25);
#16713 = AXIS2_PLACEMENT_3D('',#16714,#16715,#16716);
#16714 = CARTESIAN_POINT('',(140.,-110.,15.));
#16715 = DIRECTION('',(0.,0.,1.));
#16716 = DIRECTION('',(1.,0.,-0.));
#16717 = PCURVE('',#15125,#16718);
#16718 = DEFINITIONAL_REPRESENTATION('',(#16719),#16723);
#16719 = CIRCLE('',#16720,1.25);
#16720 = AXIS2_PLACEMENT_2D('',#16721,#16722);
#16721 = CARTESIAN_POINT('',(20.,-17.5));
#16722 = DIRECTION('',(1.,0.));
#16723 = ( GEOMETRIC_REPRESENTATION_CONTEXT(2) 
PARAMETRIC_REPRESENTATION_CONTEXT() REPRESENTATION_CONTEXT('2D SPACE',''
  ) );
#16724 = PCURVE('',#16638,#16725);
#16725 = DEFINITIONAL_REPRESENTATION('',(#16726),#16730);
#16726 = CIRCLE('',#16727,1.25);
#16727 = AXIS2_PLACEMENT_2D('',#16728,#16729);
#16728 = CARTESIAN_POINT('',(20.,-17.5));
#16729 = DIRECTION('',(1.,0.));
#16730 = ( GEOMETRIC_REPRESENTATION_CONTEXT(2) 
PARAMETRIC_REPRESENTATION_CONTEXT() REPRESENTATION_CONTEXT('2D SPACE',''
  ) );
#16731 = ADVANCED_FACE('',(#16732),#15193,.T.);
#16732 = FACE_BOUND('',#16733,.T.);
#16733 = EDGE_LOOP('',(#16734,#16755,#16756));
#16734 = ORIENTED_EDGE('',*,*,#16735,.F.);
#16735 = EDGE_CURVE('',#13892,#15290,#16736,.T.);
#16736 = SURFACE_CURVE('',#16737,(#16741,#16748),.PCURVE_S1.);
#16737 = LINE('',#16738,#16739);
#16738 = CARTESIAN_POINT('',(93.750000000335,-79.99997105933,15.));
#16739 = VECTOR('',#16740,1.);
#16740 = DIRECTION('',(0.999999999732,-2.315253009328E-05,0.));
#16741 = PCURVE('',#15193,#16742);
#16742 = DEFINITIONAL_REPRESENTATION('',(#16743),#16747);
#16743 = LINE('',#16744,#16745);
#16744 = CARTESIAN_POINT('',(-26.24999999966,12.500028940663));
#16745 = VECTOR('',#16746,1.);
#16746 = DIRECTION('',(0.999999999732,-2.315253009328E-05));
#16747 = ( GEOMETRIC_REPRESENTATION_CONTEXT(2) 
PARAMETRIC_REPRESENTATION_CONTEXT() REPRESENTATION_CONTEXT('2D SPACE',''
  ) );
#16748 = PCURVE('',#15306,#16749);
#16749 = DEFINITIONAL_REPRESENTATION('',(#16750),#16754);
#16750 = LINE('',#16751,#16752);
#16751 = CARTESIAN_POINT('',(-26.24999999966,12.500028940663));
#16752 = VECTOR('',#16753,1.);
#16753 = DIRECTION('',(0.999999999732,-2.315253009328E-05));
#16754 = ( GEOMETRIC_REPRESENTATION_CONTEXT(2) 
PARAMETRIC_REPRESENTATION_CONTEXT() REPRESENTATION_CONTEXT('2D SPACE',''
  ) );
#16755 = ORIENTED_EDGE('',*,*,#15179,.T.);
#16756 = ORIENTED_EDGE('',*,*,#16093,.T.);
#16757 = ADVANCED_FACE('',(#16758),#15224,.T.);
#16758 = FACE_BOUND('',#16759,.T.);
#16759 = EDGE_LOOP('',(#16760,#16761,#16762));
#16760 = ORIENTED_EDGE('',*,*,#15698,.T.);
#16761 = ORIENTED_EDGE('',*,*,#15210,.T.);
#16762 = ORIENTED_EDGE('',*,*,#15266,.T.);
#16763 = ADVANCED_FACE('',(#16764),#15652,.T.);
#16764 = FACE_BOUND('',#16765,.T.);
#16765 = EDGE_LOOP('',(#16766,#16787,#16788));
#16766 = ORIENTED_EDGE('',*,*,#16767,.T.);
#16767 = EDGE_CURVE('',#15745,#15244,#16768,.T.);
#16768 = SURFACE_CURVE('',#16769,(#16773,#16780),.PCURVE_S1.);
#16769 = LINE('',#16770,#16771);
#16770 = CARTESIAN_POINT('',(140.00002894066,-73.75000000033,15.));
#16771 = VECTOR('',#16772,1.);
#16772 = DIRECTION('',(-2.315253013876E-05,-0.999999999732,0.));
#16773 = PCURVE('',#15652,#16774);
#16774 = DEFINITIONAL_REPRESENTATION('',(#16775),#16779);
#16775 = LINE('',#16776,#16777);
#16776 = CARTESIAN_POINT('',(20.000028940663,18.749999999664));
#16777 = VECTOR('',#16778,1.);
#16778 = DIRECTION('',(-2.315253013876E-05,-0.999999999732));
#16779 = ( GEOMETRIC_REPRESENTATION_CONTEXT(2) 
PARAMETRIC_REPRESENTATION_CONTEXT() REPRESENTATION_CONTEXT('2D SPACE',''
  ) );
#16780 = PCURVE('',#15806,#16781);
#16781 = DEFINITIONAL_REPRESENTATION('',(#16782),#16786);
#16782 = LINE('',#16783,#16784);
#16783 = CARTESIAN_POINT('',(20.000028940663,18.749999999664));
#16784 = VECTOR('',#16785,1.);
#16785 = DIRECTION('',(-2.315253013876E-05,-0.999999999732));
#16786 = ( GEOMETRIC_REPRESENTATION_CONTEXT(2) 
PARAMETRIC_REPRESENTATION_CONTEXT() REPRESENTATION_CONTEXT('2D SPACE',''
  ) );
#16787 = ORIENTED_EDGE('',*,*,#15633,.T.);
#16788 = ORIENTED_EDGE('',*,*,#16789,.T.);
#16789 = EDGE_CURVE('',#15602,#15745,#16790,.T.);
#16790 = SURFACE_CURVE('',#16791,(#16795,#16802),.PCURVE_S1.);
#16791 = LINE('',#16792,#16793);
#16792 = CARTESIAN_POINT('',(140.,-76.25,15.));
#16793 = VECTOR('',#16794,1.);
#16794 = DIRECTION('',(0.,1.,0.));
#16795 = PCURVE('',#15652,#16796);
#16796 = DEFINITIONAL_REPRESENTATION('',(#16797),#16801);
#16797 = LINE('',#16798,#16799);
#16798 = CARTESIAN_POINT('',(20.,16.25));
#16799 = VECTOR('',#16800,1.);
#16800 = DIRECTION('',(0.,1.));
#16801 = ( GEOMETRIC_REPRESENTATION_CONTEXT(2) 
PARAMETRIC_REPRESENTATION_CONTEXT() REPRESENTATION_CONTEXT('2D SPACE',''
  ) );
#16802 = PCURVE('',#15946,#16803);
#16803 = DEFINITIONAL_REPRESENTATION('',(#16804),#16808);
#16804 = LINE('',#16805,#16806);
#16805 = CARTESIAN_POINT('',(20.,16.25));
#16806 = VECTOR('',#16807,1.);
#16807 = DIRECTION('',(0.,1.));
#16808 = ( GEOMETRIC_REPRESENTATION_CONTEXT(2) 
PARAMETRIC_REPRESENTATION_CONTEXT() REPRESENTATION_CONTEXT('2D SPACE',''
  ) );
#16809 = ADVANCED_FACE('',(#16810),#15589,.T.);
#16810 = FACE_BOUND('',#16811,.T.);
#16811 = EDGE_LOOP('',(#16812,#16833,#16834));
#16812 = ORIENTED_EDGE('',*,*,#16813,.T.);
#16813 = EDGE_CURVE('',#15852,#15574,#16814,.T.);
#16814 = SURFACE_CURVE('',#16815,(#16819,#16826),.PCURVE_S1.);
#16815 = LINE('',#16816,#16817);
#16816 = CARTESIAN_POINT('',(146.25,-80.,15.));
#16817 = VECTOR('',#16818,1.);
#16818 = DIRECTION('',(-1.,0.,0.));
#16819 = PCURVE('',#15589,#16820);
#16820 = DEFINITIONAL_REPRESENTATION('',(#16821),#16825);
#16821 = LINE('',#16822,#16823);
#16822 = CARTESIAN_POINT('',(26.25,12.5));
#16823 = VECTOR('',#16824,1.);
#16824 = DIRECTION('',(-1.,0.));
#16825 = ( GEOMETRIC_REPRESENTATION_CONTEXT(2) 
PARAMETRIC_REPRESENTATION_CONTEXT() REPRESENTATION_CONTEXT('2D SPACE',''
  ) );
#16826 = PCURVE('',#15914,#16827);
#16827 = DEFINITIONAL_REPRESENTATION('',(#16828),#16832);
#16828 = LINE('',#16829,#16830);
#16829 = CARTESIAN_POINT('',(26.25,12.5));
#16830 = VECTOR('',#16831,1.);
#16831 = DIRECTION('',(-1.,0.));
#16832 = ( GEOMETRIC_REPRESENTATION_CONTEXT(2) 
PARAMETRIC_REPRESENTATION_CONTEXT() REPRESENTATION_CONTEXT('2D SPACE',''
  ) );
#16833 = ORIENTED_EDGE('',*,*,#15573,.T.);
#16834 = ORIENTED_EDGE('',*,*,#16835,.T.);
#16835 = EDGE_CURVE('',#15551,#15852,#16836,.T.);
#16836 = SURFACE_CURVE('',#16837,(#16841,#16848),.PCURVE_S1.);
#16837 = LINE('',#16838,#16839);
#16838 = CARTESIAN_POINT('',(143.75000000033,-80.00002894066,15.));
#16839 = VECTOR('',#16840,1.);
#16840 = DIRECTION('',(0.999999999732,2.315253024108E-05,0.));
#16841 = PCURVE('',#15589,#16842);
#16842 = DEFINITIONAL_REPRESENTATION('',(#16843),#16847);
#16843 = LINE('',#16844,#16845);
#16844 = CARTESIAN_POINT('',(23.750000000335,12.499971059337));
#16845 = VECTOR('',#16846,1.);
#16846 = DIRECTION('',(0.999999999732,2.315253024108E-05));
#16847 = ( GEOMETRIC_REPRESENTATION_CONTEXT(2) 
PARAMETRIC_REPRESENTATION_CONTEXT() REPRESENTATION_CONTEXT('2D SPACE',''
  ) );
#16848 = PCURVE('',#16204,#16849);
#16849 = DEFINITIONAL_REPRESENTATION('',(#16850),#16854);
#16850 = LINE('',#16851,#16852);
#16851 = CARTESIAN_POINT('',(23.750000000335,12.499971059337));
#16852 = VECTOR('',#16853,1.);
#16853 = DIRECTION('',(0.999999999732,2.315253024108E-05));
#16854 = ( GEOMETRIC_REPRESENTATION_CONTEXT(2) 
PARAMETRIC_REPRESENTATION_CONTEXT() REPRESENTATION_CONTEXT('2D SPACE',''
  ) );
#16855 = ADVANCED_FACE('',(#16856),#15538,.T.);
#16856 = FACE_BOUND('',#16857,.T.);
#16857 = EDGE_LOOP('',(#16858,#16879,#16880));
#16858 = ORIENTED_EDGE('',*,*,#16859,.T.);
#16859 = EDGE_CURVE('',#16142,#15522,#16860,.T.);
#16860 = SURFACE_CURVE('',#16861,(#16865,#16872),.PCURVE_S1.);
#16861 = LINE('',#16862,#16863);
#16862 = CARTESIAN_POINT('',(146.24999999966,-105.0000289406,15.));
#16863 = VECTOR('',#16864,1.);
#16864 = DIRECTION('',(-0.999999999732,2.315252990002E-05,0.));
#16865 = PCURVE('',#15538,#16866);
#16866 = DEFINITIONAL_REPRESENTATION('',(#16867),#16871);
#16867 = LINE('',#16868,#16869);
#16868 = CARTESIAN_POINT('',(26.249999999665,-12.50002894066));
#16869 = VECTOR('',#16870,1.);
#16870 = DIRECTION('',(-0.999999999732,2.315252990002E-05));
#16871 = ( GEOMETRIC_REPRESENTATION_CONTEXT(2) 
PARAMETRIC_REPRESENTATION_CONTEXT() REPRESENTATION_CONTEXT('2D SPACE',''
  ) );
#16872 = PCURVE('',#16234,#16873);
#16873 = DEFINITIONAL_REPRESENTATION('',(#16874),#16878);
#16874 = LINE('',#16875,#16876);
#16875 = CARTESIAN_POINT('',(26.249999999665,-12.50002894066));
#16876 = VECTOR('',#16877,1.);
#16877 = DIRECTION('',(-0.999999999732,2.315252990002E-05));
#16878 = ( GEOMETRIC_REPRESENTATION_CONTEXT(2) 
PARAMETRIC_REPRESENTATION_CONTEXT() REPRESENTATION_CONTEXT('2D SPACE',''
  ) );
#16879 = ORIENTED_EDGE('',*,*,#15521,.T.);
#16880 = ORIENTED_EDGE('',*,*,#16881,.T.);
#16881 = EDGE_CURVE('',#15490,#16142,#16882,.T.);
#16882 = SURFACE_CURVE('',#16883,(#16887,#16894),.PCURVE_S1.);
#16883 = LINE('',#16884,#16885);
#16884 = CARTESIAN_POINT('',(143.75,-105.,15.));
#16885 = VECTOR('',#16886,1.);
#16886 = DIRECTION('',(1.,0.,0.));
#16887 = PCURVE('',#15538,#16888);
#16888 = DEFINITIONAL_REPRESENTATION('',(#16889),#16893);
#16889 = LINE('',#16890,#16891);
#16890 = CARTESIAN_POINT('',(23.75,-12.5));
#16891 = VECTOR('',#16892,1.);
#16892 = DIRECTION('',(1.,0.));
#16893 = ( GEOMETRIC_REPRESENTATION_CONTEXT(2) 
PARAMETRIC_REPRESENTATION_CONTEXT() REPRESENTATION_CONTEXT('2D SPACE',''
  ) );
#16894 = PCURVE('',#16558,#16895);
#16895 = DEFINITIONAL_REPRESENTATION('',(#16896),#16900);
#16896 = LINE('',#16897,#16898);
#16897 = CARTESIAN_POINT('',(23.75,-12.5));
#16898 = VECTOR('',#16899,1.);
#16899 = DIRECTION('',(1.,0.));
#16900 = ( GEOMETRIC_REPRESENTATION_CONTEXT(2) 
PARAMETRIC_REPRESENTATION_CONTEXT() REPRESENTATION_CONTEXT('2D SPACE',''
  ) );
#16901 = ADVANCED_FACE('',(#16902),#15477,.T.);
#16902 = FACE_BOUND('',#16903,.T.);
#16903 = EDGE_LOOP('',(#16904,#16925,#16926));
#16904 = ORIENTED_EDGE('',*,*,#16905,.T.);
#16905 = EDGE_CURVE('',#16463,#15462,#16906,.T.);
#16906 = SURFACE_CURVE('',#16907,(#16911,#16918),.PCURVE_S1.);
#16907 = LINE('',#16908,#16909);
#16908 = CARTESIAN_POINT('',(140.,-111.25,15.));
#16909 = VECTOR('',#16910,1.);
#16910 = DIRECTION('',(0.,1.,0.));
#16911 = PCURVE('',#15477,#16912);
#16912 = DEFINITIONAL_REPRESENTATION('',(#16913),#16917);
#16913 = LINE('',#16914,#16915);
#16914 = CARTESIAN_POINT('',(20.,-18.75));
#16915 = VECTOR('',#16916,1.);
#16916 = DIRECTION('',(0.,1.));
#16917 = ( GEOMETRIC_REPRESENTATION_CONTEXT(2) 
PARAMETRIC_REPRESENTATION_CONTEXT() REPRESENTATION_CONTEXT('2D SPACE',''
  ) );
#16918 = PCURVE('',#16525,#16919);
#16919 = DEFINITIONAL_REPRESENTATION('',(#16920),#16924);
#16920 = LINE('',#16921,#16922);
#16921 = CARTESIAN_POINT('',(20.,-18.75));
#16922 = VECTOR('',#16923,1.);
#16923 = DIRECTION('',(0.,1.));
#16924 = ( GEOMETRIC_REPRESENTATION_CONTEXT(2) 
PARAMETRIC_REPRESENTATION_CONTEXT() REPRESENTATION_CONTEXT('2D SPACE',''
  ) );
#16925 = ORIENTED_EDGE('',*,*,#15461,.T.);
#16926 = ORIENTED_EDGE('',*,*,#16927,.T.);
#16927 = EDGE_CURVE('',#15439,#16463,#16928,.T.);
#16928 = SURFACE_CURVE('',#16929,(#16933,#16940),.PCURVE_S1.);
#16929 = LINE('',#16930,#16931);
#16930 = CARTESIAN_POINT('',(139.99997105933,-108.7500000003,15.));
#16931 = VECTOR('',#16932,1.);
#16932 = DIRECTION('',(2.315252984317E-05,-0.999999999732,0.));
#16933 = PCURVE('',#15477,#16934);
#16934 = DEFINITIONAL_REPRESENTATION('',(#16935),#16939);
#16935 = LINE('',#16936,#16937);
#16936 = CARTESIAN_POINT('',(19.999971059338,-16.25000000033));
#16937 = VECTOR('',#16938,1.);
#16938 = DIRECTION('',(2.315252984317E-05,-0.999999999732));
#16939 = ( GEOMETRIC_REPRESENTATION_CONTEXT(2) 
PARAMETRIC_REPRESENTATION_CONTEXT() REPRESENTATION_CONTEXT('2D SPACE',''
  ) );
#16940 = PCURVE('',#16638,#16941);
#16941 = DEFINITIONAL_REPRESENTATION('',(#16942),#16946);
#16942 = LINE('',#16943,#16944);
#16943 = CARTESIAN_POINT('',(19.999971059338,-16.25000000033));
#16944 = VECTOR('',#16945,1.);
#16945 = DIRECTION('',(2.315252984317E-05,-0.999999999732));
#16946 = ( GEOMETRIC_REPRESENTATION_CONTEXT(2) 
PARAMETRIC_REPRESENTATION_CONTEXT() REPRESENTATION_CONTEXT('2D SPACE',''
  ) );
#16947 = ADVANCED_FACE('',(#16948),#15422,.T.);
#16948 = FACE_BOUND('',#16949,.T.);
#16949 = EDGE_LOOP('',(#16950,#16951,#16972));
#16950 = ORIENTED_EDGE('',*,*,#15401,.T.);
#16951 = ORIENTED_EDGE('',*,*,#16952,.T.);
#16952 = EDGE_CURVE('',#15370,#16301,#16953,.T.);
#16953 = SURFACE_CURVE('',#16954,(#16958,#16965),.PCURVE_S1.);
#16954 = LINE('',#16955,#16956);
#16955 = CARTESIAN_POINT('',(100.,-108.75,15.));
#16956 = VECTOR('',#16957,1.);
#16957 = DIRECTION('',(0.,-1.,0.));
#16958 = PCURVE('',#15422,#16959);
#16959 = DEFINITIONAL_REPRESENTATION('',(#16960),#16964);
#16960 = LINE('',#16961,#16962);
#16961 = CARTESIAN_POINT('',(-20.,-16.25));
#16962 = VECTOR('',#16963,1.);
#16963 = DIRECTION('',(0.,-1.));
#16964 = ( GEOMETRIC_REPRESENTATION_CONTEXT(2) 
PARAMETRIC_REPRESENTATION_CONTEXT() REPRESENTATION_CONTEXT('2D SPACE',''
  ) );
#16965 = PCURVE('',#16419,#16966);
#16966 = DEFINITIONAL_REPRESENTATION('',(#16967),#16971);
#16967 = LINE('',#16968,#16969);
#16968 = CARTESIAN_POINT('',(-20.,-16.25));
#16969 = VECTOR('',#16970,1.);
#16970 = DIRECTION('',(0.,-1.));
#16971 = ( GEOMETRIC_REPRESENTATION_CONTEXT(2) 
PARAMETRIC_REPRESENTATION_CONTEXT() REPRESENTATION_CONTEXT('2D SPACE',''
  ) );
#16972 = ORIENTED_EDGE('',*,*,#16973,.T.);
#16973 = EDGE_CURVE('',#16301,#15402,#16974,.T.);
#16974 = SURFACE_CURVE('',#16975,(#16979,#16986),.PCURVE_S1.);
#16975 = LINE('',#16976,#16977);
#16976 = CARTESIAN_POINT('',(99.999971059338,-111.2499999996,15.));
#16977 = VECTOR('',#16978,1.);
#16978 = DIRECTION('',(2.315252999097E-05,0.999999999732,0.));
#16979 = PCURVE('',#15422,#16980);
#16980 = DEFINITIONAL_REPRESENTATION('',(#16981),#16985);
#16981 = LINE('',#16982,#16983);
#16982 = CARTESIAN_POINT('',(-20.00002894066,-18.74999999966));
#16983 = VECTOR('',#16984,1.);
#16984 = DIRECTION('',(2.315252999097E-05,0.999999999732));
#16985 = ( GEOMETRIC_REPRESENTATION_CONTEXT(2) 
PARAMETRIC_REPRESENTATION_CONTEXT() REPRESENTATION_CONTEXT('2D SPACE',''
  ) );
#16986 = PCURVE('',#16669,#16987);
#16987 = DEFINITIONAL_REPRESENTATION('',(#16988),#16992);
#16988 = LINE('',#16989,#16990);
#16989 = CARTESIAN_POINT('',(-20.00002894066,-18.74999999966));
#16990 = VECTOR('',#16991,1.);
#16991 = DIRECTION('',(2.315252999097E-05,0.999999999732));
#16992 = ( GEOMETRIC_REPRESENTATION_CONTEXT(2) 
PARAMETRIC_REPRESENTATION_CONTEXT() REPRESENTATION_CONTEXT('2D SPACE',''
  ) );
#16993 = ADVANCED_FACE('',(#16994),#15357,.T.);
#16994 = FACE_BOUND('',#16995,.T.);
#16995 = EDGE_LOOP('',(#16996,#16997,#17018));
#16996 = ORIENTED_EDGE('',*,*,#15341,.T.);
#16997 = ORIENTED_EDGE('',*,*,#16998,.T.);
#16998 = EDGE_CURVE('',#15319,#16014,#16999,.T.);
#16999 = SURFACE_CURVE('',#17000,(#17004,#17011),.PCURVE_S1.);
#17000 = LINE('',#17001,#17002);
#17001 = CARTESIAN_POINT('',(96.249999999665,-104.9999710593,15.));
#17002 = VECTOR('',#17003,1.);
#17003 = DIRECTION('',(-0.999999999732,-2.315253013876E-05,0.));
#17004 = PCURVE('',#15357,#17005);
#17005 = DEFINITIONAL_REPRESENTATION('',(#17006),#17010);
#17006 = LINE('',#17007,#17008);
#17007 = CARTESIAN_POINT('',(-23.75000000033,-12.49997105933));
#17008 = VECTOR('',#17009,1.);
#17009 = DIRECTION('',(-0.999999999732,-2.315253013876E-05));
#17010 = ( GEOMETRIC_REPRESENTATION_CONTEXT(2) 
PARAMETRIC_REPRESENTATION_CONTEXT() REPRESENTATION_CONTEXT('2D SPACE',''
  ) );
#17011 = PCURVE('',#16075,#17012);
#17012 = DEFINITIONAL_REPRESENTATION('',(#17013),#17017);
#17013 = LINE('',#17014,#17015);
#17014 = CARTESIAN_POINT('',(-23.75000000033,-12.49997105933));
#17015 = VECTOR('',#17016,1.);
#17016 = DIRECTION('',(-0.999999999732,-2.315253013876E-05));
#17017 = ( GEOMETRIC_REPRESENTATION_CONTEXT(2) 
PARAMETRIC_REPRESENTATION_CONTEXT() REPRESENTATION_CONTEXT('2D SPACE',''
  ) );
#17018 = ORIENTED_EDGE('',*,*,#17019,.T.);
#17019 = EDGE_CURVE('',#16014,#15342,#17020,.T.);
#17020 = SURFACE_CURVE('',#17021,(#17025,#17032),.PCURVE_S1.);
#17021 = LINE('',#17022,#17023);
#17022 = CARTESIAN_POINT('',(93.75,-105.,15.));
#17023 = VECTOR('',#17024,1.);
#17024 = DIRECTION('',(1.,0.,0.));
#17025 = PCURVE('',#15357,#17026);
#17026 = DEFINITIONAL_REPRESENTATION('',(#17027),#17031);
#17027 = LINE('',#17028,#17029);
#17028 = CARTESIAN_POINT('',(-26.25,-12.5));
#17029 = VECTOR('',#17030,1.);
#17030 = DIRECTION('',(1.,0.));
#17031 = ( GEOMETRIC_REPRESENTATION_CONTEXT(2) 
PARAMETRIC_REPRESENTATION_CONTEXT() REPRESENTATION_CONTEXT('2D SPACE',''
  ) );
#17032 = PCURVE('',#16363,#17033);
#17033 = DEFINITIONAL_REPRESENTATION('',(#17034),#17038);
#17034 = LINE('',#17035,#17036);
#17035 = CARTESIAN_POINT('',(-26.25,-12.5));
#17036 = VECTOR('',#17037,1.);
#17037 = DIRECTION('',(1.,0.));
#17038 = ( GEOMETRIC_REPRESENTATION_CONTEXT(2) 
PARAMETRIC_REPRESENTATION_CONTEXT() REPRESENTATION_CONTEXT('2D SPACE',''
  ) );
#17039 = ADVANCED_FACE('',(#17040),#15306,.T.);
#17040 = FACE_BOUND('',#17041,.T.);
#17041 = EDGE_LOOP('',(#17042,#17043,#17044));
#17042 = ORIENTED_EDGE('',*,*,#15289,.T.);
#17043 = ORIENTED_EDGE('',*,*,#15673,.T.);
#17044 = ORIENTED_EDGE('',*,*,#16735,.T.);
#17045 = ADVANCED_FACE('',(#17046),#15806,.T.);
#17046 = FACE_BOUND('',#17047,.T.);
#17047 = EDGE_LOOP('',(#17048,#17049,#17050));
#17048 = ORIENTED_EDGE('',*,*,#15792,.T.);
#17049 = ORIENTED_EDGE('',*,*,#15826,.T.);
#17050 = ORIENTED_EDGE('',*,*,#16767,.F.);
#17051 = ADVANCED_FACE('',(#17052),#15914,.T.);
#17052 = FACE_BOUND('',#17053,.T.);
#17053 = EDGE_LOOP('',(#17054,#17055,#17056));
#17054 = ORIENTED_EDGE('',*,*,#15959,.T.);
#17055 = ORIENTED_EDGE('',*,*,#16813,.F.);
#17056 = ORIENTED_EDGE('',*,*,#15899,.T.);
#17057 = ADVANCED_FACE('',(#17058),#15946,.T.);
#17058 = FACE_BOUND('',#17059,.T.);
#17059 = EDGE_LOOP('',(#17060,#17061,#17062));
#17060 = ORIENTED_EDGE('',*,*,#15986,.T.);
#17061 = ORIENTED_EDGE('',*,*,#16789,.F.);
#17062 = ORIENTED_EDGE('',*,*,#15931,.T.);
#17063 = ADVANCED_FACE('',(#17064),#16075,.T.);
#17064 = FACE_BOUND('',#17065,.T.);
#17065 = EDGE_LOOP('',(#17066,#17067,#17068));
#17066 = ORIENTED_EDGE('',*,*,#16998,.F.);
#17067 = ORIENTED_EDGE('',*,*,#16116,.T.);
#17068 = ORIENTED_EDGE('',*,*,#16061,.T.);
#17069 = ADVANCED_FACE('',(#17070),#16204,.T.);
#17070 = FACE_BOUND('',#17071,.T.);
#17071 = EDGE_LOOP('',(#17072,#17073,#17074));
#17072 = ORIENTED_EDGE('',*,*,#16835,.F.);
#17073 = ORIENTED_EDGE('',*,*,#16251,.T.);
#17074 = ORIENTED_EDGE('',*,*,#16190,.T.);
#17075 = ADVANCED_FACE('',(#17076),#16234,.T.);
#17076 = FACE_BOUND('',#17077,.T.);
#17077 = EDGE_LOOP('',(#17078,#17079,#17080));
#17078 = ORIENTED_EDGE('',*,*,#16274,.T.);
#17079 = ORIENTED_EDGE('',*,*,#16859,.F.);
#17080 = ORIENTED_EDGE('',*,*,#16220,.T.);
#17081 = ADVANCED_FACE('',(#17082),#16363,.T.);
#17082 = FACE_BOUND('',#17083,.T.);
#17083 = EDGE_LOOP('',(#17084,#17085,#17086));
#17084 = ORIENTED_EDGE('',*,*,#16381,.T.);
#17085 = ORIENTED_EDGE('',*,*,#17019,.F.);
#17086 = ORIENTED_EDGE('',*,*,#16348,.T.);
#17087 = ADVANCED_FACE('',(#17088),#16419,.T.);
#17088 = FACE_BOUND('',#17089,.T.);
#17089 = EDGE_LOOP('',(#17090,#17091,#17092));
#17090 = ORIENTED_EDGE('',*,*,#16952,.F.);
#17091 = ORIENTED_EDGE('',*,*,#16404,.T.);
#17092 = ORIENTED_EDGE('',*,*,#16437,.T.);
#17093 = ADVANCED_FACE('',(#17094),#16525,.T.);
#17094 = FACE_BOUND('',#17095,.T.);
#17095 = EDGE_LOOP('',(#17096,#17097,#17098));
#17096 = ORIENTED_EDGE('',*,*,#16571,.T.);
#17097 = ORIENTED_EDGE('',*,*,#16905,.F.);
#17098 = ORIENTED_EDGE('',*,*,#16510,.T.);
#17099 = ADVANCED_FACE('',(#17100),#16558,.T.);
#17100 = FACE_BOUND('',#17101,.T.);
#17101 = EDGE_LOOP('',(#17102,#17103,#17104));
#17102 = ORIENTED_EDGE('',*,*,#16881,.F.);
#17103 = ORIENTED_EDGE('',*,*,#16543,.T.);
#17104 = ORIENTED_EDGE('',*,*,#16597,.T.);
#17105 = ADVANCED_FACE('',(#17106),#16638,.T.);
#17106 = FACE_BOUND('',#17107,.T.);
#17107 = EDGE_LOOP('',(#17108,#17109,#17110));
#17108 = ORIENTED_EDGE('',*,*,#16927,.F.);
#17109 = ORIENTED_EDGE('',*,*,#16710,.T.);
#17110 = ORIENTED_EDGE('',*,*,#16624,.T.);
#17111 = ADVANCED_FACE('',(#17112),#16669,.T.);
#17112 = FACE_BOUND('',#17113,.T.);
#17113 = EDGE_LOOP('',(#17114,#17115,#17116));
#17114 = ORIENTED_EDGE('',*,*,#16687,.T.);
#17115 = ORIENTED_EDGE('',*,*,#16973,.F.);
#17116 = ORIENTED_EDGE('',*,*,#16655,.T.);
#17117 = ( GEOMETRIC_REPRESENTATION_CONTEXT(3) 
GLOBAL_UNCERTAINTY_ASSIGNED_CONTEXT((#17121)) 
GLOBAL_UNIT_ASSIGNED_CONTEXT((#17118,#17119,#17120)) 
REPRESENTATION_CONTEXT('Context #1',
  '3D Context with UNIT and UNCERTAINTY') );
#17118 = ( LENGTH_UNIT() NAMED_UNIT(*) SI_UNIT(.MILLI.,.METRE.) );
#17119 = ( NAMED_UNIT(*) PLANE_ANGLE_UNIT() SI_UNIT($,.RADIAN.) );
#17120 = ( NAMED_UNIT(*) SI_UNIT($,.STERADIAN.) SOLID_ANGLE_UNIT() );
#17121 = UNCERTAINTY_MEASURE_WITH_UNIT(LENGTH_MEASURE(2.E-06),#17118,
  'distance_accuracy_value','confusion accuracy');
#17122 = PRODUCT_RELATED_PRODUCT_CATEGORY('part',$,(#8361));
ENDSEC;
END-ISO-10303-21;
